,State_Code,Period,Price,Year,Month,state,TYPE OF PRODUCER,ENERGY SOURCE              (UNITS),CONSUMPTION,T10Y2Y,Inflation Rate (%),Industrial Production Index,temperature (F),Electricity Price ($ per million BTU),OPEC supply (1000 b/d)
0,F001242__3,2001-01-01,28.02,2001,1,PA,Total Electric Power Industry,Petroleum (Barrels),1005652,,2.82617111885407,91.902,28.0,11.26,6111
1,F001242__3,2001-02-01,28.52,2001,2,PA,Total Electric Power Industry,Petroleum (Barrels),196117,0.55,2.82617111885407,91.3034,30.9,11.26,6111
2,F001242__3,2001-03-01,26.2,2001,3,PA,Total Electric Power Industry,Petroleum (Barrels),478840,0.46,2.82617111885407,91.1162,35.3,11.26,6111
3,F001242__3,2001-04-01,26.31,2001,4,PA,Total Electric Power Industry,Petroleum (Barrels),960097,0.76,2.82617111885407,90.7891,47.5,11.26,6111
4,F001242__3,2001-05-01,27.43,2001,5,PA,Total Electric Power Industry,Petroleum (Barrels),524322,1.07,2.82617111885407,90.3555,58.9,11.26,6111
5,F001242__3,2001-06-01,26.47,2001,6,PA,Total Electric Power Industry,Petroleum (Barrels),844047,1.17,2.82617111885407,89.8784,68.9,11.26,6111
6,F001242__3,2001-07-01,25.18,2001,7,PA,Total Electric Power Industry,Petroleum (Barrels),746634,1.16,2.82617111885407,89.3028,68.2,11.26,6111
7,F001242__3,2001-08-01,26.04,2001,8,PA,Total Electric Power Industry,Petroleum (Barrels),1052506,1.28,2.82617111885407,89.2003,72.7,11.26,6111
8,F001242__3,2001-09-01,25.23,2001,9,PA,Total Electric Power Industry,Petroleum (Barrels),212196,,2.82617111885407,88.7485,63.6,11.26,6111
9,F001242__3,2001-10-01,21.32,2001,10,PA,Total Electric Power Industry,Petroleum (Barrels),244361,1.73,2.82617111885407,88.5052,53.6,11.26,6111
10,F001242__3,2001-11-01,18.83,2001,11,PA,Total Electric Power Industry,Petroleum (Barrels),181111,1.75,2.82617111885407,87.97,46.9,11.26,6111
11,F001242__3,2001-12-01,18.4,2001,12,PA,Total Electric Power Industry,Petroleum (Barrels),309043,1.93,2.82617111885407,87.9324,38.6,11.26,6111
12,F001242__3,2002-01-01,18.8,2002,1,PA,Total Electric Power Industry,Petroleum (Barrels),189261,,1.58603162650601,88.5176,34.7,10.81,6214
13,F001242__3,2002-02-01,19.84,2002,2,PA,Total Electric Power Industry,Petroleum (Barrels),196071,1.94,1.58603162650601,88.5278,34.9,10.81,6214
14,F001242__3,2002-03-01,23.06,2002,3,PA,Total Electric Power Industry,Petroleum (Barrels),401416,1.8,1.58603162650601,89.1686,39.3,10.81,6214
15,F001242__3,2002-04-01,24.99,2002,4,PA,Total Electric Power Industry,Petroleum (Barrels),369634,1.7,1.58603162650601,89.604,50.0,10.81,6214
16,F001242__3,2002-05-01,25.9,2002,5,PA,Total Electric Power Industry,Petroleum (Barrels),171498,1.87,1.58603162650601,89.964,55.3,10.81,6214
17,F001242__3,2002-06-01,24.39,2002,6,PA,Total Electric Power Industry,Petroleum (Barrels),610785,1.87,1.58603162650601,90.7061,64.6,10.81,6214
18,F001242__3,2002-07-01,25.76,2002,7,PA,Total Electric Power Industry,Petroleum (Barrels),1043824,1.97,1.58603162650601,90.6769,72.5,10.81,6214
19,F001242__3,2002-08-01,26.82,2002,8,PA,Total Electric Power Industry,Petroleum (Barrels),791909,2.32,1.58603162650601,90.5762,72.6,10.81,6214
20,F001242__3,2002-09-01,27.86,2002,9,PA,Total Electric Power Industry,Petroleum (Barrels),415036,,1.58603162650601,90.6531,65.6,10.81,6214
21,F001242__3,2002-10-01,27.57,2002,10,PA,Total Electric Power Industry,Petroleum (Barrels),366706,1.92,1.58603162650601,90.4643,51.1,10.81,6214
22,F001242__3,2002-11-01,24.8,2002,11,PA,Total Electric Power Industry,Petroleum (Barrels),199817,2.25,1.58603162650601,90.9711,41.7,10.81,6214
23,F001242__3,2002-12-01,27.62,2002,12,PA,Total Electric Power Industry,Petroleum (Barrels),679095,2.15,1.58603162650601,90.4652,31.8,10.81,6214
24,F001242__3,2003-01-01,30.54,2003,1,PA,Total Electric Power Industry,Petroleum (Barrels),1401466,,2.27009497336115,91.2361,23.5,11.81,6176
25,F001242__3,2003-02-01,33.52,2003,2,PA,Total Electric Power Industry,Petroleum (Barrels),1399313,2.29,2.27009497336115,91.3445,25.2,11.81,6176
26,F001242__3,2003-03-01,32.26,2003,3,PA,Total Electric Power Industry,Petroleum (Barrels),972076,2.16,2.27009497336115,91.1044,36.8,11.81,6176
27,F001242__3,2003-04-01,27.47,2003,4,PA,Total Electric Power Industry,Petroleum (Barrels),684861,2.34,2.27009497336115,90.5617,44.2,11.81,6176
28,F001242__3,2003-05-01,27.93,2003,5,PA,Total Electric Power Industry,Petroleum (Barrels),313335,2.38,2.27009497336115,90.537,54.0,11.81,6176
29,F001242__3,2003-06-01,29.47,2003,6,PA,Total Electric Power Industry,Petroleum (Barrels),641031,2.1,2.27009497336115,90.6527,64.2,11.81,6176
30,F001242__3,2003-07-01,29.4,2003,7,PA,Total Electric Power Industry,Petroleum (Barrels),882450,2.26,2.27009497336115,91.1185,71.7,11.81,6176
31,F001242__3,2003-08-01,29.57,2003,8,PA,Total Electric Power Industry,Petroleum (Barrels),963405,2.59,2.27009497336115,90.9197,73.0,11.81,6176
32,F001242__3,2003-09-01,27.71,2003,9,PA,Total Electric Power Industry,Petroleum (Barrels),391686,,2.27009497336115,91.5059,64.6,11.81,6176
33,F001242__3,2003-10-01,28.88,2003,10,PA,Total Electric Power Industry,Petroleum (Barrels),267740,2.49,2.27009497336115,91.6186,50.7,11.81,6176
34,F001242__3,2003-11-01,29.52,2003,11,PA,Total Electric Power Industry,Petroleum (Barrels),217751,2.5,2.27009497336115,92.2329,45.2,11.81,6176
35,F001242__3,2003-12-01,30.36,2003,12,PA,Total Electric Power Industry,Petroleum (Barrels),710148,2.28,2.27009497336115,92.2602,34.7,11.81,6176
36,F001242__3,2004-01-01,31.78,2004,1,PA,Total Electric Power Industry,Petroleum (Barrels),1623367,,2.67723669309172,92.4006,20.2,13.13,6283
37,F001242__3,2004-02-01,32.19,2004,2,PA,Total Electric Power Industry,Petroleum (Barrels),476759,2.35,2.67723669309172,92.958,30.9,13.13,6283
38,F001242__3,2004-03-01,34.67,2004,3,PA,Total Electric Power Industry,Petroleum (Barrels),726157,2.33,2.67723669309172,92.5861,37.9,13.13,6283
39,F001242__3,2004-04-01,34.34,2004,4,PA,Total Electric Power Industry,Petroleum (Barrels),700338,2.26,2.67723669309172,92.93,48.1,13.13,6283
40,F001242__3,2004-05-01,37.79,2004,5,PA,Total Electric Power Industry,Petroleum (Barrels),805173,2.19,2.67723669309172,93.6013,58.7,13.13,6283
41,F001242__3,2004-06-01,36.26,2004,6,PA,Total Electric Power Industry,Petroleum (Barrels),629860,2.11,2.67723669309172,92.871,64.9,13.13,6283
42,F001242__3,2004-07-01,38.26,2004,7,PA,Total Electric Power Industry,Petroleum (Barrels),724230,1.93,2.67723669309172,93.5649,70.0,13.13,6283
43,F001242__3,2004-08-01,42.8,2004,8,PA,Total Electric Power Industry,Petroleum (Barrels),521066,1.82,2.67723669309172,93.6277,69.8,13.13,6283
44,F001242__3,2004-09-01,43.13,2004,9,PA,Total Electric Power Industry,Petroleum (Barrels),173331,1.72,2.67723669309172,93.7467,63.8,13.13,6283
45,F001242__3,2004-10-01,50.43,2004,10,PA,Total Electric Power Industry,Petroleum (Barrels),134742,1.58,2.67723669309172,94.5465,51.7,13.13,6283
46,F001242__3,2004-11-01,47.6,2004,11,PA,Total Electric Power Industry,Petroleum (Barrels),188951,1.5,2.67723669309172,94.7813,42.5,13.13,6283
47,F001242__3,2004-12-01,41.35,2004,12,PA,Total Electric Power Industry,Petroleum (Barrels),1051495,1.37,2.67723669309172,95.5365,33.4,13.13,6283
48,F001242__3,2005-01-01,43.91,2005,1,PA,Total Electric Power Industry,Petroleum (Barrels),1309645,1.13,3.3927468454955,95.8801,26.3,15.66,6542
49,F001242__3,2005-02-01,45.24,2005,2,PA,Total Electric Power Industry,Petroleum (Barrels),415065,0.86,3.3927468454955,96.5761,30.3,15.66,6542
50,F001242__3,2005-03-01,52.36,2005,3,PA,Total Electric Power Industry,Petroleum (Barrels),713572,0.79,3.3927468454955,96.4456,33.3,15.66,6542
51,F001242__3,2005-04-01,51.36,2005,4,PA,Total Electric Power Industry,Petroleum (Barrels),191524,0.71,3.3927468454955,96.6532,48.5,15.66,6542
52,F001242__3,2005-05-01,47.5,2005,5,PA,Total Electric Power Industry,Petroleum (Barrels),173471,0.57,3.3927468454955,96.7402,52.1,15.66,6542
53,F001242__3,2005-06-01,53.7,2005,6,PA,Total Electric Power Industry,Petroleum (Barrels),920441,0.41,3.3927468454955,97.1753,68.1,15.66,6542
54,F001242__3,2005-07-01,56.54,2005,7,PA,Total Electric Power Industry,Petroleum (Barrels),1346323,0.3,3.3927468454955,96.8676,72.0,15.66,6542
55,F001242__3,2005-08-01,62.06,2005,8,PA,Total Electric Power Industry,Petroleum (Barrels),1278454,0.28,3.3927468454955,97.1833,73.8,15.66,6542
56,F001242__3,2005-09-01,63.44,2005,9,PA,Total Electric Power Industry,Petroleum (Barrels),818772,0.3,3.3927468454955,95.3005,66.3,15.66,6542
57,F001242__3,2005-10-01,60.52,2005,10,PA,Total Electric Power Industry,Petroleum (Barrels),703943,0.18,3.3927468454955,96.4572,54.0,15.66,6542
58,F001242__3,2005-11-01,56.44,2005,11,PA,Total Electric Power Industry,Petroleum (Barrels),289733,0.16,3.3927468454955,97.5414,45.1,15.66,6542
59,F001242__3,2005-12-01,56.87,2005,12,PA,Total Electric Power Industry,Petroleum (Barrels),1122159,0.07,3.3927468454955,98.0452,31.3,15.66,6542
60,F001242__3,2006-01-01,62.52,2006,1,PA,Total Electric Power Industry,Petroleum (Barrels),161635,,3.22594410070404,98.1999,36.0,17.57,6377
61,F001242__3,2006-02-01,60.06,2006,2,PA,Total Electric Power Industry,Petroleum (Barrels),192378,-0.02,3.22594410070404,98.2413,30.6,17.57,6377
62,F001242__3,2006-03-01,60.35,2006,3,PA,Total Electric Power Industry,Petroleum (Barrels),139084,-0.12,3.22594410070404,98.4628,37.3,17.57,6377
63,F001242__3,2006-04-01,67.42,2006,4,PA,Total Electric Power Industry,Petroleum (Barrels),118954,0.02,3.22594410070404,98.7618,48.7,17.57,6377
64,F001242__3,2006-05-01,68.61,2006,5,PA,Total Electric Power Industry,Petroleum (Barrels),134384,0.2,3.22594410070404,98.7869,57.0,17.57,6377
65,F001242__3,2006-06-01,68.37,2006,6,PA,Total Electric Power Industry,Petroleum (Barrels),182567,0.07,3.22594410070404,99.0997,67.1,17.57,6377
66,F001242__3,2006-07-01,71.85,2006,7,PA,Total Electric Power Industry,Petroleum (Barrels),371547,-0.02,3.22594410070404,99.0489,74.2,17.57,6377
67,F001242__3,2006-08-01,70.92,2006,8,PA,Total Electric Power Industry,Petroleum (Barrels),419434,0.02,3.22594410070404,99.4836,70.0,17.57,6377
68,F001242__3,2006-09-01,62.13,2006,9,PA,Total Electric Power Industry,Petroleum (Barrels),115048,-0.04,3.22594410070404,99.3183,61.8,17.57,6377
69,F001242__3,2006-10-01,57.01,2006,10,PA,Total Electric Power Industry,Petroleum (Barrels),72290,-0.04,3.22594410070404,99.2044,52.0,17.57,6377
70,F001242__3,2006-11-01,57.82,2006,11,PA,Total Electric Power Industry,Petroleum (Barrels),133232,-0.09,3.22594410070404,99.1627,47.7,17.57,6377
71,F001242__3,2006-12-01,59.58,2006,12,PA,Total Electric Power Industry,Petroleum (Barrels),121431,-0.09,3.22594410070404,100.1735,39.7,17.57,6377
72,F001242__3,2007-01-01,52.74,2007,1,PA,Total Electric Power Industry,Petroleum (Barrels),188065,,2.85267248150138,99.8346,32.8,18.34,6306
73,F001242__3,2007-02-01,56.48,2007,2,PA,Total Electric Power Industry,Petroleum (Barrels),693684,-0.12,2.85267248150138,100.7753,25.4,18.34,6306
74,F001242__3,2007-03-01,57.81,2007,3,PA,Total Electric Power Industry,Petroleum (Barrels),379182,-0.07,2.85267248150138,100.9547,36.7,18.34,6306
75,F001242__3,2007-04-01,61.4,2007,4,PA,Total Electric Power Industry,Petroleum (Barrels),100254,0.05,2.85267248150138,101.6334,44.8,18.34,6306
76,F001242__3,2007-05-01,61.15,2007,5,PA,Total Electric Power Industry,Petroleum (Barrels),119765,0.01,2.85267248150138,101.7306,59.0,18.34,6306
77,F001242__3,2007-06-01,66.81,2007,6,PA,Total Electric Power Industry,Petroleum (Barrels),306172,-0.02,2.85267248150138,101.7893,66.5,18.34,6306
78,F001242__3,2007-07-01,70.74,2007,7,PA,Total Electric Power Industry,Petroleum (Barrels),187212,0.14,2.85267248150138,101.6672,71.6,18.34,6306
79,F001242__3,2007-08-01,69.76,2007,8,PA,Total Electric Power Industry,Petroleum (Barrels),212288,0.2,2.85267248150138,101.863,71.0,18.34,6306
80,F001242__3,2007-09-01,75.52,2007,9,PA,Total Electric Power Industry,Petroleum (Barrels),139229,,2.85267248150138,102.0894,65.1,18.34,6306
81,F001242__3,2007-10-01,81.5,2007,10,PA,Total Electric Power Industry,Petroleum (Barrels),109700,0.54,2.85267248150138,101.8015,58.0,18.34,6306
82,F001242__3,2007-11-01,90.89,2007,11,PA,Total Electric Power Industry,Petroleum (Barrels),76333,0.59,2.85267248150138,102.3446,41.1,18.34,6306
83,F001242__3,2007-12-01,87.71,2007,12,PA,Total Electric Power Industry,Petroleum (Barrels),153160,0.99,2.85267248150138,102.3803,31.4,18.34,6306
84,F001242__3,2008-01-01,89.41,2008,1,PA,Total Electric Power Industry,Petroleum (Barrels),291104,,3.839100296651,102.2448,31.7,21.41,6737
85,F001242__3,2008-02-01,90.17,2008,2,PA,Total Electric Power Industry,Petroleum (Barrels),238830,1.53,3.839100296651,101.8438,31.8,21.41,6737
86,F001242__3,2008-03-01,100.62,2008,3,PA,Total Electric Power Industry,Petroleum (Barrels),83644,1.93,3.839100296651,101.5336,37.9,21.41,6737
87,F001242__3,2008-04-01,107.14,2008,4,PA,Total Electric Power Industry,Petroleum (Barrels),63736,1.77,3.839100296651,100.8785,49.3,21.41,6737
88,F001242__3,2008-05-01,120.16,2008,5,PA,Total Electric Power Industry,Petroleum (Barrels),81366,1.41,3.839100296651,100.2674,55.4,21.41,6737
89,F001242__3,2008-06-01,127.0,2008,6,PA,Total Electric Power Industry,Petroleum (Barrels),254270,1.47,3.839100296651,100.0335,69.0,21.41,6737
90,F001242__3,2008-07-01,130.11,2008,7,PA,Total Electric Power Industry,Petroleum (Barrels),142628,1.38,3.839100296651,99.676,73.9,21.41,6737
91,F001242__3,2008-08-01,112.73,2008,8,PA,Total Electric Power Industry,Petroleum (Barrels),98974,1.46,3.839100296651,98.1111,68.4,21.41,6737
92,F001242__3,2008-09-01,100.92,2008,9,PA,Total Electric Power Industry,Petroleum (Barrels),133505,,3.839100296651,93.7895,63.9,21.41,6737
93,F001242__3,2008-10-01,76.92,2008,10,PA,Total Electric Power Industry,Petroleum (Barrels),70361,1.95,3.839100296651,94.7219,51.2,21.41,6737
94,F001242__3,2008-11-01,54.76,2008,11,PA,Total Electric Power Industry,Petroleum (Barrels),109044,2.51,3.839100296651,93.4715,42.0,21.41,6737
95,F001242__3,2008-12-01,39.43,2008,12,PA,Total Electric Power Industry,Petroleum (Barrels),187506,1.82,3.839100296651,90.8357,34.8,21.41,6737
96,F001242__3,2009-01-01,37.36,2009,1,PA,Total Electric Power Industry,Petroleum (Barrels),652530,,-0.355546266299747,88.57,23.4,18.13,6656
97,F001242__3,2009-02-01,34.78,2009,2,PA,Total Electric Power Industry,Petroleum (Barrels),149534,1.87,-0.355546266299747,88.031,32.0,18.13,6656
98,F001242__3,2009-03-01,43.26,2009,3,PA,Total Electric Power Industry,Petroleum (Barrels),163521,2.02,-0.355546266299747,86.6528,37.2,18.13,6656
99,F001242__3,2009-04-01,45.58,2009,4,PA,Total Electric Power Industry,Petroleum (Barrels),66089,1.85,-0.355546266299747,85.9344,49.4,18.13,6656
100,F001242__3,2009-05-01,53.83,2009,5,PA,Total Electric Power Industry,Petroleum (Barrels),70441,2.29,-0.355546266299747,85.0665,57.7,18.13,6656
101,F001242__3,2009-06-01,64.74,2009,6,PA,Total Electric Power Industry,Petroleum (Barrels),73672,2.74,-0.355546266299747,84.7459,63.4,18.13,6656
102,F001242__3,2009-07-01,60.26,2009,7,PA,Total Electric Power Industry,Petroleum (Barrels),119720,2.5,-0.355546266299747,85.7027,69.1,18.13,6656
103,F001242__3,2009-08-01,65.14,2009,8,PA,Total Electric Power Industry,Petroleum (Barrels),103889,2.48,-0.355546266299747,86.6426,72.7,18.13,6656
104,F001242__3,2009-09-01,62.86,2009,9,PA,Total Electric Power Industry,Petroleum (Barrels),93369,2.46,-0.355546266299747,87.4063,61.7,18.13,6656
105,F001242__3,2009-10-01,67.65,2009,10,PA,Total Electric Power Industry,Petroleum (Barrels),69699,2.34,-0.355546266299747,87.6419,50.8,18.13,6656
106,F001242__3,2009-11-01,69.58,2009,11,PA,Total Electric Power Industry,Petroleum (Barrels),72770,2.53,-0.355546266299747,88.0221,47.8,18.13,6656
107,F001242__3,2009-12-01,65.75,2009,12,PA,Total Electric Power Industry,Petroleum (Barrels),65129,2.61,-0.355546266299747,88.3793,32.1,18.13,6656
108,F001242__3,2010-01-01,68.87,2010,1,PA,Total Electric Power Industry,Petroleum (Barrels),165183,,1.6400434423899,89.3426,28.4,19.62,7130
109,F001242__3,2010-02-01,66.36,2010,2,PA,Total Electric Power Industry,Petroleum (Barrels),58606,2.82,1.6400434423899,89.6779,31.4,19.62,7130
110,F001242__3,2010-03-01,70.84,2010,3,PA,Total Electric Power Industry,Petroleum (Barrels),53244,2.81,1.6400434423899,90.2928,43.6,19.62,7130
111,F001242__3,2010-04-01,74.01,2010,4,PA,Total Electric Power Industry,Petroleum (Barrels),41181,2.84,1.6400434423899,90.5991,52.0,19.62,7130
112,F001242__3,2010-05-01,66.19,2010,5,PA,Total Electric Power Industry,Petroleum (Barrels),48556,2.72,1.6400434423899,91.823,60.9,19.62,7130
113,F001242__3,2010-06-01,66.04,2010,6,PA,Total Electric Power Industry,Petroleum (Barrels),101377,2.51,1.6400434423899,91.9928,68.9,19.62,7130
114,F001242__3,2010-07-01,67.39,2010,7,PA,Total Electric Power Industry,Petroleum (Barrels),314703,2.33,1.6400434423899,92.3421,75.0,19.62,7130
115,F001242__3,2010-08-01,68.8,2010,8,PA,Total Electric Power Industry,Petroleum (Barrels),133228,2.43,1.6400434423899,92.6805,70.8,19.62,7130
116,F001242__3,2010-09-01,65.32,2010,9,PA,Total Electric Power Industry,Petroleum (Barrels),59607,2.08,1.6400434423899,92.9537,65.5,19.62,7130
117,F001242__3,2010-10-01,71.8,2010,10,PA,Total Electric Power Industry,Petroleum (Barrels),37038,2.12,1.6400434423899,92.6903,53.5,19.62,7130
118,F001242__3,2010-11-01,74.22,2010,11,PA,Total Electric Power Industry,Petroleum (Barrels),40765,2.32,1.6400434423899,92.7709,43.3,19.62,7130
119,F001242__3,2010-12-01,78.25,2010,12,PA,Total Electric Power Industry,Petroleum (Barrels),120853,2.44,1.6400434423899,93.6787,30.3,19.62,7130
120,F001242__3,2011-01-01,81.19,2011,1,PA,Total Electric Power Industry,Petroleum (Barrels),118342,2.75,3.156841568622,93.4814,25.2,22.73,7680
121,F001242__3,2011-02-01,80.36,2011,2,PA,Total Electric Power Industry,Petroleum (Barrels),44533,2.87,3.156841568622,93.1102,28.8,22.73,7680
122,F001242__3,2011-03-01,92.43,2011,3,PA,Total Electric Power Industry,Petroleum (Barrels),86229,2.75,3.156841568622,94.0788,38.0,22.73,7680
123,F001242__3,2011-04-01,100.36,2011,4,PA,Total Electric Power Industry,Petroleum (Barrels),74756,2.66,3.156841568622,93.7749,49.1,22.73,7680
124,F001242__3,2011-05-01,93.05,2011,5,PA,Total Electric Power Industry,Petroleum (Barrels),119874,2.7,3.156841568622,93.888,58.9,22.73,7680
125,F001242__3,2011-06-01,88.51,2011,6,PA,Total Electric Power Industry,Petroleum (Barrels),76702,2.52,3.156841568622,94.172,66.2,22.73,7680
126,F001242__3,2011-07-01,89.56,2011,7,PA,Total Electric Power Industry,Petroleum (Barrels),157213,2.72,3.156841568622,94.636,73.8,22.73,7680
127,F001242__3,2011-08-01,78.13,2011,8,PA,Total Electric Power Industry,Petroleum (Barrels),71908,2.39,3.156841568622,95.2749,71.3,22.73,7680
128,F001242__3,2011-09-01,77.41,2011,9,PA,Total Electric Power Industry,Petroleum (Barrels),70594,1.96,3.156841568622,95.1961,66.5,22.73,7680
129,F001242__3,2011-10-01,80.27,2011,10,PA,Total Electric Power Industry,Petroleum (Barrels),66787,1.56,3.156841568622,95.8568,54.9,22.73,7680
130,F001242__3,2011-11-01,91.21,2011,11,PA,Total Electric Power Industry,Petroleum (Barrels),66081,1.78,3.156841568622,95.8485,47.8,22.73,7680
131,F001242__3,2011-12-01,92.38,2011,12,PA,Total Electric Power Industry,Petroleum (Barrels),70093,1.84,3.156841568622,96.3571,39.0,22.73,7680
132,F001242__3,2012-01-01,93.86,2012,1,PA,Total Electric Power Industry,Petroleum (Barrels),64079,,2.06933726526067,96.9318,33.5,22.77,7703
133,F001242__3,2012-02-01,96.33,2012,2,PA,Total Electric Power Industry,Petroleum (Barrels),43871,1.64,2.06933726526067,97.2435,35.7,22.77,7703
134,F001242__3,2012-03-01,100.02,2012,3,PA,Total Electric Power Industry,Petroleum (Barrels),33490,1.73,2.06933726526067,96.74,45.5,22.77,7703
135,F001242__3,2012-04-01,98.05,2012,4,PA,Total Electric Power Industry,Petroleum (Barrels),48589,1.89,2.06933726526067,97.4359,50.1,22.77,7703
136,F001242__3,2012-05-01,90.52,2012,5,PA,Total Electric Power Industry,Petroleum (Barrels),85999,1.71,2.06933726526067,97.6609,60.6,22.77,7703
137,F001242__3,2012-06-01,78.27,2012,6,PA,Total Electric Power Industry,Petroleum (Barrels),75327,1.22,2.06933726526067,97.6663,65.7,22.77,7703
138,F001242__3,2012-07-01,83.11,2012,7,PA,Total Electric Power Industry,Petroleum (Barrels),148832,1.31,2.06933726526067,97.8713,73.6,22.77,7703
139,F001242__3,2012-08-01,88.94,2012,8,PA,Total Electric Power Industry,Petroleum (Barrels),58847,1.32,2.06933726526067,97.4525,72.5,22.77,7703
140,F001242__3,2012-09-01,87.6,2012,9,PA,Total Electric Power Industry,Petroleum (Barrels),61945,,2.06933726526067,97.381,63.3,22.77,7703
141,F001242__3,2012-10-01,84.86,2012,10,PA,Total Electric Power Industry,Petroleum (Barrels),58062,1.39,2.06933726526067,97.7193,55.4,22.77,7703
142,F001242__3,2012-11-01,82.03,2012,11,PA,Total Electric Power Industry,Petroleum (Barrels),75531,1.45,2.06933726526067,98.0777,41.0,22.77,7703
143,F001242__3,2012-12-01,83.01,2012,12,PA,Total Electric Power Industry,Petroleum (Barrels),63508,1.38,2.06933726526067,98.3101,37.6,22.77,7703
144,F001242__3,2013-01-01,89.19,2013,1,PA,Total Electric Power Industry,Petroleum (Barrels),131907,,1.46483265562717,98.3342,30.4,21.55,7707
145,F001242__3,2013-02-01,90.21,2013,2,PA,Total Electric Power Industry,Petroleum (Barrels),51900,1.77,1.46483265562717,98.7941,30.2,21.55,7707
146,F001242__3,2013-03-01,88.01,2013,3,PA,Total Electric Power Industry,Petroleum (Barrels),29639,1.61,1.46483265562717,99.1921,37.1,21.55,7707
147,F001242__3,2013-04-01,86.58,2013,4,PA,Total Electric Power Industry,Petroleum (Barrels),73590,1.63,1.46483265562717,99.1065,47.7,21.55,7707
148,F001242__3,2013-05-01,88.13,2013,5,PA,Total Electric Power Industry,Petroleum (Barrels),66886,1.46,1.46483265562717,99.1839,58.5,21.55,7707
149,F001242__3,2013-06-01,87.88,2013,6,PA,Total Electric Power Industry,Petroleum (Barrels),55913,1.83,1.46483265562717,99.3897,68.0,21.55,7707
150,F001242__3,2013-07-01,94.81,2013,7,PA,Total Electric Power Industry,Petroleum (Barrels),129353,2.16,1.46483265562717,99.0814,76.4,21.55,7707
151,F001242__3,2013-08-01,95.24,2013,8,PA,Total Electric Power Industry,Petroleum (Barrels),71819,2.39,1.46483265562717,99.6543,69.1,21.55,7707
152,F001242__3,2013-09-01,96.29,2013,9,PA,Total Electric Power Industry,Petroleum (Barrels),53042,,1.46483265562717,100.161,62.1,21.55,7707
153,F001242__3,2013-10-01,90.18,2013,10,PA,Total Electric Power Industry,Petroleum (Barrels),78234,2.33,1.46483265562717,100.082,54.0,21.55,7707
154,F001242__3,2013-11-01,83.68,2013,11,PA,Total Electric Power Industry,Petroleum (Barrels),56301,2.32,1.46483265562717,100.3158,41.3,21.55,7707
155,F001242__3,2013-12-01,86.73,2013,12,PA,Total Electric Power Industry,Petroleum (Barrels),107425,2.51,1.46483265562717,100.5175,33.0,21.55,7707
156,F001242__3,2014-01-01,83.51,2014,1,PA,Total Electric Power Industry,Petroleum (Barrels),707608,,1.62222297740817,100.1599,26.1,21.3,7981
157,F001242__3,2014-02-01,88.0,2014,2,PA,Total Electric Power Industry,Petroleum (Barrels),108499,2.31,1.62222297740817,100.9168,27.2,21.3,7981
158,F001242__3,2014-03-01,88.18,2014,3,PA,Total Electric Power Industry,Petroleum (Barrels),144406,2.28,1.62222297740817,101.8942,32.8,21.3,7981
159,F001242__3,2014-04-01,90.17,2014,4,PA,Total Electric Power Industry,Petroleum (Barrels),35615,2.33,1.62222297740817,101.9928,47.0,21.3,7981
160,F001242__3,2014-05-01,89.0,2014,5,PA,Total Electric Power Industry,Petroleum (Barrels),61834,2.22,1.62222297740817,102.3836,58.0,21.3,7981
161,F001242__3,2014-06-01,91.68,2014,6,PA,Total Electric Power Industry,Petroleum (Barrels),48598,2.15,1.62222297740817,102.735,66.4,21.3,7981
162,F001242__3,2014-07-01,90.15,2014,7,PA,Total Electric Power Industry,Petroleum (Barrels),62829,2.11,1.62222297740817,102.9632,72.3,21.3,7981
163,F001242__3,2014-08-01,83.77,2014,8,PA,Total Electric Power Industry,Petroleum (Barrels),65860,2.05,1.62222297740817,102.7688,68.6,21.3,7981
164,F001242__3,2014-09-01,84.48,2014,9,PA,Total Electric Power Industry,Petroleum (Barrels),60360,,1.62222297740817,103.0641,64.4,21.3,7981
165,F001242__3,2014-10-01,72.24,2014,10,PA,Total Electric Power Industry,Petroleum (Barrels),33750,1.89,1.62222297740817,103.0764,55.3,21.3,7981
166,F001242__3,2014-11-01,62.53,2014,11,PA,Total Electric Power Industry,Petroleum (Barrels),51585,1.84,1.62222297740817,103.7126,41.4,21.3,7981
167,F001242__3,2014-12-01,45.31,2014,12,PA,Total Electric Power Industry,Petroleum (Barrels),85852,1.73,1.62222297740817,103.7044,37.4,21.3,7981
168,F001242__3,2015-01-01,34.07,2015,1,PA,Total Electric Power Industry,Petroleum (Barrels),119737,,0.118627135552451,102.8905,25.5,17.75,8068
169,F001242__3,2015-02-01,33.87,2015,2,PA,Total Electric Power Industry,Petroleum (Barrels),548350,1.19,0.118627135552451,102.2335,17.7,17.75,8068
170,F001242__3,2015-03-01,32.2,2015,3,PA,Total Electric Power Industry,Petroleum (Barrels),83531,1.42,0.118627135552451,101.8914,31.8,17.75,8068
171,F001242__3,2015-04-01,41.19,2015,4,PA,Total Electric Power Industry,Petroleum (Barrels),50676,1.32,0.118627135552451,101.3355,47.2,17.75,8068
172,F001242__3,2015-05-01,46.03,2015,5,PA,Total Electric Power Industry,Petroleum (Barrels),70284,1.52,0.118627135552451,100.8883,61.2,17.75,8068
173,F001242__3,2015-06-01,46.95,2015,6,PA,Total Electric Power Industry,Petroleum (Barrels),62910,1.55,0.118627135552451,100.571,64.5,17.75,8068
174,F001242__3,2015-07-01,44.5,2015,7,PA,Total Electric Power Industry,Petroleum (Barrels),76410,1.74,0.118627135552451,101.2228,72.3,17.75,8068
175,F001242__3,2015-08-01,37.82,2015,8,PA,Total Electric Power Industry,Petroleum (Barrels),69818,1.48,0.118627135552451,101.0367,72.6,17.75,8068
176,F001242__3,2015-09-01,40.28,2015,9,PA,Total Electric Power Industry,Petroleum (Barrels),53552,1.47,0.118627135552451,100.7547,67.6,17.75,8068
177,F001242__3,2015-10-01,40.71,2015,10,PA,Total Electric Power Industry,Petroleum (Barrels),61037,1.41,0.118627135552451,100.2675,52.4,17.75,8068
178,F001242__3,2015-11-01,36.09,2015,11,PA,Total Electric Power Industry,Petroleum (Barrels),67222,1.43,0.118627135552451,99.5298,47.1,17.75,8068
179,F001242__3,2015-12-01,31.65,2015,12,PA,Total Electric Power Industry,Petroleum (Barrels),60271,1.24,0.118627135552451,99.0417,45.3,17.75,8068
180,F001242__3,2016-01-01,26.37,2016,1,PA,Total Electric Power Industry,Petroleum (Barrels),77531,,1.26158320570536,99.5607,31.3,16.63,8356
181,F001242__3,2016-02-01,25.27,2016,2,PA,Total Electric Power Industry,Petroleum (Barrels),48289,1.16,1.26158320570536,99.0445,33.1,16.63,8356
182,F001242__3,2016-03-01,33.03,2016,3,PA,Total Electric Power Industry,Petroleum (Barrels),50552,0.98,1.26158320570536,98.3096,42.9,16.63,8356
183,F001242__3,2016-04-01,35.93,2016,4,PA,Total Electric Power Industry,Petroleum (Barrels),61152,1.03,1.26158320570536,98.6421,46.2,16.63,8356
184,F001242__3,2016-05-01,40.7,2016,5,PA,Total Electric Power Industry,Petroleum (Barrels),57197,1.08,1.26158320570536,98.4184,57.9,16.63,8356
185,F001242__3,2016-06-01,43.94,2016,6,PA,Total Electric Power Industry,Petroleum (Barrels),56444,0.94,1.26158320570536,98.8833,66.9,16.63,8356
186,F001242__3,2016-07-01,40.58,2016,7,PA,Total Electric Power Industry,Petroleum (Barrels),67676,0.87,1.26158320570536,98.9992,73.8,16.63,8356
187,F001242__3,2016-08-01,40.51,2016,8,PA,Total Electric Power Industry,Petroleum (Barrels),64038,0.84,1.26158320570536,98.85,73.9,16.63,8356
188,F001242__3,2016-09-01,40.67,2016,9,PA,Total Electric Power Industry,Petroleum (Barrels),42659,0.79,1.26158320570536,98.7457,66.4,16.63,8356
189,F001242__3,2016-10-01,45.2,2016,10,PA,Total Electric Power Industry,Petroleum (Barrels),51787,0.83,1.26158320570536,98.7611,54.7,16.63,8356
190,F001242__3,2016-11-01,41.44,2016,11,PA,Total Electric Power Industry,Petroleum (Barrels),62126,1.0,1.26158320570536,98.3491,45.2,16.63,8356
191,F001242__3,2016-12-01,47.19,2016,12,PA,Total Electric Power Industry,Petroleum (Barrels),62079,1.31,1.26158320570536,99.0214,34.2,16.63,8356
192,F001242__3,2017-01-01,48.14,2017,1,PA,Total Electric Power Industry,Petroleum (Barrels),59462,,2.13011000365961,98.7611,34.2,17.94,8541
193,F001242__3,2017-02-01,48.74,2017,2,PA,Total Electric Power Industry,Petroleum (Barrels),44123,1.26,2.13011000365961,98.3646,35.2,17.94,8541
194,F001242__3,2017-03-01,44.89,2017,3,PA,Total Electric Power Industry,Petroleum (Barrels),46631,1.17,2.13011000365961,99.0137,34.1,17.94,8541
195,F001242__3,2017-04-01,46.33,2017,4,PA,Total Electric Power Industry,Petroleum (Barrels),38170,1.11,2.13011000365961,100.0224,51.5,17.94,8541
196,F001242__3,2017-05-01,43.72,2017,5,PA,Total Electric Power Industry,Petroleum (Barrels),41450,1.05,2.13011000365961,100.1408,56.5,17.94,8541
197,F001242__3,2017-06-01,40.6,2017,6,PA,Total Electric Power Industry,Petroleum (Barrels),48336,0.93,2.13011000365961,100.3471,66.8,17.94,8541
198,F001242__3,2017-07-01,41.63,2017,7,PA,Total Electric Power Industry,Petroleum (Barrels),61555,0.94,2.13011000365961,100.1068,71.1,17.94,8541
199,F001242__3,2017-08-01,43.2,2017,8,PA,Total Electric Power Industry,Petroleum (Barrels),60208,0.92,2.13011000365961,99.6925,69.8,17.94,8541
200,F001242__3,2017-09-01,43.46,2017,9,PA,Total Electric Power Industry,Petroleum (Barrels),43627,0.81,2.13011000365961,99.7954,66.4,17.94,8541
201,F001242__3,2017-10-01,47.09,2017,10,PA,Total Electric Power Industry,Petroleum (Barrels),33201,0.85,2.13011000365961,101.0247,59.6,17.94,8541
202,F001242__3,2017-11-01,51.76,2017,11,PA,Total Electric Power Industry,Petroleum (Barrels),52215,0.76,2.13011000365961,101.2664,43.1,17.94,8541
203,F001242__3,2017-12-01,52.83,2017,12,PA,Total Electric Power Industry,Petroleum (Barrels),116377,0.59,2.13011000365961,101.4644,30.1,17.94,8541
204,F001242__3,2018-01-01,57.76,2018,1,PA,Total Electric Power Industry,Petroleum (Barrels),617087,,2.44258329692817,101.4625,27.6,18.96,8726
205,F001242__3,2018-02-01,56.82,2018,2,PA,Total Electric Power Industry,Petroleum (Barrels),80674,0.62,2.44258329692817,101.7085,37.7,18.96,8726
206,F001242__3,2018-03-01,57.73,2018,3,PA,Total Electric Power Industry,Petroleum (Barrels),88693,0.59,2.44258329692817,102.2067,37.3,18.96,8726
207,F001242__3,2018-04-01,61.22,2018,4,PA,Total Electric Power Industry,Petroleum (Barrels),58630,0.48,2.44258329692817,103.3329,44.4,18.96,8726
208,F001242__3,2018-05-01,65.17,2018,5,PA,Total Electric Power Industry,Petroleum (Barrels),80690,0.47,2.44258329692817,102.4024,61.4,18.96,8726
209,F001242__3,2018-06-01,62.3,2018,6,PA,Total Electric Power Industry,Petroleum (Barrels),98436,0.42,2.44258329692817,103.198,65.9,18.96,8726
210,F001242__3,2018-07-01,65.4,2018,7,PA,Total Electric Power Industry,Petroleum (Barrels),68270,0.3,2.44258329692817,103.3646,73.8,18.96,8726
211,F001242__3,2018-08-01,62.18,2018,8,PA,Total Electric Power Industry,Petroleum (Barrels),69353,0.33,2.44258329692817,104.0327,75.1,18.96,8726
212,F001242__3,2018-09-01,64.32,2018,9,PA,Total Electric Power Industry,Petroleum (Barrels),74103,,2.44258329692817,104.1004,66.5,18.96,8726
213,F001242__3,2018-10-01,64.94,2018,10,PA,Total Electric Power Industry,Petroleum (Barrels),45876,0.27,2.44258329692817,103.9856,52.7,18.96,8726
214,F001242__3,2018-11-01,51.17,2018,11,PA,Total Electric Power Industry,Petroleum (Barrels),95576,0.3,2.44258329692817,104.0681,41.0,18.96,8726
215,F001242__3,2018-12-01,43.42,2018,12,PA,Total Electric Power Industry,Petroleum (Barrels),88250,0.15,2.44258329692817,104.0936,35.3,18.96,8726
216,F001242__3,2019-01-01,45.91,2019,1,PA,Total Electric Power Industry,Petroleum (Barrels),72125,,1.81221007526021,103.4021,29.0,18.31,8445
217,F001242__3,2019-02-01,49.4,2019,2,PA,Total Electric Power Industry,Petroleum (Barrels),53193,0.18,1.81221007526021,102.8371,31.6,18.31,8445
218,F001242__3,2019-03-01,52.25,2019,3,PA,Total Electric Power Industry,Petroleum (Barrels),17364,0.21,1.81221007526021,102.8757,35.9,18.31,8445
219,F001242__3,2019-04-01,58.22,2019,4,PA,Total Electric Power Industry,Petroleum (Barrels),42736,0.16,1.81221007526021,102.274,49.2,18.31,8445
220,F001242__3,2019-05-01,55.5,2019,5,PA,Total Electric Power Industry,Petroleum (Barrels),45180,0.21,1.81221007526021,102.392,56.4,18.31,8445
221,F001242__3,2019-06-01,49.53,2019,6,PA,Total Electric Power Industry,Petroleum (Barrels),29625,0.25,1.81221007526021,102.4375,66.5,18.31,8445
222,F001242__3,2019-07-01,52.64,2019,7,PA,Total Electric Power Industry,Petroleum (Barrels),46953,0.25,1.81221007526021,101.9408,74.8,18.31,8445
223,F001242__3,2019-08-01,49.07,2019,8,PA,Total Electric Power Industry,Petroleum (Barrels),44170,0.17,1.81221007526021,102.639,71.3,18.31,8445
224,F001242__3,2019-09-01,51.43,2019,9,PA,Total Electric Power Industry,Petroleum (Barrels),16968,,1.81221007526021,102.2917,63.9,18.31,8445
225,F001242__3,2019-10-01,51.06,2019,10,PA,Total Electric Power Industry,Petroleum (Barrels),30947,0.09,1.81221007526021,101.4281,54.7,18.31,8445
226,F001242__3,2019-11-01,51.06,2019,11,PA,Total Electric Power Industry,Petroleum (Barrels),23823,0.17,1.81221007526021,101.9372,40.1,18.31,8445
227,F001242__3,2019-12-01,53.71,2019,12,PA,Total Electric Power Industry,Petroleum (Barrels),26368,0.22,1.81221007526021,101.7003,34.1,18.31,8445
228,F001242__3,2020-01-01,49.82,2020,1,PA,Total Electric Power Industry,Petroleum (Barrels),12170,,1.23358439630629,101.0338,35.3,17.08,7113
229,F001242__3,2020-02-01,43.23,2020,2,PA,Total Electric Power Industry,Petroleum (Barrels),35850,0.18,1.23358439630629,101.3735,35.4,17.08,7113
230,F001242__3,2020-03-01,23.42,2020,3,PA,Total Electric Power Industry,Petroleum (Barrels),17138,0.26,1.23358439630629,97.4078,42.6,17.08,7113
231,F001242__3,2020-04-01,11.07,2020,4,PA,Total Electric Power Industry,Petroleum (Barrels),9663,0.39,1.23358439630629,84.5619,44.1,17.08,7113
232,F001242__3,2020-05-01,20.22,2020,5,PA,Total Electric Power Industry,Petroleum (Barrels),13445,0.44,1.23358439630629,85.9604,56.6,17.08,7113
233,F001242__3,2020-06-01,31.63,2020,6,PA,Total Electric Power Industry,Petroleum (Barrels),20335,0.52,1.23358439630629,91.5934,68.1,17.08,7113
234,F001242__3,2020-07-01,32.47,2020,7,PA,Total Electric Power Industry,Petroleum (Barrels),30941,0.52,1.23358439630629,95.0256,75.4,17.08,7113
235,F001242__3,2020-08-01,34.42,2020,8,PA,Total Electric Power Industry,Petroleum (Barrels),22227,0.45,1.23358439630629,95.9549,73.8,17.08,7113
236,F001242__3,2020-09-01,30.65,2020,9,PA,Total Electric Power Industry,Petroleum (Barrels),8866,0.55,1.23358439630629,95.9669,64.5,17.08,7113
237,F001242__3,2020-10-01,30.68,2020,10,PA,Total Electric Power Industry,Petroleum (Barrels),8299,0.54,1.23358439630629,96.7394,54.6,17.08,7113
238,F001242__3,2020-11-01,32.48,2020,11,PA,Total Electric Power Industry,Petroleum (Barrels),13441,0.71,1.23358439630629,97.0816,47.5,17.08,7113
239,F001242__3,2020-12-01,38.06,2020,12,PA,Total Electric Power Industry,Petroleum (Barrels),16020,0.75,1.23358439630629,98.363,35.7,17.08,7113
240,F001242__3,2021-01-01,43.48,2021,1,PA,Total Electric Power Industry,Petroleum (Barrels),22178,,4.69785886363742,98.8822,31.3,19.53,7904
241,F001242__3,2021-02-01,50.23,2021,2,PA,Total Electric Power Industry,Petroleum (Barrels),47830,0.98,4.69785886363742,95.6149,30.9,19.53,7904
242,F001242__3,2021-03-01,54.11,2021,3,PA,Total Electric Power Industry,Petroleum (Barrels),13983,1.32,4.69785886363742,98.3856,40.2,19.53,7904
243,F001242__3,2021-04-01,54.25,2021,4,PA,Total Electric Power Industry,Petroleum (Barrels),15588,1.52,4.69785886363742,98.5587,48.8,19.53,7904
244,F001242__3,2021-05-01,57.7,2021,5,PA,Total Electric Power Industry,Petroleum (Barrels),13867,1.47,4.69785886363742,99.4333,58.0,19.53,7904
245,F001242__3,2021-06-01,64.23,2021,6,PA,Total Electric Power Industry,Petroleum (Barrels),27052,1.46,4.69785886363742,99.7987,69.6,19.53,7904
246,F001242__3,2021-07-01,65.79,2021,7,PA,Total Electric Power Industry,Petroleum (Barrels),33105,1.23,4.69785886363742,100.2519,71.2,19.53,7904
247,F001242__3,2021-08-01,61.05,2021,8,PA,Total Electric Power Industry,Petroleum (Barrels),31761,1.03,4.69785886363742,100.0437,73.6,19.53,7904
248,F001242__3,2021-09-01,64.79,2021,9,PA,Total Electric Power Industry,Petroleum (Barrels),13912,1.11,4.69785886363742,98.8579,66.4,19.53,7904
249,F001242__3,2021-10-01,74.43,2021,10,PA,Total Electric Power Industry,Petroleum (Barrels),10640,1.21,4.69785886363742,100.1861,58.4,19.53,7904
250,F001242__3,2021-11-01,71.65,2021,11,PA,Total Electric Power Industry,Petroleum (Barrels),15636,1.08,4.69785886363742,100.8654,42.9,19.53,7904
251,F001242__3,2021-12-01,64.86,2021,12,PA,Total Electric Power Industry,Petroleum (Barrels),36811,0.87,4.69785886363742,100.5726,38.6,19.53,7904
252,F001242__3,2022-01-01,75.97,2022,1,PA,Total Electric Power Industry,Petroleum (Barrels),70700,0.85,8.00279982052121,100.1856,27.0,25.1,8375
253,F001242__3,2022-02-01,85.01,2022,2,PA,Total Electric Power Industry,Petroleum (Barrels),32710,0.63,8.00279982052121,100.8064,32.4,25.1,8375
254,F001242__3,2022-03-01,102.15,2022,3,PA,Total Electric Power Industry,Petroleum (Barrels),22726,0.41,8.00279982052121,101.3907,40.6,25.1,8375
255,F001242__3,2022-04-01,95.53,2022,4,PA,Total Electric Power Industry,Petroleum (Barrels),25387,-0.05,8.00279982052121,101.44,48.4,25.1,8375
256,F001242__3,2022-05-01,103.38,2022,5,PA,Total Electric Power Industry,Petroleum (Barrels),13735,0.26,8.00279982052121,101.3335,60.4,25.1,8375
257,F001242__3,2022-06-01,108.03,2022,6,PA,Total Electric Power Industry,Petroleum (Barrels),35294,0.28,8.00279982052121,101.018,66.3,25.1,8375
258,F001242__3,2022-07-01,93.93,2022,7,PA,Total Electric Power Industry,Petroleum (Barrels),23179,0.04,8.00279982052121,101.223,74.4,25.1,8375
259,F001242__3,2022-08-01,85.59,2022,8,PA,Total Electric Power Industry,Petroleum (Barrels),51359,-0.3,8.00279982052121,101.0963,75.0,25.1,8375
260,F001242__3,2022-09-01,77.74,2022,9,PA,Total Electric Power Industry,Petroleum (Barrels),15048,-0.25,8.00279982052121,101.2918,63.6,25.1,8375
261,F001242__3,2022-10-01,80.66,2022,10,PA,Total Electric Power Industry,Petroleum (Barrels),36408,-0.45,8.00279982052121,101.2529,54.4,25.1,8375
262,F001242__3,2022-11-01,77.66,2022,11,PA,Total Electric Power Industry,Petroleum (Barrels),23006,-0.47,8.00279982052121,100.9552,46.8,25.1,8375
263,F001242__3,2022-12-01,69.91,2022,12,PA,Total Electric Power Industry,Petroleum (Barrels),270999,-0.72,8.00279982052121,99.7664,35.5,25.1,8375
264,F001242__3,2023-01-01,70.46,2023,1,PA,Total Electric Power Industry,Petroleum (Barrels),17404,,4.11633838374488,100.505,37.8,23.67,8607
265,F001242__3,2023-02-01,67.78,2023,2,PA,Total Electric Power Industry,Petroleum (Barrels),23008,-0.7,4.11633838374488,100.6416,34.3,23.67,8607
266,F001242__3,2023-03-01,63.86,2023,3,PA,Total Electric Power Industry,Petroleum (Barrels),15164,-0.88,4.11633838374488,101.0205,39.7,23.67,8607
267,F001242__3,2023-04-01,70.08,2023,4,PA,Total Electric Power Industry,Petroleum (Barrels),11965,-0.54,4.11633838374488,101.253,50.7,23.67,8607
268,F001242__3,2023-05-01,62.92,2023,5,PA,Total Electric Power Industry,Petroleum (Barrels),16334,-0.55,4.11633838374488,100.9286,56.2,23.67,8607
269,F001242__3,2023-06-01,61.85,2023,6,PA,Total Electric Power Industry,Petroleum (Barrels),16432,-0.72,4.11633838374488,100.1196,64.5,23.67,8607
270,F001242__3,2023-07-01,67.37,2023,7,PA,Total Electric Power Industry,Petroleum (Barrels),22601,-1.08,4.11633838374488,100.9067,74.3,23.67,8607
271,F001242__3,2023-08-01,72.95,2023,8,PA,Total Electric Power Industry,Petroleum (Barrels),13515,-0.87,4.11633838374488,100.8393,69.6,23.67,8607
272,F001242__3,2023-09-01,80.88,2023,9,PA,Total Electric Power Industry,Petroleum (Barrels),10698,-0.69,4.11633838374488,101.0211,65.8,23.67,8607
273,F001242__3,2023-10-01,76.79,2023,10,PA,Total Electric Power Industry,Petroleum (Barrels),14388,-0.43,4.11633838374488,100.4689,56.8,23.67,8607
274,F001242__3,2023-11-01,67.84,2023,11,PA,Total Electric Power Industry,Petroleum (Barrels),9640,-0.18,4.11633838374488,100.8639,41.0,23.67,8607
275,F001242__3,2023-12-01,63.02,2023,12,PA,Total Electric Power Industry,Petroleum (Barrels),7267,-0.34,4.11633838374488,100.6031,39.7,23.67,8607
276,F001354__3,2008-10-01,71.65,2008,10,WV,Total Electric Power Industry,Petroleum (Barrels),16272,1.95,3.839100296651,94.7219,46.7,17.64,6737
277,F001354__3,2008-11-01,52.71,2008,11,WV,Total Electric Power Industry,Petroleum (Barrels),15148,2.51,3.839100296651,93.4715,33.3,17.64,6737
278,F001354__3,2008-12-01,36.79,2008,12,WV,Total Electric Power Industry,Petroleum (Barrels),17488,1.82,3.839100296651,90.8357,12.7,17.64,6737
279,F001354__3,2009-03-01,42.38,2009,3,WV,Total Electric Power Industry,Petroleum (Barrels),27250,2.02,-0.355546266299747,86.6528,30.1,15.98,6656
280,F001354__3,2009-04-01,44.5,2009,4,WV,Total Electric Power Industry,Petroleum (Barrels),22231,1.85,-0.355546266299747,85.9344,43.0,15.98,6656
281,F001354__3,2009-05-01,53.03,2009,5,WV,Total Electric Power Industry,Petroleum (Barrels),43244,2.29,-0.355546266299747,85.0665,55.1,15.98,6656
282,F001354__3,2009-06-01,63.42,2009,6,WV,Total Electric Power Industry,Petroleum (Barrels),19378,2.74,-0.355546266299747,84.7459,63.6,15.98,6656
283,F001354__3,2009-07-01,58.41,2009,7,WV,Total Electric Power Industry,Petroleum (Barrels),20822,2.5,-0.355546266299747,85.7027,63.7,15.98,6656
284,F001354__3,2009-08-01,64.41,2009,8,WV,Total Electric Power Industry,Petroleum (Barrels),23809,2.48,-0.355546266299747,86.6426,64.8,15.98,6656
285,F001354__3,2009-09-01,62.3,2009,9,WV,Total Electric Power Industry,Petroleum (Barrels),21368,2.46,-0.355546266299747,87.4063,61.4,15.98,6656
286,F001354__3,2009-10-01,68.7,2009,10,WV,Total Electric Power Industry,Petroleum (Barrels),35777,2.34,-0.355546266299747,87.6419,42.2,15.98,6656
287,F001354__3,2009-11-01,70.72,2009,11,WV,Total Electric Power Industry,Petroleum (Barrels),22922,2.53,-0.355546266299747,88.0221,40.0,15.98,6656
288,F001354__3,2009-12-01,67.9,2009,12,WV,Total Electric Power Industry,Petroleum (Barrels),31941,2.61,-0.355546266299747,88.3793,18.2,15.98,6656
289,F001354__3,2010-01-01,71.37,2010,1,WV,Total Electric Power Industry,Petroleum (Barrels),14731,,1.6400434423899,89.3426,15.1,17.41,7130
290,F001354__3,2010-02-01,68.27,2010,2,WV,Total Electric Power Industry,Petroleum (Barrels),29076,2.82,1.6400434423899,89.6779,20.0,17.41,7130
291,F001354__3,2010-03-01,72.72,2010,3,WV,Total Electric Power Industry,Petroleum (Barrels),26236,2.81,1.6400434423899,90.2928,37.4,17.41,7130
292,F001354__3,2010-04-01,78.12,2010,4,WV,Total Electric Power Industry,Petroleum (Barrels),16258,2.84,1.6400434423899,90.5991,50.0,17.41,7130
293,F001354__3,2010-05-01,67.03,2010,5,WV,Total Electric Power Industry,Petroleum (Barrels),22772,2.72,1.6400434423899,91.823,57.6,17.41,7130
294,F001354__3,2010-06-01,66.8,2010,6,WV,Total Electric Power Industry,Petroleum (Barrels),31397,2.51,1.6400434423899,91.9928,65.1,17.41,7130
295,F001354__3,2010-07-01,67.21,2010,7,WV,Total Electric Power Industry,Petroleum (Barrels),14278,2.33,1.6400434423899,92.3421,71.4,17.41,7130
296,F001354__3,2010-08-01,67.3,2010,8,WV,Total Electric Power Industry,Petroleum (Barrels),25015,2.43,1.6400434423899,92.6805,70.8,17.41,7130
297,F001354__3,2010-09-01,65.9,2010,9,WV,Total Electric Power Industry,Petroleum (Barrels),23238,2.08,1.6400434423899,92.9537,56.9,17.41,7130
298,F001354__3,2010-10-01,71.23,2010,10,WV,Total Electric Power Industry,Petroleum (Barrels),16086,2.12,1.6400434423899,92.6903,49.5,17.41,7130
299,F001354__3,2010-11-01,73.15,2010,11,WV,Total Electric Power Industry,Petroleum (Barrels),32598,2.32,1.6400434423899,92.7709,34.9,17.41,7130
300,F001354__3,2010-12-01,79.29,2010,12,WV,Total Electric Power Industry,Petroleum (Barrels),20016,2.44,1.6400434423899,93.6787,16.9,17.41,7130
301,F001354__3,2011-01-01,79.59,2011,1,WV,Total Electric Power Industry,Petroleum (Barrels),53848,2.75,3.156841568622,93.4814,12.2,20.51,7680
302,F001354__3,2011-02-01,82.61,2011,2,WV,Total Electric Power Industry,Petroleum (Barrels),32505,2.87,3.156841568622,93.1102,18.5,20.51,7680
303,F001354__3,2011-03-01,95.31,2011,3,WV,Total Electric Power Industry,Petroleum (Barrels),34756,2.75,3.156841568622,94.0788,28.0,20.51,7680
304,F001354__3,2011-04-01,102.19,2011,4,WV,Total Electric Power Industry,Petroleum (Barrels),12039,2.66,3.156841568622,93.7749,41.7,20.51,7680
305,F001354__3,2011-05-01,93.26,2011,5,WV,Total Electric Power Industry,Petroleum (Barrels),35893,2.7,3.156841568622,93.888,54.0,20.51,7680
306,F001354__3,2011-06-01,88.7,2011,6,WV,Total Electric Power Industry,Petroleum (Barrels),23961,2.52,3.156841568622,94.172,64.3,20.51,7680
307,F001354__3,2011-07-01,88.89,2011,7,WV,Total Electric Power Industry,Petroleum (Barrels),17559,2.72,3.156841568622,94.636,73.2,20.51,7680
308,F001354__3,2011-08-01,77.21,2011,8,WV,Total Electric Power Industry,Petroleum (Barrels),26405,2.39,3.156841568622,95.2749,68.2,20.51,7680
309,F001354__3,2011-09-01,76.41,2011,9,WV,Total Electric Power Industry,Petroleum (Barrels),22880,1.96,3.156841568622,95.1961,57.3,20.51,7680
310,F001354__3,2011-10-01,78.07,2011,10,WV,Total Electric Power Industry,Petroleum (Barrels),23764,1.56,3.156841568622,95.8568,49.8,20.51,7680
311,F001354__3,2011-11-01,88.49,2011,11,WV,Total Electric Power Industry,Petroleum (Barrels),18595,1.78,3.156841568622,95.8485,36.7,20.51,7680
312,F001354__3,2011-12-01,89.45,2011,12,WV,Total Electric Power Industry,Petroleum (Barrels),25064,1.84,3.156841568622,96.3571,25.7,20.51,7680
313,F001354__3,2012-01-01,90.19,2012,1,WV,Total Electric Power Industry,Petroleum (Barrels),18339,,2.06933726526067,96.9318,20.8,21.18,7703
314,F001354__3,2012-02-01,93.47,2012,2,WV,Total Electric Power Industry,Petroleum (Barrels),21807,1.64,2.06933726526067,97.2435,26.6,21.18,7703
315,F001354__3,2012-03-01,98.36,2012,3,WV,Total Electric Power Industry,Petroleum (Barrels),20881,1.73,2.06933726526067,96.74,45.6,21.18,7703
316,F001354__3,2012-04-01,95.96,2012,4,WV,Total Electric Power Industry,Petroleum (Barrels),17630,1.89,2.06933726526067,97.4359,45.1,21.18,7703
317,F001354__3,2012-05-01,88.06,2012,5,WV,Total Electric Power Industry,Petroleum (Barrels),22538,1.71,2.06933726526067,97.6609,59.6,21.18,7703
318,F001354__3,2012-06-01,77.25,2012,6,WV,Total Electric Power Industry,Petroleum (Barrels),24849,1.22,2.06933726526067,97.6663,67.1,21.18,7703
319,F001354__3,2012-07-01,81.22,2012,7,WV,Total Electric Power Industry,Petroleum (Barrels),19604,1.31,2.06933726526067,97.8713,74.8,21.18,7703
320,F001354__3,2012-08-01,86.08,2012,8,WV,Total Electric Power Industry,Petroleum (Barrels),23428,1.32,2.06933726526067,97.4525,67.1,21.18,7703
321,F001354__3,2012-09-01,86.38,2012,9,WV,Total Electric Power Industry,Petroleum (Barrels),19177,,2.06933726526067,97.381,57.7,21.18,7703
322,F001354__3,2012-10-01,82.98,2012,10,WV,Total Electric Power Industry,Petroleum (Barrels),19474,1.39,2.06933726526067,97.7193,44.8,21.18,7703
323,F001354__3,2012-11-01,81.26,2012,11,WV,Total Electric Power Industry,Petroleum (Barrels),21254,1.45,2.06933726526067,98.0777,34.4,21.18,7703
324,F001354__3,2012-12-01,81.91,2012,12,WV,Total Electric Power Industry,Petroleum (Barrels),21340,1.38,2.06933726526067,98.3101,25.1,21.18,7703
325,F001354__3,2013-01-01,87.49,2013,1,WV,Total Electric Power Industry,Petroleum (Barrels),20096,,1.46483265562717,98.3342,16.8,20.61,7707
326,F001354__3,2013-02-01,91.41,2013,2,WV,Total Electric Power Industry,Petroleum (Barrels),15236,1.77,1.46483265562717,98.7941,17.0,20.61,7707
327,F001354__3,2013-03-01,88.36,2013,3,WV,Total Electric Power Industry,Petroleum (Barrels),14790,1.61,1.46483265562717,99.1921,23.9,20.61,7707
328,F001354__3,2013-04-01,88.4,2013,4,WV,Total Electric Power Industry,Petroleum (Barrels),16084,1.63,1.46483265562717,99.1065,37.8,20.61,7707
329,F001354__3,2013-05-01,89.07,2013,5,WV,Total Electric Power Industry,Petroleum (Barrels),22688,1.46,1.46483265562717,99.1839,55.2,20.61,7707
330,F001354__3,2013-06-01,89.52,2013,6,WV,Total Electric Power Industry,Petroleum (Barrels),29273,1.83,1.46483265562717,99.3897,63.9,20.61,7707
331,F001354__3,2013-07-01,95.03,2013,7,WV,Total Electric Power Industry,Petroleum (Barrels),37959,2.16,1.46483265562717,99.0814,68.9,20.61,7707
332,F001354__3,2013-08-01,97.19,2013,8,WV,Total Electric Power Industry,Petroleum (Barrels),26797,2.39,1.46483265562717,99.6543,67.6,20.61,7707
333,F001354__3,2013-09-01,96.68,2013,9,WV,Total Electric Power Industry,Petroleum (Barrels),15398,,1.46483265562717,100.161,60.8,20.61,7707
334,F001354__3,2013-10-01,93.64,2013,10,WV,Total Electric Power Industry,Petroleum (Barrels),18189,2.33,1.46483265562717,100.082,46.7,20.61,7707
335,F001354__3,2013-11-01,85.95,2013,11,WV,Total Electric Power Industry,Petroleum (Barrels),25620,2.32,1.46483265562717,100.3158,30.8,20.61,7707
336,F001354__3,2013-12-01,88.71,2013,12,WV,Total Electric Power Industry,Petroleum (Barrels),27763,2.51,1.46483265562717,100.5175,11.9,20.61,7707
337,F001354__3,2014-01-01,86.0,2014,1,WV,Total Electric Power Industry,Petroleum (Barrels),59727,,1.62222297740817,100.1599,6.0,20.06,7981
338,F001354__3,2014-02-01,90.49,2014,2,WV,Total Electric Power Industry,Petroleum (Barrels),21628,2.31,1.62222297740817,100.9168,7.3,20.06,7981
339,F001354__3,2014-03-01,92.82,2014,3,WV,Total Electric Power Industry,Petroleum (Barrels),24244,2.28,1.62222297740817,101.8942,21.4,20.06,7981
340,F001354__3,2014-04-01,94.27,2014,4,WV,Total Electric Power Industry,Petroleum (Barrels),17770,2.33,1.62222297740817,101.9928,39.7,20.06,7981
341,F001354__3,2014-05-01,93.68,2014,5,WV,Total Electric Power Industry,Petroleum (Barrels),21512,2.22,1.62222297740817,102.3836,55.3,20.06,7981
342,F001354__3,2014-06-01,95.21,2014,6,WV,Total Electric Power Industry,Petroleum (Barrels),24102,2.15,1.62222297740817,102.735,66.4,20.06,7981
343,F001354__3,2014-07-01,91.2,2014,7,WV,Total Electric Power Industry,Petroleum (Barrels),12471,2.11,1.62222297740817,102.9632,65.9,20.06,7981
344,F001354__3,2014-08-01,82.62,2014,8,WV,Total Electric Power Industry,Petroleum (Barrels),15303,2.05,1.62222297740817,102.7688,67.1,20.06,7981
345,F001354__3,2014-09-01,80.07,2014,9,WV,Total Electric Power Industry,Petroleum (Barrels),16039,,1.62222297740817,103.0641,58.2,20.06,7981
346,F001354__3,2014-10-01,71.17,2014,10,WV,Total Electric Power Industry,Petroleum (Barrels),18495,1.89,1.62222297740817,103.0764,46.0,20.06,7981
347,F001354__3,2014-11-01,61.32,2014,11,WV,Total Electric Power Industry,Petroleum (Barrels),30307,1.84,1.62222297740817,103.7126,25.3,20.06,7981
348,F001354__3,2014-12-01,43.91,2014,12,WV,Total Electric Power Industry,Petroleum (Barrels),22899,1.73,1.62222297740817,103.7044,24.1,20.06,7981
349,F001354__3,2015-01-01,31.81,2015,1,WV,Total Electric Power Industry,Petroleum (Barrels),19208,,0.118627135552451,102.8905,15.3,16.85,8068
350,F001354__3,2015-02-01,34.44,2015,2,WV,Total Electric Power Industry,Petroleum (Barrels),29159,1.19,0.118627135552451,102.2335,7.6,16.85,8068
351,F001354__3,2015-03-01,29.57,2015,3,WV,Total Electric Power Industry,Petroleum (Barrels),21587,1.42,0.118627135552451,101.8914,30.7,16.85,8068
352,F001354__3,2015-04-01,38.14,2015,4,WV,Total Electric Power Industry,Petroleum (Barrels),13360,1.32,0.118627135552451,101.3355,45.0,16.85,8068
353,F001354__3,2015-05-01,43.75,2015,5,WV,Total Electric Power Industry,Petroleum (Barrels),17764,1.52,0.118627135552451,100.8883,56.6,16.85,8068
354,F001354__3,2015-06-01,43.82,2015,6,WV,Total Electric Power Industry,Petroleum (Barrels),32406,1.55,0.118627135552451,100.571,63.8,16.85,8068
355,F001354__3,2015-07-01,35.77,2015,7,WV,Total Electric Power Industry,Petroleum (Barrels),25633,1.74,0.118627135552451,101.2228,68.4,16.85,8068
356,F001354__3,2015-08-01,26.62,2015,8,WV,Total Electric Power Industry,Petroleum (Barrels),18993,1.48,0.118627135552451,101.0367,66.1,16.85,8068
357,F001354__3,2015-09-01,31.95,2015,9,WV,Total Electric Power Industry,Petroleum (Barrels),9629,1.47,0.118627135552451,100.7547,64.7,16.85,8068
358,F001354__3,2015-10-01,32.17,2015,10,WV,Total Electric Power Industry,Petroleum (Barrels),17560,1.41,0.118627135552451,100.2675,48.4,16.85,8068
359,F001354__3,2015-11-01,30.23,2015,11,WV,Total Electric Power Industry,Petroleum (Barrels),26383,1.43,0.118627135552451,99.5298,39.4,16.85,8068
360,F001354__3,2015-12-01,24.17,2015,12,WV,Total Electric Power Industry,Petroleum (Barrels),15470,1.24,0.118627135552451,99.0417,31.8,16.85,8068
361,F001354__3,2016-01-01,18.94,2016,1,WV,Total Electric Power Industry,Petroleum (Barrels),17213,,1.26158320570536,99.5607,16.2,16.42,8356
362,F001354__3,2016-02-01,17.38,2016,2,WV,Total Electric Power Industry,Petroleum (Barrels),12435,1.16,1.26158320570536,99.0445,22.6,16.42,8356
363,F001354__3,2016-03-01,25.64,2016,3,WV,Total Electric Power Industry,Petroleum (Barrels),13912,0.98,1.26158320570536,98.3096,36.8,16.42,8356
364,F001354__3,2016-04-01,23.8,2016,4,WV,Total Electric Power Industry,Petroleum (Barrels),16580,1.03,1.26158320570536,98.6421,42.9,16.42,8356
365,F001354__3,2016-05-01,36.44,2016,5,WV,Total Electric Power Industry,Petroleum (Barrels),27809,1.08,1.26158320570536,98.4184,56.1,16.42,8356
366,F001354__3,2016-06-01,35.98,2016,6,WV,Total Electric Power Industry,Petroleum (Barrels),16517,0.94,1.26158320570536,98.8833,65.8,16.42,8356
367,F001354__3,2016-07-01,34.34,2016,7,WV,Total Electric Power Industry,Petroleum (Barrels),11539,0.87,1.26158320570536,98.9992,69.9,16.42,8356
368,F001354__3,2016-08-01,34.14,2016,8,WV,Total Electric Power Industry,Petroleum (Barrels),20612,0.84,1.26158320570536,98.85,69.5,16.42,8356
369,F001354__3,2016-09-01,35.49,2016,9,WV,Total Electric Power Industry,Petroleum (Barrels),20608,0.79,1.26158320570536,98.7457,62.6,16.42,8356
370,F001354__3,2016-10-01,37.98,2016,10,WV,Total Electric Power Industry,Petroleum (Barrels),19237,0.83,1.26158320570536,98.7611,50.4,16.42,8356
371,F001354__3,2016-11-01,37.01,2016,11,WV,Total Electric Power Industry,Petroleum (Barrels),16414,1.0,1.26158320570536,98.3491,41.6,16.42,8356
372,F001354__3,2016-12-01,42.26,2016,12,WV,Total Electric Power Industry,Petroleum (Barrels),22960,1.31,1.26158320570536,99.0214,19.9,16.42,8356
373,F001354__3,2017-01-01,43.95,2017,1,WV,Total Electric Power Industry,Petroleum (Barrels),21223,,2.13011000365961,98.7611,19.4,17.57,8541
374,F001354__3,2017-02-01,43.99,2017,2,WV,Total Electric Power Industry,Petroleum (Barrels),26241,1.26,2.13011000365961,98.3646,27.8,17.57,8541
375,F001354__3,2017-03-01,42.42,2017,3,WV,Total Electric Power Industry,Petroleum (Barrels),8874,1.17,2.13011000365961,99.0137,30.2,17.57,8541
376,F001354__3,2017-04-01,44.62,2017,4,WV,Total Electric Power Industry,Petroleum (Barrels),17884,1.11,2.13011000365961,100.0224,46.4,17.57,8541
377,F001354__3,2017-05-01,41.56,2017,5,WV,Total Electric Power Industry,Petroleum (Barrels),19596,1.05,2.13011000365961,100.1408,53.3,17.57,8541
378,F001354__3,2017-06-01,38.25,2017,6,WV,Total Electric Power Industry,Petroleum (Barrels),18010,0.93,2.13011000365961,100.3471,65.6,17.57,8541
379,F001354__3,2017-07-01,39.75,2017,7,WV,Total Electric Power Industry,Petroleum (Barrels),14929,0.94,2.13011000365961,100.1068,68.8,17.57,8541
380,F001354__3,2017-08-01,39.95,2017,8,WV,Total Electric Power Industry,Petroleum (Barrels),21106,0.92,2.13011000365961,99.6925,64.2,17.57,8541
381,F001354__3,2017-09-01,41.94,2017,9,WV,Total Electric Power Industry,Petroleum (Barrels),11019,0.81,2.13011000365961,99.7954,62.2,17.57,8541
382,F001354__3,2017-10-01,44.52,2017,10,WV,Total Electric Power Industry,Petroleum (Barrels),12973,0.85,2.13011000365961,101.0247,50.0,17.57,8541
383,F001354__3,2017-11-01,49.02,2017,11,WV,Total Electric Power Industry,Petroleum (Barrels),19397,0.76,2.13011000365961,101.2664,31.4,17.57,8541
384,F001354__3,2017-12-01,50.63,2017,12,WV,Total Electric Power Industry,Petroleum (Barrels),16708,0.59,2.13011000365961,101.4644,17.3,17.57,8541
385,F001354__3,2018-01-01,55.46,2018,1,WV,Total Electric Power Industry,Petroleum (Barrels),41803,,2.44258329692817,101.4625,15.2,18.76,8726
386,F001354__3,2018-02-01,54.52,2018,2,WV,Total Electric Power Industry,Petroleum (Barrels),31521,0.62,2.44258329692817,101.7085,16.1,18.76,8726
387,F001354__3,2018-03-01,55.69,2018,3,WV,Total Electric Power Industry,Petroleum (Barrels),19533,0.59,2.44258329692817,102.2067,29.7,18.76,8726
388,F001354__3,2018-04-01,58.72,2018,4,WV,Total Electric Power Industry,Petroleum (Barrels),21336,0.48,2.44258329692817,103.3329,33.5,18.76,8726
389,F001354__3,2018-05-01,62.09,2018,5,WV,Total Electric Power Industry,Petroleum (Barrels),27103,0.47,2.44258329692817,102.4024,62.0,18.76,8726
390,F001354__3,2018-06-01,60.46,2018,6,WV,Total Electric Power Industry,Petroleum (Barrels),29724,0.42,2.44258329692817,103.198,66.5,18.76,8726
391,F001354__3,2018-07-01,63.59,2018,7,WV,Total Electric Power Industry,Petroleum (Barrels),14529,0.3,2.44258329692817,103.3646,69.8,18.76,8726
392,F001354__3,2018-08-01,60.36,2018,8,WV,Total Electric Power Industry,Petroleum (Barrels),18454,0.33,2.44258329692817,104.0327,68.5,18.76,8726
393,F001354__3,2018-09-01,62.46,2018,9,WV,Total Electric Power Industry,Petroleum (Barrels),17318,,2.44258329692817,104.1004,61.2,18.76,8726
394,F001354__3,2018-10-01,63.33,2018,10,WV,Total Electric Power Industry,Petroleum (Barrels),18485,0.27,2.44258329692817,103.9856,43.6,18.76,8726
395,F001354__3,2018-11-01,50.13,2018,11,WV,Total Electric Power Industry,Petroleum (Barrels),19946,0.3,2.44258329692817,104.0681,27.3,18.76,8726
396,F001354__3,2018-12-01,41.67,2018,12,WV,Total Electric Power Industry,Petroleum (Barrels),29934,0.15,2.44258329692817,104.0936,25.1,18.76,8726
397,F001354__3,2019-01-01,43.93,2019,1,WV,Total Electric Power Industry,Petroleum (Barrels),14495,,1.81221007526021,103.4021,13.1,17.79,8445
398,F001354__3,2019-02-01,47.13,2019,2,WV,Total Electric Power Industry,Petroleum (Barrels),16427,0.18,1.81221007526021,102.8371,13.5,17.79,8445
399,F001354__3,2019-03-01,49.93,2019,3,WV,Total Electric Power Industry,Petroleum (Barrels),16320,0.21,1.81221007526021,102.8757,25.7,17.79,8445
400,F001354__3,2019-04-01,55.38,2019,4,WV,Total Electric Power Industry,Petroleum (Barrels),13776,0.16,1.81221007526021,102.274,42.4,17.79,8445
401,F001354__3,2019-05-01,53.64,2019,5,WV,Total Electric Power Industry,Petroleum (Barrels),17276,0.21,1.81221007526021,102.392,51.8,17.79,8445
402,F001354__3,2019-06-01,46.6,2019,6,WV,Total Electric Power Industry,Petroleum (Barrels),25088,0.25,1.81221007526021,102.4375,63.6,17.79,8445
403,F001354__3,2019-07-01,50.37,2019,7,WV,Total Electric Power Industry,Petroleum (Barrels),29888,0.25,1.81221007526021,101.9408,71.3,17.79,8445
404,F001354__3,2019-08-01,47.49,2019,8,WV,Total Electric Power Industry,Petroleum (Barrels),19543,0.17,1.81221007526021,102.639,65.6,17.79,8445
405,F001354__3,2019-09-01,48.91,2019,9,WV,Total Electric Power Industry,Petroleum (Barrels),20438,,1.81221007526021,102.2917,62.0,17.79,8445
406,F001354__3,2019-10-01,48.76,2019,10,WV,Total Electric Power Industry,Petroleum (Barrels),7632,0.09,1.81221007526021,101.4281,45.0,17.79,8445
407,F001354__3,2019-11-01,48.48,2019,11,WV,Total Electric Power Industry,Petroleum (Barrels),23648,0.17,1.81221007526021,101.9372,28.2,17.79,8445
408,F001354__3,2019-12-01,50.71,2019,12,WV,Total Electric Power Industry,Petroleum (Barrels),25919,0.22,1.81221007526021,101.7003,23.5,17.79,8445
409,F001354__3,2020-01-01,49.15,2020,1,WV,Total Electric Power Industry,Petroleum (Barrels),40776,,1.23358439630629,101.0338,21.5,16.45,7113
410,F001354__3,2020-02-01,42.15,2020,2,WV,Total Electric Power Industry,Petroleum (Barrels),35083,0.18,1.23358439630629,101.3735,19.2,16.45,7113
411,F001354__3,2020-03-01,22.45,2020,3,WV,Total Electric Power Industry,Petroleum (Barrels),11975,0.26,1.23358439630629,97.4078,34.3,16.45,7113
412,F001354__3,2020-04-01,9.38,2020,4,WV,Total Electric Power Industry,Petroleum (Barrels),15318,0.39,1.23358439630629,84.5619,40.7,16.45,7113
413,F001354__3,2020-05-01,16.43,2020,5,WV,Total Electric Power Industry,Petroleum (Barrels),12434,0.44,1.23358439630629,85.9604,54.1,16.45,7113
414,F001354__3,2020-06-01,22.52,2020,6,WV,Total Electric Power Industry,Petroleum (Barrels),10792,0.52,1.23358439630629,91.5934,66.5,16.45,7113
415,F001354__3,2020-07-01,29.49,2020,7,WV,Total Electric Power Industry,Petroleum (Barrels),27823,0.52,1.23358439630629,95.0256,71.9,16.45,7113
416,F001354__3,2020-08-01,30.43,2020,8,WV,Total Electric Power Industry,Petroleum (Barrels),22518,0.45,1.23358439630629,95.9549,68.3,16.45,7113
417,F001354__3,2020-09-01,27.12,2020,9,WV,Total Electric Power Industry,Petroleum (Barrels),24566,0.55,1.23358439630629,95.9669,57.3,16.45,7113
418,F001354__3,2020-10-01,28.35,2020,10,WV,Total Electric Power Industry,Petroleum (Barrels),11003,0.54,1.23358439630629,96.7394,41.3,16.45,7113
419,F001354__3,2020-11-01,28.89,2020,11,WV,Total Electric Power Industry,Petroleum (Barrels),18264,0.71,1.23358439630629,97.0816,38.6,16.45,7113
420,F001354__3,2020-12-01,35.02,2020,12,WV,Total Electric Power Industry,Petroleum (Barrels),26723,0.75,1.23358439630629,98.363,24.2,16.45,7113
421,F001354__3,2021-01-01,41.56,2021,1,WV,Total Electric Power Industry,Petroleum (Barrels),26599,,4.69785886363742,98.8822,20.3,19.57,7904
422,F001354__3,2021-02-01,48.91,2021,2,WV,Total Electric Power Industry,Petroleum (Barrels),27293,0.98,4.69785886363742,95.6149,10.7,19.57,7904
423,F001354__3,2021-03-01,52.78,2021,3,WV,Total Electric Power Industry,Petroleum (Barrels),17101,1.32,4.69785886363742,98.3856,36.9,19.57,7904
424,F001354__3,2021-04-01,53.32,2021,4,WV,Total Electric Power Industry,Petroleum (Barrels),30102,1.52,4.69785886363742,98.5587,45.0,19.57,7904
425,F001354__3,2021-05-01,56.73,2021,5,WV,Total Electric Power Industry,Petroleum (Barrels),18693,1.47,4.69785886363742,99.4333,54.9,19.57,7904
426,F001354__3,2021-06-01,63.87,2021,6,WV,Total Electric Power Industry,Petroleum (Barrels),24854,1.46,4.69785886363742,99.7987,69.4,19.57,7904
427,F001354__3,2021-07-01,64.28,2021,7,WV,Total Electric Power Industry,Petroleum (Barrels),15676,1.23,4.69785886363742,100.2519,69.4,19.57,7904
428,F001354__3,2021-08-01,59.57,2021,8,WV,Total Electric Power Industry,Petroleum (Barrels),44450,1.03,4.69785886363742,100.0437,69.2,19.57,7904
429,F001354__3,2021-09-01,63.42,2021,9,WV,Total Electric Power Industry,Petroleum (Barrels),16446,1.11,4.69785886363742,98.8579,61.2,19.57,7904
430,F001354__3,2021-10-01,73.33,2021,10,WV,Total Electric Power Industry,Petroleum (Barrels),11951,1.21,4.69785886363742,100.1861,53.5,19.57,7904
431,F001354__3,2021-11-01,70.66,2021,11,WV,Total Electric Power Industry,Petroleum (Barrels),19665,1.08,4.69785886363742,100.8654,33.9,19.57,7904
432,F001354__3,2021-12-01,64.0,2021,12,WV,Total Electric Power Industry,Petroleum (Barrels),49744,0.87,4.69785886363742,100.5726,24.8,19.57,7904
433,F001354__3,2022-01-01,76.0,2022,1,WV,Total Electric Power Industry,Petroleum (Barrels),18274,0.85,8.00279982052121,100.1856,9.2,25.49,8375
434,F001354__3,2022-02-01,84.51,2022,2,WV,Total Electric Power Industry,Petroleum (Barrels),16160,0.63,8.00279982052121,100.8064,14.9,25.49,8375
435,F001354__3,2022-03-01,101.04,2022,3,WV,Total Electric Power Industry,Petroleum (Barrels),14190,0.41,8.00279982052121,101.3907,29.5,25.49,8375
436,F001354__3,2022-04-01,94.49,2022,4,WV,Total Electric Power Industry,Petroleum (Barrels),20934,-0.05,8.00279982052121,101.44,39.0,25.49,8375
437,F001354__3,2022-05-01,102.66,2022,5,WV,Total Electric Power Industry,Petroleum (Barrels),21552,0.26,8.00279982052121,101.3335,57.2,25.49,8375
438,F001354__3,2022-06-01,107.83,2022,6,WV,Total Electric Power Industry,Petroleum (Barrels),35804,0.28,8.00279982052121,101.018,65.5,25.49,8375
439,F001354__3,2022-07-01,92.67,2022,7,WV,Total Electric Power Industry,Petroleum (Barrels),26448,0.04,8.00279982052121,101.223,69.4,25.49,8375
440,F001354__3,2022-08-01,84.66,2022,8,WV,Total Electric Power Industry,Petroleum (Barrels),15823,-0.3,8.00279982052121,101.0963,67.5,25.49,8375
441,F001354__3,2022-09-01,77.04,2022,9,WV,Total Electric Power Industry,Petroleum (Barrels),17267,-0.25,8.00279982052121,101.2918,60.4,25.49,8375
442,F001354__3,2022-10-01,79.87,2022,10,WV,Total Electric Power Industry,Petroleum (Barrels),2926,-0.45,8.00279982052121,101.2529,47.2,25.49,8375
443,F001354__3,2022-11-01,76.83,2022,11,WV,Total Electric Power Industry,Petroleum (Barrels),30068,-0.47,8.00279982052121,100.9552,35.3,25.49,8375
444,F001354__3,2022-12-01,69.16,2022,12,WV,Total Electric Power Industry,Petroleum (Barrels),68280,-0.72,8.00279982052121,99.7664,19.2,25.49,8375
445,F001354__3,2023-01-01,69.46,2023,1,WV,Total Electric Power Industry,Petroleum (Barrels),50887,,4.11633838374488,100.505,23.0,24.29,8607
446,F001354__3,2023-02-01,67.28,2023,2,WV,Total Electric Power Industry,Petroleum (Barrels),20173,-0.7,4.11633838374488,100.6416,21.7,24.29,8607
447,F001354__3,2023-03-01,63.8,2023,3,WV,Total Electric Power Industry,Petroleum (Barrels),19497,-0.88,4.11633838374488,101.0205,28.7,24.29,8607
448,F001354__3,2023-04-01,69.48,2023,4,WV,Total Electric Power Industry,Petroleum (Barrels),13897,-0.54,4.11633838374488,101.253,43.4,24.29,8607
449,F001354__3,2023-05-01,62.08,2023,5,WV,Total Electric Power Industry,Petroleum (Barrels),25768,-0.55,4.11633838374488,100.9286,56.8,24.29,8607
450,F001354__3,2023-06-01,60.56,2023,6,WV,Total Electric Power Industry,Petroleum (Barrels),33839,-0.72,4.11633838374488,100.1196,66.6,24.29,8607
451,F001354__3,2023-07-01,65.71,2023,7,WV,Total Electric Power Industry,Petroleum (Barrels),15643,-1.08,4.11633838374488,100.9067,68.5,24.29,8607
452,F001354__3,2023-08-01,71.06,2023,8,WV,Total Electric Power Industry,Petroleum (Barrels),17001,-0.87,4.11633838374488,100.8393,67.7,24.29,8607
453,F001354__3,2023-09-01,79.25,2023,9,WV,Total Electric Power Industry,Petroleum (Barrels),15821,-0.69,4.11633838374488,101.0211,63.2,24.29,8607
454,F001354__3,2023-10-01,75.47,2023,10,WV,Total Electric Power Industry,Petroleum (Barrels),22071,-0.43,4.11633838374488,100.4689,49.4,24.29,8607
455,F001354__3,2023-11-01,67.46,2023,11,WV,Total Electric Power Industry,Petroleum (Barrels),39492,-0.18,4.11633838374488,100.8639,34.5,24.29,8607
456,F001354__3,2023-12-01,62.26,2023,12,WV,Total Electric Power Industry,Petroleum (Barrels),26702,-0.34,4.11633838374488,100.6031,32.2,24.29,8607
457,F002017__3,2001-01-01,27.58,2001,1,IL,Total Electric Power Industry,Petroleum (Barrels),37968,,2.82617111885407,91.902,26.9,11.1,6111
458,F002017__3,2001-02-01,27.5,2001,2,IL,Total Electric Power Industry,Petroleum (Barrels),169290,0.55,2.82617111885407,91.3034,33.5,11.1,6111
459,F002017__3,2001-03-01,25.08,2001,3,IL,Total Electric Power Industry,Petroleum (Barrels),363428,0.46,2.82617111885407,91.1162,37.2,11.1,6111
460,F002017__3,2001-04-01,25.28,2001,4,IL,Total Electric Power Industry,Petroleum (Barrels),570612,0.76,2.82617111885407,90.7891,56.5,11.1,6111
461,F002017__3,2001-05-01,26.32,2001,5,IL,Total Electric Power Industry,Petroleum (Barrels),59424,1.07,2.82617111885407,90.3555,64.0,11.1,6111
462,F002017__3,2001-06-01,25.21,2001,6,IL,Total Electric Power Industry,Petroleum (Barrels),498608,1.17,2.82617111885407,89.8784,69.1,11.1,6111
463,F002017__3,2001-07-01,24.38,2001,7,IL,Total Electric Power Industry,Petroleum (Barrels),551090,1.16,2.82617111885407,89.3028,73.7,11.1,6111
464,F002017__3,2001-08-01,24.82,2001,8,IL,Total Electric Power Industry,Petroleum (Barrels),441958,1.28,2.82617111885407,89.2003,73.8,11.1,6111
465,F002017__3,2001-09-01,24.06,2001,9,IL,Total Electric Power Industry,Petroleum (Barrels),243769,,2.82617111885407,88.7485,63.6,11.1,6111
466,F002017__3,2001-10-01,19.78,2001,10,IL,Total Electric Power Industry,Petroleum (Barrels),18301,1.73,2.82617111885407,88.5052,53.7,11.1,6111
467,F002017__3,2001-11-01,17.27,2001,11,IL,Total Electric Power Industry,Petroleum (Barrels),30751,1.75,2.82617111885407,87.97,49.0,11.1,6111
468,F002017__3,2001-12-01,16.99,2001,12,IL,Total Electric Power Industry,Petroleum (Barrels),38350,1.93,2.82617111885407,87.9324,36.9,11.1,6111
469,F002017__3,2002-01-01,17.21,2002,1,IL,Total Electric Power Industry,Petroleum (Barrels),98218,,1.58603162650601,88.5176,34.1,10.13,6214
470,F002017__3,2002-02-01,18.22,2002,2,IL,Total Electric Power Industry,Petroleum (Barrels),15256,1.94,1.58603162650601,88.5278,35.2,10.13,6214
471,F002017__3,2002-03-01,21.81,2002,3,IL,Total Electric Power Industry,Petroleum (Barrels),20647,1.8,1.58603162650601,89.1686,38.3,10.13,6214
472,F002017__3,2002-04-01,23.48,2002,4,IL,Total Electric Power Industry,Petroleum (Barrels),30890,1.7,1.58603162650601,89.604,53.5,10.13,6214
473,F002017__3,2002-05-01,24.51,2002,5,IL,Total Electric Power Industry,Petroleum (Barrels),21001,1.87,1.58603162650601,89.964,58.4,10.13,6214
474,F002017__3,2002-06-01,23.56,2002,6,IL,Total Electric Power Industry,Petroleum (Barrels),22138,1.87,1.58603162650601,90.7061,72.9,10.13,6214
475,F002017__3,2002-07-01,24.68,2002,7,IL,Total Electric Power Industry,Petroleum (Barrels),75343,1.97,1.58603162650601,90.6769,77.0,10.13,6214
476,F002017__3,2002-08-01,25.96,2002,8,IL,Total Electric Power Industry,Petroleum (Barrels),39110,2.32,1.58603162650601,90.5762,74.8,10.13,6214
477,F002017__3,2002-09-01,27.62,2002,9,IL,Total Electric Power Industry,Petroleum (Barrels),57685,,1.58603162650601,90.6531,69.2,10.13,6214
478,F002017__3,2002-10-01,26.6,2002,10,IL,Total Electric Power Industry,Petroleum (Barrels),32418,1.92,1.58603162650601,90.4643,52.4,10.13,6214
479,F002017__3,2002-11-01,24.29,2002,11,IL,Total Electric Power Industry,Petroleum (Barrels),17881,2.25,1.58603162650601,90.9711,39.9,10.13,6214
480,F002017__3,2002-12-01,27.66,2002,12,IL,Total Electric Power Industry,Petroleum (Barrels),22802,2.15,1.58603162650601,90.4652,31.7,10.13,6214
481,F002017__3,2003-01-01,30.56,2003,1,IL,Total Electric Power Industry,Petroleum (Barrels),436508,,2.27009497336115,91.2361,21.6,11.25,6176
482,F002017__3,2003-02-01,33.82,2003,2,IL,Total Electric Power Industry,Petroleum (Barrels),490262,2.29,2.27009497336115,91.3445,25.7,11.25,6176
483,F002017__3,2003-03-01,31.49,2003,3,IL,Total Electric Power Industry,Petroleum (Barrels),347399,2.16,2.27009497336115,91.1044,42.1,11.25,6176
484,F002017__3,2003-04-01,26.79,2003,4,IL,Total Electric Power Industry,Petroleum (Barrels),144585,2.34,2.27009497336115,90.5617,53.2,11.25,6176
485,F002017__3,2003-05-01,26.45,2003,5,IL,Total Electric Power Industry,Petroleum (Barrels),26360,2.38,2.27009497336115,90.537,60.5,11.25,6176
486,F002017__3,2003-06-01,28.33,2003,6,IL,Total Electric Power Industry,Petroleum (Barrels),105883,2.1,2.27009497336115,90.6527,67.1,11.25,6176
487,F002017__3,2003-07-01,28.94,2003,7,IL,Total Electric Power Industry,Petroleum (Barrels),151512,2.26,2.27009497336115,91.1185,73.0,11.25,6176
488,F002017__3,2003-08-01,29.61,2003,8,IL,Total Electric Power Industry,Petroleum (Barrels),356489,2.59,2.27009497336115,90.9197,73.8,11.25,6176
489,F002017__3,2003-09-01,26.29,2003,9,IL,Total Electric Power Industry,Petroleum (Barrels),17764,,2.27009497336115,91.5059,63.4,11.25,6176
490,F002017__3,2003-10-01,28.21,2003,10,IL,Total Electric Power Industry,Petroleum (Barrels),18919,2.49,2.27009497336115,91.6186,52.9,11.25,6176
491,F002017__3,2003-11-01,28.81,2003,11,IL,Total Electric Power Industry,Petroleum (Barrels),21187,2.5,2.27009497336115,92.2329,46.0,11.25,6176
492,F002017__3,2003-12-01,30.13,2003,12,IL,Total Electric Power Industry,Petroleum (Barrels),114494,2.28,2.27009497336115,92.2602,33.5,11.25,6176
493,F002017__3,2004-01-01,31.96,2004,1,IL,Total Electric Power Industry,Petroleum (Barrels),353825,,2.67723669309172,92.4006,24.5,12.47,6283
494,F002017__3,2004-02-01,32.45,2004,2,IL,Total Electric Power Industry,Petroleum (Barrels),307206,2.35,2.67723669309172,92.958,29.9,12.47,6283
495,F002017__3,2004-03-01,34.69,2004,3,IL,Total Electric Power Industry,Petroleum (Barrels),229265,2.33,2.67723669309172,92.5861,44.3,12.47,6283
496,F002017__3,2004-04-01,34.31,2004,4,IL,Total Electric Power Industry,Petroleum (Barrels),147391,2.26,2.67723669309172,92.93,53.3,12.47,6283
497,F002017__3,2004-05-01,37.64,2004,5,IL,Total Electric Power Industry,Petroleum (Barrels),20893,2.19,2.67723669309172,93.6013,65.9,12.47,6283
498,F002017__3,2004-06-01,35.31,2004,6,IL,Total Electric Power Industry,Petroleum (Barrels),128162,2.11,2.67723669309172,92.871,69.5,12.47,6283
499,F002017__3,2004-07-01,37.5,2004,7,IL,Total Electric Power Industry,Petroleum (Barrels),44143,1.93,2.67723669309172,93.5649,72.0,12.47,6283
500,F002017__3,2004-08-01,41.69,2004,8,IL,Total Electric Power Industry,Petroleum (Barrels),66668,1.82,2.67723669309172,93.6277,68.6,12.47,6283
501,F002017__3,2004-09-01,42.62,2004,9,IL,Total Electric Power Industry,Petroleum (Barrels),35917,1.72,2.67723669309172,93.7467,67.1,12.47,6283
502,F002017__3,2004-10-01,49.66,2004,10,IL,Total Electric Power Industry,Petroleum (Barrels),52721,1.58,2.67723669309172,94.5465,54.8,12.47,6283
503,F002017__3,2004-11-01,45.77,2004,11,IL,Total Electric Power Industry,Petroleum (Barrels),75771,1.5,2.67723669309172,94.7813,45.9,12.47,6283
504,F002017__3,2004-12-01,40.58,2004,12,IL,Total Electric Power Industry,Petroleum (Barrels),84652,1.37,2.67723669309172,95.5365,30.8,12.47,6283
505,F002017__3,2005-01-01,43.33,2005,1,IL,Total Electric Power Industry,Petroleum (Barrels),99263,1.13,3.3927468454955,95.8801,29.9,14.75,6542
506,F002017__3,2005-02-01,43.62,2005,2,IL,Total Electric Power Industry,Petroleum (Barrels),69394,0.86,3.3927468454955,96.5761,34.8,14.75,6542
507,F002017__3,2005-03-01,49.5,2005,3,IL,Total Electric Power Industry,Petroleum (Barrels),71093,0.79,3.3927468454955,96.4456,37.3,14.75,6542
508,F002017__3,2005-04-01,48.06,2005,4,IL,Total Electric Power Industry,Petroleum (Barrels),68395,0.71,3.3927468454955,96.6532,54.0,14.75,6542
509,F002017__3,2005-05-01,44.45,2005,5,IL,Total Electric Power Industry,Petroleum (Barrels),44431,0.57,3.3927468454955,96.7402,59.2,14.75,6542
510,F002017__3,2005-06-01,50.83,2005,6,IL,Total Electric Power Industry,Petroleum (Barrels),56113,0.41,3.3927468454955,97.1753,73.4,14.75,6542
511,F002017__3,2005-07-01,53.37,2005,7,IL,Total Electric Power Industry,Petroleum (Barrels),65157,0.3,3.3927468454955,96.8676,75.0,14.75,6542
512,F002017__3,2005-08-01,58.96,2005,8,IL,Total Electric Power Industry,Petroleum (Barrels),71070,0.28,3.3927468454955,97.1833,74.9,14.75,6542
513,F002017__3,2005-09-01,59.38,2005,9,IL,Total Electric Power Industry,Petroleum (Barrels),31841,0.3,3.3927468454955,95.3005,69.2,14.75,6542
514,F002017__3,2005-10-01,56.4,2005,10,IL,Total Electric Power Industry,Petroleum (Barrels),32160,0.18,3.3927468454955,96.4572,55.2,14.75,6542
515,F002017__3,2005-11-01,52.5,2005,11,IL,Total Electric Power Industry,Petroleum (Barrels),33329,0.16,3.3927468454955,97.5414,44.6,14.75,6542
516,F002017__3,2005-12-01,53.16,2005,12,IL,Total Electric Power Industry,Petroleum (Barrels),47956,0.07,3.3927468454955,98.0452,26.7,14.75,6542
517,F002017__3,2006-01-01,59.01,2006,1,IL,Total Electric Power Industry,Petroleum (Barrels),31305,,3.22594410070404,98.1999,39.1,15.91,6377
518,F002017__3,2006-02-01,56.1,2006,2,IL,Total Electric Power Industry,Petroleum (Barrels),55695,-0.02,3.22594410070404,98.2413,31.7,15.91,6377
519,F002017__3,2006-03-01,56.46,2006,3,IL,Total Electric Power Industry,Petroleum (Barrels),13738,-0.12,3.22594410070404,98.4628,40.7,15.91,6377
520,F002017__3,2006-04-01,63.57,2006,4,IL,Total Electric Power Industry,Petroleum (Barrels),14661,0.02,3.22594410070404,98.7618,55.7,15.91,6377
521,F002017__3,2006-05-01,64.17,2006,5,IL,Total Electric Power Industry,Petroleum (Barrels),14250,0.2,3.22594410070404,98.7869,60.1,15.91,6377
522,F002017__3,2006-06-01,64.26,2006,6,IL,Total Electric Power Industry,Petroleum (Barrels),17951,0.07,3.22594410070404,99.0997,69.8,15.91,6377
523,F002017__3,2006-07-01,67.56,2006,7,IL,Total Electric Power Industry,Petroleum (Barrels),41533,-0.02,3.22594410070404,99.0489,75.4,15.91,6377
524,F002017__3,2006-08-01,66.29,2006,8,IL,Total Electric Power Industry,Petroleum (Barrels),33014,0.02,3.22594410070404,99.4836,73.6,15.91,6377
525,F002017__3,2006-09-01,57.65,2006,9,IL,Total Electric Power Industry,Petroleum (Barrels),16958,-0.04,3.22594410070404,99.3183,62.5,15.91,6377
526,F002017__3,2006-10-01,52.59,2006,10,IL,Total Electric Power Industry,Petroleum (Barrels),15302,-0.04,3.22594410070404,99.2044,51.1,15.91,6377
527,F002017__3,2006-11-01,52.45,2006,11,IL,Total Electric Power Industry,Petroleum (Barrels),12915,-0.09,3.22594410070404,99.1627,44.1,15.91,6377
528,F002017__3,2006-12-01,55.25,2006,12,IL,Total Electric Power Industry,Petroleum (Barrels),20391,-0.09,3.22594410070404,100.1735,37.3,15.91,6377
529,F002017__3,2007-01-01,48.21,2007,1,IL,Total Electric Power Industry,Petroleum (Barrels),14795,,2.85267248150138,99.8346,32.2,17.3,6306
530,F002017__3,2007-02-01,52.77,2007,2,IL,Total Electric Power Industry,Petroleum (Barrels),29569,-0.12,2.85267248150138,100.7753,20.2,17.3,6306
531,F002017__3,2007-03-01,54.08,2007,3,IL,Total Electric Power Industry,Petroleum (Barrels),19340,-0.07,2.85267248150138,100.9547,47.0,17.3,6306
532,F002017__3,2007-04-01,57.39,2007,4,IL,Total Electric Power Industry,Petroleum (Barrels),20407,0.05,2.85267248150138,101.6334,49.4,17.3,6306
533,F002017__3,2007-05-01,56.95,2007,5,IL,Total Electric Power Industry,Petroleum (Barrels),17632,0.01,2.85267248150138,101.7306,66.2,17.3,6306
534,F002017__3,2007-06-01,60.62,2007,6,IL,Total Electric Power Industry,Petroleum (Barrels),17304,-0.02,2.85267248150138,101.7893,72.1,17.3,6306
535,F002017__3,2007-07-01,67.24,2007,7,IL,Total Electric Power Industry,Petroleum (Barrels),19025,0.14,2.85267248150138,101.6672,71.9,17.3,6306
536,F002017__3,2007-08-01,65.72,2007,8,IL,Total Electric Power Industry,Petroleum (Barrels),24158,0.2,2.85267248150138,101.863,76.8,17.3,6306
537,F002017__3,2007-09-01,72.25,2007,9,IL,Total Electric Power Industry,Petroleum (Barrels),26347,,2.85267248150138,102.0894,69.0,17.3,6306
538,F002017__3,2007-10-01,78.92,2007,10,IL,Total Electric Power Industry,Petroleum (Barrels),29906,0.54,2.85267248150138,101.8015,60.2,17.3,6306
539,F002017__3,2007-11-01,88.46,2007,11,IL,Total Electric Power Industry,Petroleum (Barrels),28647,0.59,2.85267248150138,102.3446,41.9,17.3,6306
540,F002017__3,2007-12-01,85.26,2007,12,IL,Total Electric Power Industry,Petroleum (Barrels),26132,0.99,2.85267248150138,102.3803,32.5,17.3,6306
541,F002017__3,2008-01-01,86.27,2008,1,IL,Total Electric Power Industry,Petroleum (Barrels),30987,,3.839100296651,102.2448,27.7,19.87,6737
542,F002017__3,2008-02-01,88.32,2008,2,IL,Total Electric Power Industry,Petroleum (Barrels),26616,1.53,3.839100296651,101.8438,28.2,19.87,6737
543,F002017__3,2008-03-01,97.67,2008,3,IL,Total Electric Power Industry,Petroleum (Barrels),21739,1.93,3.839100296651,101.5336,38.6,19.87,6737
544,F002017__3,2008-04-01,105.53,2008,4,IL,Total Electric Power Industry,Petroleum (Barrels),22316,1.77,3.839100296651,100.8785,52.3,19.87,6737
545,F002017__3,2008-05-01,118.41,2008,5,IL,Total Electric Power Industry,Petroleum (Barrels),25042,1.41,3.839100296651,100.2674,58.1,19.87,6737
546,F002017__3,2008-06-01,127.6,2008,6,IL,Total Electric Power Industry,Petroleum (Barrels),18693,1.47,3.839100296651,100.0335,72.2,19.87,6737
547,F002017__3,2008-07-01,127.52,2008,7,IL,Total Electric Power Industry,Petroleum (Barrels),15575,1.38,3.839100296651,99.676,73.3,19.87,6737
548,F002017__3,2008-08-01,110.55,2008,8,IL,Total Electric Power Industry,Petroleum (Barrels),21719,1.46,3.839100296651,98.1111,71.2,19.87,6737
549,F002017__3,2008-09-01,98.04,2008,9,IL,Total Electric Power Industry,Petroleum (Barrels),21945,,3.839100296651,93.7895,67.6,19.87,6737
550,F002017__3,2008-10-01,70.57,2008,10,IL,Total Electric Power Industry,Petroleum (Barrels),18476,1.95,3.839100296651,94.7219,53.7,19.87,6737
551,F002017__3,2008-11-01,51.3,2008,11,IL,Total Electric Power Industry,Petroleum (Barrels),23560,2.51,3.839100296651,93.4715,40.5,19.87,6737
552,F002017__3,2008-12-01,34.91,2008,12,IL,Total Electric Power Industry,Petroleum (Barrels),25681,1.82,3.839100296651,90.8357,29.1,19.87,6737
553,F002017__3,2009-01-01,35.38,2009,1,IL,Total Electric Power Industry,Petroleum (Barrels),25415,,-0.355546266299747,88.57,21.3,15.78,6656
554,F002017__3,2009-02-01,32.81,2009,2,IL,Total Electric Power Industry,Petroleum (Barrels),12226,1.87,-0.355546266299747,88.031,32.2,15.78,6656
555,F002017__3,2009-03-01,41.49,2009,3,IL,Total Electric Power Industry,Petroleum (Barrels),27800,2.02,-0.355546266299747,86.6528,44.2,15.78,6656
556,F002017__3,2009-04-01,43.88,2009,4,IL,Total Electric Power Industry,Petroleum (Barrels),21227,1.85,-0.355546266299747,85.9344,51.5,15.78,6656
557,F002017__3,2009-05-01,52.56,2009,5,IL,Total Electric Power Industry,Petroleum (Barrels),18594,2.29,-0.355546266299747,85.0665,62.0,15.78,6656
558,F002017__3,2009-06-01,63.08,2009,6,IL,Total Electric Power Industry,Petroleum (Barrels),23983,2.74,-0.355546266299747,84.7459,71.6,15.78,6656
559,F002017__3,2009-07-01,58.27,2009,7,IL,Total Electric Power Industry,Petroleum (Barrels),18671,2.5,-0.355546266299747,85.7027,69.2,15.78,6656
560,F002017__3,2009-08-01,64.45,2009,8,IL,Total Electric Power Industry,Petroleum (Barrels),19639,2.48,-0.355546266299747,86.6426,70.7,15.78,6656
561,F002017__3,2009-09-01,62.93,2009,9,IL,Total Electric Power Industry,Petroleum (Barrels),12337,2.46,-0.355546266299747,87.4063,65.5,15.78,6656
562,F002017__3,2009-10-01,69.1,2009,10,IL,Total Electric Power Industry,Petroleum (Barrels),18619,2.34,-0.355546266299747,87.6419,50.5,15.78,6656
563,F002017__3,2009-11-01,71.26,2009,11,IL,Total Electric Power Industry,Petroleum (Barrels),16640,2.53,-0.355546266299747,88.0221,46.3,15.78,6656
564,F002017__3,2009-12-01,68.33,2009,12,IL,Total Electric Power Industry,Petroleum (Barrels),14572,2.61,-0.355546266299747,88.3793,30.4,15.78,6656
565,F002017__3,2010-01-01,71.64,2010,1,IL,Total Electric Power Industry,Petroleum (Barrels),16139,,1.6400434423899,89.3426,23.9,17.26,7130
566,F002017__3,2010-02-01,70.07,2010,2,IL,Total Electric Power Industry,Petroleum (Barrels),15172,2.82,1.6400434423899,89.6779,25.7,17.26,7130
567,F002017__3,2010-03-01,74.52,2010,3,IL,Total Electric Power Industry,Petroleum (Barrels),18611,2.81,1.6400434423899,90.2928,43.6,17.26,7130
568,F002017__3,2010-04-01,77.92,2010,4,IL,Total Electric Power Industry,Petroleum (Barrels),17412,2.84,1.6400434423899,90.5991,57.3,17.26,7130
569,F002017__3,2010-05-01,68.31,2010,5,IL,Total Electric Power Industry,Petroleum (Barrels),17890,2.72,1.6400434423899,91.823,64.3,17.26,7130
570,F002017__3,2010-06-01,69.22,2010,6,IL,Total Electric Power Industry,Petroleum (Barrels),19004,2.51,1.6400434423899,91.9928,74.1,17.26,7130
571,F002017__3,2010-07-01,70.01,2010,7,IL,Total Electric Power Industry,Petroleum (Barrels),17171,2.33,1.6400434423899,92.3421,76.4,17.26,7130
572,F002017__3,2010-08-01,70.33,2010,8,IL,Total Electric Power Industry,Petroleum (Barrels),22085,2.43,1.6400434423899,92.6805,75.6,17.26,7130
573,F002017__3,2010-09-01,69.32,2010,9,IL,Total Electric Power Industry,Petroleum (Barrels),16087,2.08,1.6400434423899,92.9537,67.2,17.26,7130
574,F002017__3,2010-10-01,75.44,2010,10,IL,Total Electric Power Industry,Petroleum (Barrels),15549,2.12,1.6400434423899,92.6903,56.0,17.26,7130
575,F002017__3,2010-11-01,77.99,2010,11,IL,Total Electric Power Industry,Petroleum (Barrels),15191,2.32,1.6400434423899,92.7709,42.8,17.26,7130
576,F002017__3,2010-12-01,82.89,2010,12,IL,Total Electric Power Industry,Petroleum (Barrels),14465,2.44,1.6400434423899,93.6787,24.3,17.26,7130
577,F002017__3,2011-01-01,83.48,2011,1,IL,Total Electric Power Industry,Petroleum (Barrels),19849,2.75,3.156841568622,93.4814,23.7,19.4,7680
578,F002017__3,2011-02-01,83.6,2011,2,IL,Total Electric Power Industry,Petroleum (Barrels),9607,2.87,3.156841568622,93.1102,31.2,19.4,7680
579,F002017__3,2011-03-01,95.93,2011,3,IL,Total Electric Power Industry,Petroleum (Barrels),10208,2.75,3.156841568622,94.0788,41.7,19.4,7680
580,F002017__3,2011-04-01,103.83,2011,4,IL,Total Electric Power Industry,Petroleum (Barrels),9030,2.66,3.156841568622,93.7749,53.0,19.4,7680
581,F002017__3,2011-05-01,95.21,2011,5,IL,Total Electric Power Industry,Petroleum (Barrels),18736,2.7,3.156841568622,93.888,62.1,19.4,7680
582,F002017__3,2011-06-01,89.95,2011,6,IL,Total Electric Power Industry,Petroleum (Barrels),15862,2.52,3.156841568622,94.172,72.2,19.4,7680
583,F002017__3,2011-07-01,90.86,2011,7,IL,Total Electric Power Industry,Petroleum (Barrels),13705,2.72,3.156841568622,94.636,78.8,19.4,7680
584,F002017__3,2011-08-01,80.08,2011,8,IL,Total Electric Power Industry,Petroleum (Barrels),8414,2.39,3.156841568622,95.2749,73.1,19.4,7680
585,F002017__3,2011-09-01,79.34,2011,9,IL,Total Electric Power Industry,Petroleum (Barrels),11957,1.96,3.156841568622,95.1961,63.6,19.4,7680
586,F002017__3,2011-10-01,80.3,2011,10,IL,Total Electric Power Industry,Petroleum (Barrels),13940,1.56,3.156841568622,95.8568,53.9,19.4,7680
587,F002017__3,2011-11-01,90.85,2011,11,IL,Total Electric Power Industry,Petroleum (Barrels),12478,1.78,3.156841568622,95.8485,46.9,19.4,7680
588,F002017__3,2011-12-01,92.22,2011,12,IL,Total Electric Power Industry,Petroleum (Barrels),17430,1.84,3.156841568622,96.3571,36.6,19.4,7680
589,F002017__3,2012-01-01,93.78,2012,1,IL,Total Electric Power Industry,Petroleum (Barrels),9928,,2.06933726526067,96.9318,32.4,19.2,7703
590,F002017__3,2012-02-01,96.11,2012,2,IL,Total Electric Power Industry,Petroleum (Barrels),12784,1.64,2.06933726526067,97.2435,35.4,19.2,7703
591,F002017__3,2012-03-01,99.86,2012,3,IL,Total Electric Power Industry,Petroleum (Barrels),9330,1.73,2.06933726526067,96.74,55.0,19.2,7703
592,F002017__3,2012-04-01,97.15,2012,4,IL,Total Electric Power Industry,Petroleum (Barrels),11415,1.89,2.06933726526067,97.4359,52.9,19.2,7703
593,F002017__3,2012-05-01,93.06,2012,5,IL,Total Electric Power Industry,Petroleum (Barrels),10908,1.71,2.06933726526067,97.6609,67.7,19.2,7703
594,F002017__3,2012-06-01,76.62,2012,6,IL,Total Electric Power Industry,Petroleum (Barrels),10783,1.22,2.06933726526067,97.6663,71.6,19.2,7703
595,F002017__3,2012-07-01,81.51,2012,7,IL,Total Electric Power Industry,Petroleum (Barrels),12647,1.31,2.06933726526067,97.8713,80.2,19.2,7703
596,F002017__3,2012-08-01,88.67,2012,8,IL,Total Electric Power Industry,Petroleum (Barrels),9948,1.32,2.06933726526067,97.4525,71.9,19.2,7703
597,F002017__3,2012-09-01,89.55,2012,9,IL,Total Electric Power Industry,Petroleum (Barrels),10325,,2.06933726526067,97.381,64.2,19.2,7703
598,F002017__3,2012-10-01,84.24,2012,10,IL,Total Electric Power Industry,Petroleum (Barrels),12716,1.39,2.06933726526067,97.7193,52.1,19.2,7703
599,F002017__3,2012-11-01,81.43,2012,11,IL,Total Electric Power Industry,Petroleum (Barrels),16688,1.45,2.06933726526067,98.0777,40.0,19.2,7703
600,F002017__3,2012-12-01,82.99,2012,12,IL,Total Electric Power Industry,Petroleum (Barrels),9668,1.38,2.06933726526067,98.3101,38.2,19.2,7703
601,F002017__3,2013-01-01,89.14,2013,1,IL,Total Electric Power Industry,Petroleum (Barrels),14046,,1.46483265562717,98.3342,29.9,18.38,7707
602,F002017__3,2013-02-01,90.14,2013,2,IL,Total Electric Power Industry,Petroleum (Barrels),6418,1.77,1.46483265562717,98.7941,30.2,18.38,7707
603,F002017__3,2013-03-01,88.19,2013,3,IL,Total Electric Power Industry,Petroleum (Barrels),9408,1.61,1.46483265562717,99.1921,34.8,18.38,7707
604,F002017__3,2013-04-01,86.99,2013,4,IL,Total Electric Power Industry,Petroleum (Barrels),9539,1.63,1.46483265562717,99.1065,50.8,18.38,7707
605,F002017__3,2013-05-01,90.06,2013,5,IL,Total Electric Power Industry,Petroleum (Barrels),21030,1.46,1.46483265562717,99.1839,64.4,18.38,7707
606,F002017__3,2013-06-01,90.77,2013,6,IL,Total Electric Power Industry,Petroleum (Barrels),13065,1.83,1.46483265562717,99.3897,70.8,18.38,7707
607,F002017__3,2013-07-01,99.49,2013,7,IL,Total Electric Power Industry,Petroleum (Barrels),13828,2.16,1.46483265562717,99.0814,72.3,18.38,7707
608,F002017__3,2013-08-01,101.52,2013,8,IL,Total Electric Power Industry,Petroleum (Barrels),11282,2.39,1.46483265562717,99.6543,71.5,18.38,7707
609,F002017__3,2013-09-01,101.32,2013,9,IL,Total Electric Power Industry,Petroleum (Barrels),9517,,1.46483265562717,100.161,66.9,18.38,7707
610,F002017__3,2013-10-01,95.59,2013,10,IL,Total Electric Power Industry,Petroleum (Barrels),10228,2.33,1.46483265562717,100.082,54.3,18.38,7707
611,F002017__3,2013-11-01,88.89,2013,11,IL,Total Electric Power Industry,Petroleum (Barrels),10482,2.32,1.46483265562717,100.3158,39.2,18.38,7707
612,F002017__3,2013-12-01,92.47,2013,12,IL,Total Electric Power Industry,Petroleum (Barrels),7369,2.51,1.46483265562717,100.5175,29.4,18.38,7707
613,F002017__3,2014-01-01,89.79,2014,1,IL,Total Electric Power Industry,Petroleum (Barrels),17442,,1.62222297740817,100.1599,19.4,18.89,7981
614,F002017__3,2014-02-01,95.21,2014,2,IL,Total Electric Power Industry,Petroleum (Barrels),17016,2.31,1.62222297740817,100.9168,22.0,18.89,7981
615,F002017__3,2014-03-01,95.47,2014,3,IL,Total Electric Power Industry,Petroleum (Barrels),18850,2.28,1.62222297740817,101.8942,34.1,18.89,7981
616,F002017__3,2014-04-01,96.92,2014,4,IL,Total Electric Power Industry,Petroleum (Barrels),11026,2.33,1.62222297740817,101.9928,52.4,18.89,7981
617,F002017__3,2014-05-01,96.72,2014,5,IL,Total Electric Power Industry,Petroleum (Barrels),15383,2.22,1.62222297740817,102.3836,62.9,18.89,7981
618,F002017__3,2014-06-01,99.93,2014,6,IL,Total Electric Power Industry,Petroleum (Barrels),11004,2.15,1.62222297740817,102.735,72.6,18.89,7981
619,F002017__3,2014-07-01,97.44,2014,7,IL,Total Electric Power Industry,Petroleum (Barrels),10897,2.11,1.62222297740817,102.9632,69.1,18.89,7981
620,F002017__3,2014-08-01,91.31,2014,8,IL,Total Electric Power Industry,Petroleum (Barrels),13895,2.05,1.62222297740817,102.7688,72.4,18.89,7981
621,F002017__3,2014-09-01,88.14,2014,9,IL,Total Electric Power Industry,Petroleum (Barrels),12886,,1.62222297740817,103.0641,64.0,18.89,7981
622,F002017__3,2014-10-01,79.71,2014,10,IL,Total Electric Power Industry,Petroleum (Barrels),8947,1.89,1.62222297740817,103.0764,53.8,18.89,7981
623,F002017__3,2014-11-01,70.82,2014,11,IL,Total Electric Power Industry,Petroleum (Barrels),12578,1.84,1.62222297740817,103.7126,35.6,18.89,7981
624,F002017__3,2014-12-01,54.33,2014,12,IL,Total Electric Power Industry,Petroleum (Barrels),12404,1.73,1.62222297740817,103.7044,34.6,18.89,7981
625,F002017__3,2015-01-01,43.37,2015,1,IL,Total Electric Power Industry,Petroleum (Barrels),7577,,0.118627135552451,102.8905,25.3,15.56,8068
626,F002017__3,2015-02-01,45.66,2015,2,IL,Total Electric Power Industry,Petroleum (Barrels),8287,1.19,0.118627135552451,102.2335,19.3,15.56,8068
627,F002017__3,2015-03-01,42.66,2015,3,IL,Total Electric Power Industry,Petroleum (Barrels),7414,1.42,0.118627135552451,101.8914,37.2,15.56,8068
628,F002017__3,2015-04-01,48.82,2015,4,IL,Total Electric Power Industry,Petroleum (Barrels),7984,1.32,0.118627135552451,101.3355,52.9,15.56,8068
629,F002017__3,2015-05-01,54.24,2015,5,IL,Total Electric Power Industry,Petroleum (Barrels),9633,1.52,0.118627135552451,100.8883,65.0,15.56,8068
630,F002017__3,2015-06-01,54.61,2015,6,IL,Total Electric Power Industry,Petroleum (Barrels),9635,1.55,0.118627135552451,100.571,71.0,15.56,8068
631,F002017__3,2015-07-01,46.54,2015,7,IL,Total Electric Power Industry,Petroleum (Barrels),7482,1.74,0.118627135552451,101.2228,72.9,15.56,8068
632,F002017__3,2015-08-01,38.46,2015,8,IL,Total Electric Power Industry,Petroleum (Barrels),8566,1.48,0.118627135552451,101.0367,70.6,15.56,8068
633,F002017__3,2015-09-01,40.64,2015,9,IL,Total Electric Power Industry,Petroleum (Barrels),11194,1.47,0.118627135552451,100.7547,68.8,15.56,8068
634,F002017__3,2015-10-01,41.77,2015,10,IL,Total Electric Power Industry,Petroleum (Barrels),6902,1.41,0.118627135552451,100.2675,55.6,15.56,8068
635,F002017__3,2015-11-01,38.21,2015,11,IL,Total Electric Power Industry,Petroleum (Barrels),10017,1.43,0.118627135552451,99.5298,46.6,15.56,8068
636,F002017__3,2015-12-01,32.94,2015,12,IL,Total Electric Power Industry,Petroleum (Barrels),12467,1.24,0.118627135552451,99.0417,42.5,15.56,8068
637,F002017__3,2016-01-01,27.9,2016,1,IL,Total Electric Power Industry,Petroleum (Barrels),15878,,1.26158320570536,99.5607,27.5,14.58,8356
638,F002017__3,2016-02-01,26.12,2016,2,IL,Total Electric Power Industry,Petroleum (Barrels),16209,1.16,1.26158320570536,99.0445,33.9,14.58,8356
639,F002017__3,2016-03-01,33.25,2016,3,IL,Total Electric Power Industry,Petroleum (Barrels),12408,0.98,1.26158320570536,98.3096,47.3,14.58,8356
640,F002017__3,2016-04-01,36.49,2016,4,IL,Total Electric Power Industry,Petroleum (Barrels),12398,1.03,1.26158320570536,98.6421,52.0,14.58,8356
641,F002017__3,2016-05-01,42.3,2016,5,IL,Total Electric Power Industry,Petroleum (Barrels),17374,1.08,1.26158320570536,98.4184,60.6,14.58,8356
642,F002017__3,2016-06-01,44.18,2016,6,IL,Total Electric Power Industry,Petroleum (Barrels),8668,0.94,1.26158320570536,98.8833,72.9,14.58,8356
643,F002017__3,2016-07-01,40.71,2016,7,IL,Total Electric Power Industry,Petroleum (Barrels),7899,0.87,1.26158320570536,98.9992,74.6,14.58,8356
644,F002017__3,2016-08-01,40.75,2016,8,IL,Total Electric Power Industry,Petroleum (Barrels),9828,0.84,1.26158320570536,98.85,75.7,14.58,8356
645,F002017__3,2016-09-01,40.78,2016,9,IL,Total Electric Power Industry,Petroleum (Barrels),5928,0.79,1.26158320570536,98.7457,69.9,14.58,8356
646,F002017__3,2016-10-01,45.37,2016,10,IL,Total Electric Power Industry,Petroleum (Barrels),7058,0.83,1.26158320570536,98.7611,59.5,14.58,8356
647,F002017__3,2016-11-01,43.9,2016,11,IL,Total Electric Power Industry,Petroleum (Barrels),10152,1.0,1.26158320570536,98.3491,47.0,14.58,8356
648,F002017__3,2016-12-01,44.05,2016,12,IL,Total Electric Power Industry,Petroleum (Barrels),11632,1.31,1.26158320570536,99.0214,29.8,14.58,8356
649,F002017__3,2017-01-01,48.2,2017,1,IL,Total Electric Power Industry,Petroleum (Barrels),12144,,2.13011000365961,98.7611,33.8,15.88,8541
650,F002017__3,2017-02-01,49.35,2017,2,IL,Total Electric Power Industry,Petroleum (Barrels),9726,1.26,2.13011000365961,98.3646,41.3,15.88,8541
651,F002017__3,2017-03-01,45.9,2017,3,IL,Total Electric Power Industry,Petroleum (Barrels),10745,1.17,2.13011000365961,99.0137,42.6,15.88,8541
652,F002017__3,2017-04-01,47.08,2017,4,IL,Total Electric Power Industry,Petroleum (Barrels),9365,1.11,2.13011000365961,100.0224,57.0,15.88,8541
653,F002017__3,2017-05-01,44.55,2017,5,IL,Total Electric Power Industry,Petroleum (Barrels),12876,1.05,2.13011000365961,100.1408,60.9,15.88,8541
654,F002017__3,2017-06-01,41.16,2017,6,IL,Total Electric Power Industry,Petroleum (Barrels),7566,0.93,2.13011000365961,100.3471,71.1,15.88,8541
655,F002017__3,2017-07-01,42.61,2017,7,IL,Total Electric Power Industry,Petroleum (Barrels),6379,0.94,2.13011000365961,100.1068,74.2,15.88,8541
656,F002017__3,2017-08-01,44.15,2017,8,IL,Total Electric Power Industry,Petroleum (Barrels),6610,0.92,2.13011000365961,99.6925,70.0,15.88,8541
657,F002017__3,2017-09-01,45.61,2017,9,IL,Total Electric Power Industry,Petroleum (Barrels),7257,0.81,2.13011000365961,99.7954,67.2,15.88,8541
658,F002017__3,2017-10-01,48.53,2017,10,IL,Total Electric Power Industry,Petroleum (Barrels),7502,0.85,2.13011000365961,101.0247,57.6,15.88,8541
659,F002017__3,2017-11-01,52.85,2017,11,IL,Total Electric Power Industry,Petroleum (Barrels),5234,0.76,2.13011000365961,101.2664,42.4,15.88,8541
660,F002017__3,2017-12-01,54.24,2017,12,IL,Total Electric Power Industry,Petroleum (Barrels),8778,0.59,2.13011000365961,101.4644,29.6,15.88,8541
661,F002017__3,2018-01-01,59.93,2018,1,IL,Total Electric Power Industry,Petroleum (Barrels),6790,,2.44258329692817,101.4625,24.5,16.82,8726
662,F002017__3,2018-02-01,58.47,2018,2,IL,Total Electric Power Industry,Petroleum (Barrels),7013,0.62,2.44258329692817,101.7085,35.1,16.82,8726
663,F002017__3,2018-03-01,59.18,2018,3,IL,Total Electric Power Industry,Petroleum (Barrels),8953,0.59,2.44258329692817,102.2067,38.2,16.82,8726
664,F002017__3,2018-04-01,62.62,2018,4,IL,Total Electric Power Industry,Petroleum (Barrels),10260,0.48,2.44258329692817,103.3329,45.1,16.82,8726
665,F002017__3,2018-05-01,66.19,2018,5,IL,Total Electric Power Industry,Petroleum (Barrels),9034,0.47,2.44258329692817,102.4024,69.7,16.82,8726
666,F002017__3,2018-06-01,63.75,2018,6,IL,Total Electric Power Industry,Petroleum (Barrels),7699,0.42,2.44258329692817,103.198,73.4,16.82,8726
667,F002017__3,2018-07-01,67.27,2018,7,IL,Total Electric Power Industry,Petroleum (Barrels),7185,0.3,2.44258329692817,103.3646,74.1,16.82,8726
668,F002017__3,2018-08-01,64.25,2018,8,IL,Total Electric Power Industry,Petroleum (Barrels),10930,0.33,2.44258329692817,104.0327,74.0,16.82,8726
669,F002017__3,2018-09-01,66.57,2018,9,IL,Total Electric Power Industry,Petroleum (Barrels),7495,,2.44258329692817,104.1004,69.9,16.82,8726
670,F002017__3,2018-10-01,67.11,2018,10,IL,Total Electric Power Industry,Petroleum (Barrels),11643,0.27,2.44258329692817,103.9856,54.9,16.82,8726
671,F002017__3,2018-11-01,53.3,2018,11,IL,Total Electric Power Industry,Petroleum (Barrels),10183,0.3,2.44258329692817,104.0681,36.8,16.82,8726
672,F002017__3,2018-12-01,45.3,2018,12,IL,Total Electric Power Industry,Petroleum (Barrels),9307,0.15,2.44258329692817,104.0936,35.4,16.82,8726
673,F002017__3,2019-01-01,48.07,2019,1,IL,Total Electric Power Industry,Petroleum (Barrels),7022,,1.81221007526021,103.4021,27.0,16.01,8445
674,F002017__3,2019-02-01,51.68,2019,2,IL,Total Electric Power Industry,Petroleum (Barrels),7638,0.18,1.81221007526021,102.8371,32.3,16.01,8445
675,F002017__3,2019-03-01,54.69,2019,3,IL,Total Electric Power Industry,Petroleum (Barrels),8003,0.21,1.81221007526021,102.8757,37.2,16.01,8445
676,F002017__3,2019-04-01,60.39,2019,4,IL,Total Electric Power Industry,Petroleum (Barrels),9401,0.16,1.81221007526021,102.274,52.2,16.01,8445
677,F002017__3,2019-05-01,57.4,2019,5,IL,Total Electric Power Industry,Petroleum (Barrels),9219,0.21,1.81221007526021,102.392,62.6,16.01,8445
678,F002017__3,2019-06-01,54.56,2019,6,IL,Total Electric Power Industry,Petroleum (Barrels),9161,0.25,1.81221007526021,102.4375,69.9,16.01,8445
679,F002017__3,2019-07-01,52.62,2019,7,IL,Total Electric Power Industry,Petroleum (Barrels),7339,0.25,1.81221007526021,101.9408,76.3,16.01,8445
680,F002017__3,2019-08-01,52.96,2019,8,IL,Total Electric Power Industry,Petroleum (Barrels),7513,0.17,1.81221007526021,102.639,72.3,16.01,8445
681,F002017__3,2019-09-01,52.2,2019,9,IL,Total Electric Power Industry,Petroleum (Barrels),7541,,1.81221007526021,102.2917,70.8,16.01,8445
682,F002017__3,2019-10-01,52.21,2019,10,IL,Total Electric Power Industry,Petroleum (Barrels),12154,0.09,1.81221007526021,101.4281,55.5,16.01,8445
683,F002017__3,2019-11-01,51.98,2019,11,IL,Total Electric Power Industry,Petroleum (Barrels),6199,0.17,1.81221007526021,101.9372,36.5,16.01,8445
684,F002017__3,2019-12-01,54.92,2019,12,IL,Total Electric Power Industry,Petroleum (Barrels),5796,0.22,1.81221007526021,101.7003,36.2,16.01,8445
685,F002017__3,2020-01-01,55.74,2020,1,IL,Total Electric Power Industry,Petroleum (Barrels),5350,,1.23358439630629,101.0338,34.3,14.46,7113
686,F002017__3,2020-02-01,51.94,2020,2,IL,Total Electric Power Industry,Petroleum (Barrels),6412,0.18,1.23358439630629,101.3735,32.8,14.46,7113
687,F002017__3,2020-03-01,27.3,2020,3,IL,Total Electric Power Industry,Petroleum (Barrels),3946,0.26,1.23358439630629,97.4078,44.6,14.46,7113
688,F002017__3,2020-04-01,16.22,2020,4,IL,Total Electric Power Industry,Petroleum (Barrels),2808,0.39,1.23358439630629,84.5619,48.9,14.46,7113
689,F002017__3,2020-05-01,25.65,2020,5,IL,Total Electric Power Industry,Petroleum (Barrels),6118,0.44,1.23358439630629,85.9604,59.7,14.46,7113
690,F002017__3,2020-06-01,35.02,2020,6,IL,Total Electric Power Industry,Petroleum (Barrels),9134,0.52,1.23358439630629,91.5934,72.1,14.46,7113
691,F002017__3,2020-07-01,37.39,2020,7,IL,Total Electric Power Industry,Petroleum (Barrels),9483,0.52,1.23358439630629,95.0256,76.5,14.46,7113
692,F002017__3,2020-08-01,38.91,2020,8,IL,Total Electric Power Industry,Petroleum (Barrels),9154,0.45,1.23358439630629,95.9549,72.0,14.46,7113
693,F002017__3,2020-09-01,36.34,2020,9,IL,Total Electric Power Industry,Petroleum (Barrels),5051,0.55,1.23358439630629,95.9669,65.2,14.46,7113
694,F002017__3,2020-10-01,36.16,2020,10,IL,Total Electric Power Industry,Petroleum (Barrels),5662,0.54,1.23358439630629,96.7394,53.1,14.46,7113
695,F002017__3,2020-11-01,38.04,2020,11,IL,Total Electric Power Industry,Petroleum (Barrels),5191,0.71,1.23358439630629,97.0816,46.7,14.46,7113
696,F002017__3,2020-12-01,43.94,2020,12,IL,Total Electric Power Industry,Petroleum (Barrels),7718,0.75,1.23358439630629,98.363,33.6,14.46,7113
697,F002017__3,2021-01-01,48.58,2021,1,IL,Total Electric Power Industry,Petroleum (Barrels),8179,,4.69785886363742,98.8822,30.5,18.35,7904
698,F002017__3,2021-02-01,55.86,2021,2,IL,Total Electric Power Industry,Petroleum (Barrels),17666,0.98,4.69785886363742,95.6149,23.7,18.35,7904
699,F002017__3,2021-03-01,59.27,2021,3,IL,Total Electric Power Industry,Petroleum (Barrels),5639,1.32,4.69785886363742,98.3856,45.8,18.35,7904
700,F002017__3,2021-04-01,58.3,2021,4,IL,Total Electric Power Industry,Petroleum (Barrels),8622,1.52,4.69785886363742,98.5587,51.9,18.35,7904
701,F002017__3,2021-05-01,61.77,2021,5,IL,Total Electric Power Industry,Petroleum (Barrels),7732,1.47,4.69785886363742,99.4333,59.6,18.35,7904
702,F002017__3,2021-06-01,68.04,2021,6,IL,Total Electric Power Industry,Petroleum (Barrels),8734,1.46,4.69785886363742,99.7987,72.7,18.35,7904
703,F002017__3,2021-07-01,69.43,2021,7,IL,Total Electric Power Industry,Petroleum (Barrels),11716,1.23,4.69785886363742,100.2519,73.7,18.35,7904
704,F002017__3,2021-08-01,64.46,2021,8,IL,Total Electric Power Industry,Petroleum (Barrels),8535,1.03,4.69785886363742,100.0437,75.0,18.35,7904
705,F002017__3,2021-09-01,68.0,2021,9,IL,Total Electric Power Industry,Petroleum (Barrels),11556,1.11,4.69785886363742,98.8579,68.4,18.35,7904
706,F002017__3,2021-10-01,77.65,2021,10,IL,Total Electric Power Industry,Petroleum (Barrels),6451,1.21,4.69785886363742,100.1861,60.2,18.35,7904
707,F002017__3,2021-11-01,74.68,2021,11,IL,Total Electric Power Industry,Petroleum (Barrels),10360,1.08,4.69785886363742,100.8654,40.0,18.35,7904
708,F002017__3,2021-12-01,68.36,2021,12,IL,Total Electric Power Industry,Petroleum (Barrels),8258,0.87,4.69785886363742,100.5726,40.5,18.35,7904
709,F002017__3,2022-01-01,79.18,2022,1,IL,Total Electric Power Industry,Petroleum (Barrels),12563,0.85,8.00279982052121,100.1856,24.3,23.98,8375
710,F002017__3,2022-02-01,88.23,2022,2,IL,Total Electric Power Industry,Petroleum (Barrels),5326,0.63,8.00279982052121,100.8064,29.8,23.98,8375
711,F002017__3,2022-03-01,105.25,2022,3,IL,Total Electric Power Industry,Petroleum (Barrels),6958,0.41,8.00279982052121,101.3907,43.7,23.98,8375
712,F002017__3,2022-04-01,98.69,2022,4,IL,Total Electric Power Industry,Petroleum (Barrels),5348,-0.05,8.00279982052121,101.44,49.3,23.98,8375
713,F002017__3,2022-05-01,106.7,2022,5,IL,Total Electric Power Industry,Petroleum (Barrels),6802,0.26,8.00279982052121,101.3335,64.9,23.98,8375
714,F002017__3,2022-06-01,110.77,2022,6,IL,Total Electric Power Industry,Petroleum (Barrels),8264,0.28,8.00279982052121,101.018,72.1,23.98,8375
715,F002017__3,2022-07-01,97.12,2022,7,IL,Total Electric Power Industry,Petroleum (Barrels),4457,0.04,8.00279982052121,101.223,75.3,23.98,8375
716,F002017__3,2022-08-01,88.2,2022,8,IL,Total Electric Power Industry,Petroleum (Barrels),7452,-0.3,8.00279982052121,101.0963,73.0,23.98,8375
717,F002017__3,2022-09-01,80.73,2022,9,IL,Total Electric Power Industry,Petroleum (Barrels),4875,-0.25,8.00279982052121,101.2918,66.1,23.98,8375
718,F002017__3,2022-10-01,83.5,2022,10,IL,Total Electric Power Industry,Petroleum (Barrels),3575,-0.45,8.00279982052121,101.2529,52.8,23.98,8375
719,F002017__3,2022-11-01,81.1,2022,11,IL,Total Electric Power Industry,Petroleum (Barrels),5360,-0.47,8.00279982052121,100.9552,43.1,23.98,8375
720,F002017__3,2022-12-01,73.66,2022,12,IL,Total Electric Power Industry,Petroleum (Barrels),13639,-0.72,8.00279982052121,99.7664,31.7,23.98,8375
721,F002017__3,2023-01-01,75.32,2023,1,IL,Total Electric Power Industry,Petroleum (Barrels),5211,,4.11633838374488,100.505,36.4,21.6,8607
722,F002017__3,2023-02-01,73.63,2023,2,IL,Total Electric Power Industry,Petroleum (Barrels),5959,-0.7,4.11633838374488,100.6416,38.3,21.6,8607
723,F002017__3,2023-03-01,70.22,2023,3,IL,Total Electric Power Industry,Petroleum (Barrels),5257,-0.88,4.11633838374488,101.0205,40.9,21.6,8607
724,F002017__3,2023-04-01,75.93,2023,4,IL,Total Electric Power Industry,Petroleum (Barrels),3103,-0.54,4.11633838374488,101.253,52.7,21.6,8607
725,F002017__3,2023-05-01,68.55,2023,5,IL,Total Electric Power Industry,Petroleum (Barrels),6977,-0.55,4.11633838374488,100.9286,62.0,21.6,8607
726,F002017__3,2023-06-01,67.35,2023,6,IL,Total Electric Power Industry,Petroleum (Barrels),2630,-0.72,4.11633838374488,100.1196,69.2,21.6,8607
727,F002017__3,2023-07-01,72.48,2023,7,IL,Total Electric Power Industry,Petroleum (Barrels),3833,-1.08,4.11633838374488,100.9067,74.2,21.6,8607
728,F002017__3,2023-08-01,78.19,2023,8,IL,Total Electric Power Industry,Petroleum (Barrels),3263,-0.87,4.11633838374488,100.8393,71.8,21.6,8607
729,F002017__3,2023-09-01,85.77,2023,9,IL,Total Electric Power Industry,Petroleum (Barrels),4571,-0.69,4.11633838374488,101.0211,67.1,21.6,8607
730,F002017__3,2023-10-01,82.67,2023,10,IL,Total Electric Power Industry,Petroleum (Barrels),4351,-0.43,4.11633838374488,100.4689,56.4,21.6,8607
731,F002017__3,2023-11-01,74.1,2023,11,IL,Total Electric Power Industry,Petroleum (Barrels),9331,-0.18,4.11633838374488,100.8639,43.0,21.6,8607
732,F002017__3,2023-12-01,68.95,2023,12,IL,Total Electric Power Industry,Petroleum (Barrels),9339,-0.34,4.11633838374488,100.6031,39.9,21.6,8607
733,F002018__3,2001-01-01,26.91,2001,1,IN,Total Electric Power Industry,Petroleum (Barrels),89786,,2.82617111885407,91.902,20.8,8.82,6111
734,F002018__3,2001-02-01,27.21,2001,2,IN,Total Electric Power Industry,Petroleum (Barrels),69579,0.55,2.82617111885407,91.3034,18.1,8.82,6111
735,F002018__3,2001-03-01,24.84,2001,3,IN,Total Electric Power Industry,Petroleum (Barrels),43297,0.46,2.82617111885407,91.1162,30.2,8.82,6111
736,F002018__3,2001-04-01,25.03,2001,4,IN,Total Electric Power Industry,Petroleum (Barrels),59563,0.76,2.82617111885407,90.7891,52.7,8.82,6111
737,F002018__3,2001-05-01,26.1,2001,5,IN,Total Electric Power Industry,Petroleum (Barrels),47016,1.07,2.82617111885407,90.3555,60.9,8.82,6111
738,F002018__3,2001-06-01,25.05,2001,6,IN,Total Electric Power Industry,Petroleum (Barrels),67537,1.17,2.82617111885407,89.8784,68.3,8.82,6111
739,F002018__3,2001-07-01,24.0,2001,7,IN,Total Electric Power Industry,Petroleum (Barrels),97341,1.16,2.82617111885407,89.3028,75.1,8.82,6111
740,F002018__3,2001-08-01,24.71,2001,8,IN,Total Electric Power Industry,Petroleum (Barrels),177938,1.28,2.82617111885407,89.2003,72.5,8.82,6111
741,F002018__3,2001-09-01,24.0,2001,9,IN,Total Electric Power Industry,Petroleum (Barrels),83398,,2.82617111885407,88.7485,61.2,8.82,6111
742,F002018__3,2001-10-01,19.69,2001,10,IN,Total Electric Power Industry,Petroleum (Barrels),57347,1.73,2.82617111885407,88.5052,50.2,8.82,6111
743,F002018__3,2001-11-01,17.19,2001,11,IN,Total Electric Power Industry,Petroleum (Barrels),66576,1.75,2.82617111885407,87.97,48.0,8.82,6111
744,F002018__3,2001-12-01,16.91,2001,12,IN,Total Electric Power Industry,Petroleum (Barrels),66789,1.93,2.82617111885407,87.9324,30.7,8.82,6111
745,F002018__3,2002-01-01,17.14,2002,1,IN,Total Electric Power Industry,Petroleum (Barrels),100172,,1.58603162650601,88.5176,28.6,8.19,6214
746,F002018__3,2002-02-01,18.14,2002,2,IN,Total Electric Power Industry,Petroleum (Barrels),49336,1.94,1.58603162650601,88.5278,29.8,8.19,6214
747,F002018__3,2002-03-01,21.77,2002,3,IN,Total Electric Power Industry,Petroleum (Barrels),115508,1.8,1.58603162650601,89.1686,31.0,8.19,6214
748,F002018__3,2002-04-01,23.49,2002,4,IN,Total Electric Power Industry,Petroleum (Barrels),121480,1.7,1.58603162650601,89.604,48.9,8.19,6214
749,F002018__3,2002-05-01,24.36,2002,5,IN,Total Electric Power Industry,Petroleum (Barrels),134128,1.87,1.58603162650601,89.964,56.8,8.19,6214
750,F002018__3,2002-06-01,23.02,2002,6,IN,Total Electric Power Industry,Petroleum (Barrels),125799,1.87,1.58603162650601,90.7061,72.4,8.19,6214
751,F002018__3,2002-07-01,24.23,2002,7,IN,Total Electric Power Industry,Petroleum (Barrels),94784,1.97,1.58603162650601,90.6769,76.5,8.19,6214
752,F002018__3,2002-08-01,25.47,2002,8,IN,Total Electric Power Industry,Petroleum (Barrels),88795,2.32,1.58603162650601,90.5762,70.9,8.19,6214
753,F002018__3,2002-09-01,27.01,2002,9,IN,Total Electric Power Industry,Petroleum (Barrels),33902,,1.58603162650601,90.6531,65.3,8.19,6214
754,F002018__3,2002-10-01,26.21,2002,10,IN,Total Electric Power Industry,Petroleum (Barrels),119913,1.92,1.58603162650601,90.4643,46.2,8.19,6214
755,F002018__3,2002-11-01,23.68,2002,11,IN,Total Electric Power Industry,Petroleum (Barrels),92242,2.25,1.58603162650601,90.9711,34.7,8.19,6214
756,F002018__3,2002-12-01,26.76,2002,12,IN,Total Electric Power Industry,Petroleum (Barrels),35777,2.15,1.58603162650601,90.4652,28.9,8.19,6214
757,F002018__3,2003-01-01,29.98,2003,1,IN,Total Electric Power Industry,Petroleum (Barrels),108878,,2.27009497336115,91.2361,19.1,9.17,6176
758,F002018__3,2003-02-01,32.9,2003,2,IN,Total Electric Power Industry,Petroleum (Barrels),68165,2.29,2.27009497336115,91.3445,20.4,9.17,6176
759,F002018__3,2003-03-01,30.66,2003,3,IN,Total Electric Power Industry,Petroleum (Barrels),57385,2.16,2.27009497336115,91.1044,35.1,9.17,6176
760,F002018__3,2003-04-01,25.94,2003,4,IN,Total Electric Power Industry,Petroleum (Barrels),65772,2.34,2.27009497336115,90.5617,50.4,9.17,6176
761,F002018__3,2003-05-01,25.49,2003,5,IN,Total Electric Power Industry,Petroleum (Barrels),85963,2.38,2.27009497336115,90.537,57.9,9.17,6176
762,F002018__3,2003-06-01,27.69,2003,6,IN,Total Electric Power Industry,Petroleum (Barrels),51979,2.1,2.27009497336115,90.6527,67.3,9.17,6176
763,F002018__3,2003-07-01,28.06,2003,7,IN,Total Electric Power Industry,Petroleum (Barrels),43661,2.26,2.27009497336115,91.1185,73.0,9.17,6176
764,F002018__3,2003-08-01,28.94,2003,8,IN,Total Electric Power Industry,Petroleum (Barrels),109488,2.59,2.27009497336115,90.9197,74.1,9.17,6176
765,F002018__3,2003-09-01,25.75,2003,9,IN,Total Electric Power Industry,Petroleum (Barrels),86933,,2.27009497336115,91.5059,61.1,9.17,6176
766,F002018__3,2003-10-01,27.71,2003,10,IN,Total Electric Power Industry,Petroleum (Barrels),103965,2.49,2.27009497336115,91.6186,52.4,9.17,6176
767,F002018__3,2003-11-01,28.31,2003,11,IN,Total Electric Power Industry,Petroleum (Barrels),63482,2.5,2.27009497336115,92.2329,35.9,9.17,6176
768,F002018__3,2003-12-01,29.54,2003,12,IN,Total Electric Power Industry,Petroleum (Barrels),29228,2.28,2.27009497336115,92.2602,28.2,9.17,6176
769,F002018__3,2004-01-01,31.43,2004,1,IN,Total Electric Power Industry,Petroleum (Barrels),106184,,2.67723669309172,92.4006,17.7,10.19,6283
770,F002018__3,2004-02-01,31.82,2004,2,IN,Total Electric Power Industry,Petroleum (Barrels),89745,2.35,2.67723669309172,92.958,22.7,10.19,6283
771,F002018__3,2004-03-01,33.98,2004,3,IN,Total Electric Power Industry,Petroleum (Barrels),88736,2.33,2.67723669309172,92.5861,40.8,10.19,6283
772,F002018__3,2004-04-01,33.78,2004,4,IN,Total Electric Power Industry,Petroleum (Barrels),88861,2.26,2.67723669309172,92.93,51.1,10.19,6283
773,F002018__3,2004-05-01,36.95,2004,5,IN,Total Electric Power Industry,Petroleum (Barrels),110379,2.19,2.67723669309172,93.6013,60.7,10.19,6283
774,F002018__3,2004-06-01,35.0,2004,6,IN,Total Electric Power Industry,Petroleum (Barrels),84873,2.11,2.67723669309172,92.871,66.9,10.19,6283
775,F002018__3,2004-07-01,37.02,2004,7,IN,Total Electric Power Industry,Petroleum (Barrels),36932,1.93,2.67723669309172,93.5649,70.5,10.19,6283
776,F002018__3,2004-08-01,41.23,2004,8,IN,Total Electric Power Industry,Petroleum (Barrels),59728,1.82,2.67723669309172,93.6277,66.2,10.19,6283
777,F002018__3,2004-09-01,42.02,2004,9,IN,Total Electric Power Industry,Petroleum (Barrels),46483,1.72,2.67723669309172,93.7467,66.4,10.19,6283
778,F002018__3,2004-10-01,48.84,2004,10,IN,Total Electric Power Industry,Petroleum (Barrels),25507,1.58,2.67723669309172,94.5465,51.9,10.19,6283
779,F002018__3,2004-11-01,45.35,2004,11,IN,Total Electric Power Industry,Petroleum (Barrels),54104,1.5,2.67723669309172,94.7813,40.6,10.19,6283
780,F002018__3,2004-12-01,40.35,2004,12,IN,Total Electric Power Industry,Petroleum (Barrels),23171,1.37,2.67723669309172,95.5365,26.6,10.19,6283
781,F002018__3,2005-01-01,42.69,2005,1,IN,Total Electric Power Industry,Petroleum (Barrels),52523,1.13,3.3927468454955,95.8801,18.9,12.6,6542
782,F002018__3,2005-02-01,43.86,2005,2,IN,Total Electric Power Industry,Petroleum (Barrels),28959,0.86,3.3927468454955,96.5761,31.2,12.6,6542
783,F002018__3,2005-03-01,49.64,2005,3,IN,Total Electric Power Industry,Petroleum (Barrels),30815,0.79,3.3927468454955,96.4456,36.0,12.6,6542
784,F002018__3,2005-04-01,48.0,2005,4,IN,Total Electric Power Industry,Petroleum (Barrels),116170,0.71,3.3927468454955,96.6532,53.4,12.6,6542
785,F002018__3,2005-05-01,44.17,2005,5,IN,Total Electric Power Industry,Petroleum (Barrels),108055,0.57,3.3927468454955,96.7402,57.8,12.6,6542
786,F002018__3,2005-06-01,50.3,2005,6,IN,Total Electric Power Industry,Petroleum (Barrels),19896,0.41,3.3927468454955,97.1753,72.6,12.6,6542
787,F002018__3,2005-07-01,52.85,2005,7,IN,Total Electric Power Industry,Petroleum (Barrels),26979,0.3,3.3927468454955,96.8676,74.7,12.6,6542
788,F002018__3,2005-08-01,58.45,2005,8,IN,Total Electric Power Industry,Petroleum (Barrels),27545,0.28,3.3927468454955,97.1833,71.5,12.6,6542
789,F002018__3,2005-09-01,59.01,2005,9,IN,Total Electric Power Industry,Petroleum (Barrels),17993,0.3,3.3927468454955,95.3005,67.6,12.6,6542
790,F002018__3,2005-10-01,56.16,2005,10,IN,Total Electric Power Industry,Petroleum (Barrels),19646,0.18,3.3927468454955,96.4572,52.6,12.6,6542
791,F002018__3,2005-11-01,52.15,2005,11,IN,Total Electric Power Industry,Petroleum (Barrels),26644,0.16,3.3927468454955,97.5414,39.6,12.6,6542
792,F002018__3,2005-12-01,52.83,2005,12,IN,Total Electric Power Industry,Petroleum (Barrels),31623,0.07,3.3927468454955,98.0452,19.5,12.6,6542
793,F002018__3,2006-01-01,58.51,2006,1,IN,Total Electric Power Industry,Petroleum (Barrels),15729,,3.22594410070404,98.1999,32.4,13.91,6377
794,F002018__3,2006-02-01,55.76,2006,2,IN,Total Electric Power Industry,Petroleum (Barrels),27355,-0.02,3.22594410070404,98.2413,25.1,13.91,6377
795,F002018__3,2006-03-01,56.18,2006,3,IN,Total Electric Power Industry,Petroleum (Barrels),20601,-0.12,3.22594410070404,98.4628,36.5,13.91,6377
796,F002018__3,2006-04-01,63.12,2006,4,IN,Total Electric Power Industry,Petroleum (Barrels),14656,0.02,3.22594410070404,98.7618,53.8,13.91,6377
797,F002018__3,2006-05-01,63.77,2006,5,IN,Total Electric Power Industry,Petroleum (Barrels),21600,0.2,3.22594410070404,98.7869,60.6,13.91,6377
798,F002018__3,2006-06-01,63.91,2006,6,IN,Total Electric Power Industry,Petroleum (Barrels),23941,0.07,3.22594410070404,99.0997,70.0,13.91,6377
799,F002018__3,2006-07-01,67.01,2006,7,IN,Total Electric Power Industry,Petroleum (Barrels),30124,-0.02,3.22594410070404,99.0489,75.9,13.91,6377
800,F002018__3,2006-08-01,65.89,2006,8,IN,Total Electric Power Industry,Petroleum (Barrels),22526,0.02,3.22594410070404,99.4836,72.1,13.91,6377
801,F002018__3,2006-09-01,57.38,2006,9,IN,Total Electric Power Industry,Petroleum (Barrels),44601,-0.04,3.22594410070404,99.3183,60.0,13.91,6377
802,F002018__3,2006-10-01,52.38,2006,10,IN,Total Electric Power Industry,Petroleum (Barrels),25298,-0.04,3.22594410070404,99.2044,47.9,13.91,6377
803,F002018__3,2006-11-01,52.03,2006,11,IN,Total Electric Power Industry,Petroleum (Barrels),17575,-0.09,3.22594410070404,99.1627,39.3,13.91,6377
804,F002018__3,2006-12-01,54.68,2006,12,IN,Total Electric Power Industry,Petroleum (Barrels),19551,-0.09,3.22594410070404,100.1735,31.1,13.91,6377
805,F002018__3,2007-01-01,47.7,2007,1,IN,Total Electric Power Industry,Petroleum (Barrels),21103,,2.85267248150138,99.8346,21.6,14.46,6306
806,F002018__3,2007-02-01,51.96,2007,2,IN,Total Electric Power Industry,Petroleum (Barrels),20199,-0.12,2.85267248150138,100.7753,15.5,14.46,6306
807,F002018__3,2007-03-01,53.43,2007,3,IN,Total Electric Power Industry,Petroleum (Barrels),18972,-0.07,2.85267248150138,100.9547,41.8,14.46,6306
808,F002018__3,2007-04-01,56.62,2007,4,IN,Total Electric Power Industry,Petroleum (Barrels),19010,0.05,2.85267248150138,101.6334,46.7,14.46,6306
809,F002018__3,2007-05-01,56.5,2007,5,IN,Total Electric Power Industry,Petroleum (Barrels),36562,0.01,2.85267248150138,101.7306,64.7,14.46,6306
810,F002018__3,2007-06-01,59.84,2007,6,IN,Total Electric Power Industry,Petroleum (Barrels),21900,-0.02,2.85267248150138,101.7893,70.4,14.46,6306
811,F002018__3,2007-07-01,66.47,2007,7,IN,Total Electric Power Industry,Petroleum (Barrels),20697,0.14,2.85267248150138,101.6672,73.7,14.46,6306
812,F002018__3,2007-08-01,65.2,2007,8,IN,Total Electric Power Industry,Petroleum (Barrels),32731,0.2,2.85267248150138,101.863,74.2,14.46,6306
813,F002018__3,2007-09-01,71.25,2007,9,IN,Total Electric Power Industry,Petroleum (Barrels),19016,,2.85267248150138,102.0894,64.7,14.46,6306
814,F002018__3,2007-10-01,78.06,2007,10,IN,Total Electric Power Industry,Petroleum (Barrels),28831,0.54,2.85267248150138,101.8015,55.9,14.46,6306
815,F002018__3,2007-11-01,87.06,2007,11,IN,Total Electric Power Industry,Petroleum (Barrels),23708,0.59,2.85267248150138,102.3446,37.2,14.46,6306
816,F002018__3,2007-12-01,84.42,2007,12,IN,Total Electric Power Industry,Petroleum (Barrels),31170,0.99,2.85267248150138,102.3803,20.3,14.46,6306
817,F002018__3,2008-01-01,85.42,2008,1,IN,Total Electric Power Industry,Petroleum (Barrels),30438,,3.839100296651,102.2448,16.6,17.08,6737
818,F002018__3,2008-02-01,87.26,2008,2,IN,Total Electric Power Industry,Petroleum (Barrels),26042,1.53,3.839100296651,101.8438,17.0,17.08,6737
819,F002018__3,2008-03-01,96.36,2008,3,IN,Total Electric Power Industry,Petroleum (Barrels),40746,1.93,3.839100296651,101.5336,32.6,17.08,6737
820,F002018__3,2008-04-01,104.53,2008,4,IN,Total Electric Power Industry,Petroleum (Barrels),25354,1.77,3.839100296651,100.8785,46.0,17.08,6737
821,F002018__3,2008-05-01,117.15,2008,5,IN,Total Electric Power Industry,Petroleum (Barrels),32405,1.41,3.839100296651,100.2674,57.4,17.08,6737
822,F002018__3,2008-06-01,126.23,2008,6,IN,Total Electric Power Industry,Petroleum (Barrels),34535,1.47,3.839100296651,100.0335,69.3,17.08,6737
823,F002018__3,2008-07-01,126.7,2008,7,IN,Total Electric Power Industry,Petroleum (Barrels),18634,1.38,3.839100296651,99.676,73.1,17.08,6737
824,F002018__3,2008-08-01,110.12,2008,8,IN,Total Electric Power Industry,Petroleum (Barrels),22992,1.46,3.839100296651,98.1111,69.9,17.08,6737
825,F002018__3,2008-09-01,97.74,2008,9,IN,Total Electric Power Industry,Petroleum (Barrels),19409,,3.839100296651,93.7895,63.5,17.08,6737
826,F002018__3,2008-10-01,71.37,2008,10,IN,Total Electric Power Industry,Petroleum (Barrels),19745,1.95,3.839100296651,94.7219,50.7,17.08,6737
827,F002018__3,2008-11-01,51.3,2008,11,IN,Total Electric Power Industry,Petroleum (Barrels),27268,2.51,3.839100296651,93.4715,37.3,17.08,6737
828,F002018__3,2009-01-01,35.08,2009,1,IN,Total Electric Power Industry,Petroleum (Barrels),23990,,-0.355546266299747,88.57,13.2,14.04,6656
829,F002018__3,2009-02-01,32.74,2009,2,IN,Total Electric Power Industry,Petroleum (Barrels),19177,1.87,-0.355546266299747,88.031,26.7,14.04,6656
830,F002018__3,2009-03-01,41.27,2009,3,IN,Total Electric Power Industry,Petroleum (Barrels),18665,2.02,-0.355546266299747,86.6528,37.1,14.04,6656
831,F002018__3,2009-04-01,43.87,2009,4,IN,Total Electric Power Industry,Petroleum (Barrels),25716,1.85,-0.355546266299747,85.9344,47.0,14.04,6656
832,F002018__3,2009-05-01,52.1,2009,5,IN,Total Electric Power Industry,Petroleum (Barrels),29402,2.29,-0.355546266299747,85.0665,59.8,14.04,6656
833,F002018__3,2009-06-01,62.72,2009,6,IN,Total Electric Power Industry,Petroleum (Barrels),38042,2.74,-0.355546266299747,84.7459,68.9,14.04,6656
834,F002018__3,2009-07-01,58.17,2009,7,IN,Total Electric Power Industry,Petroleum (Barrels),22229,2.5,-0.355546266299747,85.7027,68.0,14.04,6656
835,F002018__3,2009-08-01,63.93,2009,8,IN,Total Electric Power Industry,Petroleum (Barrels),21230,2.48,-0.355546266299747,86.6426,68.3,14.04,6656
836,F002018__3,2009-09-01,62.73,2009,9,IN,Total Electric Power Industry,Petroleum (Barrels),19192,2.46,-0.355546266299747,87.4063,63.3,14.04,6656
837,F002018__3,2009-10-01,68.6,2009,10,IN,Total Electric Power Industry,Petroleum (Barrels),18317,2.34,-0.355546266299747,87.6419,44.9,14.04,6656
838,F002018__3,2009-11-01,70.91,2009,11,IN,Total Electric Power Industry,Petroleum (Barrels),23499,2.53,-0.355546266299747,88.0221,43.4,14.04,6656
839,F002018__3,2009-12-01,68.19,2009,12,IN,Total Electric Power Industry,Petroleum (Barrels),24581,2.61,-0.355546266299747,88.3793,19.8,14.04,6656
840,F002018__3,2010-01-01,71.13,2010,1,IN,Total Electric Power Industry,Petroleum (Barrels),18797,,1.6400434423899,89.3426,13.6,15.02,7130
841,F002018__3,2010-02-01,69.94,2010,2,IN,Total Electric Power Industry,Petroleum (Barrels),21104,2.82,1.6400434423899,89.6779,17.3,15.02,7130
842,F002018__3,2010-03-01,74.28,2010,3,IN,Total Electric Power Industry,Petroleum (Barrels),29083,2.81,1.6400434423899,90.2928,38.4,15.02,7130
843,F002018__3,2010-04-01,77.59,2010,4,IN,Total Electric Power Industry,Petroleum (Barrels),27612,2.84,1.6400434423899,90.5991,55.2,15.02,7130
844,F002018__3,2010-05-01,68.65,2010,5,IN,Total Electric Power Industry,Petroleum (Barrels),27211,2.72,1.6400434423899,91.823,59.9,15.02,7130
845,F002018__3,2010-06-01,68.75,2010,6,IN,Total Electric Power Industry,Petroleum (Barrels),21859,2.51,1.6400434423899,91.9928,70.8,15.02,7130
846,F002018__3,2010-07-01,69.55,2010,7,IN,Total Electric Power Industry,Petroleum (Barrels),28840,2.33,1.6400434423899,92.3421,74.6,15.02,7130
847,F002018__3,2010-08-01,69.8,2010,8,IN,Total Electric Power Industry,Petroleum (Barrels),26032,2.43,1.6400434423899,92.6805,74.4,15.02,7130
848,F002018__3,2010-09-01,69.0,2010,9,IN,Total Electric Power Industry,Petroleum (Barrels),21078,2.08,1.6400434423899,92.9537,63.1,15.02,7130
849,F002018__3,2010-10-01,74.9,2010,10,IN,Total Electric Power Industry,Petroleum (Barrels),14357,2.12,1.6400434423899,92.6903,53.9,15.02,7130
850,F002018__3,2010-11-01,77.55,2010,11,IN,Total Electric Power Industry,Petroleum (Barrels),18399,2.32,1.6400434423899,92.7709,38.0,15.02,7130
851,F002018__3,2010-12-01,82.26,2010,12,IN,Total Electric Power Industry,Petroleum (Barrels),22037,2.44,1.6400434423899,93.6787,19.1,15.02,7130
852,F002018__3,2011-01-01,83.08,2011,1,IN,Total Electric Power Industry,Petroleum (Barrels),74638,2.75,3.156841568622,93.4814,14.8,17.84,7680
853,F002018__3,2011-02-01,83.04,2011,2,IN,Total Electric Power Industry,Petroleum (Barrels),200349,2.87,3.156841568622,93.1102,22.6,17.84,7680
854,F002018__3,2011-03-01,95.69,2011,3,IN,Total Electric Power Industry,Petroleum (Barrels),221676,2.75,3.156841568622,94.0788,35.1,17.84,7680
855,F002018__3,2011-04-01,103.16,2011,4,IN,Total Electric Power Industry,Petroleum (Barrels),148817,2.66,3.156841568622,93.7749,47.6,17.84,7680
856,F002018__3,2011-05-01,94.85,2011,5,IN,Total Electric Power Industry,Petroleum (Barrels),196373,2.7,3.156841568622,93.888,59.1,17.84,7680
857,F002018__3,2011-06-01,89.77,2011,6,IN,Total Electric Power Industry,Petroleum (Barrels),178268,2.52,3.156841568622,94.172,69.6,17.84,7680
858,F002018__3,2011-07-01,90.49,2011,7,IN,Total Electric Power Industry,Petroleum (Barrels),124129,2.72,3.156841568622,94.636,78.0,17.84,7680
859,F002018__3,2011-08-01,79.94,2011,8,IN,Total Electric Power Industry,Petroleum (Barrels),173824,2.39,3.156841568622,95.2749,72.0,17.84,7680
860,F002018__3,2011-09-01,79.17,2011,9,IN,Total Electric Power Industry,Petroleum (Barrels),207356,1.96,3.156841568622,95.1961,60.2,17.84,7680
861,F002018__3,2011-10-01,79.88,2011,10,IN,Total Electric Power Industry,Petroleum (Barrels),68487,1.56,3.156841568622,95.8568,53.4,17.84,7680
862,F002018__3,2011-11-01,90.12,2011,11,IN,Total Electric Power Industry,Petroleum (Barrels),27667,1.78,3.156841568622,95.8485,39.4,17.84,7680
863,F002018__3,2011-12-01,92.03,2011,12,IN,Total Electric Power Industry,Petroleum (Barrels),119872,1.84,3.156841568622,96.3571,29.1,17.84,7680
864,F002018__3,2012-01-01,93.41,2012,1,IN,Total Electric Power Industry,Petroleum (Barrels),224111,,2.06933726526067,96.9318,26.5,18.16,7703
865,F002018__3,2012-02-01,95.84,2012,2,IN,Total Electric Power Industry,Petroleum (Barrels),212352,1.64,2.06933726526067,97.2435,29.6,18.16,7703
866,F002018__3,2012-03-01,99.56,2012,3,IN,Total Electric Power Industry,Petroleum (Barrels),18983,1.73,2.06933726526067,96.74,51.6,18.16,7703
867,F002018__3,2012-04-01,96.78,2012,4,IN,Total Electric Power Industry,Petroleum (Barrels),13942,1.89,2.06933726526067,97.4359,52.4,18.16,7703
868,F002018__3,2012-05-01,95.92,2012,5,IN,Total Electric Power Industry,Petroleum (Barrels),70786,1.71,2.06933726526067,97.6609,65.0,18.16,7703
869,F002018__3,2012-06-01,76.87,2012,6,IN,Total Electric Power Industry,Petroleum (Barrels),221771,1.22,2.06933726526067,97.6663,71.4,18.16,7703
870,F002018__3,2012-07-01,81.41,2012,7,IN,Total Electric Power Industry,Petroleum (Barrels),64917,1.31,2.06933726526067,97.8713,79.6,18.16,7703
871,F002018__3,2012-08-01,88.24,2012,8,IN,Total Electric Power Industry,Petroleum (Barrels),177304,1.32,2.06933726526067,97.4525,71.0,18.16,7703
872,F002018__3,2012-09-01,89.54,2012,9,IN,Total Electric Power Industry,Petroleum (Barrels),182953,,2.06933726526067,97.381,62.1,18.16,7703
873,F002018__3,2012-10-01,84.77,2012,10,IN,Total Electric Power Industry,Petroleum (Barrels),18501,1.39,2.06933726526067,97.7193,48.8,18.16,7703
874,F002018__3,2012-11-01,81.89,2012,11,IN,Total Electric Power Industry,Petroleum (Barrels),16978,1.45,2.06933726526067,98.0777,39.1,18.16,7703
875,F002018__3,2012-12-01,85.34,2012,12,IN,Total Electric Power Industry,Petroleum (Barrels),16764,1.38,2.06933726526067,98.3101,27.7,18.16,7703
876,F002018__3,2013-01-01,89.35,2013,1,IN,Total Electric Power Industry,Petroleum (Barrels),202760,,1.46483265562717,98.3342,22.0,17.99,7707
877,F002018__3,2013-02-01,90.39,2013,2,IN,Total Electric Power Industry,Petroleum (Barrels),161309,1.77,1.46483265562717,98.7941,24.2,17.99,7707
878,F002018__3,2013-03-01,88.36,2013,3,IN,Total Electric Power Industry,Petroleum (Barrels),212046,1.61,1.46483265562717,99.1921,29.0,17.99,7707
879,F002018__3,2013-04-01,87.29,2013,4,IN,Total Electric Power Industry,Petroleum (Barrels),33012,1.63,1.46483265562717,99.1065,43.8,17.99,7707
880,F002018__3,2013-05-01,90.48,2013,5,IN,Total Electric Power Industry,Petroleum (Barrels),227903,1.46,1.46483265562717,99.1839,59.0,17.99,7707
881,F002018__3,2013-06-01,91.11,2013,6,IN,Total Electric Power Industry,Petroleum (Barrels),143473,1.83,1.46483265562717,99.3897,68.9,17.99,7707
882,F002018__3,2013-07-01,99.84,2013,7,IN,Total Electric Power Industry,Petroleum (Barrels),206719,2.16,1.46483265562717,99.0814,72.3,17.99,7707
883,F002018__3,2013-08-01,101.56,2013,8,IN,Total Electric Power Industry,Petroleum (Barrels),224175,2.39,1.46483265562717,99.6543,71.9,17.99,7707
884,F002018__3,2013-09-01,101.57,2013,9,IN,Total Electric Power Industry,Petroleum (Barrels),114798,,1.46483265562717,100.161,67.0,17.99,7707
885,F002018__3,2013-10-01,95.72,2013,10,IN,Total Electric Power Industry,Petroleum (Barrels),20372,2.33,1.46483265562717,100.082,50.5,17.99,7707
886,F002018__3,2013-11-01,89.12,2013,11,IN,Total Electric Power Industry,Petroleum (Barrels),181324,2.32,1.46483265562717,100.3158,33.9,17.99,7707
887,F002018__3,2013-12-01,92.45,2013,12,IN,Total Electric Power Industry,Petroleum (Barrels),243541,2.51,1.46483265562717,100.5175,17.4,17.99,7707
888,F002018__3,2014-01-01,89.86,2014,1,IN,Total Electric Power Industry,Petroleum (Barrels),194045,,1.62222297740817,100.1599,14.2,18.07,7981
889,F002018__3,2014-02-01,95.21,2014,2,IN,Total Electric Power Industry,Petroleum (Barrels),67273,2.31,1.62222297740817,100.9168,13.2,18.07,7981
890,F002018__3,2014-03-01,95.3,2014,3,IN,Total Electric Power Industry,Petroleum (Barrels),217050,2.28,1.62222297740817,101.8942,29.7,18.07,7981
891,F002018__3,2014-04-01,96.79,2014,4,IN,Total Electric Power Industry,Petroleum (Barrels),145289,2.33,1.62222297740817,101.9928,47.5,18.07,7981
892,F002018__3,2014-05-01,96.49,2014,5,IN,Total Electric Power Industry,Petroleum (Barrels),158616,2.22,1.62222297740817,102.3836,60.0,18.07,7981
893,F002018__3,2014-06-01,99.69,2014,6,IN,Total Electric Power Industry,Petroleum (Barrels),158570,2.15,1.62222297740817,102.735,70.2,18.07,7981
894,F002018__3,2014-07-01,97.3,2014,7,IN,Total Electric Power Industry,Petroleum (Barrels),174964,2.11,1.62222297740817,102.9632,68.8,18.07,7981
895,F002018__3,2014-08-01,91.16,2014,8,IN,Total Electric Power Industry,Petroleum (Barrels),149243,2.05,1.62222297740817,102.7688,71.2,18.07,7981
896,F002018__3,2014-09-01,98.27,2014,9,IN,Total Electric Power Industry,Petroleum (Barrels),147941,,1.62222297740817,103.0641,62.0,18.07,7981
897,F002018__3,2014-10-01,79.78,2014,10,IN,Total Electric Power Industry,Petroleum (Barrels),29221,1.89,1.62222297740817,103.0764,51.2,18.07,7981
898,F002018__3,2014-11-01,71.09,2014,11,IN,Total Electric Power Industry,Petroleum (Barrels),114159,1.84,1.62222297740817,103.7126,29.3,18.07,7981
899,F002018__3,2014-12-01,54.75,2014,12,IN,Total Electric Power Industry,Petroleum (Barrels),144149,1.73,1.62222297740817,103.7044,28.2,18.07,7981
900,F002018__3,2015-01-01,43.57,2015,1,IN,Total Electric Power Industry,Petroleum (Barrels),227811,,0.118627135552451,102.8905,21.6,15.01,8068
901,F002018__3,2015-02-01,46.08,2015,2,IN,Total Electric Power Industry,Petroleum (Barrels),281440,1.19,0.118627135552451,102.2335,14.5,15.01,8068
902,F002018__3,2015-03-01,43.09,2015,3,IN,Total Electric Power Industry,Petroleum (Barrels),25410,1.42,0.118627135552451,101.8914,37.3,15.01,8068
903,F002018__3,2015-04-01,49.38,2015,4,IN,Total Electric Power Industry,Petroleum (Barrels),16990,1.32,0.118627135552451,101.3355,51.1,15.01,8068
904,F002018__3,2015-05-01,54.59,2015,5,IN,Total Electric Power Industry,Petroleum (Barrels),99658,1.52,0.118627135552451,100.8883,60.0,15.01,8068
905,F002018__3,2015-06-01,54.85,2015,6,IN,Total Electric Power Industry,Petroleum (Barrels),319090,1.55,0.118627135552451,100.571,69.4,15.01,8068
906,F002018__3,2015-07-01,47.46,2015,7,IN,Total Electric Power Industry,Petroleum (Barrels),265553,1.74,0.118627135552451,101.2228,72.0,15.01,8068
907,F002018__3,2015-08-01,39.13,2015,8,IN,Total Electric Power Industry,Petroleum (Barrels),225895,1.48,0.118627135552451,101.0367,68.9,15.01,8068
908,F002018__3,2015-09-01,40.93,2015,9,IN,Total Electric Power Industry,Petroleum (Barrels),218212,1.47,0.118627135552451,100.7547,68.4,15.01,8068
909,F002018__3,2015-10-01,42.2,2015,10,IN,Total Electric Power Industry,Petroleum (Barrels),35067,1.41,0.118627135552451,100.2675,53.0,15.01,8068
910,F002018__3,2015-11-01,38.62,2015,11,IN,Total Electric Power Industry,Petroleum (Barrels),291780,1.43,0.118627135552451,99.5298,42.0,15.01,8068
911,F002018__3,2015-12-01,33.41,2015,12,IN,Total Electric Power Industry,Petroleum (Barrels),212660,1.24,0.118627135552451,99.0417,33.0,15.01,8068
912,F002018__3,2016-01-01,28.47,2016,1,IN,Total Electric Power Industry,Petroleum (Barrels),306995,,1.26158320570536,99.5607,19.6,13.81,8356
913,F002018__3,2016-02-01,26.31,2016,2,IN,Total Electric Power Industry,Petroleum (Barrels),267586,1.16,1.26158320570536,99.0445,28.6,13.81,8356
914,F002018__3,2016-03-01,33.18,2016,3,IN,Total Electric Power Industry,Petroleum (Barrels),106226,0.98,1.26158320570536,98.3096,42.4,13.81,8356
915,F002018__3,2016-04-01,36.5,2016,4,IN,Total Electric Power Industry,Petroleum (Barrels),190571,1.03,1.26158320570536,98.6421,50.1,13.81,8356
916,F002018__3,2016-05-01,42.16,2016,5,IN,Total Electric Power Industry,Petroleum (Barrels),20082,1.08,1.26158320570536,98.4184,59.5,13.81,8356
917,F002018__3,2016-06-01,44.26,2016,6,IN,Total Electric Power Industry,Petroleum (Barrels),15298,0.94,1.26158320570536,98.8833,73.0,13.81,8356
918,F002018__3,2016-07-01,40.99,2016,7,IN,Total Electric Power Industry,Petroleum (Barrels),19754,0.87,1.26158320570536,98.9992,72.8,13.81,8356
919,F002018__3,2016-08-01,40.82,2016,8,IN,Total Electric Power Industry,Petroleum (Barrels),14421,0.84,1.26158320570536,98.85,72.0,13.81,8356
920,F002018__3,2016-09-01,40.85,2016,9,IN,Total Electric Power Industry,Petroleum (Barrels),12430,0.79,1.26158320570536,98.7457,67.3,13.81,8356
921,F002018__3,2016-10-01,45.27,2016,10,IN,Total Electric Power Industry,Petroleum (Barrels),10347,0.83,1.26158320570536,98.7611,55.3,13.81,8356
922,F002018__3,2016-11-01,45.23,2016,11,IN,Total Electric Power Industry,Petroleum (Barrels),14408,1.0,1.26158320570536,98.3491,45.1,13.81,8356
923,F002018__3,2016-12-01,42.34,2016,12,IN,Total Electric Power Industry,Petroleum (Barrels),18940,1.31,1.26158320570536,99.0214,22.9,13.81,8356
924,F002018__3,2017-01-01,48.11,2017,1,IN,Total Electric Power Industry,Petroleum (Barrels),16422,,2.13011000365961,98.7611,24.2,15.16,8541
925,F002018__3,2017-02-01,48.82,2017,2,IN,Total Electric Power Industry,Petroleum (Barrels),12473,1.26,2.13011000365961,98.3646,34.5,15.16,8541
926,F002018__3,2017-03-01,45.69,2017,3,IN,Total Electric Power Industry,Petroleum (Barrels),10727,1.17,2.13011000365961,99.0137,37.5,15.16,8541
927,F002018__3,2017-04-01,47.05,2017,4,IN,Total Electric Power Industry,Petroleum (Barrels),21884,1.11,2.13011000365961,100.0224,51.1,15.16,8541
928,F002018__3,2017-05-01,44.46,2017,5,IN,Total Electric Power Industry,Petroleum (Barrels),22747,1.05,2.13011000365961,100.1408,58.5,15.16,8541
929,F002018__3,2017-06-01,41.11,2017,6,IN,Total Electric Power Industry,Petroleum (Barrels),23203,0.93,2.13011000365961,100.3471,71.1,15.16,8541
930,F002018__3,2017-07-01,42.51,2017,7,IN,Total Electric Power Industry,Petroleum (Barrels),13303,0.94,2.13011000365961,100.1068,74.7,15.16,8541
931,F002018__3,2017-08-01,44.05,2017,8,IN,Total Electric Power Industry,Petroleum (Barrels),13130,0.92,2.13011000365961,99.6925,67.8,15.16,8541
932,F002018__3,2017-09-01,45.46,2017,9,IN,Total Electric Power Industry,Petroleum (Barrels),14965,0.81,2.13011000365961,99.7954,66.7,15.16,8541
933,F002018__3,2017-10-01,47.51,2017,10,IN,Total Electric Power Industry,Petroleum (Barrels),22492,0.85,2.13011000365961,101.0247,53.3,15.16,8541
934,F002018__3,2017-11-01,52.64,2017,11,IN,Total Electric Power Industry,Petroleum (Barrels),23464,0.76,2.13011000365961,101.2664,36.2,15.16,8541
935,F002018__3,2017-12-01,54.13,2017,12,IN,Total Electric Power Industry,Petroleum (Barrels),20800,0.59,2.13011000365961,101.4644,24.4,15.16,8541
936,F002018__3,2018-01-01,59.72,2018,1,IN,Total Electric Power Industry,Petroleum (Barrels),28679,,2.44258329692817,101.4625,17.8,15.87,8726
937,F002018__3,2018-02-01,58.26,2018,2,IN,Total Electric Power Industry,Petroleum (Barrels),11854,0.62,2.44258329692817,101.7085,20.5,15.87,8726
938,F002018__3,2018-03-01,58.89,2018,3,IN,Total Electric Power Industry,Petroleum (Barrels),19037,0.59,2.44258329692817,102.2067,35.2,15.87,8726
939,F002018__3,2018-04-01,62.27,2018,4,IN,Total Electric Power Industry,Petroleum (Barrels),9537,0.48,2.44258329692817,103.3329,39.3,15.87,8726
940,F002018__3,2018-05-01,65.96,2018,5,IN,Total Electric Power Industry,Petroleum (Barrels),22890,0.47,2.44258329692817,102.4024,67.0,15.87,8726
941,F002018__3,2018-06-01,63.46,2018,6,IN,Total Electric Power Industry,Petroleum (Barrels),20857,0.42,2.44258329692817,103.198,73.1,15.87,8726
942,F002018__3,2018-07-01,67.03,2018,7,IN,Total Electric Power Industry,Petroleum (Barrels),19846,0.3,2.44258329692817,103.3646,73.1,15.87,8726
943,F002018__3,2018-08-01,64.03,2018,8,IN,Total Electric Power Industry,Petroleum (Barrels),25074,0.33,2.44258329692817,104.0327,71.8,15.87,8726
944,F002018__3,2018-09-01,66.24,2018,9,IN,Total Electric Power Industry,Petroleum (Barrels),17601,,2.44258329692817,104.1004,65.9,15.87,8726
945,F002018__3,2018-10-01,66.84,2018,10,IN,Total Electric Power Industry,Petroleum (Barrels),19198,0.27,2.44258329692817,103.9856,48.2,15.87,8726
946,F002018__3,2018-11-01,53.14,2018,11,IN,Total Electric Power Industry,Petroleum (Barrels),27091,0.3,2.44258329692817,104.0681,30.0,15.87,8726
947,F002018__3,2018-12-01,45.1,2018,12,IN,Total Electric Power Industry,Petroleum (Barrels),11546,0.15,2.44258329692817,104.0936,28.0,15.87,8726
948,F002018__3,2019-01-01,47.82,2019,1,IN,Total Electric Power Industry,Petroleum (Barrels),22286,,1.81221007526021,103.4021,18.7,15.39,8445
949,F002018__3,2019-02-01,51.35,2019,2,IN,Total Electric Power Industry,Petroleum (Barrels),17920,0.18,1.81221007526021,102.8371,15.3,15.39,8445
950,F002018__3,2019-03-01,54.41,2019,3,IN,Total Electric Power Industry,Petroleum (Barrels),27805,0.21,1.81221007526021,102.8757,31.1,15.39,8445
951,F002018__3,2019-04-01,60.11,2019,4,IN,Total Electric Power Industry,Petroleum (Barrels),13512,0.16,1.81221007526021,102.274,49.2,15.39,8445
952,F002018__3,2019-05-01,57.19,2019,5,IN,Total Electric Power Industry,Petroleum (Barrels),19839,0.21,1.81221007526021,102.392,56.6,15.39,8445
953,F002018__3,2019-06-01,56.78,2019,6,IN,Total Electric Power Industry,Petroleum (Barrels),36386,0.25,1.81221007526021,102.4375,69.3,15.39,8445
954,F002018__3,2019-07-01,51.59,2019,7,IN,Total Electric Power Industry,Petroleum (Barrels),19177,0.25,1.81221007526021,101.9408,75.1,15.39,8445
955,F002018__3,2019-08-01,53.52,2019,8,IN,Total Electric Power Industry,Petroleum (Barrels),16166,0.17,1.81221007526021,102.639,69.6,15.39,8445
956,F002018__3,2019-09-01,51.5,2019,9,IN,Total Electric Power Industry,Petroleum (Barrels),18921,,1.81221007526021,102.2917,68.2,15.39,8445
957,F002018__3,2019-10-01,52.7,2019,10,IN,Total Electric Power Industry,Petroleum (Barrels),20859,0.09,1.81221007526021,101.4281,47.1,15.39,8445
958,F002018__3,2019-11-01,51.01,2019,11,IN,Total Electric Power Industry,Petroleum (Barrels),16008,0.17,1.81221007526021,101.9372,32.4,15.39,8445
959,F002018__3,2019-12-01,53.94,2019,12,IN,Total Electric Power Industry,Petroleum (Barrels),12314,0.22,1.81221007526021,101.7003,29.2,15.39,8445
960,F002018__3,2020-01-01,55.94,2020,1,IN,Total Electric Power Industry,Petroleum (Barrels),27415,,1.23358439630629,101.0338,23.1,14.19,7113
961,F002018__3,2020-02-01,53.46,2020,2,IN,Total Electric Power Industry,Petroleum (Barrels),16086,0.18,1.23358439630629,101.3735,24.9,14.19,7113
962,F002018__3,2020-03-01,27.13,2020,3,IN,Total Electric Power Industry,Petroleum (Barrels),19400,0.26,1.23358439630629,97.4078,40.3,14.19,7113
963,F002018__3,2020-04-01,16.29,2020,4,IN,Total Electric Power Industry,Petroleum (Barrels),8192,0.39,1.23358439630629,84.5619,46.7,14.19,7113
964,F002018__3,2020-05-01,24.92,2020,5,IN,Total Electric Power Industry,Petroleum (Barrels),14713,0.44,1.23358439630629,85.9604,57.6,14.19,7113
965,F002018__3,2020-06-01,34.78,2020,6,IN,Total Electric Power Industry,Petroleum (Barrels),20026,0.52,1.23358439630629,91.5934,72.9,14.19,7113
966,F002018__3,2020-07-01,37.25,2020,7,IN,Total Electric Power Industry,Petroleum (Barrels),29844,0.52,1.23358439630629,95.0256,75.3,14.19,7113
967,F002018__3,2020-08-01,38.65,2020,8,IN,Total Electric Power Industry,Petroleum (Barrels),22176,0.45,1.23358439630629,95.9549,71.9,14.19,7113
968,F002018__3,2020-09-01,36.18,2020,9,IN,Total Electric Power Industry,Petroleum (Barrels),8055,0.55,1.23358439630629,95.9669,61.9,14.19,7113
969,F002018__3,2020-10-01,35.96,2020,10,IN,Total Electric Power Industry,Petroleum (Barrels),22427,0.54,1.23358439630629,96.7394,46.0,14.19,7113
970,F002018__3,2020-11-01,37.81,2020,11,IN,Total Electric Power Industry,Petroleum (Barrels),28450,0.71,1.23358439630629,97.0816,42.0,14.19,7113
971,F002018__3,2020-12-01,43.72,2020,12,IN,Total Electric Power Industry,Petroleum (Barrels),12836,0.75,1.23358439630629,98.363,27.2,14.19,7113
972,F002018__3,2021-01-01,48.27,2021,1,IN,Total Electric Power Industry,Petroleum (Barrels),32470,,4.69785886363742,98.8822,23.9,17.13,7904
973,F002018__3,2021-02-01,55.65,2021,2,IN,Total Electric Power Industry,Petroleum (Barrels),45801,0.98,4.69785886363742,95.6149,12.5,17.13,7904
974,F002018__3,2021-03-01,59.13,2021,3,IN,Total Electric Power Industry,Petroleum (Barrels),13456,1.32,4.69785886363742,98.3856,42.3,17.13,7904
975,F002018__3,2021-04-01,58.09,2021,4,IN,Total Electric Power Industry,Petroleum (Barrels),20969,1.52,4.69785886363742,98.5587,49.3,17.13,7904
976,F002018__3,2021-05-01,61.57,2021,5,IN,Total Electric Power Industry,Petroleum (Barrels),17705,1.47,4.69785886363742,99.4333,59.0,17.13,7904
977,F002018__3,2021-06-01,67.72,2021,6,IN,Total Electric Power Industry,Petroleum (Barrels),22694,1.46,4.69785886363742,99.7987,73.5,17.13,7904
978,F002018__3,2021-07-01,69.33,2021,7,IN,Total Electric Power Industry,Petroleum (Barrels),20289,1.23,4.69785886363742,100.2519,73.4,17.13,7904
979,F002018__3,2021-08-01,64.58,2021,8,IN,Total Electric Power Industry,Petroleum (Barrels),26365,1.03,4.69785886363742,100.0437,72.9,17.13,7904
980,F002018__3,2021-09-01,67.86,2021,9,IN,Total Electric Power Industry,Petroleum (Barrels),11257,1.11,4.69785886363742,98.8579,66.6,17.13,7904
981,F002018__3,2021-10-01,77.23,2021,10,IN,Total Electric Power Industry,Petroleum (Barrels),8840,1.21,4.69785886363742,100.1861,55.5,17.13,7904
982,F002018__3,2021-11-01,75.02,2021,11,IN,Total Electric Power Industry,Petroleum (Barrels),8548,1.08,4.69785886363742,100.8654,39.2,17.13,7904
983,F002018__3,2021-12-01,68.68,2021,12,IN,Total Electric Power Industry,Petroleum (Barrels),28395,0.87,4.69785886363742,100.5726,31.9,17.13,7904
984,F002018__3,2022-01-01,78.97,2022,1,IN,Total Electric Power Industry,Petroleum (Barrels),25576,0.85,8.00279982052121,100.1856,14.9,22.01,8375
985,F002018__3,2022-02-01,88.15,2022,2,IN,Total Electric Power Industry,Petroleum (Barrels),14770,0.63,8.00279982052121,100.8064,21.3,22.01,8375
986,F002018__3,2022-03-01,104.95,2022,3,IN,Total Electric Power Industry,Petroleum (Barrels),20028,0.41,8.00279982052121,101.3907,37.1,22.01,8375
987,F002018__3,2022-04-01,98.92,2022,4,IN,Total Electric Power Industry,Petroleum (Barrels),19159,-0.05,8.00279982052121,101.44,43.8,22.01,8375
988,F002018__3,2022-05-01,106.35,2022,5,IN,Total Electric Power Industry,Petroleum (Barrels),13923,0.26,8.00279982052121,101.3335,61.3,22.01,8375
989,F002018__3,2022-06-01,110.63,2022,6,IN,Total Electric Power Industry,Petroleum (Barrels),17945,0.28,8.00279982052121,101.018,71.6,22.01,8375
990,F002018__3,2022-07-01,97.44,2022,7,IN,Total Electric Power Industry,Petroleum (Barrels),41566,0.04,8.00279982052121,101.223,74.2,22.01,8375
991,F002018__3,2022-08-01,88.57,2022,8,IN,Total Electric Power Industry,Petroleum (Barrels),16377,-0.3,8.00279982052121,101.0963,72.0,22.01,8375
992,F002018__3,2022-09-01,80.77,2022,9,IN,Total Electric Power Industry,Petroleum (Barrels),11319,-0.25,8.00279982052121,101.2918,65.1,22.01,8375
993,F002018__3,2022-10-01,83.47,2022,10,IN,Total Electric Power Industry,Petroleum (Barrels),11559,-0.45,8.00279982052121,101.2529,50.4,22.01,8375
994,F002018__3,2022-11-01,81.1,2022,11,IN,Total Electric Power Industry,Petroleum (Barrels),18838,-0.47,8.00279982052121,100.9552,37.1,22.01,8375
995,F002018__3,2022-12-01,73.75,2022,12,IN,Total Electric Power Industry,Petroleum (Barrels),23476,-0.72,8.00279982052121,99.7664,21.3,22.01,8375
996,F002018__3,2023-01-01,75.13,2023,1,IN,Total Electric Power Industry,Petroleum (Barrels),24631,,4.11633838374488,100.505,24.2,19.87,8607
997,F002018__3,2023-02-01,73.53,2023,2,IN,Total Electric Power Industry,Petroleum (Barrels),11140,-0.7,4.11633838374488,100.6416,26.2,19.87,8607
998,F002018__3,2023-03-01,70.2,2023,3,IN,Total Electric Power Industry,Petroleum (Barrels),27055,-0.88,4.11633838374488,101.0205,34.0,19.87,8607
999,F002018__3,2023-04-01,75.6,2023,4,IN,Total Electric Power Industry,Petroleum (Barrels),7340,-0.54,4.11633838374488,101.253,49.3,19.87,8607
1000,F002018__3,2023-05-01,68.61,2023,5,IN,Total Electric Power Industry,Petroleum (Barrels),9476,-0.55,4.11633838374488,100.9286,62.7,19.87,8607
1001,F002018__3,2023-06-01,67.12,2023,6,IN,Total Electric Power Industry,Petroleum (Barrels),28664,-0.72,4.11633838374488,100.1196,71.3,19.87,8607
1002,F002018__3,2023-07-01,72.15,2023,7,IN,Total Electric Power Industry,Petroleum (Barrels),18575,-1.08,4.11633838374488,100.9067,72.0,19.87,8607
1003,F002018__3,2023-08-01,77.88,2023,8,IN,Total Electric Power Industry,Petroleum (Barrels),17714,-0.87,4.11633838374488,100.8393,72.5,19.87,8607
1004,F002018__3,2023-09-01,85.24,2023,9,IN,Total Electric Power Industry,Petroleum (Barrels),12194,-0.69,4.11633838374488,101.0211,67.2,19.87,8607
1005,F002018__3,2023-10-01,82.63,2023,10,IN,Total Electric Power Industry,Petroleum (Barrels),21786,-0.43,4.11633838374488,100.4689,53.4,19.87,8607
1006,F002018__3,2023-11-01,74.53,2023,11,IN,Total Electric Power Industry,Petroleum (Barrels),7931,-0.18,4.11633838374488,100.8639,38.9,19.87,8607
1007,F002018__3,2023-12-01,69.25,2023,12,IN,Total Electric Power Industry,Petroleum (Barrels),18869,-0.34,4.11633838374488,100.6031,34.5,19.87,8607
1008,F002020__3,2001-01-01,27.28,2001,1,KS,Total Electric Power Industry,Petroleum (Barrels),190099,,2.82617111885407,91.902,31.8,10.71,6111
1009,F002020__3,2001-02-01,27.59,2001,2,KS,Total Electric Power Industry,Petroleum (Barrels),144476,0.55,2.82617111885407,91.3034,41.3,10.71,6111
1010,F002020__3,2001-03-01,24.89,2001,3,KS,Total Electric Power Industry,Petroleum (Barrels),148401,0.46,2.82617111885407,91.1162,41.4,10.71,6111
1011,F002020__3,2001-04-01,25.14,2001,4,KS,Total Electric Power Industry,Petroleum (Barrels),144257,0.76,2.82617111885407,90.7891,59.9,10.71,6111
1012,F002020__3,2001-05-01,26.05,2001,5,KS,Total Electric Power Industry,Petroleum (Barrels),100768,1.07,2.82617111885407,90.3555,66.2,10.71,6111
1013,F002020__3,2001-06-01,24.95,2001,6,KS,Total Electric Power Industry,Petroleum (Barrels),115453,1.17,2.82617111885407,89.8784,71.0,10.71,6111
1014,F002020__3,2001-07-01,23.86,2001,7,KS,Total Electric Power Industry,Petroleum (Barrels),65684,1.16,2.82617111885407,89.3028,75.7,10.71,6111
1015,F002020__3,2001-08-01,24.72,2001,8,KS,Total Electric Power Industry,Petroleum (Barrels),124698,1.28,2.82617111885407,89.2003,76.4,10.71,6111
1016,F002020__3,2001-09-01,24.09,2001,9,KS,Total Electric Power Industry,Petroleum (Barrels),8241,,2.82617111885407,88.7485,66.3,10.71,6111
1017,F002020__3,2001-10-01,19.69,2001,10,KS,Total Electric Power Industry,Petroleum (Barrels),32655,1.73,2.82617111885407,88.5052,56.1,10.71,6111
1018,F002020__3,2001-11-01,17.23,2001,11,KS,Total Electric Power Industry,Petroleum (Barrels),58281,1.75,2.82617111885407,87.97,51.2,10.71,6111
1019,F002020__3,2001-12-01,16.99,2001,12,KS,Total Electric Power Industry,Petroleum (Barrels),38261,1.93,2.82617111885407,87.9324,41.8,10.71,6111
1020,F002020__3,2002-01-01,17.11,2002,1,KS,Total Electric Power Industry,Petroleum (Barrels),100457,,1.58603162650601,88.5176,37.9,9.83,6214
1021,F002020__3,2002-02-01,18.21,2002,2,KS,Total Electric Power Industry,Petroleum (Barrels),120795,1.94,1.58603162650601,88.5278,38.8,9.83,6214
1022,F002020__3,2002-03-01,21.94,2002,3,KS,Total Electric Power Industry,Petroleum (Barrels),221782,1.8,1.58603162650601,89.1686,45.6,9.83,6214
1023,F002020__3,2002-04-01,23.7,2002,4,KS,Total Electric Power Industry,Petroleum (Barrels),65925,1.7,1.58603162650601,89.604,58.6,9.83,6214
1024,F002020__3,2002-05-01,24.54,2002,5,KS,Total Electric Power Industry,Petroleum (Barrels),32907,1.87,1.58603162650601,89.964,62.1,9.83,6214
1025,F002020__3,2002-06-01,23.29,2002,6,KS,Total Electric Power Industry,Petroleum (Barrels),5622,1.87,1.58603162650601,90.7061,74.3,9.83,6214
1026,F002020__3,2002-07-01,24.32,2002,7,KS,Total Electric Power Industry,Petroleum (Barrels),28451,1.97,1.58603162650601,90.6769,78.3,9.83,6214
1027,F002020__3,2002-08-01,25.6,2002,8,KS,Total Electric Power Industry,Petroleum (Barrels),106315,2.32,1.58603162650601,90.5762,77.2,9.83,6214
1028,F002020__3,2002-09-01,27.21,2002,9,KS,Total Electric Power Industry,Petroleum (Barrels),60851,,1.58603162650601,90.6531,71.7,9.83,6214
1029,F002020__3,2002-10-01,26.44,2002,10,KS,Total Electric Power Industry,Petroleum (Barrels),54197,1.92,1.58603162650601,90.4643,57.4,9.83,6214
1030,F002020__3,2002-11-01,23.92,2002,11,KS,Total Electric Power Industry,Petroleum (Barrels),36400,2.25,1.58603162650601,90.9711,43.6,9.83,6214
1031,F002020__3,2002-12-01,27.02,2002,12,KS,Total Electric Power Industry,Petroleum (Barrels),89686,2.15,1.58603162650601,90.4652,36.5,9.83,6214
1032,F002020__3,2003-01-01,30.3,2003,1,KS,Total Electric Power Industry,Petroleum (Barrels),189496,,2.27009497336115,91.2361,28.4,11.11,6176
1033,F002020__3,2003-02-01,33.26,2003,2,KS,Total Electric Power Industry,Petroleum (Barrels),146096,2.29,2.27009497336115,91.3445,33.6,11.11,6176
1034,F002020__3,2003-03-01,30.9,2003,3,KS,Total Electric Power Industry,Petroleum (Barrels),80515,2.16,2.27009497336115,91.1044,48.8,11.11,6176
1035,F002020__3,2003-04-01,26.09,2003,4,KS,Total Electric Power Industry,Petroleum (Barrels),99614,2.34,2.27009497336115,90.5617,57.7,11.11,6176
1036,F002020__3,2003-05-01,25.9,2003,5,KS,Total Electric Power Industry,Petroleum (Barrels),69505,2.38,2.27009497336115,90.537,64.2,11.11,6176
1037,F002020__3,2003-06-01,28.08,2003,6,KS,Total Electric Power Industry,Petroleum (Barrels),136327,2.1,2.27009497336115,90.6527,68.7,11.11,6176
1038,F002020__3,2003-07-01,28.45,2003,7,KS,Total Electric Power Industry,Petroleum (Barrels),408143,2.26,2.27009497336115,91.1185,75.2,11.11,6176
1039,F002020__3,2003-08-01,29.33,2003,8,KS,Total Electric Power Industry,Petroleum (Barrels),312939,2.59,2.27009497336115,90.9197,75.9,11.11,6176
1040,F002020__3,2003-09-01,25.99,2003,9,KS,Total Electric Power Industry,Petroleum (Barrels),22371,,2.27009497336115,91.5059,66.2,11.11,6176
1041,F002020__3,2003-10-01,28.05,2003,10,KS,Total Electric Power Industry,Petroleum (Barrels),25701,2.49,2.27009497336115,91.6186,56.7,11.11,6176
1042,F002020__3,2003-11-01,28.6,2003,11,KS,Total Electric Power Industry,Petroleum (Barrels),69847,2.5,2.27009497336115,92.2329,50.5,11.11,6176
1043,F002020__3,2003-12-01,29.93,2003,12,KS,Total Electric Power Industry,Petroleum (Barrels),115012,2.28,2.27009497336115,92.2602,37.0,11.11,6176
1044,F002020__3,2004-01-01,31.84,2004,1,KS,Total Electric Power Industry,Petroleum (Barrels),201919,,2.67723669309172,92.4006,32.5,12.56,6283
1045,F002020__3,2004-02-01,32.33,2004,2,KS,Total Electric Power Industry,Petroleum (Barrels),262174,2.35,2.67723669309172,92.958,36.9,12.56,6283
1046,F002020__3,2004-03-01,34.58,2004,3,KS,Total Electric Power Industry,Petroleum (Barrels),175155,2.33,2.67723669309172,92.5861,49.3,12.56,6283
1047,F002020__3,2004-04-01,34.44,2004,4,KS,Total Electric Power Industry,Petroleum (Barrels),40996,2.26,2.67723669309172,92.93,55.8,12.56,6283
1048,F002020__3,2004-05-01,37.88,2004,5,KS,Total Electric Power Industry,Petroleum (Barrels),140343,2.19,2.67723669309172,93.6013,69.2,12.56,6283
1049,F002020__3,2004-06-01,35.92,2004,6,KS,Total Electric Power Industry,Petroleum (Barrels),128565,2.11,2.67723669309172,92.871,72.1,12.56,6283
1050,F002020__3,2004-07-01,38.47,2004,7,KS,Total Electric Power Industry,Petroleum (Barrels),277453,1.93,2.67723669309172,93.5649,74.3,12.56,6283
1051,F002020__3,2004-08-01,42.79,2004,8,KS,Total Electric Power Industry,Petroleum (Barrels),177760,1.82,2.67723669309172,93.6277,71.2,12.56,6283
1052,F002020__3,2004-09-01,43.53,2004,9,KS,Total Electric Power Industry,Petroleum (Barrels),41968,1.72,2.67723669309172,93.7467,68.7,12.56,6283
1053,F002020__3,2004-10-01,50.74,2004,10,KS,Total Electric Power Industry,Petroleum (Barrels),31062,1.58,2.67723669309172,94.5465,60.0,12.56,6283
1054,F002020__3,2004-11-01,46.45,2004,11,KS,Total Electric Power Industry,Petroleum (Barrels),46252,1.5,2.67723669309172,94.7813,50.5,12.56,6283
1055,F002020__3,2004-12-01,41.12,2004,12,KS,Total Electric Power Industry,Petroleum (Barrels),91245,1.37,2.67723669309172,95.5365,36.4,12.56,6283
1056,F002020__3,2005-01-01,44.57,2005,1,KS,Total Electric Power Industry,Petroleum (Barrels),183745,1.13,3.3927468454955,95.8801,39.0,14.9,6542
1057,F002020__3,2005-02-01,45.89,2005,2,KS,Total Electric Power Industry,Petroleum (Barrels),70419,0.86,3.3927468454955,96.5761,40.9,14.9,6542
1058,F002020__3,2005-03-01,52.43,2005,3,KS,Total Electric Power Industry,Petroleum (Barrels),89617,0.79,3.3927468454955,96.4456,42.6,14.9,6542
1059,F002020__3,2005-04-01,50.8,2005,4,KS,Total Electric Power Industry,Petroleum (Barrels),97609,0.71,3.3927468454955,96.6532,57.0,14.9,6542
1060,F002020__3,2005-05-01,46.48,2005,5,KS,Total Electric Power Industry,Petroleum (Barrels),183640,0.57,3.3927468454955,96.7402,61.7,14.9,6542
1061,F002020__3,2005-06-01,52.75,2005,6,KS,Total Electric Power Industry,Petroleum (Barrels),133293,0.41,3.3927468454955,97.1753,73.9,14.9,6542
1062,F002020__3,2005-07-01,55.32,2005,7,KS,Total Electric Power Industry,Petroleum (Barrels),184880,0.3,3.3927468454955,96.8676,77.4,14.9,6542
1063,F002020__3,2005-08-01,61.15,2005,8,KS,Total Electric Power Industry,Petroleum (Barrels),260082,0.28,3.3927468454955,97.1833,78.0,14.9,6542
1064,F002020__3,2005-09-01,61.44,2005,9,KS,Total Electric Power Industry,Petroleum (Barrels),235816,0.3,3.3927468454955,95.3005,71.5,14.9,6542
1065,F002020__3,2005-10-01,58.42,2005,10,KS,Total Electric Power Industry,Petroleum (Barrels),105398,0.18,3.3927468454955,96.4572,57.9,14.9,6542
1066,F002020__3,2005-11-01,54.53,2005,11,KS,Total Electric Power Industry,Petroleum (Barrels),34281,0.16,3.3927468454955,97.5414,48.2,14.9,6542
1067,F002020__3,2005-12-01,55.37,2005,12,KS,Total Electric Power Industry,Petroleum (Barrels),278652,0.07,3.3927468454955,98.0452,33.3,14.9,6542
1068,F002020__3,2006-01-01,61.34,2006,1,KS,Total Electric Power Industry,Petroleum (Barrels),2884,,3.22594410070404,98.1999,43.1,16.19,6377
1069,F002020__3,2006-02-01,57.45,2006,2,KS,Total Electric Power Industry,Petroleum (Barrels),5668,-0.02,3.22594410070404,98.2413,36.2,16.19,6377
1070,F002020__3,2006-03-01,57.6,2006,3,KS,Total Electric Power Industry,Petroleum (Barrels),13265,-0.12,3.22594410070404,98.4628,46.1,16.19,6377
1071,F002020__3,2006-04-01,64.36,2006,4,KS,Total Electric Power Industry,Petroleum (Barrels),7295,0.02,3.22594410070404,98.7618,60.3,16.19,6377
1072,F002020__3,2006-05-01,64.99,2006,5,KS,Total Electric Power Industry,Petroleum (Barrels),21555,0.2,3.22594410070404,98.7869,62.6,16.19,6377
1073,F002020__3,2006-06-01,65.25,2006,6,KS,Total Electric Power Industry,Petroleum (Barrels),10274,0.07,3.22594410070404,99.0997,71.4,16.19,6377
1074,F002020__3,2006-07-01,68.63,2006,7,KS,Total Electric Power Industry,Petroleum (Barrels),12547,-0.02,3.22594410070404,99.0489,76.7,16.19,6377
1075,F002020__3,2006-08-01,67.25,2006,8,KS,Total Electric Power Industry,Petroleum (Barrels),10240,0.02,3.22594410070404,99.4836,77.4,16.19,6377
1076,F002020__3,2006-09-01,58.43,2006,9,KS,Total Electric Power Industry,Petroleum (Barrels),11010,-0.04,3.22594410070404,99.3183,64.8,16.19,6377
1077,F002020__3,2006-10-01,53.4,2006,10,KS,Total Electric Power Industry,Petroleum (Barrels),7695,-0.04,3.22594410070404,99.2044,54.2,16.19,6377
1078,F002020__3,2006-11-01,53.33,2006,11,KS,Total Electric Power Industry,Petroleum (Barrels),12831,-0.09,3.22594410070404,99.1627,47.3,16.19,6377
1079,F002020__3,2006-12-01,56.28,2006,12,KS,Total Electric Power Industry,Petroleum (Barrels),7065,-0.09,3.22594410070404,100.1735,41.6,16.19,6377
1080,F002020__3,2007-01-01,48.91,2007,1,KS,Total Electric Power Industry,Petroleum (Barrels),40249,,2.85267248150138,99.8346,38.0,17.32,6306
1081,F002020__3,2007-02-01,53.75,2007,2,KS,Total Electric Power Industry,Petroleum (Barrels),37724,-0.12,2.85267248150138,100.7753,29.8,17.32,6306
1082,F002020__3,2007-03-01,54.8,2007,3,KS,Total Electric Power Industry,Petroleum (Barrels),36839,-0.07,2.85267248150138,100.9547,53.3,17.32,6306
1083,F002020__3,2007-04-01,58.13,2007,4,KS,Total Electric Power Industry,Petroleum (Barrels),39183,0.05,2.85267248150138,101.6334,53.5,17.32,6306
1084,F002020__3,2007-05-01,57.43,2007,5,KS,Total Electric Power Industry,Petroleum (Barrels),38316,0.01,2.85267248150138,101.7306,67.8,17.32,6306
1085,F002020__3,2007-06-01,61.24,2007,6,KS,Total Electric Power Industry,Petroleum (Barrels),38154,-0.02,2.85267248150138,101.7893,73.7,17.32,6306
1086,F002020__3,2007-07-01,68.03,2007,7,KS,Total Electric Power Industry,Petroleum (Barrels),42437,0.14,2.85267248150138,101.6672,74.6,17.32,6306
1087,F002020__3,2007-08-01,66.44,2007,8,KS,Total Electric Power Industry,Petroleum (Barrels),47850,0.2,2.85267248150138,101.863,80.9,17.32,6306
1088,F002020__3,2007-09-01,73.27,2007,9,KS,Total Electric Power Industry,Petroleum (Barrels),29684,,2.85267248150138,102.0894,71.9,17.32,6306
1089,F002020__3,2007-10-01,80.06,2007,10,KS,Total Electric Power Industry,Petroleum (Barrels),35427,0.54,2.85267248150138,101.8015,62.4,17.32,6306
1090,F002020__3,2007-11-01,89.42,2007,11,KS,Total Electric Power Industry,Petroleum (Barrels),41131,0.59,2.85267248150138,102.3446,46.0,17.32,6306
1091,F002020__3,2007-12-01,85.92,2007,12,KS,Total Electric Power Industry,Petroleum (Barrels),43117,0.99,2.85267248150138,102.3803,40.7,17.32,6306
1092,F002020__3,2008-01-01,87.02,2008,1,KS,Total Electric Power Industry,Petroleum (Barrels),45511,,3.839100296651,102.2448,33.3,19.85,6737
1093,F002020__3,2008-02-01,89.02,2008,2,KS,Total Electric Power Industry,Petroleum (Barrels),27655,1.53,3.839100296651,101.8438,37.5,19.85,6737
1094,F002020__3,2008-03-01,99.01,2008,3,KS,Total Electric Power Industry,Petroleum (Barrels),28535,1.93,3.839100296651,101.5336,45.2,19.85,6737
1095,F002020__3,2008-04-01,106.42,2008,4,KS,Total Electric Power Industry,Petroleum (Barrels),27228,1.77,3.839100296651,100.8785,55.4,19.85,6737
1096,F002020__3,2008-05-01,119.12,2008,5,KS,Total Electric Power Industry,Petroleum (Barrels),29097,1.41,3.839100296651,100.2674,61.8,19.85,6737
1097,F002020__3,2008-06-01,127.72,2008,6,KS,Total Electric Power Industry,Petroleum (Barrels),17449,1.47,3.839100296651,100.0335,74.3,19.85,6737
1098,F002020__3,2008-07-01,127.09,2008,7,KS,Total Electric Power Industry,Petroleum (Barrels),31437,1.38,3.839100296651,99.676,75.2,19.85,6737
1099,F002020__3,2008-08-01,109.39,2008,8,KS,Total Electric Power Industry,Petroleum (Barrels),41980,1.46,3.839100296651,98.1111,73.9,19.85,6737
1100,F002020__3,2008-09-01,97.06,2008,9,KS,Total Electric Power Industry,Petroleum (Barrels),27561,,3.839100296651,93.7895,71.0,19.85,6737
1101,F002020__3,2008-10-01,69.78,2008,10,KS,Total Electric Power Industry,Petroleum (Barrels),25152,1.95,3.839100296651,94.7219,56.7,19.85,6737
1102,F002020__3,2008-11-01,50.55,2008,11,KS,Total Electric Power Industry,Petroleum (Barrels),20814,2.51,3.839100296651,93.4715,43.2,19.85,6737
1103,F002020__3,2008-12-01,34.32,2008,12,KS,Total Electric Power Industry,Petroleum (Barrels),26586,1.82,3.839100296651,90.8357,36.7,19.85,6737
1104,F002020__3,2009-01-01,34.45,2009,1,KS,Total Electric Power Industry,Petroleum (Barrels),36674,,-0.355546266299747,88.57,30.2,15.67,6656
1105,F002020__3,2009-02-01,33.98,2009,2,KS,Total Electric Power Industry,Petroleum (Barrels),31567,1.87,-0.355546266299747,88.031,38.9,15.67,6656
1106,F002020__3,2009-03-01,40.46,2009,3,KS,Total Electric Power Industry,Petroleum (Barrels),31021,2.02,-0.355546266299747,86.6528,48.1,15.67,6656
1107,F002020__3,2009-04-01,43.12,2009,4,KS,Total Electric Power Industry,Petroleum (Barrels),23386,1.85,-0.355546266299747,85.9344,55.8,15.67,6656
1108,F002020__3,2009-05-01,51.86,2009,5,KS,Total Electric Power Industry,Petroleum (Barrels),28748,2.29,-0.355546266299747,85.0665,64.8,15.67,6656
1109,F002020__3,2009-06-01,62.47,2009,6,KS,Total Electric Power Industry,Petroleum (Barrels),22297,2.74,-0.355546266299747,84.7459,73.9,15.67,6656
1110,F002020__3,2009-07-01,57.28,2009,7,KS,Total Electric Power Industry,Petroleum (Barrels),37940,2.5,-0.355546266299747,85.7027,71.8,15.67,6656
1111,F002020__3,2009-08-01,63.84,2009,8,KS,Total Electric Power Industry,Petroleum (Barrels),31723,2.48,-0.355546266299747,86.6426,73.6,15.67,6656
1112,F002020__3,2009-09-01,61.96,2009,9,KS,Total Electric Power Industry,Petroleum (Barrels),18292,2.46,-0.355546266299747,87.4063,69.0,15.67,6656
1113,F002020__3,2009-10-01,68.59,2009,10,KS,Total Electric Power Industry,Petroleum (Barrels),32832,2.34,-0.355546266299747,87.6419,53.8,15.67,6656
1114,F002020__3,2009-11-01,70.58,2009,11,KS,Total Electric Power Industry,Petroleum (Barrels),22772,2.53,-0.355546266299747,88.0221,49.2,15.67,6656
1115,F002020__3,2009-12-01,67.49,2009,12,KS,Total Electric Power Industry,Petroleum (Barrels),36174,2.61,-0.355546266299747,88.3793,35.6,15.67,6656
1116,F002020__3,2010-01-01,70.9,2010,1,KS,Total Electric Power Industry,Petroleum (Barrels),38378,,1.6400434423899,89.3426,29.8,17.57,7130
1117,F002020__3,2010-02-01,69.36,2010,2,KS,Total Electric Power Industry,Petroleum (Barrels),30415,2.82,1.6400434423899,89.6779,30.6,17.57,7130
1118,F002020__3,2010-03-01,74.13,2010,3,KS,Total Electric Power Industry,Petroleum (Barrels),26273,2.81,1.6400434423899,90.2928,46.5,17.57,7130
1119,F002020__3,2010-04-01,77.58,2010,4,KS,Total Electric Power Industry,Petroleum (Barrels),23579,2.84,1.6400434423899,90.5991,59.9,17.57,7130
1120,F002020__3,2010-05-01,67.34,2010,5,KS,Total Electric Power Industry,Petroleum (Barrels),25190,2.72,1.6400434423899,91.823,67.3,17.57,7130
1121,F002020__3,2010-06-01,67.85,2010,6,KS,Total Electric Power Industry,Petroleum (Barrels),34353,2.51,1.6400434423899,91.9928,77.0,17.57,7130
1122,F002020__3,2010-07-01,68.89,2010,7,KS,Total Electric Power Industry,Petroleum (Barrels),28297,2.33,1.6400434423899,92.3421,78.4,17.57,7130
1123,F002020__3,2010-08-01,69.51,2010,8,KS,Total Electric Power Industry,Petroleum (Barrels),28845,2.43,1.6400434423899,92.6805,78.3,17.57,7130
1124,F002020__3,2010-09-01,68.4,2010,9,KS,Total Electric Power Industry,Petroleum (Barrels),13099,2.08,1.6400434423899,92.9537,70.0,17.57,7130
1125,F002020__3,2010-10-01,74.71,2010,10,KS,Total Electric Power Industry,Petroleum (Barrels),18626,2.12,1.6400434423899,92.6903,58.2,17.57,7130
1126,F002020__3,2010-11-01,77.25,2010,11,KS,Total Electric Power Industry,Petroleum (Barrels),14730,2.32,1.6400434423899,92.7709,47.1,17.57,7130
1127,F002020__3,2010-12-01,82.27,2010,12,KS,Total Electric Power Industry,Petroleum (Barrels),14528,2.44,1.6400434423899,93.6787,29.0,17.57,7130
1128,F002020__3,2011-01-01,82.91,2011,1,KS,Total Electric Power Industry,Petroleum (Barrels),14285,2.75,3.156841568622,93.4814,30.2,20.35,7680
1129,F002020__3,2011-02-01,82.87,2011,2,KS,Total Electric Power Industry,Petroleum (Barrels),17242,2.87,3.156841568622,93.1102,39.1,20.35,7680
1130,F002020__3,2011-03-01,95.94,2011,3,KS,Total Electric Power Industry,Petroleum (Barrels),22108,2.75,3.156841568622,94.0788,47.9,20.35,7680
1131,F002020__3,2011-04-01,103.76,2011,4,KS,Total Electric Power Industry,Petroleum (Barrels),12770,2.66,3.156841568622,93.7749,58.8,20.35,7680
1132,F002020__3,2011-05-01,94.6,2011,5,KS,Total Electric Power Industry,Petroleum (Barrels),10292,2.7,3.156841568622,93.888,64.2,20.35,7680
1133,F002020__3,2011-06-01,89.59,2011,6,KS,Total Electric Power Industry,Petroleum (Barrels),10106,2.52,3.156841568622,94.172,74.2,20.35,7680
1134,F002020__3,2011-07-01,90.37,2011,7,KS,Total Electric Power Industry,Petroleum (Barrels),12422,2.72,3.156841568622,94.636,79.5,20.35,7680
1135,F002020__3,2011-08-01,79.44,2011,8,KS,Total Electric Power Industry,Petroleum (Barrels),21895,2.39,3.156841568622,95.2749,75.8,20.35,7680
1136,F002020__3,2011-09-01,79.12,2011,9,KS,Total Electric Power Industry,Petroleum (Barrels),10088,1.96,3.156841568622,95.1961,66.9,20.35,7680
1137,F002020__3,2011-10-01,79.91,2011,10,KS,Total Electric Power Industry,Petroleum (Barrels),8775,1.56,3.156841568622,95.8568,55.6,20.35,7680
1138,F002020__3,2011-11-01,90.65,2011,11,KS,Total Electric Power Industry,Petroleum (Barrels),4546,1.78,3.156841568622,95.8485,49.9,20.35,7680
1139,F002020__3,2011-12-01,92.22,2011,12,KS,Total Electric Power Industry,Petroleum (Barrels),7781,1.84,3.156841568622,96.3571,41.0,20.35,7680
1140,F002020__3,2012-01-01,93.66,2012,1,KS,Total Electric Power Industry,Petroleum (Barrels),8043,,2.06933726526067,96.9318,38.7,20.98,7703
1141,F002020__3,2012-02-01,95.98,2012,2,KS,Total Electric Power Industry,Petroleum (Barrels),6869,1.64,2.06933726526067,97.2435,41.2,20.98,7703
1142,F002020__3,2012-03-01,99.91,2012,3,KS,Total Electric Power Industry,Petroleum (Barrels),3421,1.73,2.06933726526067,96.74,58.0,20.98,7703
1143,F002020__3,2012-04-01,96.98,2012,4,KS,Total Electric Power Industry,Petroleum (Barrels),6156,1.89,2.06933726526067,97.4359,57.3,20.98,7703
1144,F002020__3,2012-05-01,88.17,2012,5,KS,Total Electric Power Industry,Petroleum (Barrels),8098,1.71,2.06933726526067,97.6609,69.4,20.98,7703
1145,F002020__3,2012-06-01,76.27,2012,6,KS,Total Electric Power Industry,Petroleum (Barrels),9877,1.22,2.06933726526067,97.6663,72.5,20.98,7703
1146,F002020__3,2012-07-01,81.62,2012,7,KS,Total Electric Power Industry,Petroleum (Barrels),2094,1.31,2.06933726526067,97.8713,80.5,20.98,7703
1147,F002020__3,2012-08-01,87.83,2012,8,KS,Total Electric Power Industry,Petroleum (Barrels),6083,1.32,2.06933726526067,97.4525,74.6,20.98,7703
1148,F002020__3,2012-09-01,88.6,2012,9,KS,Total Electric Power Industry,Petroleum (Barrels),2721,,2.06933726526067,97.381,67.3,20.98,7703
1149,F002020__3,2012-10-01,83.25,2012,10,KS,Total Electric Power Industry,Petroleum (Barrels),4409,1.39,2.06933726526067,97.7193,55.2,20.98,7703
1150,F002020__3,2012-11-01,80.36,2012,11,KS,Total Electric Power Industry,Petroleum (Barrels),12919,1.45,2.06933726526067,98.0777,43.2,20.98,7703
1151,F002020__3,2012-12-01,81.94,2012,12,KS,Total Electric Power Industry,Petroleum (Barrels),7582,1.38,2.06933726526067,98.3101,43.0,20.98,7703
1152,F002020__3,2013-01-01,88.35,2013,1,KS,Total Electric Power Industry,Petroleum (Barrels),10884,,1.46483265562717,98.3342,36.7,21.14,7707
1153,F002020__3,2013-02-01,89.19,2013,2,KS,Total Electric Power Industry,Petroleum (Barrels),5634,1.77,1.46483265562717,98.7941,36.8,21.14,7707
1154,F002020__3,2013-03-01,86.93,2013,3,KS,Total Electric Power Industry,Petroleum (Barrels),7035,1.61,1.46483265562717,99.1921,39.4,21.14,7707
1155,F002020__3,2013-04-01,85.61,2013,4,KS,Total Electric Power Industry,Petroleum (Barrels),5801,1.63,1.46483265562717,99.1065,55.2,21.14,7707
1156,F002020__3,2013-05-01,88.68,2013,5,KS,Total Electric Power Industry,Petroleum (Barrels),19843,1.46,1.46483265562717,99.1839,64.9,21.14,7707
1157,F002020__3,2013-06-01,89.43,2013,6,KS,Total Electric Power Industry,Petroleum (Barrels),12793,1.83,1.46483265562717,99.3897,72.9,21.14,7707
1158,F002020__3,2013-07-01,98.33,2013,7,KS,Total Electric Power Industry,Petroleum (Barrels),5154,2.16,1.46483265562717,99.0814,74.0,21.14,7707
1159,F002020__3,2013-08-01,100.68,2013,8,KS,Total Electric Power Industry,Petroleum (Barrels),3777,2.39,1.46483265562717,99.6543,73.7,21.14,7707
1160,F002020__3,2013-09-01,100.53,2013,9,KS,Total Electric Power Industry,Petroleum (Barrels),5612,,1.46483265562717,100.161,69.1,21.14,7707
1161,F002020__3,2013-10-01,94.54,2013,10,KS,Total Electric Power Industry,Petroleum (Barrels),9066,2.33,1.46483265562717,100.082,57.6,21.14,7707
1162,F002020__3,2013-11-01,87.89,2013,11,KS,Total Electric Power Industry,Petroleum (Barrels),5836,2.32,1.46483265562717,100.3158,42.8,21.14,7707
1163,F002020__3,2013-12-01,91.75,2013,12,KS,Total Electric Power Industry,Petroleum (Barrels),17651,2.51,1.46483265562717,100.5175,37.4,21.14,7707
1164,F002020__3,2014-01-01,88.75,2014,1,KS,Total Electric Power Industry,Petroleum (Barrels),10109,,1.62222297740817,100.1599,26.8,21.21,7981
1165,F002020__3,2014-02-01,94.37,2014,2,KS,Total Electric Power Industry,Petroleum (Barrels),9384,2.31,1.62222297740817,100.9168,33.2,21.21,7981
1166,F002020__3,2014-03-01,94.68,2014,3,KS,Total Electric Power Industry,Petroleum (Barrels),12285,2.28,1.62222297740817,101.8942,41.5,21.21,7981
1167,F002020__3,2014-04-01,96.29,2014,4,KS,Total Electric Power Industry,Petroleum (Barrels),7878,2.33,1.62222297740817,101.9928,57.4,21.21,7981
1168,F002020__3,2014-05-01,95.97,2014,5,KS,Total Electric Power Industry,Petroleum (Barrels),12966,2.22,1.62222297740817,102.3836,66.1,21.21,7981
1169,F002020__3,2014-06-01,99.36,2014,6,KS,Total Electric Power Industry,Petroleum (Barrels),9283,2.15,1.62222297740817,102.735,74.1,21.21,7981
1170,F002020__3,2014-07-01,96.62,2014,7,KS,Total Electric Power Industry,Petroleum (Barrels),3407,2.11,1.62222297740817,102.9632,72.6,21.21,7981
1171,F002020__3,2014-08-01,90.11,2014,8,KS,Total Electric Power Industry,Petroleum (Barrels),9773,2.05,1.62222297740817,102.7688,75.1,21.21,7981
1172,F002020__3,2014-09-01,86.91,2014,9,KS,Total Electric Power Industry,Petroleum (Barrels),8867,,1.62222297740817,103.0641,68.2,21.21,7981
1173,F002020__3,2014-10-01,78.52,2014,10,KS,Total Electric Power Industry,Petroleum (Barrels),6379,1.89,1.62222297740817,103.0764,57.6,21.21,7981
1174,F002020__3,2014-11-01,69.73,2014,11,KS,Total Electric Power Industry,Petroleum (Barrels),3317,1.84,1.62222297740817,103.7126,39.8,21.21,7981
1175,F002020__3,2014-12-01,53.36,2014,12,KS,Total Electric Power Industry,Petroleum (Barrels),9861,1.73,1.62222297740817,103.7044,39.7,21.21,7981
1176,F002020__3,2015-01-01,42.18,2015,1,KS,Total Electric Power Industry,Petroleum (Barrels),13830,,0.118627135552451,102.8905,32.2,17.01,8068
1177,F002020__3,2015-02-01,44.92,2015,2,KS,Total Electric Power Industry,Petroleum (Barrels),9186,1.19,0.118627135552451,102.2335,26.3,17.01,8068
1178,F002020__3,2015-03-01,41.66,2015,3,KS,Total Electric Power Industry,Petroleum (Barrels),15594,1.42,0.118627135552451,101.8914,44.5,17.01,8068
1179,F002020__3,2015-04-01,47.7,2015,4,KS,Total Electric Power Industry,Petroleum (Barrels),10394,1.32,0.118627135552451,101.3355,57.4,17.01,8068
1180,F002020__3,2015-05-01,53.13,2015,5,KS,Total Electric Power Industry,Petroleum (Barrels),8899,1.52,0.118627135552451,100.8883,67.3,17.01,8068
1181,F002020__3,2015-06-01,53.73,2015,6,KS,Total Electric Power Industry,Petroleum (Barrels),2314,1.55,0.118627135552451,100.571,74.2,17.01,8068
1182,F002020__3,2015-07-01,45.51,2015,7,KS,Total Electric Power Industry,Petroleum (Barrels),3383,1.74,0.118627135552451,101.2228,76.5,17.01,8068
1183,F002020__3,2015-08-01,37.48,2015,8,KS,Total Electric Power Industry,Petroleum (Barrels),4748,1.48,0.118627135552451,101.0367,72.8,17.01,8068
1184,F002020__3,2015-09-01,39.76,2015,9,KS,Total Electric Power Industry,Petroleum (Barrels),6978,1.47,0.118627135552451,100.7547,70.2,17.01,8068
1185,F002020__3,2015-10-01,40.83,2015,10,KS,Total Electric Power Industry,Petroleum (Barrels),2605,1.41,0.118627135552451,100.2675,57.8,17.01,8068
1186,F002020__3,2015-11-01,37.34,2015,11,KS,Total Electric Power Industry,Petroleum (Barrels),17359,1.43,0.118627135552451,99.5298,50.9,17.01,8068
1187,F002020__3,2015-12-01,31.78,2015,12,KS,Total Electric Power Industry,Petroleum (Barrels),14820,1.24,0.118627135552451,99.0417,48.7,17.01,8068
1188,F002020__3,2016-01-01,26.72,2016,1,KS,Total Electric Power Industry,Petroleum (Barrels),5766,,1.26158320570536,99.5607,31.6,16.02,8356
1189,F002020__3,2016-02-01,25.19,2016,2,KS,Total Electric Power Industry,Petroleum (Barrels),5082,1.16,1.26158320570536,99.0445,38.9,16.02,8356
1190,F002020__3,2016-03-01,32.64,2016,3,KS,Total Electric Power Industry,Petroleum (Barrels),2890,0.98,1.26158320570536,98.3096,51.8,16.02,8356
1191,F002020__3,2016-04-01,35.45,2016,4,KS,Total Electric Power Industry,Petroleum (Barrels),3860,1.03,1.26158320570536,98.6421,57.3,16.02,8356
1192,F002020__3,2016-05-01,41.46,2016,5,KS,Total Electric Power Industry,Petroleum (Barrels),7509,1.08,1.26158320570536,98.4184,62.9,16.02,8356
1193,F002020__3,2016-06-01,43.44,2016,6,KS,Total Electric Power Industry,Petroleum (Barrels),5687,0.94,1.26158320570536,98.8833,74.9,16.02,8356
1194,F002020__3,2016-07-01,39.88,2016,7,KS,Total Electric Power Industry,Petroleum (Barrels),4899,0.87,1.26158320570536,98.9992,77.9,16.02,8356
1195,F002020__3,2016-08-01,39.77,2016,8,KS,Total Electric Power Industry,Petroleum (Barrels),936,0.84,1.26158320570536,98.85,78.0,16.02,8356
1196,F002020__3,2016-09-01,39.85,2016,9,KS,Total Electric Power Industry,Petroleum (Barrels),4365,0.79,1.26158320570536,98.7457,72.2,16.02,8356
1197,F002020__3,2016-10-01,44.72,2016,10,KS,Total Electric Power Industry,Petroleum (Barrels),4373,0.83,1.26158320570536,98.7611,62.7,16.02,8356
1198,F002020__3,2016-11-01,40.53,2016,11,KS,Total Electric Power Industry,Petroleum (Barrels),12266,1.0,1.26158320570536,98.3491,49.9,16.02,8356
1199,F002020__3,2016-12-01,46.73,2016,12,KS,Total Electric Power Industry,Petroleum (Barrels),8581,1.31,1.26158320570536,99.0214,37.0,16.02,8356
1200,F002020__3,2017-01-01,47.67,2017,1,KS,Total Electric Power Industry,Petroleum (Barrels),8331,,2.13011000365961,98.7611,40.9,17.31,8541
1201,F002020__3,2017-02-01,48.09,2017,2,KS,Total Electric Power Industry,Petroleum (Barrels),6580,1.26,2.13011000365961,98.3646,46.2,17.31,8541
1202,F002020__3,2017-03-01,44.33,2017,3,KS,Total Electric Power Industry,Petroleum (Barrels),5761,1.17,2.13011000365961,99.0137,47.9,17.31,8541
1203,F002020__3,2017-04-01,46.23,2017,4,KS,Total Electric Power Industry,Petroleum (Barrels),15844,1.11,2.13011000365961,100.0224,61.5,17.31,8541
1204,F002020__3,2017-05-01,43.69,2017,5,KS,Total Electric Power Industry,Petroleum (Barrels),17097,1.05,2.13011000365961,100.1408,65.0,17.31,8541
1205,F002020__3,2017-06-01,40.38,2017,6,KS,Total Electric Power Industry,Petroleum (Barrels),5058,0.93,2.13011000365961,100.3471,71.7,17.31,8541
1206,F002020__3,2017-07-01,41.81,2017,7,KS,Total Electric Power Industry,Petroleum (Barrels),3106,0.94,2.13011000365961,100.1068,76.9,17.31,8541
1207,F002020__3,2017-08-01,43.08,2017,8,KS,Total Electric Power Industry,Petroleum (Barrels),4735,0.92,2.13011000365961,99.6925,73.1,17.31,8541
1208,F002020__3,2017-09-01,44.6,2017,9,KS,Total Electric Power Industry,Petroleum (Barrels),12075,0.81,2.13011000365961,99.7954,68.3,17.31,8541
1209,F002020__3,2017-10-01,46.79,2017,10,KS,Total Electric Power Industry,Petroleum (Barrels),8543,0.85,2.13011000365961,101.0247,59.4,17.31,8541
1210,F002020__3,2017-11-01,52.05,2017,11,KS,Total Electric Power Industry,Petroleum (Barrels),20752,0.76,2.13011000365961,101.2664,47.1,17.31,8541
1211,F002020__3,2017-12-01,53.38,2017,12,KS,Total Electric Power Industry,Petroleum (Barrels),13408,0.59,2.13011000365961,101.4644,35.8,17.31,8541
1212,F002020__3,2018-01-01,59.0,2018,1,KS,Total Electric Power Industry,Petroleum (Barrels),11861,,2.44258329692817,101.4625,30.0,18.33,8726
1213,F002020__3,2018-02-01,57.64,2018,2,KS,Total Electric Power Industry,Petroleum (Barrels),8219,0.62,2.44258329692817,101.7085,44.6,18.33,8726
1214,F002020__3,2018-03-01,58.35,2018,3,KS,Total Electric Power Industry,Petroleum (Barrels),13065,0.59,2.44258329692817,102.2067,44.1,18.33,8726
1215,F002020__3,2018-04-01,61.75,2018,4,KS,Total Electric Power Industry,Petroleum (Barrels),7409,0.48,2.44258329692817,103.3329,50.7,18.33,8726
1216,F002020__3,2018-05-01,65.35,2018,5,KS,Total Electric Power Industry,Petroleum (Barrels),11408,0.47,2.44258329692817,102.4024,71.8,18.33,8726
1217,F002020__3,2018-06-01,62.73,2018,6,KS,Total Electric Power Industry,Petroleum (Barrels),13922,0.42,2.44258329692817,103.198,75.5,18.33,8726
1218,F002020__3,2018-07-01,66.47,2018,7,KS,Total Electric Power Industry,Petroleum (Barrels),10883,0.3,2.44258329692817,103.3646,76.6,18.33,8726
1219,F002020__3,2018-08-01,63.74,2018,8,KS,Total Electric Power Industry,Petroleum (Barrels),11608,0.33,2.44258329692817,104.0327,75.8,18.33,8726
1220,F002020__3,2018-09-01,65.75,2018,9,KS,Total Electric Power Industry,Petroleum (Barrels),5017,,2.44258329692817,104.1004,73.1,18.33,8726
1221,F002020__3,2018-10-01,66.29,2018,10,KS,Total Electric Power Industry,Petroleum (Barrels),8810,0.27,2.44258329692817,103.9856,58.9,18.33,8726
1222,F002020__3,2018-11-01,52.46,2018,11,KS,Total Electric Power Industry,Petroleum (Barrels),7910,0.3,2.44258329692817,104.0681,41.9,18.33,8726
1223,F002020__3,2018-12-01,44.3,2018,12,KS,Total Electric Power Industry,Petroleum (Barrels),8182,0.15,2.44258329692817,104.0936,40.5,18.33,8726
1224,F002020__3,2019-01-01,46.96,2019,1,KS,Total Electric Power Industry,Petroleum (Barrels),16436,,1.81221007526021,103.4021,35.1,17.32,8445
1225,F002020__3,2019-02-01,50.52,2019,2,KS,Total Electric Power Industry,Petroleum (Barrels),8036,0.18,1.81221007526021,102.8371,42.3,17.32,8445
1226,F002020__3,2019-03-01,53.53,2019,3,KS,Total Electric Power Industry,Petroleum (Barrels),11220,0.21,1.81221007526021,102.8757,43.1,17.32,8445
1227,F002020__3,2019-04-01,59.25,2019,4,KS,Total Electric Power Industry,Petroleum (Barrels),12323,0.16,1.81221007526021,102.274,57.8,17.32,8445
1228,F002020__3,2019-05-01,56.52,2019,5,KS,Total Electric Power Industry,Petroleum (Barrels),20078,0.21,1.81221007526021,102.392,68.4,17.32,8445
1229,F002020__3,2019-06-01,50.4,2019,6,KS,Total Electric Power Industry,Petroleum (Barrels),13515,0.25,1.81221007526021,102.4375,71.9,17.32,8445
1230,F002020__3,2019-07-01,53.0,2019,7,KS,Total Electric Power Industry,Petroleum (Barrels),11802,0.25,1.81221007526021,101.9408,77.4,17.32,8445
1231,F002020__3,2019-08-01,50.39,2019,8,KS,Total Electric Power Industry,Petroleum (Barrels),12989,0.17,1.81221007526021,102.639,75.6,17.32,8445
1232,F002020__3,2019-09-01,52.24,2019,9,KS,Total Electric Power Industry,Petroleum (Barrels),20804,,1.81221007526021,102.2917,74.8,17.32,8445
1233,F002020__3,2019-10-01,49.79,2019,10,KS,Total Electric Power Industry,Petroleum (Barrels),17151,0.09,1.81221007526021,101.4281,60.0,17.32,8445
1234,F002020__3,2019-11-01,52.76,2019,11,KS,Total Electric Power Industry,Petroleum (Barrels),13389,0.17,1.81221007526021,101.9372,41.2,17.32,8445
1235,F002020__3,2019-12-01,55.5,2019,12,KS,Total Electric Power Industry,Petroleum (Barrels),17404,0.22,1.81221007526021,101.7003,42.1,17.32,8445
1236,F002020__3,2020-01-01,53.68,2020,1,KS,Total Electric Power Industry,Petroleum (Barrels),17833,,1.23358439630629,101.0338,40.2,15.48,7113
1237,F002020__3,2020-02-01,47.66,2020,2,KS,Total Electric Power Industry,Petroleum (Barrels),20504,0.18,1.23358439630629,101.3735,39.7,15.48,7113
1238,F002020__3,2020-03-01,26.48,2020,3,KS,Total Electric Power Industry,Petroleum (Barrels),19200,0.26,1.23358439630629,97.4078,51.4,15.48,7113
1239,F002020__3,2020-04-01,14.4,2020,4,KS,Total Electric Power Industry,Petroleum (Barrels),16390,0.39,1.23358439630629,84.5619,52.8,15.48,7113
1240,F002020__3,2020-05-01,22.8,2020,5,KS,Total Electric Power Industry,Petroleum (Barrels),17130,0.44,1.23358439630629,85.9604,62.2,15.48,7113
1241,F002020__3,2020-06-01,33.51,2020,6,KS,Total Electric Power Industry,Petroleum (Barrels),11971,0.52,1.23358439630629,91.5934,72.6,15.48,7113
1242,F002020__3,2020-07-01,36.38,2020,7,KS,Total Electric Power Industry,Petroleum (Barrels),6314,0.52,1.23358439630629,95.0256,78.7,15.48,7113
1243,F002020__3,2020-08-01,37.89,2020,8,KS,Total Electric Power Industry,Petroleum (Barrels),10676,0.45,1.23358439630629,95.9549,74.8,15.48,7113
1244,F002020__3,2020-09-01,35.34,2020,9,KS,Total Electric Power Industry,Petroleum (Barrels),8831,0.55,1.23358439630629,95.9669,68.3,15.48,7113
1245,F002020__3,2020-10-01,35.12,2020,10,KS,Total Electric Power Industry,Petroleum (Barrels),17502,0.54,1.23358439630629,96.7394,57.8,15.48,7113
1246,F002020__3,2020-11-01,36.99,2020,11,KS,Total Electric Power Industry,Petroleum (Barrels),21390,0.71,1.23358439630629,97.0816,49.9,15.48,7113
1247,F002020__3,2020-12-01,42.87,2020,12,KS,Total Electric Power Industry,Petroleum (Barrels),9168,0.75,1.23358439630629,98.363,37.3,15.48,7113
1248,F002020__3,2021-01-01,47.56,2021,1,KS,Total Electric Power Industry,Petroleum (Barrels),23361,,4.69785886363742,98.8822,35.7,19.06,7904
1249,F002020__3,2021-02-01,54.95,2021,2,KS,Total Electric Power Industry,Petroleum (Barrels),107767,0.98,4.69785886363742,95.6149,32.3,19.06,7904
1250,F002020__3,2021-03-01,58.48,2021,3,KS,Total Electric Power Industry,Petroleum (Barrels),30085,1.32,4.69785886363742,98.3856,50.4,19.06,7904
1251,F002020__3,2021-04-01,57.55,2021,4,KS,Total Electric Power Industry,Petroleum (Barrels),20185,1.52,4.69785886363742,98.5587,54.6,19.06,7904
1252,F002020__3,2021-05-01,60.9,2021,5,KS,Total Electric Power Industry,Petroleum (Barrels),22335,1.47,4.69785886363742,99.4333,62.4,19.06,7904
1253,F002020__3,2021-06-01,67.28,2021,6,KS,Total Electric Power Industry,Petroleum (Barrels),25166,1.46,4.69785886363742,99.7987,73.4,19.06,7904
1254,F002020__3,2021-07-01,68.8,2021,7,KS,Total Electric Power Industry,Petroleum (Barrels),16534,1.23,4.69785886363742,100.2519,75.8,19.06,7904
1255,F002020__3,2021-08-01,63.86,2021,8,KS,Total Electric Power Industry,Petroleum (Barrels),17910,1.03,4.69785886363742,100.0437,76.6,19.06,7904
1256,F002020__3,2021-09-01,67.53,2021,9,KS,Total Electric Power Industry,Petroleum (Barrels),21440,1.11,4.69785886363742,98.8579,68.9,19.06,7904
1257,F002020__3,2021-10-01,77.18,2021,10,KS,Total Electric Power Industry,Petroleum (Barrels),22061,1.21,4.69785886363742,100.1861,62.4,19.06,7904
1258,F002020__3,2021-11-01,74.25,2021,11,KS,Total Electric Power Industry,Petroleum (Barrels),23711,1.08,4.69785886363742,100.8654,43.4,19.06,7904
1259,F002020__3,2021-12-01,67.83,2021,12,KS,Total Electric Power Industry,Petroleum (Barrels),32731,0.87,4.69785886363742,100.5726,47.6,19.06,7904
1260,F002020__3,2022-01-01,78.79,2022,1,KS,Total Electric Power Industry,Petroleum (Barrels),18333,0.85,8.00279982052121,100.1856,31.3,24.67,8375
1261,F002020__3,2022-02-01,87.84,2022,2,KS,Total Electric Power Industry,Petroleum (Barrels),18561,0.63,8.00279982052121,100.8064,38.4,24.67,8375
1262,F002020__3,2022-03-01,105.37,2022,3,KS,Total Electric Power Industry,Petroleum (Barrels),16774,0.41,8.00279982052121,101.3907,49.1,24.67,8375
1263,F002020__3,2022-04-01,98.8,2022,4,KS,Total Electric Power Industry,Petroleum (Barrels),11958,-0.05,8.00279982052121,101.44,54.4,24.67,8375
1264,F002020__3,2022-05-01,106.42,2022,5,KS,Total Electric Power Industry,Petroleum (Barrels),24016,0.26,8.00279982052121,101.3335,67.5,24.67,8375
1265,F002020__3,2022-06-01,110.71,2022,6,KS,Total Electric Power Industry,Petroleum (Barrels),14637,0.28,8.00279982052121,101.018,74.0,24.67,8375
1266,F002020__3,2022-07-01,96.47,2022,7,KS,Total Electric Power Industry,Petroleum (Barrels),16497,0.04,8.00279982052121,101.223,78.2,24.67,8375
1267,F002020__3,2022-08-01,88.44,2022,8,KS,Total Electric Power Industry,Petroleum (Barrels),20268,-0.3,8.00279982052121,101.0963,75.3,24.67,8375
1268,F002020__3,2022-09-01,80.46,2022,9,KS,Total Electric Power Industry,Petroleum (Barrels),18326,-0.25,8.00279982052121,101.2918,68.1,24.67,8375
1269,F002020__3,2022-10-01,83.06,2022,10,KS,Total Electric Power Industry,Petroleum (Barrels),11919,-0.45,8.00279982052121,101.2529,55.0,24.67,8375
1270,F002020__3,2022-11-01,80.7,2022,11,KS,Total Electric Power Industry,Petroleum (Barrels),21628,-0.47,8.00279982052121,100.9552,46.8,24.67,8375
1271,F002020__3,2022-12-01,73.12,2022,12,KS,Total Electric Power Industry,Petroleum (Barrels),33405,-0.72,8.00279982052121,99.7664,37.8,24.67,8375
1272,F002020__3,2023-01-01,74.62,2023,1,KS,Total Electric Power Industry,Petroleum (Barrels),16635,,4.11633838374488,100.505,42.4,22.19,8607
1273,F002020__3,2023-02-01,72.86,2023,2,KS,Total Electric Power Industry,Petroleum (Barrels),15293,-0.7,4.11633838374488,100.6416,45.7,22.19,8607
1274,F002020__3,2023-03-01,69.42,2023,3,KS,Total Electric Power Industry,Petroleum (Barrels),12945,-0.88,4.11633838374488,101.0205,47.3,22.19,8607
1275,F002020__3,2023-04-01,75.36,2023,4,KS,Total Electric Power Industry,Petroleum (Barrels),9919,-0.54,4.11633838374488,101.253,56.8,22.19,8607
1276,F002020__3,2023-05-01,67.77,2023,5,KS,Total Electric Power Industry,Petroleum (Barrels),10446,-0.55,4.11633838374488,100.9286,64.1,22.19,8607
1277,F002020__3,2023-06-01,66.63,2023,6,KS,Total Electric Power Industry,Petroleum (Barrels),10975,-0.72,4.11633838374488,100.1196,70.3,22.19,8607
1278,F002020__3,2023-07-01,70.65,2023,7,KS,Total Electric Power Industry,Petroleum (Barrels),12876,-1.08,4.11633838374488,100.9067,76.8,22.19,8607
1279,F002020__3,2023-08-01,77.63,2023,8,KS,Total Electric Power Industry,Petroleum (Barrels),17047,-0.87,4.11633838374488,100.8393,74.8,22.19,8607
1280,F002020__3,2023-09-01,85.49,2023,9,KS,Total Electric Power Industry,Petroleum (Barrels),12517,-0.69,4.11633838374488,101.0211,69.6,22.19,8607
1281,F002020__3,2023-10-01,82.21,2023,10,KS,Total Electric Power Industry,Petroleum (Barrels),9248,-0.43,4.11633838374488,100.4689,59.3,22.19,8607
1282,F002020__3,2023-11-01,73.99,2023,11,KS,Total Electric Power Industry,Petroleum (Barrels),13152,-0.18,4.11633838374488,100.8639,47.4,22.19,8607
1283,F002020__3,2023-12-01,68.54,2023,12,KS,Total Electric Power Industry,Petroleum (Barrels),15151,-0.34,4.11633838374488,100.6031,42.6,22.19,8607
1284,F002021__3,2001-01-01,25.66,2001,1,KY,Total Electric Power Industry,Petroleum (Barrels),19170,,2.82617111885407,91.902,45.6,9.3,6111
1285,F002021__3,2001-02-01,26.13,2001,2,KY,Total Electric Power Industry,Petroleum (Barrels),13819,0.55,2.82617111885407,91.3034,56.6,9.3,6111
1286,F002021__3,2001-03-01,23.78,2001,3,KY,Total Electric Power Industry,Petroleum (Barrels),15373,0.46,2.82617111885407,91.1162,55.3,9.3,6111
1287,F002021__3,2001-04-01,24.23,2001,4,KY,Total Electric Power Industry,Petroleum (Barrels),30076,0.76,2.82617111885407,90.7891,69.9,9.3,6111
1288,F002021__3,2001-05-01,25.2,2001,5,KY,Total Electric Power Industry,Petroleum (Barrels),16491,1.07,2.82617111885407,90.3555,74.3,9.3,6111
1289,F002021__3,2001-06-01,24.23,2001,6,KY,Total Electric Power Industry,Petroleum (Barrels),19534,1.17,2.82617111885407,89.8784,78.3,9.3,6111
1290,F002021__3,2001-07-01,22.97,2001,7,KY,Total Electric Power Industry,Petroleum (Barrels),18214,1.16,2.82617111885407,89.3028,82.4,9.3,6111
1291,F002021__3,2001-08-01,23.69,2001,8,KY,Total Electric Power Industry,Petroleum (Barrels),17241,1.28,2.82617111885407,89.2003,81.4,9.3,6111
1292,F002021__3,2001-09-01,22.96,2001,9,KY,Total Electric Power Industry,Petroleum (Barrels),15278,,2.82617111885407,88.7485,75.4,9.3,6111
1293,F002021__3,2001-10-01,18.82,2001,10,KY,Total Electric Power Industry,Petroleum (Barrels),11798,1.73,2.82617111885407,88.5052,64.4,9.3,6111
1294,F002021__3,2001-11-01,16.27,2001,11,KY,Total Electric Power Industry,Petroleum (Barrels),22504,1.75,2.82617111885407,87.97,61.9,9.3,6111
1295,F002021__3,2001-12-01,16.1,2001,12,KY,Total Electric Power Industry,Petroleum (Barrels),25911,1.93,2.82617111885407,87.9324,54.4,9.3,6111
1296,F002021__3,2002-01-01,16.25,2002,1,KY,Total Electric Power Industry,Petroleum (Barrels),468537,,1.58603162650601,88.5176,51.4,8.8,6214
1297,F002021__3,2002-02-01,17.35,2002,2,KY,Total Electric Power Industry,Petroleum (Barrels),716451,1.94,1.58603162650601,88.5278,49.3,8.8,6214
1298,F002021__3,2002-03-01,21.0,2002,3,KY,Total Electric Power Industry,Petroleum (Barrels),760521,1.8,1.58603162650601,89.1686,58.1,8.8,6214
1299,F002021__3,2002-04-01,22.55,2002,4,KY,Total Electric Power Industry,Petroleum (Barrels),783630,1.7,1.58603162650601,89.604,69.6,8.8,6214
1300,F002021__3,2002-05-01,23.29,2002,5,KY,Total Electric Power Industry,Petroleum (Barrels),566284,1.87,1.58603162650601,89.964,73.9,8.8,6214
1301,F002021__3,2002-06-01,21.91,2002,6,KY,Total Electric Power Industry,Petroleum (Barrels),708263,1.87,1.58603162650601,90.7061,79.0,8.8,6214
1302,F002021__3,2002-07-01,23.21,2002,7,KY,Total Electric Power Industry,Petroleum (Barrels),555307,1.97,1.58603162650601,90.6769,82.3,8.8,6214
1303,F002021__3,2002-08-01,24.45,2002,8,KY,Total Electric Power Industry,Petroleum (Barrels),742682,2.32,1.58603162650601,90.5762,81.6,8.8,6214
1304,F002021__3,2002-09-01,25.93,2002,9,KY,Total Electric Power Industry,Petroleum (Barrels),653086,,1.58603162650601,90.6531,78.6,8.8,6214
1305,F002021__3,2002-10-01,25.09,2002,10,KY,Total Electric Power Industry,Petroleum (Barrels),461707,1.92,1.58603162650601,90.4643,69.4,8.8,6214
1306,F002021__3,2002-11-01,22.65,2002,11,KY,Total Electric Power Industry,Petroleum (Barrels),366802,2.25,1.58603162650601,90.9711,55.7,8.8,6214
1307,F002021__3,2002-12-01,25.46,2002,12,KY,Total Electric Power Industry,Petroleum (Barrels),465764,2.15,1.58603162650601,90.4652,50.8,8.8,6214
1308,F002021__3,2003-01-01,28.93,2003,1,KY,Total Electric Power Industry,Petroleum (Barrels),48835,,2.27009497336115,91.2361,45.6,9.77,6176
1309,F002021__3,2003-02-01,31.83,2003,2,KY,Total Electric Power Industry,Petroleum (Barrels),53068,2.29,2.27009497336115,91.3445,50.7,9.77,6176
1310,F002021__3,2003-03-01,29.15,2003,3,KY,Total Electric Power Industry,Petroleum (Barrels),47414,2.16,2.27009497336115,91.1044,58.6,9.77,6176
1311,F002021__3,2003-04-01,24.63,2003,4,KY,Total Electric Power Industry,Petroleum (Barrels),675026,2.34,2.27009497336115,90.5617,66.7,9.77,6176
1312,F002021__3,2003-05-01,24.44,2003,5,KY,Total Electric Power Industry,Petroleum (Barrels),468233,2.38,2.27009497336115,90.537,76.4,9.77,6176
1313,F002021__3,2003-06-01,26.64,2003,6,KY,Total Electric Power Industry,Petroleum (Barrels),602131,2.1,2.27009497336115,90.6527,79.6,9.77,6176
1314,F002021__3,2003-07-01,26.87,2003,7,KY,Total Electric Power Industry,Petroleum (Barrels),687778,2.26,2.27009497336115,91.1185,81.3,9.77,6176
1315,F002021__3,2003-08-01,27.72,2003,8,KY,Total Electric Power Industry,Petroleum (Barrels),682775,2.59,2.27009497336115,90.9197,82.5,9.77,6176
1316,F002021__3,2003-09-01,24.45,2003,9,KY,Total Electric Power Industry,Petroleum (Barrels),659630,,2.27009497336115,91.5059,76.0,9.77,6176
1317,F002021__3,2003-10-01,26.6,2003,10,KY,Total Electric Power Industry,Petroleum (Barrels),475811,2.49,2.27009497336115,91.6186,67.8,9.77,6176
1318,F002021__3,2003-11-01,27.21,2003,11,KY,Total Electric Power Industry,Petroleum (Barrels),900649,2.5,2.27009497336115,92.2329,61.9,9.77,6176
1319,F002021__3,2003-12-01,28.35,2003,12,KY,Total Electric Power Industry,Petroleum (Barrels),760758,2.28,2.27009497336115,92.2602,49.4,9.77,6176
1320,F002021__3,2004-01-01,30.19,2004,1,KY,Total Electric Power Industry,Petroleum (Barrels),826856,,2.67723669309172,92.4006,50.2,11.08,6283
1321,F002021__3,2004-02-01,30.63,2004,2,KY,Total Electric Power Industry,Petroleum (Barrels),668752,2.35,2.67723669309172,92.958,49.1,11.08,6283
1322,F002021__3,2004-03-01,32.76,2004,3,KY,Total Electric Power Industry,Petroleum (Barrels),690884,2.33,2.67723669309172,92.5861,63.2,11.08,6283
1323,F002021__3,2004-04-01,32.5,2004,4,KY,Total Electric Power Industry,Petroleum (Barrels),912033,2.26,2.67723669309172,92.93,65.9,11.08,6283
1324,F002021__3,2004-05-01,35.75,2004,5,KY,Total Electric Power Industry,Petroleum (Barrels),629269,2.19,2.67723669309172,93.6013,73.9,11.08,6283
1325,F002021__3,2004-06-01,33.74,2004,6,KY,Total Electric Power Industry,Petroleum (Barrels),407722,2.11,2.67723669309172,92.871,79.2,11.08,6283
1326,F002021__3,2004-07-01,35.92,2004,7,KY,Total Electric Power Industry,Petroleum (Barrels),442638,1.93,2.67723669309172,93.5649,81.4,11.08,6283
1327,F002021__3,2004-08-01,39.83,2004,8,KY,Total Electric Power Industry,Petroleum (Barrels),516285,1.82,2.67723669309172,93.6277,79.6,11.08,6283
1328,F002021__3,2004-09-01,40.77,2004,9,KY,Total Electric Power Industry,Petroleum (Barrels),461993,1.72,2.67723669309172,93.7467,77.8,11.08,6283
1329,F002021__3,2004-10-01,47.6,2004,10,KY,Total Electric Power Industry,Petroleum (Barrels),748958,1.58,2.67723669309172,94.5465,73.9,11.08,6283
1330,F002021__3,2004-11-01,43.68,2004,11,KY,Total Electric Power Industry,Petroleum (Barrels),392203,1.5,2.67723669309172,94.7813,61.8,11.08,6283
1331,F002021__3,2004-12-01,38.66,2004,12,KY,Total Electric Power Industry,Petroleum (Barrels),653016,1.37,2.67723669309172,95.5365,49.7,11.08,6283
1332,F002021__3,2005-01-01,41.67,2005,1,KY,Total Electric Power Industry,Petroleum (Barrels),745257,1.13,3.3927468454955,95.8801,53.9,13.57,6542
1333,F002021__3,2005-02-01,42.73,2005,2,KY,Total Electric Power Industry,Petroleum (Barrels),612112,0.86,3.3927468454955,96.5761,55.3,13.57,6542
1334,F002021__3,2005-03-01,46.86,2005,3,KY,Total Electric Power Industry,Petroleum (Barrels),634078,0.79,3.3927468454955,96.4456,57.8,13.57,6542
1335,F002021__3,2005-04-01,46.44,2005,4,KY,Total Electric Power Industry,Petroleum (Barrels),532075,0.71,3.3927468454955,96.6532,65.6,13.57,6542
1336,F002021__3,2005-05-01,43.06,2005,5,KY,Total Electric Power Industry,Petroleum (Barrels),619259,0.57,3.3927468454955,96.7402,72.6,13.57,6542
1337,F002021__3,2005-06-01,48.99,2005,6,KY,Total Electric Power Industry,Petroleum (Barrels),604962,0.41,3.3927468454955,97.1753,80.2,13.57,6542
1338,F002021__3,2005-07-01,51.37,2005,7,KY,Total Electric Power Industry,Petroleum (Barrels),630047,0.3,3.3927468454955,96.8676,82.5,13.57,6542
1339,F002021__3,2005-08-01,55.93,2005,8,KY,Total Electric Power Industry,Petroleum (Barrels),580582,0.28,3.3927468454955,97.1833,83.5,13.57,6542
1340,F002021__3,2005-09-01,57.61,2005,9,KY,Total Electric Power Industry,Petroleum (Barrels),604596,0.3,3.3927468454955,95.3005,81.3,13.57,6542
1341,F002021__3,2005-10-01,54.86,2005,10,KY,Total Electric Power Industry,Petroleum (Barrels),733077,0.18,3.3927468454955,96.4572,67.2,13.57,6542
1342,F002021__3,2005-11-01,50.85,2005,11,KY,Total Electric Power Industry,Petroleum (Barrels),522422,0.16,3.3927468454955,97.5414,61.0,13.57,6542
1343,F002021__3,2005-12-01,51.88,2005,12,KY,Total Electric Power Industry,Petroleum (Barrels),557429,0.07,3.3927468454955,98.0452,49.2,13.57,6542
1344,F002021__3,2006-01-01,57.51,2006,1,KY,Total Electric Power Industry,Petroleum (Barrels),571792,,3.22594410070404,98.1999,55.4,15.0,6377
1345,F002021__3,2006-02-01,54.38,2006,2,KY,Total Electric Power Industry,Petroleum (Barrels),526122,-0.02,3.22594410070404,98.2413,50.9,15.0,6377
1346,F002021__3,2006-03-01,55.07,2006,3,KY,Total Electric Power Industry,Petroleum (Barrels),483326,-0.12,3.22594410070404,98.4628,61.8,15.0,6377
1347,F002021__3,2006-04-01,61.85,2006,4,KY,Total Electric Power Industry,Petroleum (Barrels),530405,0.02,3.22594410070404,98.7618,71.0,15.0,6377
1348,F002021__3,2006-05-01,62.58,2006,5,KY,Total Electric Power Industry,Petroleum (Barrels),516567,0.2,3.22594410070404,98.7869,74.2,15.0,6377
1349,F002021__3,2006-06-01,62.71,2006,6,KY,Total Electric Power Industry,Petroleum (Barrels),550609,0.07,3.22594410070404,99.0997,80.1,15.0,6377
1350,F002021__3,2006-07-01,65.66,2006,7,KY,Total Electric Power Industry,Petroleum (Barrels),545260,-0.02,3.22594410070404,99.0489,82.2,15.0,6377
1351,F002021__3,2006-08-01,64.81,2006,8,KY,Total Electric Power Industry,Petroleum (Barrels),558034,0.02,3.22594410070404,99.4836,83.7,15.0,6377
1352,F002021__3,2006-09-01,56.26,2006,9,KY,Total Electric Power Industry,Petroleum (Barrels),501267,-0.04,3.22594410070404,99.3183,75.9,15.0,6377
1353,F002021__3,2006-10-01,50.58,2006,10,KY,Total Electric Power Industry,Petroleum (Barrels),659412,-0.04,3.22594410070404,99.2044,68.0,15.0,6377
1354,F002021__3,2006-11-01,50.59,2006,11,KY,Total Electric Power Industry,Petroleum (Barrels),670319,-0.09,3.22594410070404,99.1627,58.0,15.0,6377
1355,F002021__3,2006-12-01,53.27,2006,12,KY,Total Electric Power Industry,Petroleum (Barrels),641980,-0.09,3.22594410070404,100.1735,52.1,15.0,6377
1356,F002021__3,2007-01-01,46.62,2007,1,KY,Total Electric Power Industry,Petroleum (Barrels),576763,,2.85267248150138,99.8346,49.6,16.0,6306
1357,F002021__3,2007-02-01,50.83,2007,2,KY,Total Electric Power Industry,Petroleum (Barrels),385125,-0.12,2.85267248150138,100.7753,50.6,16.0,6306
1358,F002021__3,2007-03-01,52.32,2007,3,KY,Total Electric Power Industry,Petroleum (Barrels),413096,-0.07,2.85267248150138,100.9547,63.4,16.0,6306
1359,F002021__3,2007-04-01,55.52,2007,4,KY,Total Electric Power Industry,Petroleum (Barrels),374379,0.05,2.85267248150138,101.6334,63.9,16.0,6306
1360,F002021__3,2007-05-01,55.06,2007,5,KY,Total Electric Power Industry,Petroleum (Barrels),380689,0.01,2.85267248150138,101.7306,73.9,16.0,6306
1361,F002021__3,2007-06-01,58.6,2007,6,KY,Total Electric Power Industry,Petroleum (Barrels),536468,-0.02,2.85267248150138,101.7893,80.1,16.0,6306
1362,F002021__3,2007-07-01,64.98,2007,7,KY,Total Electric Power Industry,Petroleum (Barrels),504419,0.14,2.85267248150138,101.6672,80.2,16.0,6306
1363,F002021__3,2007-08-01,63.77,2007,8,KY,Total Electric Power Industry,Petroleum (Barrels),443363,0.2,2.85267248150138,101.863,84.1,16.0,6306
1364,F002021__3,2007-09-01,70.05,2007,9,KY,Total Electric Power Industry,Petroleum (Barrels),407358,,2.85267248150138,102.0894,78.6,16.0,6306
1365,F002021__3,2007-10-01,76.41,2007,10,KY,Total Electric Power Industry,Petroleum (Barrels),467536,0.54,2.85267248150138,101.8015,69.1,16.0,6306
1366,F002021__3,2007-11-01,85.06,2007,11,KY,Total Electric Power Industry,Petroleum (Barrels),479844,0.59,2.85267248150138,102.3446,59.7,16.0,6306
1367,F002021__3,2007-12-01,82.43,2007,12,KY,Total Electric Power Industry,Petroleum (Barrels),596539,0.99,2.85267248150138,102.3803,55.4,16.0,6306
1368,F002021__3,2008-01-01,83.52,2008,1,KY,Total Electric Power Industry,Petroleum (Barrels),602924,,3.839100296651,102.2448,48.4,19.07,6737
1369,F002021__3,2008-02-01,85.49,2008,2,KY,Total Electric Power Industry,Petroleum (Barrels),516286,1.53,3.839100296651,101.8438,55.2,19.07,6737
1370,F002021__3,2008-03-01,94.74,2008,3,KY,Total Electric Power Industry,Petroleum (Barrels),297375,1.93,3.839100296651,101.5336,60.0,19.07,6737
1371,F002021__3,2008-04-01,102.03,2008,4,KY,Total Electric Power Industry,Petroleum (Barrels),423133,1.77,3.839100296651,100.8785,66.5,19.07,6737
1372,F002021__3,2008-05-01,114.47,2008,5,KY,Total Electric Power Industry,Petroleum (Barrels),456335,1.41,3.839100296651,100.2674,73.8,19.07,6737
1373,F002021__3,2008-06-01,123.51,2008,6,KY,Total Electric Power Industry,Petroleum (Barrels),533613,1.47,3.839100296651,100.0335,81.2,19.07,6737
1374,F002021__3,2008-07-01,123.85,2008,7,KY,Total Electric Power Industry,Petroleum (Barrels),526041,1.38,3.839100296651,99.676,82.9,19.07,6737
1375,F002021__3,2008-08-01,106.99,2008,8,KY,Total Electric Power Industry,Petroleum (Barrels),454613,1.46,3.839100296651,98.1111,81.1,19.07,6737
1376,F002021__3,2008-09-01,94.62,2008,9,KY,Total Electric Power Industry,Petroleum (Barrels),472841,,3.839100296651,93.7895,75.4,19.07,6737
1377,F002021__3,2008-10-01,67.86,2008,10,KY,Total Electric Power Industry,Petroleum (Barrels),551978,1.95,3.839100296651,94.7219,65.9,19.07,6737
1378,F002021__3,2008-11-01,48.91,2008,11,KY,Total Electric Power Industry,Petroleum (Barrels),416584,2.51,3.839100296651,93.4715,56.8,19.07,6737
1379,F002021__3,2008-12-01,32.67,2008,12,KY,Total Electric Power Industry,Petroleum (Barrels),478638,1.82,3.839100296651,90.8357,52.5,19.07,6737
1380,F002021__3,2009-01-01,32.8,2009,1,KY,Total Electric Power Industry,Petroleum (Barrels),415293,,-0.355546266299747,88.57,50.5,15.28,6656
1381,F002021__3,2009-02-01,30.32,2009,2,KY,Total Electric Power Industry,Petroleum (Barrels),388959,1.87,-0.355546266299747,88.031,55.6,15.28,6656
1382,F002021__3,2009-03-01,39.2,2009,3,KY,Total Electric Power Industry,Petroleum (Barrels),464646,2.02,-0.355546266299747,86.6528,60.4,15.28,6656
1383,F002021__3,2009-04-01,41.4,2009,4,KY,Total Electric Power Industry,Petroleum (Barrels),341101,1.85,-0.355546266299747,85.9344,65.5,15.28,6656
1384,F002021__3,2009-05-01,50.22,2009,5,KY,Total Electric Power Industry,Petroleum (Barrels),393394,2.29,-0.355546266299747,85.0665,74.3,15.28,6656
1385,F002021__3,2009-06-01,61.39,2009,6,KY,Total Electric Power Industry,Petroleum (Barrels),397166,2.74,-0.355546266299747,84.7459,81.6,15.28,6656
1386,F002021__3,2009-07-01,56.6,2009,7,KY,Total Electric Power Industry,Petroleum (Barrels),332016,2.5,-0.355546266299747,85.7027,82.6,15.28,6656
1387,F002021__3,2009-08-01,62.57,2009,8,KY,Total Electric Power Industry,Petroleum (Barrels),320408,2.48,-0.355546266299747,86.6426,81.2,15.28,6656
1388,F002021__3,2009-09-01,61.65,2009,9,KY,Total Electric Power Industry,Petroleum (Barrels),268843,2.46,-0.355546266299747,87.4063,77.4,15.28,6656
1389,F002021__3,2009-10-01,67.74,2009,10,KY,Total Electric Power Industry,Petroleum (Barrels),205992,2.34,-0.355546266299747,87.6419,66.7,15.28,6656
1390,F002021__3,2009-11-01,70.33,2009,11,KY,Total Electric Power Industry,Petroleum (Barrels),211034,2.53,-0.355546266299747,88.0221,58.3,15.28,6656
1391,F002021__3,2009-12-01,67.2,2009,12,KY,Total Electric Power Industry,Petroleum (Barrels),295808,2.61,-0.355546266299747,88.3793,48.1,15.28,6656
1392,F002021__3,2010-01-01,70.14,2010,1,KY,Total Electric Power Industry,Petroleum (Barrels),342773,,1.6400434423899,89.3426,45.6,17.22,7130
1393,F002021__3,2010-02-01,67.57,2010,2,KY,Total Electric Power Industry,Petroleum (Barrels),290656,2.82,1.6400434423899,89.6779,44.8,17.22,7130
1394,F002021__3,2010-03-01,72.05,2010,3,KY,Total Electric Power Industry,Petroleum (Barrels),373853,2.81,1.6400434423899,90.2928,55.1,17.22,7130
1395,F002021__3,2010-04-01,75.48,2010,4,KY,Total Electric Power Industry,Petroleum (Barrels),380182,2.84,1.6400434423899,90.5991,67.6,17.22,7130
1396,F002021__3,2010-05-01,66.17,2010,5,KY,Total Electric Power Industry,Petroleum (Barrels),356836,2.72,1.6400434423899,91.823,77.3,17.22,7130
1397,F002021__3,2010-06-01,66.65,2010,6,KY,Total Electric Power Industry,Petroleum (Barrels),454010,2.51,1.6400434423899,91.9928,83.5,17.22,7130
1398,F002021__3,2010-07-01,67.45,2010,7,KY,Total Electric Power Industry,Petroleum (Barrels),421624,2.33,1.6400434423899,92.3421,83.4,17.22,7130
1399,F002021__3,2010-08-01,67.94,2010,8,KY,Total Electric Power Industry,Petroleum (Barrels),375129,2.43,1.6400434423899,92.6805,85.0,17.22,7130
1400,F002021__3,2010-09-01,66.74,2010,9,KY,Total Electric Power Industry,Petroleum (Barrels),335316,2.08,1.6400434423899,92.9537,79.8,17.22,7130
1401,F002021__3,2010-10-01,72.9,2010,10,KY,Total Electric Power Industry,Petroleum (Barrels),371526,2.12,1.6400434423899,92.6903,68.3,17.22,7130
1402,F002021__3,2010-11-01,75.37,2010,11,KY,Total Electric Power Industry,Petroleum (Barrels),312636,2.32,1.6400434423899,92.7709,59.0,17.22,7130
1403,F002021__3,2010-12-01,80.04,2010,12,KY,Total Electric Power Industry,Petroleum (Barrels),363813,2.44,1.6400434423899,93.6787,48.1,17.22,7130
1404,F002021__3,2011-01-01,80.83,2011,1,KY,Total Electric Power Industry,Petroleum (Barrels),340224,2.75,3.156841568622,93.4814,46.9,20.62,7680
1405,F002021__3,2011-02-01,80.57,2011,2,KY,Total Electric Power Industry,Petroleum (Barrels),323953,2.87,3.156841568622,93.1102,52.5,20.62,7680
1406,F002021__3,2011-03-01,93.38,2011,3,KY,Total Electric Power Industry,Petroleum (Barrels),267412,2.75,3.156841568622,94.0788,62.0,20.62,7680
1407,F002021__3,2011-04-01,100.48,2011,4,KY,Total Electric Power Industry,Petroleum (Barrels),231110,2.66,3.156841568622,93.7749,70.4,20.62,7680
1408,F002021__3,2011-05-01,92.16,2011,5,KY,Total Electric Power Industry,Petroleum (Barrels),325268,2.7,3.156841568622,93.888,73.7,20.62,7680
1409,F002021__3,2011-06-01,87.27,2011,6,KY,Total Electric Power Industry,Petroleum (Barrels),289002,2.52,3.156841568622,94.172,83.8,20.62,7680
1410,F002021__3,2011-07-01,87.88,2011,7,KY,Total Electric Power Industry,Petroleum (Barrels),300626,2.72,3.156841568622,94.636,84.1,20.62,7680
1411,F002021__3,2011-08-01,77.29,2011,8,KY,Total Electric Power Industry,Petroleum (Barrels),258085,2.39,3.156841568622,95.2749,86.7,20.62,7680
1412,F002021__3,2011-09-01,76.67,2011,9,KY,Total Electric Power Industry,Petroleum (Barrels),304642,1.96,3.156841568622,95.1961,76.0,20.62,7680
1413,F002021__3,2011-10-01,77.23,2011,10,KY,Total Electric Power Industry,Petroleum (Barrels),265744,1.56,3.156841568622,95.8568,65.5,20.62,7680
1414,F002021__3,2011-11-01,87.72,2011,11,KY,Total Electric Power Industry,Petroleum (Barrels),219788,1.78,3.156841568622,95.8485,59.7,20.62,7680
1415,F002021__3,2011-12-01,90.57,2011,12,KY,Total Electric Power Industry,Petroleum (Barrels),170510,1.84,3.156841568622,96.3571,51.3,20.62,7680
1416,F002021__3,2012-01-01,92.4,2012,1,KY,Total Electric Power Industry,Petroleum (Barrels),123561,,2.06933726526067,96.9318,55.2,20.65,7703
1417,F002021__3,2012-02-01,94.51,2012,2,KY,Total Electric Power Industry,Petroleum (Barrels),127082,1.64,2.06933726526067,97.2435,56.1,20.65,7703
1418,F002021__3,2012-03-01,98.37,2012,3,KY,Total Electric Power Industry,Petroleum (Barrels),198494,1.73,2.06933726526067,96.74,67.4,20.65,7703
1419,F002021__3,2012-04-01,95.71,2012,4,KY,Total Electric Power Industry,Petroleum (Barrels),237361,1.89,2.06933726526067,97.4359,69.4,20.65,7703
1420,F002021__3,2012-05-01,90.25,2012,5,KY,Total Electric Power Industry,Petroleum (Barrels),301796,1.71,2.06933726526067,97.6609,76.3,20.65,7703
1421,F002021__3,2012-06-01,75.5,2012,6,KY,Total Electric Power Industry,Petroleum (Barrels),301101,1.22,2.06933726526067,97.6663,80.7,20.65,7703
1422,F002021__3,2012-07-01,80.12,2012,7,KY,Total Electric Power Industry,Petroleum (Barrels),304344,1.31,2.06933726526067,97.8713,82.3,20.65,7703
1423,F002021__3,2012-08-01,86.74,2012,8,KY,Total Electric Power Industry,Petroleum (Barrels),289693,1.32,2.06933726526067,97.4525,82.0,20.65,7703
1424,F002021__3,2012-09-01,87.84,2012,9,KY,Total Electric Power Industry,Petroleum (Barrels),236767,,2.06933726526067,97.381,77.4,20.65,7703
1425,F002021__3,2012-10-01,82.9,2012,10,KY,Total Electric Power Industry,Petroleum (Barrels),228734,1.39,2.06933726526067,97.7193,65.8,20.65,7703
1426,F002021__3,2012-11-01,80.23,2012,11,KY,Total Electric Power Industry,Petroleum (Barrels),286114,1.45,2.06933726526067,98.0777,57.0,20.65,7703
1427,F002021__3,2012-12-01,81.63,2012,12,KY,Total Electric Power Industry,Petroleum (Barrels),307340,1.38,2.06933726526067,98.3101,55.0,20.65,7703
1428,F002021__3,2013-01-01,87.91,2013,1,KY,Total Electric Power Industry,Petroleum (Barrels),294173,,1.46483265562717,98.3342,52.5,20.8,7707
1429,F002021__3,2013-02-01,88.88,2013,2,KY,Total Electric Power Industry,Petroleum (Barrels),262067,1.77,1.46483265562717,98.7941,54.2,20.8,7707
1430,F002021__3,2013-03-01,87.21,2013,3,KY,Total Electric Power Industry,Petroleum (Barrels),105175,1.61,1.46483265562717,99.1921,55.3,20.8,7707
1431,F002021__3,2013-04-01,86.59,2013,4,KY,Total Electric Power Industry,Petroleum (Barrels),230410,1.63,1.46483265562717,99.1065,64.6,20.8,7707
1432,F002021__3,2013-05-01,89.12,2013,5,KY,Total Electric Power Industry,Petroleum (Barrels),249759,1.46,1.46483265562717,99.1839,71.7,20.8,7707
1433,F002021__3,2013-06-01,88.16,2013,6,KY,Total Electric Power Industry,Petroleum (Barrels),246200,1.83,1.46483265562717,99.3897,80.9,20.8,7707
1434,F002021__3,2013-07-01,97.32,2013,7,KY,Total Electric Power Industry,Petroleum (Barrels),255809,2.16,1.46483265562717,99.0814,80.7,20.8,7707
1435,F002021__3,2013-08-01,97.55,2013,8,KY,Total Electric Power Industry,Petroleum (Barrels),215287,2.39,1.46483265562717,99.6543,82.0,20.8,7707
1436,F002021__3,2013-09-01,98.81,2013,9,KY,Total Electric Power Industry,Petroleum (Barrels),214997,,1.46483265562717,100.161,79.9,20.8,7707
1437,F002021__3,2013-10-01,93.27,2013,10,KY,Total Electric Power Industry,Petroleum (Barrels),225960,2.33,1.46483265562717,100.082,68.6,20.8,7707
1438,F002021__3,2013-11-01,88.22,2013,11,KY,Total Electric Power Industry,Petroleum (Barrels),179908,2.32,1.46483265562717,100.3158,55.0,20.8,7707
1439,F002021__3,2013-12-01,89.82,2013,12,KY,Total Electric Power Industry,Petroleum (Barrels),244212,2.51,1.46483265562717,100.5175,49.6,20.8,7707
1440,F002021__3,2014-01-01,87.16,2014,1,KY,Total Electric Power Industry,Petroleum (Barrels),263637,,1.62222297740817,100.1599,43.4,20.43,7981
1441,F002021__3,2014-02-01,93.44,2014,2,KY,Total Electric Power Industry,Petroleum (Barrels),169557,2.31,1.62222297740817,100.9168,50.2,20.43,7981
1442,F002021__3,2014-03-01,93.75,2014,3,KY,Total Electric Power Industry,Petroleum (Barrels),161338,2.28,1.62222297740817,101.8942,55.0,20.43,7981
1443,F002021__3,2014-04-01,96.64,2014,4,KY,Total Electric Power Industry,Petroleum (Barrels),133727,2.33,1.62222297740817,101.9928,65.5,20.43,7981
1444,F002021__3,2014-05-01,96.18,2014,5,KY,Total Electric Power Industry,Petroleum (Barrels),150043,2.22,1.62222297740817,102.3836,71.8,20.43,7981
1445,F002021__3,2014-06-01,99.54,2014,6,KY,Total Electric Power Industry,Petroleum (Barrels),123402,2.15,1.62222297740817,102.735,79.8,20.43,7981
1446,F002021__3,2014-07-01,97.26,2014,7,KY,Total Electric Power Industry,Petroleum (Barrels),190704,2.11,1.62222297740817,102.9632,80.0,20.43,7981
1447,F002021__3,2014-08-01,91.25,2014,8,KY,Total Electric Power Industry,Petroleum (Barrels),300309,2.05,1.62222297740817,102.7688,81.3,20.43,7981
1448,F002021__3,2014-09-01,87.89,2014,9,KY,Total Electric Power Industry,Petroleum (Barrels),225425,,1.62222297740817,103.0641,78.1,20.43,7981
1449,F002021__3,2014-10-01,79.88,2014,10,KY,Total Electric Power Industry,Petroleum (Barrels),181735,1.89,1.62222297740817,103.0764,69.0,20.43,7981
1450,F002021__3,2014-11-01,71.34,2014,11,KY,Total Electric Power Industry,Petroleum (Barrels),161803,1.84,1.62222297740817,103.7126,53.1,20.43,7981
1451,F002021__3,2014-12-01,55.13,2014,12,KY,Total Electric Power Industry,Petroleum (Barrels),200755,1.73,1.62222297740817,103.7044,53.7,20.43,7981
1452,F002021__3,2015-01-01,44.25,2015,1,KY,Total Electric Power Industry,Petroleum (Barrels),221732,,0.118627135552451,102.8905,47.2,16.37,8068
1453,F002021__3,2015-02-01,46.88,2015,2,KY,Total Electric Power Industry,Petroleum (Barrels),235307,1.19,0.118627135552451,102.2335,47.5,16.37,8068
1454,F002021__3,2015-03-01,44.06,2015,3,KY,Total Electric Power Industry,Petroleum (Barrels),247403,1.42,0.118627135552451,101.8914,60.5,16.37,8068
1455,F002021__3,2015-04-01,50.15,2015,4,KY,Total Electric Power Industry,Petroleum (Barrels),147554,1.32,0.118627135552451,101.3355,69.8,16.37,8068
1456,F002021__3,2015-05-01,55.24,2015,5,KY,Total Electric Power Industry,Petroleum (Barrels),166452,1.52,0.118627135552451,100.8883,74.8,16.37,8068
1457,F002021__3,2015-06-01,55.6,2015,6,KY,Total Electric Power Industry,Petroleum (Barrels),178099,1.55,0.118627135552451,100.571,80.5,16.37,8068
1458,F002021__3,2015-07-01,48.28,2015,7,KY,Total Electric Power Industry,Petroleum (Barrels),174295,1.74,0.118627135552451,101.2228,84.2,16.37,8068
1459,F002021__3,2015-08-01,39.95,2015,8,KY,Total Electric Power Industry,Petroleum (Barrels),163638,1.48,0.118627135552451,101.0367,82.6,16.37,8068
1460,F002021__3,2015-09-01,41.82,2015,9,KY,Total Electric Power Industry,Petroleum (Barrels),119263,1.47,0.118627135552451,100.7547,78.5,16.37,8068
1461,F002021__3,2015-10-01,42.81,2015,10,KY,Total Electric Power Industry,Petroleum (Barrels),114226,1.41,0.118627135552451,100.2675,69.7,16.37,8068
1462,F002021__3,2015-11-01,39.16,2015,11,KY,Total Electric Power Industry,Petroleum (Barrels),174348,1.43,0.118627135552451,99.5298,62.7,16.37,8068
1463,F002021__3,2015-12-01,33.71,2015,12,KY,Total Electric Power Industry,Petroleum (Barrels),144573,1.24,0.118627135552451,99.0417,59.1,16.37,8068
1464,F002021__3,2016-01-01,28.8,2016,1,KY,Total Electric Power Industry,Petroleum (Barrels),119597,,1.26158320570536,99.5607,48.8,15.27,8356
1465,F002021__3,2016-02-01,27.73,2016,2,KY,Total Electric Power Industry,Petroleum (Barrels),183402,1.16,1.26158320570536,99.0445,55.1,15.27,8356
1466,F002021__3,2016-03-01,34.18,2016,3,KY,Total Electric Power Industry,Petroleum (Barrels),225966,0.98,1.26158320570536,98.3096,63.8,15.27,8356
1467,F002021__3,2016-04-01,37.23,2016,4,KY,Total Electric Power Industry,Petroleum (Barrels),205244,1.03,1.26158320570536,98.6421,68.2,15.27,8356
1468,F002021__3,2016-05-01,42.89,2016,5,KY,Total Electric Power Industry,Petroleum (Barrels),229819,1.08,1.26158320570536,98.4184,73.3,15.27,8356
1469,F002021__3,2016-06-01,45.44,2016,6,KY,Total Electric Power Industry,Petroleum (Barrels),228826,0.94,1.26158320570536,98.8833,80.9,15.27,8356
1470,F002021__3,2016-07-01,41.45,2016,7,KY,Total Electric Power Industry,Petroleum (Barrels),258880,0.87,1.26158320570536,98.9992,83.7,15.27,8356
1471,F002021__3,2016-08-01,41.53,2016,8,KY,Total Electric Power Industry,Petroleum (Barrels),246761,0.84,1.26158320570536,98.85,82.4,15.27,8356
1472,F002021__3,2016-09-01,41.73,2016,9,KY,Total Electric Power Industry,Petroleum (Barrels),187014,0.79,1.26158320570536,98.7457,80.2,15.27,8356
1473,F002021__3,2016-10-01,46.7,2016,10,KY,Total Electric Power Industry,Petroleum (Barrels),180991,0.83,1.26158320570536,98.7611,71.4,15.27,8356
1474,F002021__3,2016-11-01,43.3,2016,11,KY,Total Electric Power Industry,Petroleum (Barrels),172583,1.0,1.26158320570536,98.3491,62.4,15.27,8356
1475,F002021__3,2016-12-01,47.22,2016,12,KY,Total Electric Power Industry,Petroleum (Barrels),165250,1.31,1.26158320570536,99.0214,54.7,15.27,8356
1476,F002021__3,2017-01-01,49.16,2017,1,KY,Total Electric Power Industry,Petroleum (Barrels),211771,,2.13011000365961,98.7611,56.8,16.72,8541
1477,F002021__3,2017-02-01,50.12,2017,2,KY,Total Electric Power Industry,Petroleum (Barrels),81811,1.26,2.13011000365961,98.3646,61.7,16.72,8541
1478,F002021__3,2017-03-01,46.26,2017,3,KY,Total Electric Power Industry,Petroleum (Barrels),151893,1.17,2.13011000365961,99.0137,64.4,16.72,8541
1479,F002021__3,2017-04-01,47.55,2017,4,KY,Total Electric Power Industry,Petroleum (Barrels),109993,1.11,2.13011000365961,100.0224,69.4,16.72,8541
1480,F002021__3,2017-05-01,45.09,2017,5,KY,Total Electric Power Industry,Petroleum (Barrels),143422,1.05,2.13011000365961,100.1408,71.8,16.72,8541
1481,F002021__3,2017-06-01,39.87,2017,6,KY,Total Electric Power Industry,Petroleum (Barrels),170054,0.93,2.13011000365961,100.3471,78.5,16.72,8541
1482,F002021__3,2017-07-01,43.63,2017,7,KY,Total Electric Power Industry,Petroleum (Barrels),75661,0.94,2.13011000365961,100.1068,82.4,16.72,8541
1483,F002021__3,2017-08-01,44.77,2017,8,KY,Total Electric Power Industry,Petroleum (Barrels),13125,0.92,2.13011000365961,99.6925,81.0,16.72,8541
1484,F002021__3,2017-09-01,46.22,2017,9,KY,Total Electric Power Industry,Petroleum (Barrels),14904,0.81,2.13011000365961,99.7954,77.0,16.72,8541
1485,F002021__3,2017-10-01,48.02,2017,10,KY,Total Electric Power Industry,Petroleum (Barrels),13135,0.85,2.13011000365961,101.0247,69.2,16.72,8541
1486,F002021__3,2017-11-01,53.32,2017,11,KY,Total Electric Power Industry,Petroleum (Barrels),16756,0.76,2.13011000365961,101.2664,61.6,16.72,8541
1487,F002021__3,2017-12-01,54.82,2017,12,KY,Total Electric Power Industry,Petroleum (Barrels),17279,0.59,2.13011000365961,101.4644,50.8,16.72,8541
1488,F002021__3,2018-01-01,60.42,2018,1,KY,Total Electric Power Industry,Petroleum (Barrels),18777,,2.44258329692817,101.4625,44.2,17.92,8726
1489,F002021__3,2018-02-01,58.91,2018,2,KY,Total Electric Power Industry,Petroleum (Barrels),16247,0.62,2.44258329692817,101.7085,60.5,17.92,8726
1490,F002021__3,2018-03-01,59.75,2018,3,KY,Total Electric Power Industry,Petroleum (Barrels),15907,0.59,2.44258329692817,102.2067,62.2,17.92,8726
1491,F002021__3,2018-04-01,62.83,2018,4,KY,Total Electric Power Industry,Petroleum (Barrels),9145,0.48,2.44258329692817,103.3329,62.7,17.92,8726
1492,F002021__3,2018-05-01,66.52,2018,5,KY,Total Electric Power Industry,Petroleum (Barrels),14077,0.47,2.44258329692817,102.4024,77.8,17.92,8726
1493,F002021__3,2018-06-01,63.99,2018,6,KY,Total Electric Power Industry,Petroleum (Barrels),13192,0.42,2.44258329692817,103.198,82.1,17.92,8726
1494,F002021__3,2018-07-01,67.66,2018,7,KY,Total Electric Power Industry,Petroleum (Barrels),13638,0.3,2.44258329692817,103.3646,83.5,17.92,8726
1495,F002021__3,2018-08-01,64.66,2018,8,KY,Total Electric Power Industry,Petroleum (Barrels),9404,0.33,2.44258329692817,104.0327,82.0,17.92,8726
1496,F002021__3,2018-09-01,66.85,2018,9,KY,Total Electric Power Industry,Petroleum (Barrels),18509,,2.44258329692817,104.1004,80.2,17.92,8726
1497,F002021__3,2018-10-01,67.52,2018,10,KY,Total Electric Power Industry,Petroleum (Barrels),13609,0.27,2.44258329692817,103.9856,70.7,17.92,8726
1498,F002021__3,2018-11-01,54.58,2018,11,KY,Total Electric Power Industry,Petroleum (Barrels),16753,0.3,2.44258329692817,104.0681,54.8,17.92,8726
1499,F002021__3,2018-12-01,45.45,2018,12,KY,Total Electric Power Industry,Petroleum (Barrels),19774,0.15,2.44258329692817,104.0936,52.6,17.92,8726
1500,F002021__3,2019-01-01,48.3,2019,1,KY,Total Electric Power Industry,Petroleum (Barrels),16900,,1.81221007526021,103.4021,49.9,17.36,8445
1501,F002021__3,2019-02-01,51.72,2019,2,KY,Total Electric Power Industry,Petroleum (Barrels),16029,0.18,1.81221007526021,102.8371,57.6,17.36,8445
1502,F002021__3,2019-03-01,54.84,2019,3,KY,Total Electric Power Industry,Petroleum (Barrels),12660,0.21,1.81221007526021,102.8757,58.2,17.36,8445
1503,F002021__3,2019-04-01,60.49,2019,4,KY,Total Electric Power Industry,Petroleum (Barrels),12212,0.16,1.81221007526021,102.274,65.2,17.36,8445
1504,F002021__3,2019-05-01,57.64,2019,5,KY,Total Electric Power Industry,Petroleum (Barrels),15992,0.21,1.81221007526021,102.392,76.0,17.36,8445
1505,F002021__3,2019-06-01,53.48,2019,6,KY,Total Electric Power Industry,Petroleum (Barrels),11204,0.25,1.81221007526021,102.4375,80.2,17.36,8445
1506,F002021__3,2019-07-01,53.95,2019,7,KY,Total Electric Power Industry,Petroleum (Barrels),10031,0.25,1.81221007526021,101.9408,81.8,17.36,8445
1507,F002021__3,2019-08-01,51.64,2019,8,KY,Total Electric Power Industry,Petroleum (Barrels),10284,0.17,1.81221007526021,102.639,83.5,17.36,8445
1508,F002021__3,2019-09-01,52.52,2019,9,KY,Total Electric Power Industry,Petroleum (Barrels),11752,,1.81221007526021,102.2917,82.2,17.36,8445
1509,F002021__3,2019-10-01,50.81,2019,10,KY,Total Electric Power Industry,Petroleum (Barrels),12923,0.09,1.81221007526021,101.4281,69.1,17.36,8445
1510,F002021__3,2019-11-01,52.13,2019,11,KY,Total Electric Power Industry,Petroleum (Barrels),17130,0.17,1.81221007526021,101.9372,54.7,17.36,8445
1511,F002021__3,2019-12-01,54.97,2019,12,KY,Total Electric Power Industry,Petroleum (Barrels),19783,0.22,1.81221007526021,101.7003,54.1,17.36,8445
1512,F002021__3,2020-01-01,54.12,2020,1,KY,Total Electric Power Industry,Petroleum (Barrels),18515,,1.23358439630629,101.0338,53.7,15.5,7113
1513,F002021__3,2020-02-01,48.98,2020,2,KY,Total Electric Power Industry,Petroleum (Barrels),13755,0.18,1.23358439630629,101.3735,54.0,15.5,7113
1514,F002021__3,2020-03-01,26.55,2020,3,KY,Total Electric Power Industry,Petroleum (Barrels),9600,0.26,1.23358439630629,97.4078,67.3,15.5,7113
1515,F002021__3,2020-04-01,16.64,2020,4,KY,Total Electric Power Industry,Petroleum (Barrels),8215,0.39,1.23358439630629,84.5619,66.6,15.5,7113
1516,F002021__3,2020-05-01,24.33,2020,5,KY,Total Electric Power Industry,Petroleum (Barrels),16415,0.44,1.23358439630629,85.9604,73.0,15.5,7113
1517,F002021__3,2020-06-01,34.32,2020,6,KY,Total Electric Power Industry,Petroleum (Barrels),18492,0.52,1.23358439630629,91.5934,79.7,15.5,7113
1518,F002021__3,2020-07-01,36.07,2020,7,KY,Total Electric Power Industry,Petroleum (Barrels),15979,0.52,1.23358439630629,95.0256,82.8,15.5,7113
1519,F002021__3,2020-08-01,37.52,2020,8,KY,Total Electric Power Industry,Petroleum (Barrels),11617,0.45,1.23358439630629,95.9549,82.2,15.5,7113
1520,F002021__3,2020-09-01,35.04,2020,9,KY,Total Electric Power Industry,Petroleum (Barrels),8948,0.55,1.23358439630629,95.9669,77.6,15.5,7113
1521,F002021__3,2020-10-01,34.78,2020,10,KY,Total Electric Power Industry,Petroleum (Barrels),8670,0.54,1.23358439630629,96.7394,68.2,15.5,7113
1522,F002021__3,2020-11-01,36.55,2020,11,KY,Total Electric Power Industry,Petroleum (Barrels),16061,0.71,1.23358439630629,97.0816,61.9,15.5,7113
1523,F002021__3,2020-12-01,42.5,2020,12,KY,Total Electric Power Industry,Petroleum (Barrels),19276,0.75,1.23358439630629,98.363,50.9,15.5,7113
1524,F002021__3,2021-01-01,47.06,2021,1,KY,Total Electric Power Industry,Petroleum (Barrels),11658,,4.69785886363742,98.8822,50.6,19.23,7904
1525,F002021__3,2021-02-01,54.35,2021,2,KY,Total Electric Power Industry,Petroleum (Barrels),15971,0.98,4.69785886363742,95.6149,47.8,19.23,7904
1526,F002021__3,2021-03-01,57.27,2021,3,KY,Total Electric Power Industry,Petroleum (Barrels),12405,1.32,4.69785886363742,98.3856,62.2,19.23,7904
1527,F002021__3,2021-04-01,56.27,2021,4,KY,Total Electric Power Industry,Petroleum (Barrels),10237,1.52,4.69785886363742,98.5587,64.7,19.23,7904
1528,F002021__3,2021-05-01,59.71,2021,5,KY,Total Electric Power Industry,Petroleum (Barrels),17628,1.47,4.69785886363742,99.4333,72.3,19.23,7904
1529,F002021__3,2021-06-01,65.08,2021,6,KY,Total Electric Power Industry,Petroleum (Barrels),15109,1.46,4.69785886363742,99.7987,80.4,19.23,7904
1530,F002021__3,2021-07-01,66.75,2021,7,KY,Total Electric Power Industry,Petroleum (Barrels),12320,1.23,4.69785886363742,100.2519,81.8,19.23,7904
1531,F002021__3,2021-08-01,61.61,2021,8,KY,Total Electric Power Industry,Petroleum (Barrels),11590,1.03,4.69785886363742,100.0437,82.6,19.23,7904
1532,F002021__3,2021-09-01,65.31,2021,9,KY,Total Electric Power Industry,Petroleum (Barrels),12373,1.11,4.69785886363742,98.8579,76.9,19.23,7904
1533,F002021__3,2021-10-01,75.05,2021,10,KY,Total Electric Power Industry,Petroleum (Barrels),6418,1.21,4.69785886363742,100.1861,71.7,19.23,7904
1534,F002021__3,2021-11-01,72.67,2021,11,KY,Total Electric Power Industry,Petroleum (Barrels),11521,1.08,4.69785886363742,100.8654,56.4,19.23,7904
1535,F002021__3,2021-12-01,66.38,2021,12,KY,Total Electric Power Industry,Petroleum (Barrels),19054,0.87,4.69785886363742,100.5726,62.4,19.23,7904
1536,F002021__3,2022-01-01,77.53,2022,1,KY,Total Electric Power Industry,Petroleum (Barrels),17349,0.85,8.00279982052121,100.1856,48.2,25.3,8375
1537,F002021__3,2022-02-01,86.33,2022,2,KY,Total Electric Power Industry,Petroleum (Barrels),15651,0.63,8.00279982052121,100.8064,51.3,25.3,8375
1538,F002021__3,2022-03-01,103.22,2022,3,KY,Total Electric Power Industry,Petroleum (Barrels),45592,0.41,8.00279982052121,101.3907,58.9,25.3,8375
1539,F002021__3,2022-04-01,96.49,2022,4,KY,Total Electric Power Industry,Petroleum (Barrels),10110,-0.05,8.00279982052121,101.44,67.4,25.3,8375
1540,F002021__3,2022-05-01,104.46,2022,5,KY,Total Electric Power Industry,Petroleum (Barrels),20306,0.26,8.00279982052121,101.3335,77.0,25.3,8375
1541,F002021__3,2022-06-01,108.66,2022,6,KY,Total Electric Power Industry,Petroleum (Barrels),15370,0.28,8.00279982052121,101.018,82.7,25.3,8375
1542,F002021__3,2022-07-01,95.42,2022,7,KY,Total Electric Power Industry,Petroleum (Barrels),18863,0.04,8.00279982052121,101.223,83.9,25.3,8375
1543,F002021__3,2022-08-01,86.36,2022,8,KY,Total Electric Power Industry,Petroleum (Barrels),14318,-0.3,8.00279982052121,101.0963,81.8,25.3,8375
1544,F002021__3,2022-09-01,78.8,2022,9,KY,Total Electric Power Industry,Petroleum (Barrels),11004,-0.25,8.00279982052121,101.2918,77.3,25.3,8375
1545,F002021__3,2022-10-01,81.43,2022,10,KY,Total Electric Power Industry,Petroleum (Barrels),6491,-0.45,8.00279982052121,101.2529,66.2,25.3,8375
1546,F002021__3,2022-11-01,78.87,2022,11,KY,Total Electric Power Industry,Petroleum (Barrels),16393,-0.47,8.00279982052121,100.9552,58.2,25.3,8375
1547,F002021__3,2022-12-01,71.46,2022,12,KY,Total Electric Power Industry,Petroleum (Barrels),55896,-0.72,8.00279982052121,99.7664,54.1,25.3,8375
1548,F002021__3,2023-01-01,72.98,2023,1,KY,Total Electric Power Industry,Petroleum (Barrels),10185,,4.11633838374488,100.505,56.0,22.24,8607
1549,F002021__3,2023-02-01,71.49,2023,2,KY,Total Electric Power Industry,Petroleum (Barrels),5278,-0.7,4.11633838374488,100.6416,58.4,22.24,8607
1550,F002021__3,2023-03-01,67.91,2023,3,KY,Total Electric Power Industry,Petroleum (Barrels),11183,-0.88,4.11633838374488,101.0205,63.6,22.24,8607
1551,F002021__3,2023-04-01,73.57,2023,4,KY,Total Electric Power Industry,Petroleum (Barrels),15161,-0.54,4.11633838374488,101.253,66.1,22.24,8607
1552,F002021__3,2023-05-01,66.23,2023,5,KY,Total Electric Power Industry,Petroleum (Barrels),13858,-0.55,4.11633838374488,100.9286,74.9,22.24,8607
1553,F002021__3,2023-06-01,65.04,2023,6,KY,Total Electric Power Industry,Petroleum (Barrels),10787,-0.72,4.11633838374488,100.1196,82.0,22.24,8607
1554,F002021__3,2023-07-01,70.08,2023,7,KY,Total Electric Power Industry,Petroleum (Barrels),7329,-1.08,4.11633838374488,100.9067,84.9,22.24,8607
1555,F002021__3,2023-08-01,75.75,2023,8,KY,Total Electric Power Industry,Petroleum (Barrels),10392,-0.87,4.11633838374488,100.8393,87.9,22.24,8607
1556,F002021__3,2023-09-01,83.27,2023,9,KY,Total Electric Power Industry,Petroleum (Barrels),5375,-0.69,4.11633838374488,101.0211,80.7,22.24,8607
1557,F002021__3,2023-10-01,80.31,2023,10,KY,Total Electric Power Industry,Petroleum (Barrels),5303,-0.43,4.11633838374488,100.4689,69.7,22.24,8607
1558,F002021__3,2023-11-01,72.32,2023,11,KY,Total Electric Power Industry,Petroleum (Barrels),14870,-0.18,4.11633838374488,100.8639,58.2,22.24,8607
1559,F002021__3,2023-12-01,66.7,2023,12,KY,Total Electric Power Industry,Petroleum (Barrels),12350,-0.34,4.11633838374488,100.6031,53.2,22.24,8607
1560,F002026__3,2001-01-01,26.21,2001,1,MI,Total Electric Power Industry,Petroleum (Barrels),135194,,2.82617111885407,91.902,16.0,9.94,6111
1561,F002026__3,2001-02-01,26.24,2001,2,MI,Total Electric Power Industry,Petroleum (Barrels),27129,0.55,2.82617111885407,91.3034,6.7,9.94,6111
1562,F002026__3,2001-03-01,24.12,2001,3,MI,Total Electric Power Industry,Petroleum (Barrels),93121,0.46,2.82617111885407,91.1162,24.2,9.94,6111
1563,F002026__3,2001-04-01,24.22,2001,4,MI,Total Electric Power Industry,Petroleum (Barrels),48275,0.76,2.82617111885407,90.7891,43.4,9.94,6111
1564,F002026__3,2001-05-01,25.37,2001,5,MI,Total Electric Power Industry,Petroleum (Barrels),91796,1.07,2.82617111885407,90.3555,56.6,9.94,6111
1565,F002026__3,2001-06-01,24.26,2001,6,MI,Total Electric Power Industry,Petroleum (Barrels),268588,1.17,2.82617111885407,89.8784,65.1,9.94,6111
1566,F002026__3,2001-07-01,23.41,2001,7,MI,Total Electric Power Industry,Petroleum (Barrels),289275,1.16,2.82617111885407,89.3028,70.4,9.94,6111
1567,F002026__3,2001-08-01,25.38,2001,8,MI,Total Electric Power Industry,Petroleum (Barrels),255035,1.28,2.82617111885407,89.2003,69.3,9.94,6111
1568,F002026__3,2001-09-01,23.9,2001,9,MI,Total Electric Power Industry,Petroleum (Barrels),87747,,2.82617111885407,88.7485,57.4,9.94,6111
1569,F002026__3,2001-10-01,20.25,2001,10,MI,Total Electric Power Industry,Petroleum (Barrels),84629,1.73,2.82617111885407,88.5052,44.5,9.94,6111
1570,F002026__3,2001-11-01,17.69,2001,11,MI,Total Electric Power Industry,Petroleum (Barrels),62375,1.75,2.82617111885407,87.97,40.7,9.94,6111
1571,F002026__3,2001-12-01,17.35,2001,12,MI,Total Electric Power Industry,Petroleum (Barrels),77846,1.93,2.82617111885407,87.9324,22.3,9.94,6111
1572,F002026__3,2002-01-01,17.67,2002,1,MI,Total Electric Power Industry,Petroleum (Barrels),117413,,1.58603162650601,88.5176,18.1,9.95,6214
1573,F002026__3,2002-02-01,18.43,2002,2,MI,Total Electric Power Industry,Petroleum (Barrels),161928,1.94,1.58603162650601,88.5278,23.8,9.95,6214
1574,F002026__3,2002-03-01,22.13,2002,3,MI,Total Electric Power Industry,Petroleum (Barrels),144093,1.8,1.58603162650601,89.1686,19.5,9.95,6214
1575,F002026__3,2002-04-01,23.84,2002,4,MI,Total Electric Power Industry,Petroleum (Barrels),188800,1.7,1.58603162650601,89.604,40.4,9.95,6214
1576,F002026__3,2002-05-01,24.67,2002,5,MI,Total Electric Power Industry,Petroleum (Barrels),122476,1.87,1.58603162650601,89.964,49.8,9.95,6214
1577,F002026__3,2002-06-01,23.5,2002,6,MI,Total Electric Power Industry,Petroleum (Barrels),244143,1.87,1.58603162650601,90.7061,67.0,9.95,6214
1578,F002026__3,2002-07-01,24.59,2002,7,MI,Total Electric Power Industry,Petroleum (Barrels),410130,1.97,1.58603162650601,90.6769,72.2,9.95,6214
1579,F002026__3,2002-08-01,25.99,2002,8,MI,Total Electric Power Industry,Petroleum (Barrels),255166,2.32,1.58603162650601,90.5762,66.5,9.95,6214
1580,F002026__3,2002-09-01,27.55,2002,9,MI,Total Electric Power Industry,Petroleum (Barrels),151518,,1.58603162650601,90.6531,60.5,9.95,6214
1581,F002026__3,2002-10-01,26.54,2002,10,MI,Total Electric Power Industry,Petroleum (Barrels),121022,1.92,1.58603162650601,90.4643,37.7,9.95,6214
1582,F002026__3,2002-11-01,23.96,2002,11,MI,Total Electric Power Industry,Petroleum (Barrels),56774,2.25,1.58603162650601,90.9711,27.8,9.95,6214
1583,F002026__3,2002-12-01,27.35,2002,12,MI,Total Electric Power Industry,Petroleum (Barrels),181882,2.15,1.58603162650601,90.4652,21.2,9.95,6214
1584,F002026__3,2003-01-01,30.5,2003,1,MI,Total Electric Power Industry,Petroleum (Barrels),237134,,2.27009497336115,91.2361,10.1,10.78,6176
1585,F002026__3,2003-02-01,33.93,2003,2,MI,Total Electric Power Industry,Petroleum (Barrels),256584,2.29,2.27009497336115,91.3445,9.9,10.78,6176
1586,F002026__3,2003-03-01,31.48,2003,3,MI,Total Electric Power Industry,Petroleum (Barrels),151786,2.16,2.27009497336115,91.1044,25.8,10.78,6176
1587,F002026__3,2003-04-01,26.91,2003,4,MI,Total Electric Power Industry,Petroleum (Barrels),102614,2.34,2.27009497336115,90.5617,43.4,10.78,6176
1588,F002026__3,2003-05-01,26.57,2003,5,MI,Total Electric Power Industry,Petroleum (Barrels),99799,2.38,2.27009497336115,90.537,54.3,10.78,6176
1589,F002026__3,2003-06-01,28.55,2003,6,MI,Total Electric Power Industry,Petroleum (Barrels),170331,2.1,2.27009497336115,90.6527,63.6,10.78,6176
1590,F002026__3,2003-07-01,29.22,2003,7,MI,Total Electric Power Industry,Petroleum (Barrels),177865,2.26,2.27009497336115,91.1185,68.8,10.78,6176
1591,F002026__3,2003-08-01,29.8,2003,8,MI,Total Electric Power Industry,Petroleum (Barrels),434935,2.59,2.27009497336115,90.9197,70.2,10.78,6176
1592,F002026__3,2003-09-01,26.31,2003,9,MI,Total Electric Power Industry,Petroleum (Barrels),86465,,2.27009497336115,91.5059,57.9,10.78,6176
1593,F002026__3,2003-10-01,28.23,2003,10,MI,Total Electric Power Industry,Petroleum (Barrels),101148,2.49,2.27009497336115,91.6186,47.0,10.78,6176
1594,F002026__3,2003-11-01,28.6,2003,11,MI,Total Electric Power Industry,Petroleum (Barrels),83150,2.5,2.27009497336115,92.2329,26.6,10.78,6176
1595,F002026__3,2003-12-01,29.97,2003,12,MI,Total Electric Power Industry,Petroleum (Barrels),137141,2.28,2.27009497336115,92.2602,20.6,10.78,6176
1596,F002026__3,2004-01-01,31.75,2004,1,MI,Total Electric Power Industry,Petroleum (Barrels),256885,,2.67723669309172,92.4006,5.1,12.14,6283
1597,F002026__3,2004-02-01,32.46,2004,2,MI,Total Electric Power Industry,Petroleum (Barrels),226816,2.35,2.67723669309172,92.958,16.7,12.14,6283
1598,F002026__3,2004-03-01,34.81,2004,3,MI,Total Electric Power Industry,Petroleum (Barrels),69986,2.33,2.67723669309172,92.5861,30.9,12.14,6283
1599,F002026__3,2004-04-01,34.57,2004,4,MI,Total Electric Power Industry,Petroleum (Barrels),96810,2.26,2.67723669309172,92.93,43.7,12.14,6283
1600,F002026__3,2004-05-01,38.04,2004,5,MI,Total Electric Power Industry,Petroleum (Barrels),124106,2.19,2.67723669309172,93.6013,51.2,12.14,6283
1601,F002026__3,2004-06-01,36.42,2004,6,MI,Total Electric Power Industry,Petroleum (Barrels),211709,2.11,2.67723669309172,92.871,60.7,12.14,6283
1602,F002026__3,2004-07-01,38.36,2004,7,MI,Total Electric Power Industry,Petroleum (Barrels),260556,1.93,2.67723669309172,93.5649,66.7,12.14,6283
1603,F002026__3,2004-08-01,42.51,2004,8,MI,Total Electric Power Industry,Petroleum (Barrels),121459,1.82,2.67723669309172,93.6277,60.9,12.14,6283
1604,F002026__3,2004-09-01,43.67,2004,9,MI,Total Electric Power Industry,Petroleum (Barrels),61012,1.72,2.67723669309172,93.7467,62.1,12.14,6283
1605,F002026__3,2004-10-01,50.56,2004,10,MI,Total Electric Power Industry,Petroleum (Barrels),27221,1.58,2.67723669309172,94.5465,46.8,12.14,6283
1606,F002026__3,2004-11-01,46.27,2004,11,MI,Total Electric Power Industry,Petroleum (Barrels),45228,1.5,2.67723669309172,94.7813,34.0,12.14,6283
1607,F002026__3,2004-12-01,40.64,2004,12,MI,Total Electric Power Industry,Petroleum (Barrels),199535,1.37,2.67723669309172,95.5365,16.8,12.14,6283
1608,F002026__3,2005-01-01,44.52,2005,1,MI,Total Electric Power Industry,Petroleum (Barrels),228764,1.13,3.3927468454955,95.8801,7.6,14.53,6542
1609,F002026__3,2005-02-01,46.03,2005,2,MI,Total Electric Power Industry,Petroleum (Barrels),51691,0.86,3.3927468454955,96.5761,20.3,14.53,6542
1610,F002026__3,2005-03-01,52.37,2005,3,MI,Total Electric Power Industry,Petroleum (Barrels),46046,0.79,3.3927468454955,96.4456,26.2,14.53,6542
1611,F002026__3,2005-04-01,50.13,2005,4,MI,Total Electric Power Industry,Petroleum (Barrels),64191,0.71,3.3927468454955,96.6532,47.7,14.53,6542
1612,F002026__3,2007-01-01,46.07,2007,1,MI,Total Electric Power Industry,Petroleum (Barrels),57546,,2.85267248150138,99.8346,14.5,17.57,6306
1613,F002026__3,2007-02-01,52.32,2007,2,MI,Total Electric Power Industry,Petroleum (Barrels),180490,-0.12,2.85267248150138,100.7753,7.7,17.57,6306
1614,F002026__3,2007-03-01,53.53,2007,3,MI,Total Electric Power Industry,Petroleum (Barrels),86836,-0.07,2.85267248150138,100.9547,31.7,17.57,6306
1615,F002026__3,2007-04-01,56.9,2007,4,MI,Total Electric Power Industry,Petroleum (Barrels),62491,0.05,2.85267248150138,101.6334,41.2,17.57,6306
1616,F002026__3,2007-05-01,57.29,2007,5,MI,Total Electric Power Industry,Petroleum (Barrels),109483,0.01,2.85267248150138,101.7306,58.7,17.57,6306
1617,F002026__3,2007-06-01,62.86,2007,6,MI,Total Electric Power Industry,Petroleum (Barrels),95521,-0.02,2.85267248150138,101.7893,67.2,17.57,6306
1618,F002026__3,2007-07-01,70.15,2007,7,MI,Total Electric Power Industry,Petroleum (Barrels),108898,0.14,2.85267248150138,101.6672,70.6,17.57,6306
1619,F002026__3,2007-08-01,68.37,2007,8,MI,Total Electric Power Industry,Petroleum (Barrels),202843,0.2,2.85267248150138,101.863,66.5,17.57,6306
1620,F002026__3,2007-09-01,75.92,2007,9,MI,Total Electric Power Industry,Petroleum (Barrels),105870,,2.85267248150138,102.0894,59.2,17.57,6306
1621,F002026__3,2007-10-01,82.24,2007,10,MI,Total Electric Power Industry,Petroleum (Barrels),129319,0.54,2.85267248150138,101.8015,49.4,17.57,6306
1622,F002026__3,2007-11-01,90.12,2007,11,MI,Total Electric Power Industry,Petroleum (Barrels),54615,0.59,2.85267248150138,102.3446,30.4,17.57,6306
1623,F002026__3,2007-12-01,88.06,2007,12,MI,Total Electric Power Industry,Petroleum (Barrels),66795,0.99,2.85267248150138,102.3803,11.7,17.57,6306
1624,F002026__3,2008-01-01,89.2,2008,1,MI,Total Electric Power Industry,Petroleum (Barrels),59467,,3.839100296651,102.2448,8.5,19.53,6737
1625,F002026__3,2008-02-01,91.53,2008,2,MI,Total Electric Power Industry,Petroleum (Barrels),66086,1.53,3.839100296651,101.8438,9.4,19.53,6737
1626,F002026__3,2008-03-01,100.86,2008,3,MI,Total Electric Power Industry,Petroleum (Barrels),92158,1.93,3.839100296651,101.5336,23.5,19.53,6737
1627,F002026__3,2008-04-01,110.32,2008,4,MI,Total Electric Power Industry,Petroleum (Barrels),48725,1.77,3.839100296651,100.8785,39.6,19.53,6737
1628,F002026__3,2008-05-01,121.74,2008,5,MI,Total Electric Power Industry,Petroleum (Barrels),64090,1.41,3.839100296651,100.2674,51.5,19.53,6737
1629,F002026__3,2008-06-01,130.07,2008,6,MI,Total Electric Power Industry,Petroleum (Barrels),123127,1.47,3.839100296651,100.0335,62.9,19.53,6737
1630,F002026__3,2008-07-01,131.32,2008,7,MI,Total Electric Power Industry,Petroleum (Barrels),84544,1.38,3.839100296651,99.676,68.4,19.53,6737
1631,F002026__3,2008-08-01,114.28,2008,8,MI,Total Electric Power Industry,Petroleum (Barrels),70361,1.46,3.839100296651,98.1111,66.8,19.53,6737
1632,F002026__3,2008-09-01,99.66,2008,9,MI,Total Electric Power Industry,Petroleum (Barrels),68000,,3.839100296651,93.7895,58.7,19.53,6737
1633,F002026__3,2008-10-01,72.62,2008,10,MI,Total Electric Power Industry,Petroleum (Barrels),48253,1.95,3.839100296651,94.7219,46.0,19.53,6737
1634,F002026__3,2008-11-01,52.62,2008,11,MI,Total Electric Power Industry,Petroleum (Barrels),60189,2.51,3.839100296651,93.4715,30.8,19.53,6737
1635,F002026__3,2008-12-01,36.46,2008,12,MI,Total Electric Power Industry,Petroleum (Barrels),63032,1.82,3.839100296651,90.8357,6.9,19.53,6737
1636,F002026__3,2009-01-01,36.54,2009,1,MI,Total Electric Power Industry,Petroleum (Barrels),70783,,-0.355546266299747,88.57,2.2,16.8,6656
1637,F002026__3,2009-02-01,33.1,2009,2,MI,Total Electric Power Industry,Petroleum (Barrels),47192,1.87,-0.355546266299747,88.031,15.0,16.8,6656
1638,F002026__3,2009-03-01,40.85,2009,3,MI,Total Electric Power Industry,Petroleum (Barrels),54606,2.02,-0.355546266299747,86.6528,26.0,16.8,6656
1639,F002026__3,2009-04-01,44.07,2009,4,MI,Total Electric Power Industry,Petroleum (Barrels),52158,1.85,-0.355546266299747,85.9344,41.8,16.8,6656
1640,F002026__3,2009-05-01,53.69,2009,5,MI,Total Electric Power Industry,Petroleum (Barrels),74122,2.29,-0.355546266299747,85.0665,53.4,16.8,6656
1641,F002026__3,2009-06-01,65.02,2009,6,MI,Total Electric Power Industry,Petroleum (Barrels),87470,2.74,-0.355546266299747,84.7459,62.3,16.8,6656
1642,F002026__3,2009-07-01,59.47,2009,7,MI,Total Electric Power Industry,Petroleum (Barrels),62175,2.5,-0.355546266299747,85.7027,64.1,16.8,6656
1643,F002026__3,2009-08-01,64.96,2009,8,MI,Total Electric Power Industry,Petroleum (Barrels),68834,2.48,-0.355546266299747,86.6426,64.2,16.8,6656
1644,F002026__3,2009-09-01,64.28,2009,9,MI,Total Electric Power Industry,Petroleum (Barrels),51558,2.46,-0.355546266299747,87.4063,62.6,16.8,6656
1645,F002026__3,2009-10-01,71.09,2009,10,MI,Total Electric Power Industry,Petroleum (Barrels),62916,2.34,-0.355546266299747,87.6419,39.9,16.8,6656
1646,F002026__3,2009-11-01,73.27,2009,11,MI,Total Electric Power Industry,Petroleum (Barrels),48560,2.53,-0.355546266299747,88.0221,37.8,16.8,6656
1647,F002026__3,2009-12-01,70.52,2009,12,MI,Total Electric Power Industry,Petroleum (Barrels),45386,2.61,-0.355546266299747,88.3793,12.0,16.8,6656
1648,F002026__3,2010-01-01,73.88,2010,1,MI,Total Electric Power Industry,Petroleum (Barrels),56015,,1.6400434423899,89.3426,8.8,18.34,7130
1649,F002026__3,2010-02-01,72.32,2010,2,MI,Total Electric Power Industry,Petroleum (Barrels),55660,2.82,1.6400434423899,89.6779,12.8,18.34,7130
1650,F002026__3,2010-03-01,77.12,2010,3,MI,Total Electric Power Industry,Petroleum (Barrels),62902,2.81,1.6400434423899,90.2928,35.8,18.34,7130
1651,F002026__3,2010-04-01,80.46,2010,4,MI,Total Electric Power Industry,Petroleum (Barrels),42656,2.84,1.6400434423899,90.5991,50.0,18.34,7130
1652,F002026__3,2010-05-01,69.8,2010,5,MI,Total Electric Power Industry,Petroleum (Barrels),81443,2.72,1.6400434423899,91.823,56.0,18.34,7130
1653,F002026__3,2010-06-01,70.53,2010,6,MI,Total Electric Power Industry,Petroleum (Barrels),72465,2.51,1.6400434423899,91.9928,63.8,18.34,7130
1654,F002026__3,2010-07-01,71.64,2010,7,MI,Total Electric Power Industry,Petroleum (Barrels),53328,2.33,1.6400434423899,92.3421,70.4,18.34,7130
1655,F002026__3,2010-08-01,72.1,2010,8,MI,Total Electric Power Industry,Petroleum (Barrels),68590,2.43,1.6400434423899,92.6805,70.2,18.34,7130
1656,F002026__3,2010-09-01,70.83,2010,9,MI,Total Electric Power Industry,Petroleum (Barrels),56099,2.08,1.6400434423899,92.9537,55.0,18.34,7130
1657,F002026__3,2010-10-01,77.04,2010,10,MI,Total Electric Power Industry,Petroleum (Barrels),41985,2.12,1.6400434423899,92.6903,49.1,18.34,7130
1658,F002026__3,2010-11-01,78.79,2010,11,MI,Total Electric Power Industry,Petroleum (Barrels),46269,2.32,1.6400434423899,92.7709,30.7,18.34,7130
1659,F002026__3,2010-12-01,83.81,2010,12,MI,Total Electric Power Industry,Petroleum (Barrels),59655,2.44,1.6400434423899,93.6787,11.5,18.34,7130
1660,F002026__3,2011-01-01,84.13,2011,1,MI,Total Electric Power Industry,Petroleum (Barrels),45976,2.75,3.156841568622,93.4814,5.0,20.78,7680
1661,F002026__3,2011-02-01,84.15,2011,2,MI,Total Electric Power Industry,Petroleum (Barrels),37551,2.87,3.156841568622,93.1102,13.2,20.78,7680
1662,F002026__3,2011-03-01,98.04,2011,3,MI,Total Electric Power Industry,Petroleum (Barrels),48556,2.75,3.156841568622,94.0788,23.6,20.78,7680
1663,F002026__3,2011-04-01,105.44,2011,4,MI,Total Electric Power Industry,Petroleum (Barrels),93047,2.66,3.156841568622,93.7749,41.6,20.78,7680
1664,F002026__3,2011-05-01,98.75,2011,5,MI,Total Electric Power Industry,Petroleum (Barrels),54706,2.7,3.156841568622,93.888,53.6,20.78,7680
1665,F002026__3,2011-06-01,93.13,2011,6,MI,Total Electric Power Industry,Petroleum (Barrels),60206,2.52,3.156841568622,94.172,63.4,20.78,7680
1666,F002026__3,2011-07-01,95.74,2011,7,MI,Total Electric Power Industry,Petroleum (Barrels),70561,2.72,3.156841568622,94.636,72.7,20.78,7680
1667,F002026__3,2011-08-01,84.9,2011,8,MI,Total Electric Power Industry,Petroleum (Barrels),59091,2.39,3.156841568622,95.2749,68.2,20.78,7680
1668,F002026__3,2011-09-01,84.7,2011,9,MI,Total Electric Power Industry,Petroleum (Barrels),38672,1.96,3.156841568622,95.1961,57.5,20.78,7680
1669,F002026__3,2011-10-01,85.41,2011,10,MI,Total Electric Power Industry,Petroleum (Barrels),32041,1.56,3.156841568622,95.8568,49.9,20.78,7680
1670,F002026__3,2011-11-01,96.87,2011,11,MI,Total Electric Power Industry,Petroleum (Barrels),32218,1.78,3.156841568622,95.8485,32.9,20.78,7680
1671,F002026__3,2011-12-01,98.45,2011,12,MI,Total Electric Power Industry,Petroleum (Barrels),37268,1.84,3.156841568622,96.3571,22.7,20.78,7680
1672,F002026__3,2012-01-01,100.02,2012,1,MI,Total Electric Power Industry,Petroleum (Barrels),38114,,2.06933726526067,96.9318,18.4,21.36,7703
1673,F002026__3,2012-02-01,102.06,2012,2,MI,Total Electric Power Industry,Petroleum (Barrels),39122,1.64,2.06933726526067,97.2435,22.4,21.36,7703
1674,F002026__3,2012-03-01,105.59,2012,3,MI,Total Electric Power Industry,Petroleum (Barrels),38256,1.73,2.06933726526067,96.74,41.8,21.36,7703
1675,F002026__3,2012-04-01,102.74,2012,4,MI,Total Electric Power Industry,Petroleum (Barrels),66979,1.89,2.06933726526067,97.4359,45.5,21.36,7703
1676,F002026__3,2012-05-01,90.6,2012,5,MI,Total Electric Power Industry,Petroleum (Barrels),54980,1.71,2.06933726526067,97.6609,58.3,21.36,7703
1677,F002026__3,2012-06-01,77.58,2012,6,MI,Total Electric Power Industry,Petroleum (Barrels),48462,1.22,2.06933726526067,97.6663,66.8,21.36,7703
1678,F002026__3,2012-07-01,82.44,2012,7,MI,Total Electric Power Industry,Petroleum (Barrels),52022,1.31,2.06933726526067,97.8713,74.3,21.36,7703
1679,F002026__3,2012-08-01,89.41,2012,8,MI,Total Electric Power Industry,Petroleum (Barrels),43557,1.32,2.06933726526067,97.4525,66.7,21.36,7703
1680,F002026__3,2012-09-01,87.88,2012,9,MI,Total Electric Power Industry,Petroleum (Barrels),36740,,2.06933726526067,97.381,57.3,21.36,7703
1681,F002026__3,2012-10-01,83.37,2012,10,MI,Total Electric Power Industry,Petroleum (Barrels),45370,1.39,2.06933726526067,97.7193,43.2,21.36,7703
1682,F002026__3,2012-11-01,82.56,2012,11,MI,Total Electric Power Industry,Petroleum (Barrels),43250,1.45,2.06933726526067,98.0777,31.0,21.36,7703
1683,F002026__3,2012-12-01,85.76,2012,12,MI,Total Electric Power Industry,Petroleum (Barrels),38044,1.38,2.06933726526067,98.3101,16.8,21.36,7703
1684,F002026__3,2013-01-01,92.41,2013,1,MI,Total Electric Power Industry,Petroleum (Barrels),46704,,1.46483265562717,98.3342,11.4,20.35,7707
1685,F002026__3,2013-02-01,93.09,2013,2,MI,Total Electric Power Industry,Petroleum (Barrels),36916,1.77,1.46483265562717,98.7941,13.0,20.35,7707
1686,F002026__3,2013-03-01,90.98,2013,3,MI,Total Electric Power Industry,Petroleum (Barrels),37869,1.61,1.46483265562717,99.1921,20.6,20.35,7707
1687,F002026__3,2013-04-01,89.89,2013,4,MI,Total Electric Power Industry,Petroleum (Barrels),34796,1.63,1.46483265562717,99.1065,34.0,20.35,7707
1688,F002026__3,2013-05-01,93.97,2013,5,MI,Total Electric Power Industry,Petroleum (Barrels),59609,1.46,1.46483265562717,99.1839,53.2,20.35,7707
1689,F002026__3,2013-08-01,106.43,2013,8,MI,Total Electric Power Industry,Petroleum (Barrels),45446,2.39,1.46483265562717,99.6543,67.8,20.35,7707
1690,F002026__3,2013-09-01,106.39,2013,9,MI,Total Electric Power Industry,Petroleum (Barrels),39720,,1.46483265562717,100.161,61.5,20.35,7707
1691,F002026__3,2013-10-01,100.83,2013,10,MI,Total Electric Power Industry,Petroleum (Barrels),131536,2.33,1.46483265562717,100.082,44.9,20.35,7707
1692,F002026__3,2013-11-01,91.48,2013,11,MI,Total Electric Power Industry,Petroleum (Barrels),193266,2.32,1.46483265562717,100.3158,27.6,20.35,7707
1693,F002026__3,2013-12-01,92.82,2013,12,MI,Total Electric Power Industry,Petroleum (Barrels),247463,2.51,1.46483265562717,100.5175,5.0,20.35,7707
1694,F002026__3,2014-01-01,89.57,2014,1,MI,Total Electric Power Industry,Petroleum (Barrels),153978,,1.62222297740817,100.1599,2.3,19.89,7981
1695,F002026__3,2014-02-01,95.64,2014,2,MI,Total Electric Power Industry,Petroleum (Barrels),144228,2.31,1.62222297740817,100.9168,3.8,19.89,7981
1696,F002026__3,2014-03-01,95.89,2014,3,MI,Total Electric Power Industry,Petroleum (Barrels),193819,2.28,1.62222297740817,101.8942,19.6,19.89,7981
1697,F002026__3,2014-04-01,97.58,2014,4,MI,Total Electric Power Industry,Petroleum (Barrels),188475,2.33,1.62222297740817,101.9928,38.4,19.89,7981
1698,F002026__3,2014-05-01,98.68,2014,5,MI,Total Electric Power Industry,Petroleum (Barrels),226171,2.22,1.62222297740817,102.3836,54.3,19.89,7981
1699,F002026__3,2014-06-01,101.89,2014,6,MI,Total Electric Power Industry,Petroleum (Barrels),221569,2.15,1.62222297740817,102.735,65.0,19.89,7981
1700,F002026__3,2014-07-01,99.22,2014,7,MI,Total Electric Power Industry,Petroleum (Barrels),209239,2.11,1.62222297740817,102.9632,66.7,19.89,7981
1701,F002026__3,2014-08-01,93.22,2014,8,MI,Total Electric Power Industry,Petroleum (Barrels),204958,2.05,1.62222297740817,102.7688,67.1,19.89,7981
1702,F002026__3,2014-10-01,82.59,2014,10,MI,Total Electric Power Industry,Petroleum (Barrels),163520,1.89,1.62222297740817,103.0764,46.2,19.89,7981
1703,F002026__3,2014-11-01,72.02,2014,11,MI,Total Electric Power Industry,Petroleum (Barrels),230573,1.84,1.62222297740817,103.7126,21.4,19.89,7981
1704,F002026__3,2014-12-01,54.69,2014,12,MI,Total Electric Power Industry,Petroleum (Barrels),171371,1.73,1.62222297740817,103.7044,20.4,19.89,7981
1705,F002026__3,2015-01-01,43.18,2015,1,MI,Total Electric Power Industry,Petroleum (Barrels),181738,,0.118627135552451,102.8905,13.7,16.44,8068
1706,F002026__3,2015-02-01,46.33,2015,2,MI,Total Electric Power Industry,Petroleum (Barrels),177037,1.19,0.118627135552451,102.2335,5.6,16.44,8068
1707,F002026__3,2015-03-01,43.11,2015,3,MI,Total Electric Power Industry,Petroleum (Barrels),177583,1.42,0.118627135552451,101.8914,30.7,16.44,8068
1708,F002026__3,2015-04-01,50.41,2015,4,MI,Total Electric Power Industry,Petroleum (Barrels),193550,1.32,0.118627135552451,101.3355,44.6,16.44,8068
1709,F002026__3,2015-05-01,55.42,2015,5,MI,Total Electric Power Industry,Petroleum (Barrels),185454,1.52,0.118627135552451,100.8883,54.2,16.44,8068
1710,F002026__3,2015-06-01,55.79,2015,6,MI,Total Electric Power Industry,Petroleum (Barrels),216857,1.55,0.118627135552451,100.571,64.7,16.44,8068
1711,F002026__3,2015-07-01,47.6,2015,7,MI,Total Electric Power Industry,Petroleum (Barrels),183738,1.74,0.118627135552451,101.2228,69.5,16.44,8068
1712,F002026__3,2015-08-01,39.52,2015,8,MI,Total Electric Power Industry,Petroleum (Barrels),217657,1.48,0.118627135552451,101.0367,65.9,16.44,8068
1713,F002026__3,2015-09-01,42.12,2015,9,MI,Total Electric Power Industry,Petroleum (Barrels),119194,1.47,0.118627135552451,100.7547,63.8,16.44,8068
1714,F002026__3,2015-10-01,44.19,2015,10,MI,Total Electric Power Industry,Petroleum (Barrels),83220,1.41,0.118627135552451,100.2675,47.9,16.44,8068
1715,F002026__3,2015-11-01,40.68,2015,11,MI,Total Electric Power Industry,Petroleum (Barrels),58394,1.43,0.118627135552451,99.5298,36.5,16.44,8068
1716,F002026__3,2015-12-01,35.69,2015,12,MI,Total Electric Power Industry,Petroleum (Barrels),35081,1.24,0.118627135552451,99.0417,24.8,16.44,8068
1717,F002026__3,2016-01-01,29.56,2016,1,MI,Total Electric Power Industry,Petroleum (Barrels),52822,,1.26158320570536,99.5607,12.6,15.59,8356
1718,F002026__3,2016-02-01,28.35,2016,2,MI,Total Electric Power Industry,Petroleum (Barrels),142774,1.16,1.26158320570536,99.0445,19.9,15.59,8356
1719,F002026__3,2016-03-01,35.43,2016,3,MI,Total Electric Power Industry,Petroleum (Barrels),159235,0.98,1.26158320570536,98.3096,35.7,15.59,8356
1720,F002026__3,2016-04-01,41.33,2016,4,MI,Total Electric Power Industry,Petroleum (Barrels),191524,1.03,1.26158320570536,98.6421,42.5,15.59,8356
1721,F002026__3,2016-05-01,47.05,2016,5,MI,Total Electric Power Industry,Petroleum (Barrels),193533,1.08,1.26158320570536,98.4184,56.7,15.59,8356
1722,F002026__3,2016-06-01,49.2,2016,6,MI,Total Electric Power Industry,Petroleum (Barrels),207843,0.94,1.26158320570536,98.8833,65.6,15.59,8356
1723,F002026__3,2016-07-01,45.11,2016,7,MI,Total Electric Power Industry,Petroleum (Barrels),226036,0.87,1.26158320570536,98.9992,69.3,15.59,8356
1724,F002026__3,2016-08-01,45.16,2016,8,MI,Total Electric Power Industry,Petroleum (Barrels),235775,0.84,1.26158320570536,98.85,68.1,15.59,8356
1725,F002026__3,2016-09-01,45.59,2016,9,MI,Total Electric Power Industry,Petroleum (Barrels),147698,0.79,1.26158320570536,98.7457,60.7,15.59,8356
1726,F002026__3,2016-10-01,50.39,2016,10,MI,Total Electric Power Industry,Petroleum (Barrels),141932,0.83,1.26158320570536,98.7611,48.2,15.59,8356
1727,F002026__3,2016-11-01,46.2,2016,11,MI,Total Electric Power Industry,Petroleum (Barrels),152136,1.0,1.26158320570536,98.3491,40.2,15.59,8356
1728,F002026__3,2016-12-01,52.57,2016,12,MI,Total Electric Power Industry,Petroleum (Barrels),138260,1.31,1.26158320570536,99.0214,15.3,15.59,8356
1729,F002026__3,2017-01-01,53.17,2017,1,MI,Total Electric Power Industry,Petroleum (Barrels),242334,,2.13011000365961,98.7611,14.6,16.51,8541
1730,F002026__3,2017-02-01,53.79,2017,2,MI,Total Electric Power Industry,Petroleum (Barrels),177655,1.26,2.13011000365961,98.3646,23.9,16.51,8541
1731,F002026__3,2017-03-01,50.19,2017,3,MI,Total Electric Power Industry,Petroleum (Barrels),174765,1.17,2.13011000365961,99.0137,28.2,16.51,8541
1732,F002026__3,2017-04-01,51.67,2017,4,MI,Total Electric Power Industry,Petroleum (Barrels),202843,1.11,2.13011000365961,100.0224,44.4,16.51,8541
1733,F002026__3,2017-05-01,49.23,2017,5,MI,Total Electric Power Industry,Petroleum (Barrels),259672,1.05,2.13011000365961,100.1408,53.6,16.51,8541
1734,F002026__3,2017-06-01,45.79,2017,6,MI,Total Electric Power Industry,Petroleum (Barrels),282498,0.93,2.13011000365961,100.3471,65.0,16.51,8541
1735,F002026__3,2017-07-01,46.97,2017,7,MI,Total Electric Power Industry,Petroleum (Barrels),254653,0.94,2.13011000365961,100.1068,69.2,16.51,8541
1736,F002026__3,2017-08-01,48.72,2017,8,MI,Total Electric Power Industry,Petroleum (Barrels),297194,0.92,2.13011000365961,99.6925,64.0,16.51,8541
1737,F002026__3,2017-09-01,50.54,2017,9,MI,Total Electric Power Industry,Petroleum (Barrels),213303,0.81,2.13011000365961,99.7954,60.8,16.51,8541
1738,F002026__3,2017-10-01,52.26,2017,10,MI,Total Electric Power Industry,Petroleum (Barrels),280668,0.85,2.13011000365961,101.0247,47.1,16.51,8541
1739,F002026__3,2017-11-01,57.31,2017,11,MI,Total Electric Power Industry,Petroleum (Barrels),269021,0.76,2.13011000365961,101.2664,27.4,16.51,8541
1740,F002026__3,2017-12-01,58.52,2017,12,MI,Total Electric Power Industry,Petroleum (Barrels),208231,0.59,2.13011000365961,101.4644,13.4,16.51,8541
1741,F002026__3,2018-01-01,64.33,2018,1,MI,Total Electric Power Industry,Petroleum (Barrels),317338,,2.44258329692817,101.4625,10.4,17.48,8726
1742,F002026__3,2018-02-01,62.81,2018,2,MI,Total Electric Power Industry,Petroleum (Barrels),295536,0.62,2.44258329692817,101.7085,8.6,17.48,8726
1743,F002026__3,2018-03-01,63.48,2018,3,MI,Total Electric Power Industry,Petroleum (Barrels),247201,0.59,2.44258329692817,102.2067,27.5,17.48,8726
1744,F002026__3,2018-04-01,67.51,2018,4,MI,Total Electric Power Industry,Petroleum (Barrels),227526,0.48,2.44258329692817,103.3329,32.7,17.48,8726
1745,F002026__3,2018-05-01,70.94,2018,5,MI,Total Electric Power Industry,Petroleum (Barrels),210145,0.47,2.44258329692817,102.4024,61.1,17.48,8726
1746,F002026__3,2018-06-01,68.4,2018,6,MI,Total Electric Power Industry,Petroleum (Barrels),296627,0.42,2.44258329692817,103.198,67.0,17.48,8726
1747,F002026__3,2018-07-01,71.55,2018,7,MI,Total Electric Power Industry,Petroleum (Barrels),288943,0.3,2.44258329692817,103.3646,69.7,17.48,8726
1748,F002026__3,2018-08-01,68.89,2018,8,MI,Total Electric Power Industry,Petroleum (Barrels),236233,0.33,2.44258329692817,104.0327,67.4,17.48,8726
1749,F002026__3,2018-09-01,71.17,2018,9,MI,Total Electric Power Industry,Petroleum (Barrels),259274,,2.44258329692817,104.1004,59.0,17.48,8726
1750,F002026__3,2018-10-01,70.37,2018,10,MI,Total Electric Power Industry,Petroleum (Barrels),227119,0.27,2.44258329692817,103.9856,40.7,17.48,8726
1751,F002026__3,2018-11-01,56.28,2018,11,MI,Total Electric Power Industry,Petroleum (Barrels),203246,0.3,2.44258329692817,104.0681,22.8,17.48,8726
1752,F002026__3,2018-12-01,48.47,2018,12,MI,Total Electric Power Industry,Petroleum (Barrels),265173,0.15,2.44258329692817,104.0936,20.2,17.48,8726
1753,F002026__3,2019-01-01,50.98,2019,1,MI,Total Electric Power Industry,Petroleum (Barrels),309601,,1.81221007526021,103.4021,6.6,16.9,8445
1754,F002026__3,2019-02-01,54.39,2019,2,MI,Total Electric Power Industry,Petroleum (Barrels),223710,0.18,1.81221007526021,102.8371,5.3,16.9,8445
1755,F002026__3,2019-03-01,57.44,2019,3,MI,Total Electric Power Industry,Petroleum (Barrels),248490,0.21,1.81221007526021,102.8757,22.6,16.9,8445
1756,F002026__3,2019-04-01,63.23,2019,4,MI,Total Electric Power Industry,Petroleum (Barrels),40695,0.16,1.81221007526021,102.274,41.4,16.9,8445
1757,F002026__3,2019-05-01,60.18,2019,5,MI,Total Electric Power Industry,Petroleum (Barrels),249598,0.21,1.81221007526021,102.392,50.5,16.9,8445
1758,F002026__3,2019-06-01,54.15,2019,6,MI,Total Electric Power Industry,Petroleum (Barrels),46823,0.25,1.81221007526021,102.4375,64.4,16.9,8445
1759,F002026__3,2019-07-01,56.86,2019,7,MI,Total Electric Power Industry,Petroleum (Barrels),341123,0.25,1.81221007526021,101.9408,70.4,16.9,8445
1760,F002026__3,2019-08-01,54.15,2019,8,MI,Total Electric Power Industry,Petroleum (Barrels),200181,0.17,1.81221007526021,102.639,65.2,16.9,8445
1761,F002026__3,2019-09-01,56.37,2019,9,MI,Total Electric Power Industry,Petroleum (Barrels),165291,,1.81221007526021,102.2917,60.2,16.9,8445
1762,F002026__3,2019-10-01,53.01,2019,10,MI,Total Electric Power Industry,Petroleum (Barrels),148303,0.09,1.81221007526021,101.4281,42.4,16.9,8445
1763,F002026__3,2019-11-01,56.08,2019,11,MI,Total Electric Power Industry,Petroleum (Barrels),75894,0.17,1.81221007526021,101.9372,26.0,16.9,8445
1764,F002026__3,2019-12-01,58.81,2019,12,MI,Total Electric Power Industry,Petroleum (Barrels),224898,0.22,1.81221007526021,101.7003,16.6,16.9,8445
1765,F002026__3,2020-01-01,56.54,2020,1,MI,Total Electric Power Industry,Petroleum (Barrels),212546,,1.23358439630629,101.0338,14.1,16.02,7113
1766,F002026__3,2020-02-01,49.4,2020,2,MI,Total Electric Power Industry,Petroleum (Barrels),172227,0.18,1.23358439630629,101.3735,14.0,16.02,7113
1767,F002026__3,2020-03-01,28.07,2020,3,MI,Total Electric Power Industry,Petroleum (Barrels),182553,0.26,1.23358439630629,97.4078,30.4,16.02,7113
1768,F002026__3,2020-04-01,15.73,2020,4,MI,Total Electric Power Industry,Petroleum (Barrels),108237,0.39,1.23358439630629,84.5619,39.4,16.02,7113
1769,F002026__3,2020-05-01,27.89,2020,5,MI,Total Electric Power Industry,Petroleum (Barrels),257471,0.44,1.23358439630629,85.9604,53.5,16.02,7113
1770,F002026__3,2020-06-01,37.55,2020,6,MI,Total Electric Power Industry,Petroleum (Barrels),269630,0.52,1.23358439630629,91.5934,67.7,16.02,7113
1771,F002026__3,2020-07-01,39.93,2020,7,MI,Total Electric Power Industry,Petroleum (Barrels),233490,0.52,1.23358439630629,95.0256,71.3,16.02,7113
1772,F002026__3,2020-08-01,41.57,2020,8,MI,Total Electric Power Industry,Petroleum (Barrels),270029,0.45,1.23358439630629,95.9549,68.2,16.02,7113
1773,F002026__3,2020-09-01,38.83,2020,9,MI,Total Electric Power Industry,Petroleum (Barrels),133684,0.55,1.23358439630629,95.9669,56.5,16.02,7113
1774,F002026__3,2020-10-01,35.77,2020,10,MI,Total Electric Power Industry,Petroleum (Barrels),183580,0.54,1.23358439630629,96.7394,38.9,16.02,7113
1775,F002026__3,2020-11-01,40.33,2020,11,MI,Total Electric Power Industry,Petroleum (Barrels),71909,0.71,1.23358439630629,97.0816,33.9,16.02,7113
1776,F002026__3,2020-12-01,45.89,2020,12,MI,Total Electric Power Industry,Petroleum (Barrels),254325,0.75,1.23358439630629,98.363,21.0,16.02,7113
1777,F002026__3,2021-01-01,50.95,2021,1,MI,Total Electric Power Industry,Petroleum (Barrels),94875,,4.69785886363742,98.8822,18.2,19.38,7904
1778,F002026__3,2021-02-01,57.96,2021,2,MI,Total Electric Power Industry,Petroleum (Barrels),302239,0.98,4.69785886363742,95.6149,6.5,19.38,7904
1779,F002026__3,2021-03-01,61.47,2021,3,MI,Total Electric Power Industry,Petroleum (Barrels),224809,1.32,4.69785886363742,98.3856,35.6,19.38,7904
1780,F002026__3,2021-04-01,61.07,2021,4,MI,Total Electric Power Industry,Petroleum (Barrels),134243,1.52,4.69785886363742,98.5587,42.3,19.38,7904
1781,F002026__3,2021-05-01,65.27,2021,5,MI,Total Electric Power Industry,Petroleum (Barrels),139022,1.47,4.69785886363742,99.4333,55.1,19.38,7904
1782,F002026__3,2021-06-01,70.33,2021,6,MI,Total Electric Power Industry,Petroleum (Barrels),270494,1.46,4.69785886363742,99.7987,69.9,19.38,7904
1783,F002026__3,2021-07-01,72.18,2021,7,MI,Total Electric Power Industry,Petroleum (Barrels),222680,1.23,4.69785886363742,100.2519,71.1,19.38,7904
1784,F002026__3,2021-08-01,67.24,2021,8,MI,Total Electric Power Industry,Petroleum (Barrels),231453,1.03,4.69785886363742,100.0437,69.4,19.38,7904
1785,F002026__3,2021-09-01,70.8,2021,9,MI,Total Electric Power Industry,Petroleum (Barrels),217765,1.11,4.69785886363742,98.8579,61.6,19.38,7904
1786,F002026__3,2021-10-01,81.09,2021,10,MI,Total Electric Power Industry,Petroleum (Barrels),273263,1.21,4.69785886363742,100.1861,51.5,19.38,7904
1787,F002026__3,2021-11-01,78.16,2021,11,MI,Total Electric Power Industry,Petroleum (Barrels),501544,1.08,4.69785886363742,100.8654,32.2,19.38,7904
1788,F002026__3,2021-12-01,71.18,2021,12,MI,Total Electric Power Industry,Petroleum (Barrels),234766,0.87,4.69785886363742,100.5726,18.2,19.38,7904
1789,F002026__3,2022-01-01,82.39,2022,1,MI,Total Electric Power Industry,Petroleum (Barrels),145623,0.85,8.00279982052121,100.1856,3.6,23.37,8375
1790,F002026__3,2022-02-01,87.66,2022,2,MI,Total Electric Power Industry,Petroleum (Barrels),142464,0.63,8.00279982052121,100.8064,6.5,23.37,8375
1791,F002026__3,2022-03-01,104.0,2022,3,MI,Total Electric Power Industry,Petroleum (Barrels),247590,0.41,8.00279982052121,101.3907,26.1,23.37,8375
1792,F002026__3,2022-04-01,97.23,2022,4,MI,Total Electric Power Industry,Petroleum (Barrels),347328,-0.05,8.00279982052121,101.44,35.6,23.37,8375
1793,F002026__3,2022-05-01,104.81,2022,5,MI,Total Electric Power Industry,Petroleum (Barrels),409602,0.26,8.00279982052121,101.3335,55.3,23.37,8375
1794,F002026__3,2022-06-01,110.23,2022,6,MI,Total Electric Power Industry,Petroleum (Barrels),438242,0.28,8.00279982052121,101.018,66.2,23.37,8375
1795,F002026__3,2022-07-01,95.31,2022,7,MI,Total Electric Power Industry,Petroleum (Barrels),431400,0.04,8.00279982052121,101.223,69.7,23.37,8375
1796,F002026__3,2022-08-01,87.36,2022,8,MI,Total Electric Power Industry,Petroleum (Barrels),327575,-0.3,8.00279982052121,101.0963,67.3,23.37,8375
1797,F002026__3,2022-09-01,79.79,2022,9,MI,Total Electric Power Industry,Petroleum (Barrels),379030,-0.25,8.00279982052121,101.2918,60.3,23.37,8375
1798,F002026__3,2022-10-01,82.39,2022,10,MI,Total Electric Power Industry,Petroleum (Barrels),479828,-0.45,8.00279982052121,101.2529,46.9,23.37,8375
1799,F002026__3,2022-11-01,79.81,2022,11,MI,Total Electric Power Industry,Petroleum (Barrels),258740,-0.47,8.00279982052121,100.9552,30.0,23.37,8375
1800,F002026__3,2022-12-01,72.42,2022,12,MI,Total Electric Power Industry,Petroleum (Barrels),342999,-0.72,8.00279982052121,99.7664,12.5,23.37,8375
1801,F002026__3,2023-01-01,73.05,2023,1,MI,Total Electric Power Industry,Petroleum (Barrels),293187,,4.11633838374488,100.505,15.1,22.37,8607
1802,F002026__3,2023-02-01,72.52,2023,2,MI,Total Electric Power Industry,Petroleum (Barrels),155779,-0.7,4.11633838374488,100.6416,14.1,22.37,8607
1803,F002026__3,2023-03-01,68.85,2023,3,MI,Total Electric Power Industry,Petroleum (Barrels),164530,-0.88,4.11633838374488,101.0205,21.2,22.37,8607
1804,F002026__3,2023-04-01,73.92,2023,4,MI,Total Electric Power Industry,Petroleum (Barrels),173187,-0.54,4.11633838374488,101.253,38.3,22.37,8607
1805,F002026__3,2023-05-01,66.59,2023,5,MI,Total Electric Power Industry,Petroleum (Barrels),295859,-0.55,4.11633838374488,100.9286,59.3,22.37,8607
1806,F002026__3,2023-06-01,65.12,2023,6,MI,Total Electric Power Industry,Petroleum (Barrels),222079,-0.72,4.11633838374488,100.1196,68.9,22.37,8607
1807,F002026__3,2023-07-01,70.8,2023,7,MI,Total Electric Power Industry,Petroleum (Barrels),338378,-1.08,4.11633838374488,100.9067,67.3,22.37,8607
1808,F002026__3,2023-08-01,76.14,2023,8,MI,Total Electric Power Industry,Petroleum (Barrels),375034,-0.87,4.11633838374488,100.8393,67.9,22.37,8607
1809,F002026__3,2023-09-01,84.17,2023,9,MI,Total Electric Power Industry,Petroleum (Barrels),327838,-0.69,4.11633838374488,101.0211,63.5,22.37,8607
1810,F002026__3,2023-10-01,80.35,2023,10,MI,Total Electric Power Industry,Petroleum (Barrels),331377,-0.43,4.11633838374488,100.4689,47.5,22.37,8607
1811,F002026__3,2023-11-01,72.49,2023,11,MI,Total Electric Power Industry,Petroleum (Barrels),186977,-0.18,4.11633838374488,100.8639,32.4,22.37,8607
1812,F002026__3,2023-12-01,66.85,2023,12,MI,Total Electric Power Industry,Petroleum (Barrels),280880,-0.34,4.11633838374488,100.6031,29.6,22.37,8607
1813,F002031__3,2001-01-01,27.39,2001,1,NE,Total Electric Power Industry,Petroleum (Barrels),7440,,2.82617111885407,91.902,29.7,10.36,6111
1814,F002031__3,2001-02-01,27.6,2001,2,NE,Total Electric Power Industry,Petroleum (Barrels),5512,0.55,2.82617111885407,91.3034,32.0,10.36,6111
1815,F002031__3,2001-03-01,24.36,2001,3,NE,Total Electric Power Industry,Petroleum (Barrels),6752,0.46,2.82617111885407,91.1162,43.8,10.36,6111
1816,F002031__3,2001-04-01,24.82,2001,4,NE,Total Electric Power Industry,Petroleum (Barrels),3330,0.76,2.82617111885407,90.7891,45.7,10.36,6111
1817,F002031__3,2001-05-01,25.89,2001,5,NE,Total Electric Power Industry,Petroleum (Barrels),10643,1.07,2.82617111885407,90.3555,61.8,10.36,6111
1818,F002031__3,2001-06-01,24.46,2001,6,NE,Total Electric Power Industry,Petroleum (Barrels),2362,1.17,2.82617111885407,89.8784,67.1,10.36,6111
1819,F002031__3,2001-07-01,23.98,2001,7,NE,Total Electric Power Industry,Petroleum (Barrels),7689,1.16,2.82617111885407,89.3028,72.0,10.36,6111
1820,F002031__3,2001-08-01,24.77,2001,8,NE,Total Electric Power Industry,Petroleum (Barrels),15340,1.28,2.82617111885407,89.2003,74.2,10.36,6111
1821,F002031__3,2001-09-01,24.63,2001,9,NE,Total Electric Power Industry,Petroleum (Barrels),2105,,2.82617111885407,88.7485,65.5,10.36,6111
1822,F002031__3,2001-10-01,19.66,2001,10,NE,Total Electric Power Industry,Petroleum (Barrels),2415,1.73,2.82617111885407,88.5052,54.7,10.36,6111
1823,F002031__3,2001-11-01,19.26,2001,11,NE,Total Electric Power Industry,Petroleum (Barrels),1948,1.75,2.82617111885407,87.97,41.6,10.36,6111
1824,F002031__3,2001-12-01,16.95,2001,12,NE,Total Electric Power Industry,Petroleum (Barrels),2014,1.93,2.82617111885407,87.9324,30.6,10.36,6111
1825,F002031__3,2002-01-01,16.98,2002,1,NE,Total Electric Power Industry,Petroleum (Barrels),3565,,1.58603162650601,88.5176,30.8,9.63,6214
1826,F002031__3,2002-02-01,17.97,2002,2,NE,Total Electric Power Industry,Petroleum (Barrels),3071,1.94,1.58603162650601,88.5278,35.2,9.63,6214
1827,F002031__3,2002-03-01,21.66,2002,3,NE,Total Electric Power Industry,Petroleum (Barrels),3916,1.8,1.58603162650601,89.1686,38.2,9.63,6214
1828,F002031__3,2002-04-01,23.67,2002,4,NE,Total Electric Power Industry,Petroleum (Barrels),7399,1.7,1.58603162650601,89.604,49.5,9.63,6214
1829,F002031__3,2002-05-01,24.44,2002,5,NE,Total Electric Power Industry,Petroleum (Barrels),1371,1.87,1.58603162650601,89.964,55.7,9.63,6214
1830,F002031__3,2002-06-01,23.25,2002,6,NE,Total Electric Power Industry,Petroleum (Barrels),2925,1.87,1.58603162650601,90.7061,67.6,9.63,6214
1831,F002031__3,2002-07-01,24.48,2002,7,NE,Total Electric Power Industry,Petroleum (Barrels),5044,1.97,1.58603162650601,90.6769,76.3,9.63,6214
1832,F002031__3,2002-08-01,25.47,2002,8,NE,Total Electric Power Industry,Petroleum (Barrels),5393,2.32,1.58603162650601,90.5762,70.3,9.63,6214
1833,F002031__3,2002-09-01,27.36,2002,9,NE,Total Electric Power Industry,Petroleum (Barrels),3578,,1.58603162650601,90.6531,63.2,9.63,6214
1834,F002031__3,2002-10-01,26.43,2002,10,NE,Total Electric Power Industry,Petroleum (Barrels),2527,1.92,1.58603162650601,90.4643,49.1,9.63,6214
1835,F002031__3,2002-11-01,24.36,2002,11,NE,Total Electric Power Industry,Petroleum (Barrels),3754,2.25,1.58603162650601,90.9711,40.2,9.63,6214
1836,F002031__3,2002-12-01,27.08,2002,12,NE,Total Electric Power Industry,Petroleum (Barrels),3141,2.15,1.58603162650601,90.4652,33.5,9.63,6214
1837,F002031__3,2003-01-01,30.36,2003,1,NE,Total Electric Power Industry,Petroleum (Barrels),10855,,2.27009497336115,91.2361,40.7,10.8,6176
1838,F002031__3,2003-02-01,33.28,2003,2,NE,Total Electric Power Industry,Petroleum (Barrels),21923,2.29,2.27009497336115,91.3445,34.1,10.8,6176
1839,F002031__3,2003-03-01,30.88,2003,3,NE,Total Electric Power Industry,Petroleum (Barrels),18980,2.16,2.27009497336115,91.1044,42.7,10.8,6176
1840,F002031__3,2003-04-01,25.98,2003,4,NE,Total Electric Power Industry,Petroleum (Barrels),4199,2.34,2.27009497336115,90.5617,44.2,10.8,6176
1841,F002031__3,2003-05-01,25.88,2003,5,NE,Total Electric Power Industry,Petroleum (Barrels),5605,2.38,2.27009497336115,90.537,57.0,10.8,6176
1842,F002031__3,2003-06-01,28.12,2003,6,NE,Total Electric Power Industry,Petroleum (Barrels),4287,2.1,2.27009497336115,90.6527,67.8,10.8,6176
1843,F002031__3,2003-07-01,28.5,2003,7,NE,Total Electric Power Industry,Petroleum (Barrels),7718,2.26,2.27009497336115,91.1185,77.0,10.8,6176
1844,F002031__3,2003-08-01,29.32,2003,8,NE,Total Electric Power Industry,Petroleum (Barrels),8573,2.59,2.27009497336115,90.9197,72.4,10.8,6176
1845,F002031__3,2003-09-01,26.0,2003,9,NE,Total Electric Power Industry,Petroleum (Barrels),3002,,2.27009497336115,91.5059,64.8,10.8,6176
1846,F002031__3,2003-10-01,28.02,2003,10,NE,Total Electric Power Industry,Petroleum (Barrels),3776,2.49,2.27009497336115,91.6186,57.0,10.8,6176
1847,F002031__3,2003-11-01,28.31,2003,11,NE,Total Electric Power Industry,Petroleum (Barrels),11238,2.5,2.27009497336115,92.2329,35.9,10.8,6176
1848,F002031__3,2003-12-01,29.53,2003,12,NE,Total Electric Power Industry,Petroleum (Barrels),3541,2.28,2.27009497336115,92.2602,33.3,10.8,6176
1849,F002031__3,2004-01-01,31.35,2004,1,NE,Total Electric Power Industry,Petroleum (Barrels),5401,,2.67723669309172,92.4006,30.4,12.21,6283
1850,F002031__3,2004-02-01,31.8,2004,2,NE,Total Electric Power Industry,Petroleum (Barrels),6700,2.35,2.67723669309172,92.958,32.3,12.21,6283
1851,F002031__3,2004-03-01,34.1,2004,3,NE,Total Electric Power Industry,Petroleum (Barrels),5110,2.33,2.67723669309172,92.5861,47.9,12.21,6283
1852,F002031__3,2004-04-01,33.82,2004,4,NE,Total Electric Power Industry,Petroleum (Barrels),6181,2.26,2.67723669309172,92.93,49.4,12.21,6283
1853,F002031__3,2004-05-01,37.29,2004,5,NE,Total Electric Power Industry,Petroleum (Barrels),1416,2.19,2.67723669309172,93.6013,56.8,12.21,6283
1854,F002031__3,2004-06-01,35.09,2004,6,NE,Total Electric Power Industry,Petroleum (Barrels),8126,2.11,2.67723669309172,92.871,67.0,12.21,6283
1855,F002031__3,2004-07-01,37.37,2004,7,NE,Total Electric Power Industry,Petroleum (Barrels),1794,1.93,2.67723669309172,93.5649,73.8,12.21,6283
1856,F002031__3,2004-08-01,41.76,2004,8,NE,Total Electric Power Industry,Petroleum (Barrels),2140,1.82,2.67723669309172,93.6277,70.1,12.21,6283
1857,F002031__3,2004-09-01,43.06,2004,9,NE,Total Electric Power Industry,Petroleum (Barrels),3000,1.72,2.67723669309172,93.7467,61.5,12.21,6283
1858,F002031__3,2004-10-01,50.24,2004,10,NE,Total Electric Power Industry,Petroleum (Barrels),1587,1.58,2.67723669309172,94.5465,49.5,12.21,6283
1859,F002031__3,2004-11-01,46.06,2004,11,NE,Total Electric Power Industry,Petroleum (Barrels),2858,1.5,2.67723669309172,94.7813,37.8,12.21,6283
1860,F002031__3,2004-12-01,38.87,2004,12,NE,Total Electric Power Industry,Petroleum (Barrels),4482,1.37,2.67723669309172,95.5365,33.5,12.21,6283
1861,F002031__3,2005-01-01,41.53,2005,1,NE,Total Electric Power Industry,Petroleum (Barrels),7171,1.13,3.3927468454955,95.8801,32.4,14.69,6542
1862,F002031__3,2005-02-01,43.11,2005,2,NE,Total Electric Power Industry,Petroleum (Barrels),6051,0.86,3.3927468454955,96.5761,35.4,14.69,6542
1863,F002031__3,2005-03-01,50.08,2005,3,NE,Total Electric Power Industry,Petroleum (Barrels),3439,0.79,3.3927468454955,96.4456,41.5,14.69,6542
1864,F002031__3,2005-04-01,48.06,2005,4,NE,Total Electric Power Industry,Petroleum (Barrels),3775,0.71,3.3927468454955,96.6532,45.8,14.69,6542
1865,F002031__3,2005-05-01,45.06,2005,5,NE,Total Electric Power Industry,Petroleum (Barrels),4696,0.57,3.3927468454955,96.7402,56.3,14.69,6542
1866,F002031__3,2005-06-01,50.88,2005,6,NE,Total Electric Power Industry,Petroleum (Barrels),4256,0.41,3.3927468454955,97.1753,61.5,14.69,6542
1867,F002031__3,2005-07-01,53.66,2005,7,NE,Total Electric Power Industry,Petroleum (Barrels),4186,0.3,3.3927468454955,96.8676,75.9,14.69,6542
1868,F002031__3,2005-08-01,60.0,2005,8,NE,Total Electric Power Industry,Petroleum (Barrels),4843,0.28,3.3927468454955,97.1833,71.4,14.69,6542
1869,F002031__3,2005-09-01,60.67,2005,9,NE,Total Electric Power Industry,Petroleum (Barrels),4634,0.3,3.3927468454955,95.3005,60.1,14.69,6542
1870,F002031__3,2005-10-01,58.51,2005,10,NE,Total Electric Power Industry,Petroleum (Barrels),4011,0.18,3.3927468454955,96.4572,51.7,14.69,6542
1871,F002031__3,2005-11-01,54.61,2005,11,NE,Total Electric Power Industry,Petroleum (Barrels),3701,0.16,3.3927468454955,97.5414,42.1,14.69,6542
1872,F002031__3,2005-12-01,55.46,2005,12,NE,Total Electric Power Industry,Petroleum (Barrels),14255,0.07,3.3927468454955,98.0452,33.9,14.69,6542
1873,F002031__3,2006-01-01,61.44,2006,1,NE,Total Electric Power Industry,Petroleum (Barrels),4028,,3.22594410070404,98.1999,34.1,15.94,6377
1874,F002031__3,2006-02-01,57.22,2006,2,NE,Total Electric Power Industry,Petroleum (Barrels),4381,-0.02,3.22594410070404,98.2413,35.2,15.94,6377
1875,F002031__3,2006-03-01,56.48,2006,3,NE,Total Electric Power Industry,Petroleum (Barrels),3472,-0.12,3.22594410070404,98.4628,35.8,15.94,6377
1876,F002031__3,2006-04-01,61.19,2006,4,NE,Total Electric Power Industry,Petroleum (Barrels),3184,0.02,3.22594410070404,98.7618,47.7,15.94,6377
1877,F002031__3,2006-05-01,61.52,2006,5,NE,Total Electric Power Industry,Petroleum (Barrels),4769,0.2,3.22594410070404,98.7869,59.0,15.94,6377
1878,F002031__3,2006-06-01,61.73,2006,6,NE,Total Electric Power Industry,Petroleum (Barrels),2403,0.07,3.22594410070404,99.0997,68.9,15.94,6377
1879,F002031__3,2006-07-01,65.4,2006,7,NE,Total Electric Power Industry,Petroleum (Barrels),4866,-0.02,3.22594410070404,99.0489,76.2,15.94,6377
1880,F002031__3,2006-08-01,64.08,2006,8,NE,Total Electric Power Industry,Petroleum (Barrels),4870,0.02,3.22594410070404,99.4836,70.1,15.94,6377
1881,F002031__3,2006-09-01,54.27,2006,9,NE,Total Electric Power Industry,Petroleum (Barrels),1704,-0.04,3.22594410070404,99.3183,61.5,15.94,6377
1882,F002031__3,2006-10-01,48.58,2006,10,NE,Total Electric Power Industry,Petroleum (Barrels),2975,-0.04,3.22594410070404,99.2044,49.7,15.94,6377
1883,F002031__3,2006-11-01,48.41,2006,11,NE,Total Electric Power Industry,Petroleum (Barrels),2499,-0.09,3.22594410070404,99.1627,40.2,15.94,6377
1884,F002031__3,2006-12-01,51.56,2006,12,NE,Total Electric Power Industry,Petroleum (Barrels),3106,-0.09,3.22594410070404,100.1735,31.1,15.94,6377
1885,F002031__3,2007-01-01,44.22,2007,1,NE,Total Electric Power Industry,Petroleum (Barrels),8744,,2.85267248150138,99.8346,27.4,16.73,6306
1886,F002031__3,2007-02-01,49.64,2007,2,NE,Total Electric Power Industry,Petroleum (Barrels),23801,-0.12,2.85267248150138,100.7753,36.8,16.73,6306
1887,F002031__3,2007-03-01,50.84,2007,3,NE,Total Electric Power Industry,Petroleum (Barrels),1411,-0.07,2.85267248150138,100.9547,45.9,16.73,6306
1888,F002031__3,2007-04-01,54.55,2007,4,NE,Total Electric Power Industry,Petroleum (Barrels),1255,0.05,2.85267248150138,101.6334,49.2,16.73,6306
1889,F002031__3,2007-05-01,53.95,2007,5,NE,Total Electric Power Industry,Petroleum (Barrels),12954,0.01,2.85267248150138,101.7306,58.8,16.73,6306
1890,F002031__3,2007-06-01,57.7,2007,6,NE,Total Electric Power Industry,Petroleum (Barrels),9064,-0.02,2.85267248150138,101.7893,67.6,16.73,6306
1891,F002031__3,2007-07-01,64.66,2007,7,NE,Total Electric Power Industry,Petroleum (Barrels),2453,0.14,2.85267248150138,101.6672,76.9,16.73,6306
1892,F002031__3,2007-08-01,62.96,2007,8,NE,Total Electric Power Industry,Petroleum (Barrels),8445,0.2,2.85267248150138,101.863,72.9,16.73,6306
1893,F002031__3,2007-09-01,69.58,2007,9,NE,Total Electric Power Industry,Petroleum (Barrels),1228,,2.85267248150138,102.0894,61.4,16.73,6306
1894,F002031__3,2007-10-01,76.15,2007,10,NE,Total Electric Power Industry,Petroleum (Barrels),486,0.54,2.85267248150138,101.8015,49.9,16.73,6306
1895,F002031__3,2007-11-01,85.11,2007,11,NE,Total Electric Power Industry,Petroleum (Barrels),5328,0.59,2.85267248150138,102.3446,42.3,16.73,6306
1896,F002031__3,2007-12-01,81.64,2007,12,NE,Total Electric Power Industry,Petroleum (Barrels),1529,0.99,2.85267248150138,102.3803,29.2,16.73,6306
1897,F002031__3,2008-01-01,81.98,2008,1,NE,Total Electric Power Industry,Petroleum (Barrels),11834,,3.839100296651,102.2448,27.6,18.65,6737
1898,F002031__3,2008-02-01,84.47,2008,2,NE,Total Electric Power Industry,Petroleum (Barrels),1501,1.53,3.839100296651,101.8438,34.6,18.65,6737
1899,F002031__3,2008-03-01,93.84,2008,3,NE,Total Electric Power Industry,Petroleum (Barrels),5049,1.93,3.839100296651,101.5336,40.2,18.65,6737
1900,F002031__3,2008-04-01,102.39,2008,4,NE,Total Electric Power Industry,Petroleum (Barrels),3246,1.77,3.839100296651,100.8785,45.2,18.65,6737
1901,F002031__3,2008-05-01,115.2,2008,5,NE,Total Electric Power Industry,Petroleum (Barrels),1368,1.41,3.839100296651,100.2674,54.2,18.65,6737
1902,F002031__3,2008-06-01,123.77,2008,6,NE,Total Electric Power Industry,Petroleum (Barrels),525,1.47,3.839100296651,100.0335,65.4,18.65,6737
1903,F002031__3,2008-07-01,123.47,2008,7,NE,Total Electric Power Industry,Petroleum (Barrels),1433,1.38,3.839100296651,99.676,74.3,18.65,6737
1904,F002031__3,2008-08-01,105.54,2008,8,NE,Total Electric Power Industry,Petroleum (Barrels),6450,1.46,3.839100296651,98.1111,73.2,18.65,6737
1905,F002031__3,2008-09-01,92.37,2008,9,NE,Total Electric Power Industry,Petroleum (Barrels),9691,,3.839100296651,93.7895,63.9,18.65,6737
1906,F002031__3,2008-10-01,64.64,2008,10,NE,Total Electric Power Industry,Petroleum (Barrels),24079,1.95,3.839100296651,94.7219,52.0,18.65,6737
1907,F002031__3,2008-11-01,45.39,2008,11,NE,Total Electric Power Industry,Petroleum (Barrels),4151,2.51,3.839100296651,93.4715,44.4,18.65,6737
1908,F002031__3,2008-12-01,28.96,2008,12,NE,Total Electric Power Industry,Petroleum (Barrels),3732,1.82,3.839100296651,90.8357,30.0,18.65,6737
1909,F002031__3,2009-01-01,30.02,2009,1,NE,Total Electric Power Industry,Petroleum (Barrels),504,,-0.355546266299747,88.57,34.4,14.88,6656
1910,F002031__3,2009-02-01,27.79,2009,2,NE,Total Electric Power Industry,Petroleum (Barrels),1896,1.87,-0.355546266299747,88.031,35.3,14.88,6656
1911,F002031__3,2009-03-01,37.28,2009,3,NE,Total Electric Power Industry,Petroleum (Barrels),489,2.02,-0.355546266299747,86.6528,40.0,14.88,6656
1912,F002031__3,2009-04-01,40.09,2009,4,NE,Total Electric Power Industry,Petroleum (Barrels),1662,1.85,-0.355546266299747,85.9344,46.1,14.88,6656
1913,F002031__3,2009-05-01,48.8,2009,5,NE,Total Electric Power Industry,Petroleum (Barrels),9298,2.29,-0.355546266299747,85.0665,60.6,14.88,6656
1914,F002031__3,2009-06-01,59.28,2009,6,NE,Total Electric Power Industry,Petroleum (Barrels),3830,2.74,-0.355546266299747,84.7459,62.4,14.88,6656
1915,F002031__3,2009-07-01,54.08,2009,7,NE,Total Electric Power Industry,Petroleum (Barrels),7333,2.5,-0.355546266299747,85.7027,74.1,14.88,6656
1916,F002031__3,2009-08-01,60.73,2009,8,NE,Total Electric Power Industry,Petroleum (Barrels),5360,2.48,-0.355546266299747,86.6426,70.2,14.88,6656
1917,F002031__3,2009-09-01,58.87,2009,9,NE,Total Electric Power Industry,Petroleum (Barrels),5079,2.46,-0.355546266299747,87.4063,66.7,14.88,6656
1918,F002031__3,2009-10-01,65.63,2009,10,NE,Total Electric Power Industry,Petroleum (Barrels),1973,2.34,-0.355546266299747,87.6419,47.9,14.88,6656
1919,F002031__3,2009-11-01,67.58,2009,11,NE,Total Electric Power Industry,Petroleum (Barrels),3662,2.53,-0.355546266299747,88.0221,40.7,14.88,6656
1920,F002031__3,2009-12-01,64.43,2009,12,NE,Total Electric Power Industry,Petroleum (Barrels),3515,2.61,-0.355546266299747,88.3793,26.0,14.88,6656
1921,F002031__3,2010-01-01,67.91,2010,1,NE,Total Electric Power Industry,Petroleum (Barrels),6557,,1.6400434423899,89.3426,32.9,16.76,7130
1922,F002031__3,2010-02-01,66.26,2010,2,NE,Total Electric Power Industry,Petroleum (Barrels),7980,2.82,1.6400434423899,89.6779,35.8,16.76,7130
1923,F002031__3,2010-03-01,71.07,2010,3,NE,Total Electric Power Industry,Petroleum (Barrels),1096,2.81,1.6400434423899,90.2928,39.9,16.76,7130
1924,F002031__3,2010-04-01,74.61,2010,4,NE,Total Electric Power Industry,Petroleum (Barrels),1451,2.84,1.6400434423899,90.5991,44.2,16.76,7130
1925,F002031__3,2010-05-01,64.44,2010,5,NE,Total Electric Power Industry,Petroleum (Barrels),8501,2.72,1.6400434423899,91.823,49.2,16.76,7130
1926,F002031__3,2010-06-01,65.23,2010,6,NE,Total Electric Power Industry,Petroleum (Barrels),5760,2.51,1.6400434423899,91.9928,64.8,16.76,7130
1927,F002031__3,2010-07-01,66.14,2010,7,NE,Total Electric Power Industry,Petroleum (Barrels),580,2.33,1.6400434423899,92.3421,74.1,16.76,7130
1928,F002031__3,2010-08-01,66.76,2010,8,NE,Total Electric Power Industry,Petroleum (Barrels),2365,2.43,1.6400434423899,92.6805,69.9,16.76,7130
1929,F002031__3,2010-09-01,65.6,2010,9,NE,Total Electric Power Industry,Petroleum (Barrels),789,2.08,1.6400434423899,92.9537,63.9,16.76,7130
1930,F002031__3,2010-10-01,72.14,2010,10,NE,Total Electric Power Industry,Petroleum (Barrels),4489,2.12,1.6400434423899,92.6903,52.9,16.76,7130
1931,F002031__3,2010-11-01,74.34,2010,11,NE,Total Electric Power Industry,Petroleum (Barrels),13745,2.32,1.6400434423899,92.7709,37.4,16.76,7130
1932,F002031__3,2010-12-01,79.61,2010,12,NE,Total Electric Power Industry,Petroleum (Barrels),4106,2.44,1.6400434423899,93.6787,35.6,16.76,7130
1933,F002031__3,2011-01-01,79.99,2011,1,NE,Total Electric Power Industry,Petroleum (Barrels),8577,2.75,3.156841568622,93.4814,32.9,19.34,7680
1934,F002031__3,2011-02-01,80.01,2011,2,NE,Total Electric Power Industry,Petroleum (Barrels),2607,2.87,3.156841568622,93.1102,32.8,19.34,7680
1935,F002031__3,2011-03-01,92.96,2011,3,NE,Total Electric Power Industry,Petroleum (Barrels),13341,2.75,3.156841568622,94.0788,40.6,19.34,7680
1936,F002031__3,2011-04-01,100.36,2011,4,NE,Total Electric Power Industry,Petroleum (Barrels),8639,2.66,3.156841568622,93.7749,44.4,19.34,7680
1937,F002031__3,2011-05-01,91.7,2011,5,NE,Total Electric Power Industry,Petroleum (Barrels),5273,2.7,3.156841568622,93.888,50.8,19.34,7680
1938,F002031__3,2011-06-01,86.35,2011,6,NE,Total Electric Power Industry,Petroleum (Barrels),9010,2.52,3.156841568622,94.172,62.4,19.34,7680
1939,F002031__3,2011-07-01,87.56,2011,7,NE,Total Electric Power Industry,Petroleum (Barrels),5106,2.72,3.156841568622,94.636,71.9,19.34,7680
1940,F002031__3,2011-08-01,76.27,2011,8,NE,Total Electric Power Industry,Petroleum (Barrels),2515,2.39,3.156841568622,95.2749,72.5,19.34,7680
1941,F002031__3,2011-09-01,75.86,2011,9,NE,Total Electric Power Industry,Petroleum (Barrels),1142,1.96,3.156841568622,95.1961,65.6,19.34,7680
1942,F002031__3,2011-10-01,76.79,2011,10,NE,Total Electric Power Industry,Petroleum (Barrels),3508,1.56,3.156841568622,95.8568,52.4,19.34,7680
1943,F002031__3,2011-11-01,87.43,2011,11,NE,Total Electric Power Industry,Petroleum (Barrels),5032,1.78,3.156841568622,95.8485,37.6,19.34,7680
1944,F002031__3,2011-12-01,89.91,2011,12,NE,Total Electric Power Industry,Petroleum (Barrels),5306,1.84,3.156841568622,96.3571,30.9,19.34,7680
1945,F002031__3,2012-01-01,91.6,2012,1,NE,Total Electric Power Industry,Petroleum (Barrels),2519,,2.06933726526067,96.9318,35.0,19.91,7703
1946,F002031__3,2012-02-01,93.78,2012,2,NE,Total Electric Power Industry,Petroleum (Barrels),4663,1.64,2.06933726526067,97.2435,34.6,19.91,7703
1947,F002031__3,2012-03-01,96.68,2012,3,NE,Total Electric Power Industry,Petroleum (Barrels),3290,1.73,2.06933726526067,96.74,42.4,19.91,7703
1948,F002031__3,2012-04-01,93.67,2012,4,NE,Total Electric Power Industry,Petroleum (Barrels),11237,1.89,2.06933726526067,97.4359,49.9,19.91,7703
1949,F002031__3,2012-05-01,85.61,2012,5,NE,Total Electric Power Industry,Petroleum (Barrels),7304,1.71,2.06933726526067,97.6609,58.0,19.91,7703
1950,F002031__3,2012-06-01,72.46,2012,6,NE,Total Electric Power Industry,Petroleum (Barrels),1938,1.22,2.06933726526067,97.6663,66.2,19.91,7703
1951,F002031__3,2012-07-01,77.67,2012,7,NE,Total Electric Power Industry,Petroleum (Barrels),2443,1.31,2.06933726526067,97.8713,73.7,19.91,7703
1952,F002031__3,2012-08-01,83.63,2012,8,NE,Total Electric Power Industry,Petroleum (Barrels),1957,1.32,2.06933726526067,97.4525,74.2,19.91,7703
1953,F002031__3,2012-09-01,84.36,2012,9,NE,Total Electric Power Industry,Petroleum (Barrels),2291,,2.06933726526067,97.381,66.2,19.91,7703
1954,F002031__3,2012-10-01,79.13,2012,10,NE,Total Electric Power Industry,Petroleum (Barrels),1882,1.39,2.06933726526067,97.7193,53.4,19.91,7703
1955,F002031__3,2012-11-01,76.17,2012,11,NE,Total Electric Power Industry,Petroleum (Barrels),2166,1.45,2.06933726526067,98.0777,43.4,19.91,7703
1956,F002031__3,2012-12-01,77.88,2012,12,NE,Total Electric Power Industry,Petroleum (Barrels),1298,1.38,2.06933726526067,98.3101,31.3,19.91,7703
1957,F002031__3,2013-01-01,84.27,2013,1,NE,Total Electric Power Industry,Petroleum (Barrels),3336,,1.46483265562717,98.3342,26.0,19.36,7707
1958,F002031__3,2013-02-01,84.92,2013,2,NE,Total Electric Power Industry,Petroleum (Barrels),1931,1.77,1.46483265562717,98.7941,33.3,19.36,7707
1959,F002031__3,2013-03-01,82.76,2013,3,NE,Total Electric Power Industry,Petroleum (Barrels),5403,1.61,1.46483265562717,99.1921,44.7,19.36,7707
1960,F002031__3,2013-04-01,81.59,2013,4,NE,Total Electric Power Industry,Petroleum (Barrels),36002,1.63,1.46483265562717,99.1065,48.4,19.36,7707
1961,F002031__3,2013-05-01,84.6,2013,5,NE,Total Electric Power Industry,Petroleum (Barrels),10100,1.46,1.46483265562717,99.1839,56.5,19.36,7707
1962,F002031__3,2013-06-01,85.44,2013,6,NE,Total Electric Power Industry,Petroleum (Barrels),1810,1.83,1.46483265562717,99.3897,68.6,19.36,7707
1963,F002031__3,2013-07-01,94.09,2013,7,NE,Total Electric Power Industry,Petroleum (Barrels),1517,2.16,1.46483265562717,99.0814,76.3,19.36,7707
1964,F002031__3,2013-08-01,96.29,2013,8,NE,Total Electric Power Industry,Petroleum (Barrels),3184,2.39,1.46483265562717,99.6543,71.6,19.36,7707
1965,F002031__3,2013-09-01,96.19,2013,9,NE,Total Electric Power Industry,Petroleum (Barrels),4019,,1.46483265562717,100.161,62.5,19.36,7707
1966,F002031__3,2013-10-01,89.86,2013,10,NE,Total Electric Power Industry,Petroleum (Barrels),13660,2.33,1.46483265562717,100.082,48.1,19.36,7707
1967,F002031__3,2013-11-01,82.65,2013,11,NE,Total Electric Power Industry,Petroleum (Barrels),8062,2.32,1.46483265562717,100.3158,41.5,19.36,7707
1968,F002031__3,2013-12-01,86.83,2013,12,NE,Total Electric Power Industry,Petroleum (Barrels),4603,2.51,1.46483265562717,100.5175,28.4,19.36,7707
1969,F002031__3,2014-01-01,84.18,2014,1,NE,Total Electric Power Industry,Petroleum (Barrels),11458,,1.62222297740817,100.1599,37.1,19.27,7981
1970,F002031__3,2014-02-01,90.17,2014,2,NE,Total Electric Power Industry,Petroleum (Barrels),7589,2.31,1.62222297740817,100.9168,39.2,19.27,7981
1971,F002031__3,2014-03-01,90.36,2014,3,NE,Total Electric Power Industry,Petroleum (Barrels),13324,2.28,1.62222297740817,101.8942,43.4,19.27,7981
1972,F002031__3,2014-04-01,91.86,2014,4,NE,Total Electric Power Industry,Petroleum (Barrels),5314,2.33,1.62222297740817,101.9928,49.0,19.27,7981
1973,F002031__3,2014-05-01,91.55,2014,5,NE,Total Electric Power Industry,Petroleum (Barrels),11145,2.22,1.62222297740817,102.3836,57.4,19.27,7981
1974,F002031__3,2014-06-01,94.73,2014,6,NE,Total Electric Power Industry,Petroleum (Barrels),6260,2.15,1.62222297740817,102.735,66.7,19.27,7981
1975,F002031__3,2014-07-01,91.99,2014,7,NE,Total Electric Power Industry,Petroleum (Barrels),11308,2.11,1.62222297740817,102.9632,76.1,19.27,7981
1976,F002031__3,2014-08-01,85.04,2014,8,NE,Total Electric Power Industry,Petroleum (Barrels),6961,2.05,1.62222297740817,102.7688,69.5,19.27,7981
1977,F002031__3,2014-09-01,82.14,2014,9,NE,Total Electric Power Industry,Petroleum (Barrels),7279,,1.62222297740817,103.0641,65.5,19.27,7981
1978,F002031__3,2014-10-01,73.64,2014,10,NE,Total Electric Power Industry,Petroleum (Barrels),6471,1.89,1.62222297740817,103.0764,55.4,19.27,7981
1979,F002031__3,2014-11-01,64.88,2014,11,NE,Total Electric Power Industry,Petroleum (Barrels),7805,1.84,1.62222297740817,103.7126,41.5,19.27,7981
1980,F002031__3,2014-12-01,49.51,2014,12,NE,Total Electric Power Industry,Petroleum (Barrels),4659,1.73,1.62222297740817,103.7044,35.6,19.27,7981
1981,F002031__3,2015-01-01,38.3,2015,1,NE,Total Electric Power Industry,Petroleum (Barrels),559,,0.118627135552451,102.8905,37.7,15.56,8068
1982,F002031__3,2015-02-01,41.18,2015,2,NE,Total Electric Power Industry,Petroleum (Barrels),871,1.19,0.118627135552451,102.2335,42.8,15.56,8068
1983,F002031__3,2015-03-01,38.2,2015,3,NE,Total Electric Power Industry,Petroleum (Barrels),1057,1.42,0.118627135552451,101.8914,47.6,15.56,8068
1984,F002031__3,2015-04-01,44.71,2015,4,NE,Total Electric Power Industry,Petroleum (Barrels),1432,1.32,0.118627135552451,101.3355,47.8,15.56,8068
1985,F002031__3,2015-05-01,50.24,2015,5,NE,Total Electric Power Industry,Petroleum (Barrels),481,1.52,0.118627135552451,100.8883,55.4,15.56,8068
1986,F002031__3,2015-06-01,50.61,2015,6,NE,Total Electric Power Industry,Petroleum (Barrels),1161,1.55,0.118627135552451,100.571,71.0,15.56,8068
1987,F002031__3,2015-07-01,42.47,2015,7,NE,Total Electric Power Industry,Petroleum (Barrels),4609,1.74,0.118627135552451,101.2228,70.9,15.56,8068
1988,F002031__3,2015-08-01,34.32,2015,8,NE,Total Electric Power Industry,Petroleum (Barrels),1017,1.48,0.118627135552451,101.0367,72.7,15.56,8068
1989,F002031__3,2015-09-01,36.84,2015,9,NE,Total Electric Power Industry,Petroleum (Barrels),397,1.47,0.118627135552451,100.7547,65.9,15.56,8068
1990,F002031__3,2015-10-01,37.9,2015,10,NE,Total Electric Power Industry,Petroleum (Barrels),549,1.41,0.118627135552451,100.2675,56.2,15.56,8068
1991,F002031__3,2015-11-01,34.62,2015,11,NE,Total Electric Power Industry,Petroleum (Barrels),2667,1.43,0.118627135552451,99.5298,35.9,15.56,8068
1992,F002031__3,2015-12-01,29.31,2015,12,NE,Total Electric Power Industry,Petroleum (Barrels),1083,1.24,0.118627135552451,99.0417,30.8,15.56,8068
1993,F002031__3,2016-01-01,24.26,2016,1,NE,Total Electric Power Industry,Petroleum (Barrels),396,,1.26158320570536,99.5607,31.1,14.33,8356
1994,F002031__3,2016-02-01,22.83,2016,2,NE,Total Electric Power Industry,Petroleum (Barrels),1019,1.16,1.26158320570536,99.0445,38.0,14.33,8356
1995,F002031__3,2016-03-01,30.58,2016,3,NE,Total Electric Power Industry,Petroleum (Barrels),468,0.98,1.26158320570536,98.3096,44.2,14.33,8356
1996,F002031__3,2016-04-01,33.7,2016,4,NE,Total Electric Power Industry,Petroleum (Barrels),1766,1.03,1.26158320570536,98.6421,50.1,14.33,8356
1997,F002031__3,2016-05-01,39.61,2016,5,NE,Total Electric Power Industry,Petroleum (Barrels),682,1.08,1.26158320570536,98.4184,55.1,14.33,8356
1998,F002031__3,2016-06-01,41.46,2016,6,NE,Total Electric Power Industry,Petroleum (Barrels),1685,0.94,1.26158320570536,98.8833,69.7,14.33,8356
1999,F002031__3,2016-07-01,38.24,2016,7,NE,Total Electric Power Industry,Petroleum (Barrels),2621,0.87,1.26158320570536,98.9992,73.7,14.33,8356
2000,F002031__3,2016-08-01,38.28,2016,8,NE,Total Electric Power Industry,Petroleum (Barrels),2978,0.84,1.26158320570536,98.85,72.1,14.33,8356
2001,F002031__3,2016-09-01,38.34,2016,9,NE,Total Electric Power Industry,Petroleum (Barrels),1750,0.79,1.26158320570536,98.7457,62.3,14.33,8356
2002,F002031__3,2016-10-01,43.19,2016,10,NE,Total Electric Power Industry,Petroleum (Barrels),1215,0.83,1.26158320570536,98.7611,53.2,14.33,8356
2003,F002031__3,2016-11-01,38.97,2016,11,NE,Total Electric Power Industry,Petroleum (Barrels),363,1.0,1.26158320570536,98.3491,43.2,14.33,8356
2004,F002031__3,2016-12-01,45.28,2016,12,NE,Total Electric Power Industry,Petroleum (Barrels),887,1.31,1.26158320570536,99.0214,30.5,14.33,8356
2005,F002031__3,2017-01-01,46.07,2017,1,NE,Total Electric Power Industry,Petroleum (Barrels),1496,,2.13011000365961,98.7611,29.1,15.55,8541
2006,F002031__3,2017-02-01,46.62,2017,2,NE,Total Electric Power Industry,Petroleum (Barrels),539,1.26,2.13011000365961,98.3646,38.1,15.55,8541
2007,F002031__3,2017-03-01,42.85,2017,3,NE,Total Electric Power Industry,Petroleum (Barrels),723,1.17,2.13011000365961,99.0137,45.7,15.55,8541
2008,F002031__3,2017-04-01,44.63,2017,4,NE,Total Electric Power Industry,Petroleum (Barrels),1379,1.11,2.13011000365961,100.0224,47.1,15.55,8541
2009,F002031__3,2017-05-01,42.24,2017,5,NE,Total Electric Power Industry,Petroleum (Barrels),2005,1.05,2.13011000365961,100.1408,57.1,15.55,8541
2010,F002031__3,2017-06-01,38.87,2017,6,NE,Total Electric Power Industry,Petroleum (Barrels),1491,0.93,2.13011000365961,100.3471,68.6,15.55,8541
2011,F002031__3,2017-07-01,40.4,2017,7,NE,Total Electric Power Industry,Petroleum (Barrels),1038,0.94,2.13011000365961,100.1068,76.2,15.55,8541
2012,F002031__3,2017-08-01,41.48,2017,8,NE,Total Electric Power Industry,Petroleum (Barrels),1030,0.92,2.13011000365961,99.6925,73.5,15.55,8541
2013,F002031__3,2017-09-01,43.07,2017,9,NE,Total Electric Power Industry,Petroleum (Barrels),698,0.81,2.13011000365961,99.7954,61.6,15.55,8541
2014,F002031__3,2017-10-01,45.39,2017,10,NE,Total Electric Power Industry,Petroleum (Barrels),1038,0.85,2.13011000365961,101.0247,50.4,15.55,8541
2015,F002031__3,2017-11-01,50.32,2017,11,NE,Total Electric Power Industry,Petroleum (Barrels),2537,0.76,2.13011000365961,101.2664,44.4,15.55,8541
2016,F002031__3,2017-12-01,51.77,2017,12,NE,Total Electric Power Industry,Petroleum (Barrels),2391,0.59,2.13011000365961,101.4644,34.8,15.55,8541
2017,F002031__3,2018-01-01,57.4,2018,1,NE,Total Electric Power Industry,Petroleum (Barrels),4300,,2.44258329692817,101.4625,38.5,16.62,8726
2018,F002031__3,2018-02-01,56.04,2018,2,NE,Total Electric Power Industry,Petroleum (Barrels),2506,0.62,2.44258329692817,101.7085,33.7,16.62,8726
2019,F002031__3,2018-03-01,56.78,2018,3,NE,Total Electric Power Industry,Petroleum (Barrels),2768,0.59,2.44258329692817,102.2067,39.5,16.62,8726
2020,F002031__3,2018-04-01,60.07,2018,4,NE,Total Electric Power Industry,Petroleum (Barrels),3426,0.48,2.44258329692817,103.3329,50.0,16.62,8726
2021,F002031__3,2018-05-01,63.82,2018,5,NE,Total Electric Power Industry,Petroleum (Barrels),2913,0.47,2.44258329692817,102.4024,57.7,16.62,8726
2022,F002031__3,2018-06-01,61.12,2018,6,NE,Total Electric Power Industry,Petroleum (Barrels),3735,0.42,2.44258329692817,103.198,67.8,16.62,8726
2023,F002031__3,2018-07-01,64.67,2018,7,NE,Total Electric Power Industry,Petroleum (Barrels),1889,0.3,2.44258329692817,103.3646,77.0,16.62,8726
2024,F002031__3,2018-08-01,61.78,2018,8,NE,Total Electric Power Industry,Petroleum (Barrels),2434,0.33,2.44258329692817,104.0327,73.2,16.62,8726
2025,F002031__3,2018-09-01,63.95,2018,9,NE,Total Electric Power Industry,Petroleum (Barrels),2439,,2.44258329692817,104.1004,65.0,16.62,8726
2026,F002031__3,2018-10-01,64.63,2018,10,NE,Total Electric Power Industry,Petroleum (Barrels),2974,0.27,2.44258329692817,103.9856,50.3,16.62,8726
2027,F002031__3,2018-11-01,50.76,2018,11,NE,Total Electric Power Industry,Petroleum (Barrels),2405,0.3,2.44258329692817,104.0681,39.4,16.62,8726
2028,F002031__3,2018-12-01,42.05,2018,12,NE,Total Electric Power Industry,Petroleum (Barrels),2525,0.15,2.44258329692817,104.0936,32.0,16.62,8726
2029,F002031__3,2019-01-01,44.76,2019,1,NE,Total Electric Power Industry,Petroleum (Barrels),4751,,1.81221007526021,103.4021,34.1,16.05,8445
2030,F002031__3,2019-02-01,48.29,2019,2,NE,Total Electric Power Industry,Petroleum (Barrels),4061,0.18,1.81221007526021,102.8371,30.0,16.05,8445
2031,F002031__3,2019-03-01,51.55,2019,3,NE,Total Electric Power Industry,Petroleum (Barrels),5114,0.21,1.81221007526021,102.8757,40.1,16.05,8445
2032,F002031__3,2019-04-01,57.32,2019,4,NE,Total Electric Power Industry,Petroleum (Barrels),2278,0.16,1.81221007526021,102.274,50.1,16.05,8445
2033,F002031__3,2019-05-01,54.59,2019,5,NE,Total Electric Power Industry,Petroleum (Barrels),5234,0.21,1.81221007526021,102.392,51.7,16.05,8445
2034,F002031__3,2019-06-01,48.31,2019,6,NE,Total Electric Power Industry,Petroleum (Barrels),4407,0.25,1.81221007526021,102.4375,64.3,16.05,8445
2035,F002031__3,2019-07-01,50.99,2019,7,NE,Total Electric Power Industry,Petroleum (Barrels),1671,0.25,1.81221007526021,101.9408,72.8,16.05,8445
2036,F002031__3,2019-08-01,48.39,2019,8,NE,Total Electric Power Industry,Petroleum (Barrels),2229,0.17,1.81221007526021,102.639,73.1,16.05,8445
2037,F002031__3,2019-09-01,50.28,2019,9,NE,Total Electric Power Industry,Petroleum (Barrels),2915,,1.81221007526021,102.2917,61.7,16.05,8445
2038,F002031__3,2019-10-01,47.53,2019,10,NE,Total Electric Power Industry,Petroleum (Barrels),3102,0.09,1.81221007526021,101.4281,45.6,16.05,8445
2039,F002031__3,2019-11-01,50.64,2019,11,NE,Total Electric Power Industry,Petroleum (Barrels),2791,0.17,1.81221007526021,101.9372,41.8,16.05,8445
2040,F002031__3,2019-12-01,53.36,2019,12,NE,Total Electric Power Industry,Petroleum (Barrels),2915,0.22,1.81221007526021,101.7003,33.2,16.05,8445
2041,F002031__3,2020-01-01,51.24,2020,1,NE,Total Electric Power Industry,Petroleum (Barrels),3428,,1.23358439630629,101.0338,35.3,14.27,7113
2042,F002031__3,2020-02-01,44.16,2020,2,NE,Total Electric Power Industry,Petroleum (Barrels),2460,0.18,1.23358439630629,101.3735,36.3,14.27,7113
2043,F002031__3,2020-03-01,24.22,2020,3,NE,Total Electric Power Industry,Petroleum (Barrels),2388,0.26,1.23358439630629,97.4078,40.5,14.27,7113
2044,F002031__3,2020-04-01,11.81,2020,4,NE,Total Electric Power Industry,Petroleum (Barrels),2680,0.39,1.23358439630629,84.5619,48.8,14.27,7113
2045,F002031__3,2020-05-01,20.5,2020,5,NE,Total Electric Power Industry,Petroleum (Barrels),2897,0.44,1.23358439630629,85.9604,58.8,14.27,7113
2046,F002031__3,2020-06-01,31.58,2020,6,NE,Total Electric Power Industry,Petroleum (Barrels),4195,0.52,1.23358439630629,91.5934,65.0,14.27,7113
2047,F002031__3,2020-07-01,34.28,2020,7,NE,Total Electric Power Industry,Petroleum (Barrels),1902,0.52,1.23358439630629,95.0256,74.2,14.27,7113
2048,F002031__3,2020-08-01,35.92,2020,8,NE,Total Electric Power Industry,Petroleum (Barrels),2823,0.45,1.23358439630629,95.9549,75.6,14.27,7113
2049,F002031__3,2020-09-01,33.41,2020,9,NE,Total Electric Power Industry,Petroleum (Barrels),2600,0.55,1.23358439630629,95.9669,66.6,14.27,7113
2050,F002031__3,2020-10-01,32.98,2020,10,NE,Total Electric Power Industry,Petroleum (Barrels),3796,0.54,1.23358439630629,96.7394,55.3,14.27,7113
2051,F002031__3,2020-11-01,34.81,2020,11,NE,Total Electric Power Industry,Petroleum (Barrels),4912,0.71,1.23358439630629,97.0816,40.5,14.27,7113
2052,F002031__3,2020-12-01,40.68,2020,12,NE,Total Electric Power Industry,Petroleum (Barrels),3592,0.75,1.23358439630629,98.363,32.4,14.27,7113
2053,F002031__3,2021-01-01,45.56,2021,1,NE,Total Electric Power Industry,Petroleum (Barrels),7083,,4.69785886363742,98.8822,33.7,17.53,7904
2054,F002031__3,2021-02-01,52.69,2021,2,NE,Total Electric Power Industry,Petroleum (Barrels),39706,0.98,4.69785886363742,95.6149,35.6,17.53,7904
2055,F002031__3,2021-03-01,56.27,2021,3,NE,Total Electric Power Industry,Petroleum (Barrels),9247,1.32,4.69785886363742,98.3856,39.2,17.53,7904
2056,F002031__3,2021-04-01,55.4,2021,4,NE,Total Electric Power Industry,Petroleum (Barrels),7352,1.52,4.69785886363742,98.5587,49.3,17.53,7904
2057,F002031__3,2021-05-01,58.8,2021,5,NE,Total Electric Power Industry,Petroleum (Barrels),7191,1.47,4.69785886363742,99.4333,57.2,17.53,7904
2058,F002031__3,2021-06-01,65.14,2021,6,NE,Total Electric Power Industry,Petroleum (Barrels),11462,1.46,4.69785886363742,99.7987,72.6,17.53,7904
2059,F002031__3,2021-07-01,66.47,2021,7,NE,Total Electric Power Industry,Petroleum (Barrels),7009,1.23,4.69785886363742,100.2519,77.8,17.53,7904
2060,F002031__3,2021-08-01,61.65,2021,8,NE,Total Electric Power Industry,Petroleum (Barrels),6462,1.03,4.69785886363742,100.0437,72.4,17.53,7904
2061,F002031__3,2021-09-01,65.23,2021,9,NE,Total Electric Power Industry,Petroleum (Barrels),6341,1.11,4.69785886363742,98.8579,65.5,17.53,7904
2062,F002031__3,2021-10-01,75.06,2021,10,NE,Total Electric Power Industry,Petroleum (Barrels),9665,1.21,4.69785886363742,100.1861,49.6,17.53,7904
2063,F002031__3,2021-11-01,72.34,2021,11,NE,Total Electric Power Industry,Petroleum (Barrels),9729,1.08,4.69785886363742,100.8654,45.2,17.53,7904
2064,F002031__3,2021-12-01,65.83,2021,12,NE,Total Electric Power Industry,Petroleum (Barrels),14462,0.87,4.69785886363742,100.5726,32.4,17.53,7904
2065,F002031__3,2022-01-01,77.04,2022,1,NE,Total Electric Power Industry,Petroleum (Barrels),5819,0.85,8.00279982052121,100.1856,34.2,22.69,8375
2066,F002031__3,2022-02-01,85.88,2022,2,NE,Total Electric Power Industry,Petroleum (Barrels),6017,0.63,8.00279982052121,100.8064,34.6,22.69,8375
2067,F002031__3,2022-03-01,103.23,2022,3,NE,Total Electric Power Industry,Petroleum (Barrels),4061,0.41,8.00279982052121,101.3907,43.3,22.69,8375
2068,F002031__3,2022-04-01,96.65,2022,4,NE,Total Electric Power Industry,Petroleum (Barrels),2943,-0.05,8.00279982052121,101.44,47.3,22.69,8375
2069,F002031__3,2022-05-01,104.02,2022,5,NE,Total Electric Power Industry,Petroleum (Barrels),8717,0.26,8.00279982052121,101.3335,54.5,22.69,8375
2070,F002031__3,2022-06-01,108.96,2022,6,NE,Total Electric Power Industry,Petroleum (Barrels),5492,0.28,8.00279982052121,101.018,66.9,22.69,8375
2071,F002031__3,2022-07-01,94.67,2022,7,NE,Total Electric Power Industry,Petroleum (Barrels),10981,0.04,8.00279982052121,101.223,76.3,22.69,8375
2072,F002031__3,2022-08-01,86.65,2022,8,NE,Total Electric Power Industry,Petroleum (Barrels),9651,-0.3,8.00279982052121,101.0963,74.4,22.69,8375
2073,F002031__3,2022-09-01,78.36,2022,9,NE,Total Electric Power Industry,Petroleum (Barrels),6182,-0.25,8.00279982052121,101.2918,67.6,22.69,8375
2074,F002031__3,2022-10-01,81.24,2022,10,NE,Total Electric Power Industry,Petroleum (Barrels),5522,-0.45,8.00279982052121,101.2529,54.3,22.69,8375
2075,F002031__3,2022-11-01,78.82,2022,11,NE,Total Electric Power Industry,Petroleum (Barrels),4516,-0.47,8.00279982052121,100.9552,34.3,22.69,8375
2076,F002031__3,2022-12-01,71.02,2022,12,NE,Total Electric Power Industry,Petroleum (Barrels),12298,-0.72,8.00279982052121,99.7664,31.7,22.69,8375
2077,F002031__3,2023-01-01,72.31,2023,1,NE,Total Electric Power Industry,Petroleum (Barrels),5443,,4.11633838374488,100.505,29.2,20.47,8607
2078,F002031__3,2023-02-01,70.71,2023,2,NE,Total Electric Power Industry,Petroleum (Barrels),5787,-0.7,4.11633838374488,100.6416,30.8,20.47,8607
2079,F002031__3,2023-03-01,67.42,2023,3,NE,Total Electric Power Industry,Petroleum (Barrels),4335,-0.88,4.11633838374488,101.0205,33.6,20.47,8607
2080,F002031__3,2023-04-01,73.45,2023,4,NE,Total Electric Power Industry,Petroleum (Barrels),4504,-0.54,4.11633838374488,101.253,46.6,20.47,8607
2081,F002031__3,2023-05-01,65.67,2023,5,NE,Total Electric Power Industry,Petroleum (Barrels),6789,-0.55,4.11633838374488,100.9286,57.3,20.47,8607
2082,F002031__3,2023-06-01,64.43,2023,6,NE,Total Electric Power Industry,Petroleum (Barrels),11318,-0.72,4.11633838374488,100.1196,61.9,20.47,8607
2083,F002031__3,2023-07-01,69.71,2023,7,NE,Total Electric Power Industry,Petroleum (Barrels),12050,-1.08,4.11633838374488,100.9067,76.3,20.47,8607
2084,F002031__3,2023-08-01,75.41,2023,8,NE,Total Electric Power Industry,Petroleum (Barrels),25856,-0.87,4.11633838374488,100.8393,71.0,20.47,8607
2085,F002031__3,2023-09-01,83.33,2023,9,NE,Total Electric Power Industry,Petroleum (Barrels),6918,-0.69,4.11633838374488,101.0211,62.0,20.47,8607
2086,F002031__3,2023-10-01,79.74,2023,10,NE,Total Electric Power Industry,Petroleum (Barrels),2585,-0.43,4.11633838374488,100.4689,52.3,20.47,8607
2087,F002031__3,2023-11-01,71.71,2023,11,NE,Total Electric Power Industry,Petroleum (Barrels),4647,-0.18,4.11633838374488,100.8639,40.6,20.47,8607
2088,F002031__3,2023-12-01,66.21,2023,12,NE,Total Electric Power Industry,Petroleum (Barrels),5874,-0.34,4.11633838374488,100.6031,37.0,20.47,8607
2089,F002038__3,2001-01-01,27.25,2001,1,ND,Total Electric Power Industry,Petroleum (Barrels),8076,,2.82617111885407,91.902,27.5,7.28,6111
2090,F002038__3,2001-02-01,27.56,2001,2,ND,Total Electric Power Industry,Petroleum (Barrels),9372,0.55,2.82617111885407,91.3034,34.0,7.28,6111
2091,F002038__3,2001-03-01,25.02,2001,3,ND,Total Electric Power Industry,Petroleum (Barrels),8382,0.46,2.82617111885407,91.1162,36.3,7.28,6111
2092,F002038__3,2001-04-01,25.03,2001,4,ND,Total Electric Power Industry,Petroleum (Barrels),7667,0.76,2.82617111885407,90.7891,53.9,7.28,6111
2093,F002038__3,2001-05-01,26.08,2001,5,ND,Total Electric Power Industry,Petroleum (Barrels),6722,1.07,2.82617111885407,90.3555,61.5,7.28,6111
2094,F002038__3,2001-06-01,25.0,2001,6,ND,Total Electric Power Industry,Petroleum (Barrels),7960,1.17,2.82617111885407,89.8784,68.4,7.28,6111
2095,F002038__3,2001-07-01,24.04,2001,7,ND,Total Electric Power Industry,Petroleum (Barrels),8632,1.16,2.82617111885407,89.3028,71.9,7.28,6111
2096,F002038__3,2001-08-01,24.96,2001,8,ND,Total Electric Power Industry,Petroleum (Barrels),6299,1.28,2.82617111885407,89.2003,73.0,7.28,6111
2097,F002038__3,2001-09-01,24.05,2001,9,ND,Total Electric Power Industry,Petroleum (Barrels),3634,,2.82617111885407,88.7485,62.3,7.28,6111
2098,F002038__3,2001-10-01,19.65,2001,10,ND,Total Electric Power Industry,Petroleum (Barrels),5455,1.73,2.82617111885407,88.5052,53.8,7.28,6111
2099,F002038__3,2001-11-01,17.52,2001,11,ND,Total Electric Power Industry,Petroleum (Barrels),9766,1.75,2.82617111885407,87.97,48.1,7.28,6111
2100,F002038__3,2001-12-01,16.8,2001,12,ND,Total Electric Power Industry,Petroleum (Barrels),5862,1.93,2.82617111885407,87.9324,37.7,7.28,6111
2101,F002038__3,2002-01-01,17.16,2002,1,ND,Total Electric Power Industry,Petroleum (Barrels),3783,,1.58603162650601,88.5176,34.1,6.69,6214
2102,F002038__3,2002-02-01,17.9,2002,2,ND,Total Electric Power Industry,Petroleum (Barrels),4801,1.94,1.58603162650601,88.5278,35.0,6.69,6214
2103,F002038__3,2002-03-01,21.9,2002,3,ND,Total Electric Power Industry,Petroleum (Barrels),7226,1.8,1.58603162650601,89.1686,39.2,6.69,6214
2104,F002038__3,2002-04-01,23.58,2002,4,ND,Total Electric Power Industry,Petroleum (Barrels),3916,1.7,1.58603162650601,89.604,52.6,6.69,6214
2105,F002038__3,2002-05-01,24.63,2002,5,ND,Total Electric Power Industry,Petroleum (Barrels),6465,1.87,1.58603162650601,89.964,56.7,6.69,6214
2106,F002038__3,2002-06-01,24.39,2002,6,ND,Total Electric Power Industry,Petroleum (Barrels),8327,1.87,1.58603162650601,90.7061,71.4,6.69,6214
2107,F002038__3,2002-07-01,25.02,2002,7,ND,Total Electric Power Industry,Petroleum (Barrels),6228,1.97,1.58603162650601,90.6769,75.7,6.69,6214
2108,F002038__3,2002-08-01,26.04,2002,8,ND,Total Electric Power Industry,Petroleum (Barrels),5259,2.32,1.58603162650601,90.5762,74.2,6.69,6214
2109,F002038__3,2002-09-01,27.44,2002,9,ND,Total Electric Power Industry,Petroleum (Barrels),7496,,1.58603162650601,90.6531,68.3,6.69,6214
2110,F002038__3,2002-10-01,27.21,2002,10,ND,Total Electric Power Industry,Petroleum (Barrels),7937,1.92,1.58603162650601,90.4643,52.0,6.69,6214
2111,F002038__3,2002-11-01,25.95,2002,11,ND,Total Electric Power Industry,Petroleum (Barrels),3421,2.25,1.58603162650601,90.9711,40.4,6.69,6214
2112,F002038__3,2002-12-01,26.58,2002,12,ND,Total Electric Power Industry,Petroleum (Barrels),9274,2.15,1.58603162650601,90.4652,30.8,6.69,6214
2113,F002038__3,2003-01-01,29.98,2003,1,ND,Total Electric Power Industry,Petroleum (Barrels),5833,,2.27009497336115,91.2361,21.5,7.39,6176
2114,F002038__3,2003-02-01,32.98,2003,2,ND,Total Electric Power Industry,Petroleum (Barrels),9062,2.29,2.27009497336115,91.3445,25.4,7.39,6176
2115,F002038__3,2003-03-01,32.33,2003,3,ND,Total Electric Power Industry,Petroleum (Barrels),7651,2.16,2.27009497336115,91.1044,41.0,7.39,6176
2116,F002038__3,2003-04-01,28.33,2003,4,ND,Total Electric Power Industry,Petroleum (Barrels),8565,2.34,2.27009497336115,90.5617,52.0,7.39,6176
2117,F002038__3,2003-05-01,26.88,2003,5,ND,Total Electric Power Industry,Petroleum (Barrels),5525,2.38,2.27009497336115,90.537,59.5,7.39,6176
2118,F002038__3,2003-06-01,28.22,2003,6,ND,Total Electric Power Industry,Petroleum (Barrels),7290,2.1,2.27009497336115,90.6527,66.0,7.39,6176
2119,F002038__3,2003-07-01,29.28,2003,7,ND,Total Electric Power Industry,Petroleum (Barrels),11411,2.26,2.27009497336115,91.1185,71.6,7.39,6176
2120,F002038__3,2003-08-01,29.83,2003,8,ND,Total Electric Power Industry,Petroleum (Barrels),6036,2.59,2.27009497336115,90.9197,72.6,7.39,6176
2121,F002038__3,2003-09-01,27.45,2003,9,ND,Total Electric Power Industry,Petroleum (Barrels),5294,,2.27009497336115,91.5059,62.8,7.39,6176
2122,F002038__3,2003-10-01,28.36,2003,10,ND,Total Electric Power Industry,Petroleum (Barrels),9855,2.49,2.27009497336115,91.6186,51.2,7.39,6176
2123,F002038__3,2003-11-01,28.2,2003,11,ND,Total Electric Power Industry,Petroleum (Barrels),13960,2.5,2.27009497336115,92.2329,46.4,7.39,6176
2124,F002038__3,2003-12-01,29.52,2003,12,ND,Total Electric Power Industry,Petroleum (Barrels),9234,2.28,2.27009497336115,92.2602,32.8,7.39,6176
2125,F002038__3,2004-01-01,30.9,2004,1,ND,Total Electric Power Industry,Petroleum (Barrels),8583,,2.67723669309172,92.4006,23.5,8.77,6283
2126,F002038__3,2004-02-01,32.31,2004,2,ND,Total Electric Power Industry,Petroleum (Barrels),5039,2.35,2.67723669309172,92.958,30.2,8.77,6283
2127,F002038__3,2004-03-01,33.9,2004,3,ND,Total Electric Power Industry,Petroleum (Barrels),6315,2.33,2.67723669309172,92.5861,42.6,8.77,6283
2128,F002038__3,2004-04-01,34.8,2004,4,ND,Total Electric Power Industry,Petroleum (Barrels),7969,2.26,2.67723669309172,92.93,51.0,8.77,6283
2129,F002038__3,2004-05-01,36.61,2004,5,ND,Total Electric Power Industry,Petroleum (Barrels),7055,2.19,2.67723669309172,93.6013,64.5,8.77,6283
2130,F002038__3,2004-06-01,34.84,2004,6,ND,Total Electric Power Industry,Petroleum (Barrels),3482,2.11,2.67723669309172,92.871,67.9,8.77,6283
2131,F002038__3,2004-07-01,37.68,2004,7,ND,Total Electric Power Industry,Petroleum (Barrels),4884,1.93,2.67723669309172,93.5649,71.4,8.77,6283
2132,F002038__3,2004-08-01,42.48,2004,8,ND,Total Electric Power Industry,Petroleum (Barrels),5747,1.82,2.67723669309172,93.6277,68.6,8.77,6283
2133,F002038__3,2004-09-01,43.9,2004,9,ND,Total Electric Power Industry,Petroleum (Barrels),3475,1.72,2.67723669309172,93.7467,66.1,8.77,6283
2134,F002038__3,2004-10-01,47.78,2004,10,ND,Total Electric Power Industry,Petroleum (Barrels),7098,1.58,2.67723669309172,94.5465,53.6,8.77,6283
2135,F002038__3,2004-11-01,48.57,2004,11,ND,Total Electric Power Industry,Petroleum (Barrels),8385,1.5,2.67723669309172,94.7813,45.2,8.77,6283
2136,F002038__3,2004-12-01,42.61,2004,12,ND,Total Electric Power Industry,Petroleum (Barrels),6905,1.37,2.67723669309172,95.5365,31.5,8.77,6283
2137,F002038__3,2005-01-01,42.34,2005,1,ND,Total Electric Power Industry,Petroleum (Barrels),8768,1.13,3.3927468454955,95.8801,29.4,10.5,6542
2138,F002038__3,2005-02-01,45.01,2005,2,ND,Total Electric Power Industry,Petroleum (Barrels),2769,0.86,3.3927468454955,96.5761,32.7,10.5,6542
2139,F002038__3,2005-03-01,49.03,2005,3,ND,Total Electric Power Industry,Petroleum (Barrels),4518,0.79,3.3927468454955,96.4456,35.5,10.5,6542
2140,F002038__3,2005-04-01,47.64,2005,4,ND,Total Electric Power Industry,Petroleum (Barrels),6956,0.71,3.3927468454955,96.6532,52.2,10.5,6542
2141,F002038__3,2005-05-01,47.45,2005,5,ND,Total Electric Power Industry,Petroleum (Barrels),4471,0.57,3.3927468454955,96.7402,56.4,10.5,6542
2142,F002038__3,2005-06-01,50.2,2005,6,ND,Total Electric Power Industry,Petroleum (Barrels),9150,0.41,3.3927468454955,97.1753,72.6,10.5,6542
2143,F002038__3,2005-07-01,54.84,2005,7,ND,Total Electric Power Industry,Petroleum (Barrels),7612,0.3,3.3927468454955,96.8676,75.1,10.5,6542
2144,F002038__3,2005-08-01,59.34,2005,8,ND,Total Electric Power Industry,Petroleum (Barrels),5299,0.28,3.3927468454955,97.1833,74.2,10.5,6542
2145,F002038__3,2005-09-01,61.22,2005,9,ND,Total Electric Power Industry,Petroleum (Barrels),6783,0.3,3.3927468454955,95.3005,67.7,10.5,6542
2146,F002038__3,2005-10-01,59.72,2005,10,ND,Total Electric Power Industry,Petroleum (Barrels),4572,0.18,3.3927468454955,96.4572,54.2,10.5,6542
2147,F002038__3,2005-11-01,55.91,2005,11,ND,Total Electric Power Industry,Petroleum (Barrels),4434,0.16,3.3927468454955,97.5414,44.3,10.5,6542
2148,F002038__3,2005-12-01,53.85,2005,12,ND,Total Electric Power Industry,Petroleum (Barrels),6213,0.07,3.3927468454955,98.0452,27.2,10.5,6542
2149,F002038__3,2006-01-01,56.41,2006,1,ND,Total Electric Power Industry,Petroleum (Barrels),6164,,3.22594410070404,98.1999,38.8,11.36,6377
2150,F002038__3,2006-02-01,51.7,2006,2,ND,Total Electric Power Industry,Petroleum (Barrels),6276,-0.02,3.22594410070404,98.2413,31.4,11.36,6377
2151,F002038__3,2006-03-01,48.36,2006,3,ND,Total Electric Power Industry,Petroleum (Barrels),9154,-0.12,3.22594410070404,98.4628,38.9,11.36,6377
2152,F002038__3,2006-04-01,57.43,2006,4,ND,Total Electric Power Industry,Petroleum (Barrels),3586,0.02,3.22594410070404,98.7618,54.3,11.36,6377
2153,F002038__3,2006-05-01,61.52,2006,5,ND,Total Electric Power Industry,Petroleum (Barrels),7103,0.2,3.22594410070404,98.7869,59.1,11.36,6377
2154,F002038__3,2006-06-01,62.37,2006,6,ND,Total Electric Power Industry,Petroleum (Barrels),8922,0.07,3.22594410070404,99.0997,67.6,11.36,6377
2155,F002038__3,2006-07-01,66.44,2006,7,ND,Total Electric Power Industry,Petroleum (Barrels),4471,-0.02,3.22594410070404,99.0489,74.2,11.36,6377
2156,F002038__3,2006-08-01,65.91,2006,8,ND,Total Electric Power Industry,Petroleum (Barrels),4421,0.02,3.22594410070404,99.4836,73.3,11.36,6377
2157,F002038__3,2006-09-01,57.79,2006,9,ND,Total Electric Power Industry,Petroleum (Barrels),4859,-0.04,3.22594410070404,99.3183,61.9,11.36,6377
2158,F002038__3,2006-10-01,50.68,2006,10,ND,Total Electric Power Industry,Petroleum (Barrels),3596,-0.04,3.22594410070404,99.2044,50.5,11.36,6377
2159,F002038__3,2006-11-01,49.4,2006,11,ND,Total Electric Power Industry,Petroleum (Barrels),7800,-0.09,3.22594410070404,99.1627,44.2,11.36,6377
2160,F002038__3,2006-12-01,51.7,2006,12,ND,Total Electric Power Industry,Petroleum (Barrels),14195,-0.09,3.22594410070404,100.1735,38.3,11.36,6377
2161,F002038__3,2007-01-01,46.59,2007,1,ND,Total Electric Power Industry,Petroleum (Barrels),12045,,2.85267248150138,99.8346,33.0,12.75,6306
2162,F002038__3,2007-02-01,50.16,2007,2,ND,Total Electric Power Industry,Petroleum (Barrels),9094,-0.12,2.85267248150138,100.7753,19.4,12.75,6306
2163,F002038__3,2007-03-01,52.75,2007,3,ND,Total Electric Power Industry,Petroleum (Barrels),8458,-0.07,2.85267248150138,100.9547,43.9,12.75,6306
2164,F002038__3,2007-04-01,56.09,2007,4,ND,Total Electric Power Industry,Petroleum (Barrels),3477,0.05,2.85267248150138,101.6334,48.4,12.75,6306
2165,F002038__3,2007-05-01,57.92,2007,5,ND,Total Electric Power Industry,Petroleum (Barrels),7572,0.01,2.85267248150138,101.7306,63.9,12.75,6306
2166,F002038__3,2007-06-01,62.32,2007,6,ND,Total Electric Power Industry,Petroleum (Barrels),12931,-0.02,2.85267248150138,101.7893,70.6,12.75,6306
2167,F002038__3,2007-07-01,68.84,2007,7,ND,Total Electric Power Industry,Petroleum (Barrels),7254,0.14,2.85267248150138,101.6672,70.6,12.75,6306
2168,F002038__3,2007-08-01,67.9,2007,8,ND,Total Electric Power Industry,Petroleum (Barrels),4664,0.2,2.85267248150138,101.863,75.0,12.75,6306
2169,F002038__3,2007-09-01,71.0,2007,9,ND,Total Electric Power Industry,Petroleum (Barrels),6687,,2.85267248150138,102.0894,67.4,12.75,6306
2170,F002038__3,2007-10-01,76.49,2007,10,ND,Total Electric Power Industry,Petroleum (Barrels),3238,0.54,2.85267248150138,101.8015,59.9,12.75,6306
2171,F002038__3,2007-11-01,85.1,2007,11,ND,Total Electric Power Industry,Petroleum (Barrels),8340,0.59,2.85267248150138,102.3446,42.0,12.75,6306
2172,F002038__3,2007-12-01,80.69,2007,12,ND,Total Electric Power Industry,Petroleum (Barrels),15531,0.99,2.85267248150138,102.3803,33.1,12.75,6306
2173,F002038__3,2008-01-01,84.86,2008,1,ND,Total Electric Power Industry,Petroleum (Barrels),8371,,3.839100296651,102.2448,29.1,14.99,6737
2174,F002038__3,2008-02-01,85.97,2008,2,ND,Total Electric Power Industry,Petroleum (Barrels),4735,1.53,3.839100296651,101.8438,28.4,14.99,6737
2175,F002038__3,2008-03-01,97.99,2008,3,ND,Total Electric Power Industry,Petroleum (Barrels),15445,1.93,3.839100296651,101.5336,36.8,14.99,6737
2176,F002038__3,2008-04-01,107.01,2008,4,ND,Total Electric Power Industry,Petroleum (Barrels),4720,1.77,3.839100296651,100.8785,52.9,14.99,6737
2177,F002038__3,2008-05-01,118.06,2008,5,ND,Total Electric Power Industry,Petroleum (Barrels),9642,1.41,3.839100296651,100.2674,57.0,14.99,6737
2178,F002038__3,2008-06-01,126.68,2008,6,ND,Total Electric Power Industry,Petroleum (Barrels),9918,1.47,3.839100296651,100.0335,70.8,14.99,6737
2179,F002038__3,2008-07-01,126.53,2008,7,ND,Total Electric Power Industry,Petroleum (Barrels),9708,1.38,3.839100296651,99.676,72.3,14.99,6737
2180,F002038__3,2008-08-01,107.33,2008,8,ND,Total Electric Power Industry,Petroleum (Barrels),6315,1.46,3.839100296651,98.1111,70.4,14.99,6737
2181,F002038__3,2008-09-01,93.42,2008,9,ND,Total Electric Power Industry,Petroleum (Barrels),3438,,3.839100296651,93.7895,67.0,14.99,6737
2182,F002038__3,2008-10-01,67.36,2008,10,ND,Total Electric Power Industry,Petroleum (Barrels),5899,1.95,3.839100296651,94.7219,52.0,14.99,6737
2183,F002038__3,2008-11-01,45.29,2008,11,ND,Total Electric Power Industry,Petroleum (Barrels),4176,2.51,3.839100296651,93.4715,39.9,14.99,6737
2184,F002038__3,2008-12-01,27.86,2008,12,ND,Total Electric Power Industry,Petroleum (Barrels),6934,1.82,3.839100296651,90.8357,31.0,14.99,6737
2185,F002038__3,2009-01-01,29.73,2009,1,ND,Total Electric Power Industry,Petroleum (Barrels),7676,,-0.355546266299747,88.57,20.8,11.34,6656
2186,F002038__3,2009-02-01,31.26,2009,2,ND,Total Electric Power Industry,Petroleum (Barrels),6099,1.87,-0.355546266299747,88.031,31.4,11.34,6656
2187,F002038__3,2009-03-01,41.77,2009,3,ND,Total Electric Power Industry,Petroleum (Barrels),9312,2.02,-0.355546266299747,86.6528,42.3,11.34,6656
2188,F002038__3,2009-04-01,44.68,2009,4,ND,Total Electric Power Industry,Petroleum (Barrels),3910,1.85,-0.355546266299747,85.9344,51.1,11.34,6656
2189,F002038__3,2009-05-01,51.19,2009,5,ND,Total Electric Power Industry,Petroleum (Barrels),9098,2.29,-0.355546266299747,85.0665,61.1,11.34,6656
2190,F002038__3,2009-06-01,61.04,2009,6,ND,Total Electric Power Industry,Petroleum (Barrels),6219,2.74,-0.355546266299747,84.7459,69.0,11.34,6656
2191,F002038__3,2009-07-01,56.19,2009,7,ND,Total Electric Power Industry,Petroleum (Barrels),6320,2.5,-0.355546266299747,85.7027,68.5,11.34,6656
2192,F002038__3,2009-08-01,61.97,2009,8,ND,Total Electric Power Industry,Petroleum (Barrels),4747,2.48,-0.355546266299747,86.6426,71.0,11.34,6656
2193,F002038__3,2009-09-01,61.29,2009,9,ND,Total Electric Power Industry,Petroleum (Barrels),5320,2.46,-0.355546266299747,87.4063,64.6,11.34,6656
2194,F002038__3,2009-10-01,66.15,2009,10,ND,Total Electric Power Industry,Petroleum (Barrels),7631,2.34,-0.355546266299747,87.6419,50.0,11.34,6656
2195,F002038__3,2009-11-01,67.54,2009,11,ND,Total Electric Power Industry,Petroleum (Barrels),7202,2.53,-0.355546266299747,88.0221,46.1,11.34,6656
2196,F002038__3,2009-12-01,65.64,2009,12,ND,Total Electric Power Industry,Petroleum (Barrels),9668,2.61,-0.355546266299747,88.3793,30.6,11.34,6656
2197,F002038__3,2010-01-01,69.73,2010,1,ND,Total Electric Power Industry,Petroleum (Barrels),8252,,1.6400434423899,89.3426,25.0,13.22,7130
2198,F002038__3,2010-02-01,69.28,2010,2,ND,Total Electric Power Industry,Petroleum (Barrels),7562,2.82,1.6400434423899,89.6779,25.7,13.22,7130
2199,F002038__3,2010-03-01,73.99,2010,3,ND,Total Electric Power Industry,Petroleum (Barrels),5878,2.81,1.6400434423899,90.2928,42.2,13.22,7130
2200,F002038__3,2010-04-01,75.27,2010,4,ND,Total Electric Power Industry,Petroleum (Barrels),5348,2.84,1.6400434423899,90.5991,55.3,13.22,7130
2201,F002038__3,2010-05-01,63.98,2010,5,ND,Total Electric Power Industry,Petroleum (Barrels),8550,2.72,1.6400434423899,91.823,63.4,13.22,7130
2202,F002038__3,2010-06-01,65.38,2010,6,ND,Total Electric Power Industry,Petroleum (Barrels),5986,2.51,1.6400434423899,91.9928,72.2,13.22,7130
2203,F002038__3,2010-07-01,66.33,2010,7,ND,Total Electric Power Industry,Petroleum (Barrels),3649,2.33,1.6400434423899,92.3421,75.1,13.22,7130
2204,F002038__3,2010-08-01,68.32,2010,8,ND,Total Electric Power Industry,Petroleum (Barrels),6019,2.43,1.6400434423899,92.6805,74.2,13.22,7130
2205,F002038__3,2010-09-01,66.22,2010,9,ND,Total Electric Power Industry,Petroleum (Barrels),4396,2.08,1.6400434423899,92.9537,65.9,13.22,7130
2206,F002038__3,2010-10-01,69.43,2010,10,ND,Total Electric Power Industry,Petroleum (Barrels),4714,2.12,1.6400434423899,92.6903,54.7,13.22,7130
2207,F002038__3,2010-11-01,74.41,2010,11,ND,Total Electric Power Industry,Petroleum (Barrels),5317,2.32,1.6400434423899,92.7709,41.9,13.22,7130
2208,F002038__3,2010-12-01,79.77,2010,12,ND,Total Electric Power Industry,Petroleum (Barrels),5275,2.44,1.6400434423899,93.6787,24.8,13.22,7130
2209,F002038__3,2011-01-01,79.94,2011,1,ND,Total Electric Power Industry,Petroleum (Barrels),9015,2.75,3.156841568622,93.4814,23.5,17.11,7680
2210,F002038__3,2011-02-01,79.21,2011,2,ND,Total Electric Power Industry,Petroleum (Barrels),3489,2.87,3.156841568622,93.1102,30.5,17.11,7680
2211,F002038__3,2011-03-01,93.28,2011,3,ND,Total Electric Power Industry,Petroleum (Barrels),3665,2.75,3.156841568622,94.0788,39.6,17.11,7680
2212,F002038__3,2011-04-01,105.67,2011,4,ND,Total Electric Power Industry,Petroleum (Barrels),4281,2.66,3.156841568622,93.7749,52.1,17.11,7680
2213,F002038__3,2011-05-01,98.49,2011,5,ND,Total Electric Power Industry,Petroleum (Barrels),9933,2.7,3.156841568622,93.888,61.7,17.11,7680
2214,F002038__3,2011-06-01,92.62,2011,6,ND,Total Electric Power Industry,Petroleum (Barrels),6261,2.52,3.156841568622,94.172,70.4,17.11,7680
2215,F002038__3,2011-07-01,92.6,2011,7,ND,Total Electric Power Industry,Petroleum (Barrels),6279,2.72,3.156841568622,94.636,77.3,17.11,7680
2216,F002038__3,2011-08-01,82.11,2011,8,ND,Total Electric Power Industry,Petroleum (Barrels),8198,2.39,3.156841568622,95.2749,71.9,17.11,7680
2217,F002038__3,2011-09-01,82.18,2011,9,ND,Total Electric Power Industry,Petroleum (Barrels),6080,1.96,3.156841568622,95.1961,64.2,17.11,7680
2218,F002038__3,2011-10-01,82.05,2011,10,ND,Total Electric Power Industry,Petroleum (Barrels),4818,1.56,3.156841568622,95.8568,52.7,17.11,7680
2219,F002038__3,2011-11-01,90.95,2011,11,ND,Total Electric Power Industry,Petroleum (Barrels),10774,1.78,3.156841568622,95.8485,46.9,17.11,7680
2220,F002038__3,2011-12-01,89.92,2011,12,ND,Total Electric Power Industry,Petroleum (Barrels),9733,1.84,3.156841568622,96.3571,36.9,17.11,7680
2221,F002038__3,2012-01-01,90.18,2012,1,ND,Total Electric Power Industry,Petroleum (Barrels),7355,,2.06933726526067,96.9318,32.1,17.95,7703
2222,F002038__3,2012-02-01,89.99,2012,2,ND,Total Electric Power Industry,Petroleum (Barrels),3473,1.64,2.06933726526067,97.2435,35.1,17.95,7703
2223,F002038__3,2012-03-01,85.57,2012,3,ND,Total Electric Power Industry,Petroleum (Barrels),4375,1.73,2.06933726526067,96.74,52.2,17.95,7703
2224,F002038__3,2012-04-01,85.07,2012,4,ND,Total Electric Power Industry,Petroleum (Barrels),4967,1.89,2.06933726526067,97.4359,50.2,17.95,7703
2225,F002038__3,2012-05-01,83.94,2012,5,ND,Total Electric Power Industry,Petroleum (Barrels),10415,1.71,2.06933726526067,97.6609,66.4,17.95,7703
2226,F002038__3,2012-06-01,74.54,2012,6,ND,Total Electric Power Industry,Petroleum (Barrels),5870,1.22,2.06933726526067,97.6663,70.3,17.95,7703
2227,F002038__3,2012-07-01,74.22,2012,7,ND,Total Electric Power Industry,Petroleum (Barrels),3340,1.31,2.06933726526067,97.8713,77.5,17.95,7703
2228,F002038__3,2012-08-01,83.56,2012,8,ND,Total Electric Power Industry,Petroleum (Barrels),2283,1.32,2.06933726526067,97.4525,71.4,17.95,7703
2229,F002038__3,2012-09-01,88.57,2012,9,ND,Total Electric Power Industry,Petroleum (Barrels),5434,,2.06933726526067,97.381,63.3,17.95,7703
2230,F002038__3,2012-10-01,87.65,2012,10,ND,Total Electric Power Industry,Petroleum (Barrels),6574,1.39,2.06933726526067,97.7193,52.4,17.95,7703
2231,F002038__3,2012-11-01,84.26,2012,11,ND,Total Electric Power Industry,Petroleum (Barrels),8824,1.45,2.06933726526067,98.0777,39.6,17.95,7703
2232,F002038__3,2012-12-01,82.62,2012,12,ND,Total Electric Power Industry,Petroleum (Barrels),2718,1.38,2.06933726526067,98.3101,37.7,17.95,7703
2233,F002038__3,2013-01-01,90.52,2013,1,ND,Total Electric Power Industry,Petroleum (Barrels),5042,,1.46483265562717,98.3342,30.5,18.29,7707
2234,F002038__3,2013-02-01,90.3,2013,2,ND,Total Electric Power Industry,Petroleum (Barrels),3641,1.77,1.46483265562717,98.7941,29.2,18.29,7707
2235,F002038__3,2013-03-01,89.21,2013,3,ND,Total Electric Power Industry,Petroleum (Barrels),4370,1.61,1.46483265562717,99.1921,35.0,18.29,7707
2236,F002038__3,2013-04-01,88.06,2013,4,ND,Total Electric Power Industry,Petroleum (Barrels),4481,1.63,1.46483265562717,99.1065,50.6,18.29,7707
2237,F002038__3,2013-05-01,88.97,2013,5,ND,Total Electric Power Industry,Petroleum (Barrels),5997,1.46,1.46483265562717,99.1839,63.2,18.29,7707
2238,F002038__3,2013-06-01,87.43,2013,6,ND,Total Electric Power Industry,Petroleum (Barrels),6034,1.83,1.46483265562717,99.3897,69.5,18.29,7707
2239,F002038__3,2013-07-01,96.92,2013,7,ND,Total Electric Power Industry,Petroleum (Barrels),6722,2.16,1.46483265562717,99.0814,72.5,18.29,7707
2240,F002038__3,2013-08-01,98.13,2013,8,ND,Total Electric Power Industry,Petroleum (Barrels),3721,2.39,1.46483265562717,99.6543,70.2,18.29,7707
2241,F002038__3,2013-09-01,96.69,2013,9,ND,Total Electric Power Industry,Petroleum (Barrels),5886,,1.46483265562717,100.161,64.5,18.29,7707
2242,F002038__3,2013-10-01,90.16,2013,10,ND,Total Electric Power Industry,Petroleum (Barrels),3017,2.33,1.46483265562717,100.082,54.3,18.29,7707
2243,F002038__3,2013-11-01,80.67,2013,11,ND,Total Electric Power Industry,Petroleum (Barrels),8982,2.32,1.46483265562717,100.3158,39.0,18.29,7707
2244,F002038__3,2013-12-01,85.04,2013,12,ND,Total Electric Power Industry,Petroleum (Barrels),6700,2.51,1.46483265562717,100.5175,32.0,18.29,7707
2245,F002038__3,2014-01-01,82.7,2014,1,ND,Total Electric Power Industry,Petroleum (Barrels),4501,,1.62222297740817,100.1599,19.8,18.36,7981
2246,F002038__3,2014-02-01,91.68,2014,2,ND,Total Electric Power Industry,Petroleum (Barrels),6254,2.31,1.62222297740817,100.9168,23.4,18.36,7981
2247,F002038__3,2014-03-01,91.17,2014,3,ND,Total Electric Power Industry,Petroleum (Barrels),5755,2.28,1.62222297740817,101.8942,33.6,18.36,7981
2248,F002038__3,2014-04-01,92.37,2014,4,ND,Total Electric Power Industry,Petroleum (Barrels),2248,2.33,1.62222297740817,101.9928,51.4,18.36,7981
2249,F002038__3,2014-05-01,92.94,2014,5,ND,Total Electric Power Industry,Petroleum (Barrels),1559,2.22,1.62222297740817,102.3836,61.7,18.36,7981
2250,F002038__3,2014-06-01,96.25,2014,6,ND,Total Electric Power Industry,Petroleum (Barrels),2733,2.15,1.62222297740817,102.735,70.6,18.36,7981
2251,F002038__3,2014-07-01,92.51,2014,7,ND,Total Electric Power Industry,Petroleum (Barrels),3276,2.11,1.62222297740817,102.9632,69.4,18.36,7981
2252,F002038__3,2014-08-01,87.66,2014,8,ND,Total Electric Power Industry,Petroleum (Barrels),3105,2.05,1.62222297740817,102.7688,71.0,18.36,7981
2253,F002038__3,2014-09-01,83.45,2014,9,ND,Total Electric Power Industry,Petroleum (Barrels),7816,,1.62222297740817,103.0641,64.0,18.36,7981
2254,F002038__3,2014-10-01,75.64,2014,10,ND,Total Electric Power Industry,Petroleum (Barrels),4961,1.89,1.62222297740817,103.0764,53.3,18.36,7981
2255,F002038__3,2014-11-01,67.26,2014,11,ND,Total Electric Power Industry,Petroleum (Barrels),3984,1.84,1.62222297740817,103.7126,36.8,18.36,7981
2256,F002038__3,2014-12-01,50.51,2014,12,ND,Total Electric Power Industry,Petroleum (Barrels),5345,1.73,1.62222297740817,103.7044,35.3,18.36,7981
2257,F002038__3,2015-01-01,37.52,2015,1,ND,Total Electric Power Industry,Petroleum (Barrels),3930,,0.118627135552451,102.8905,24.4,13.7,8068
2258,F002038__3,2015-02-01,41.31,2015,2,ND,Total Electric Power Industry,Petroleum (Barrels),3977,1.19,0.118627135552451,102.2335,17.3,13.7,8068
2259,F002038__3,2015-03-01,38.77,2015,3,ND,Total Electric Power Industry,Petroleum (Barrels),8331,1.42,0.118627135552451,101.8914,35.9,13.7,8068
2260,F002038__3,2015-04-01,46.08,2015,4,ND,Total Electric Power Industry,Petroleum (Barrels),2514,1.32,0.118627135552451,101.3355,51.5,13.7,8068
2261,F002038__3,2015-05-01,51.08,2015,5,ND,Total Electric Power Industry,Petroleum (Barrels),3326,1.52,0.118627135552451,100.8883,65.0,13.7,8068
2262,F002038__3,2015-06-01,53.41,2015,6,ND,Total Electric Power Industry,Petroleum (Barrels),5593,1.55,0.118627135552451,100.571,69.8,13.7,8068
2263,F002038__3,2015-07-01,45.21,2015,7,ND,Total Electric Power Industry,Petroleum (Barrels),4910,1.74,0.118627135552451,101.2228,71.6,13.7,8068
2264,F002038__3,2015-08-01,35.67,2015,8,ND,Total Electric Power Industry,Petroleum (Barrels),2180,1.48,0.118627135552451,101.0367,70.1,13.7,8068
2265,F002038__3,2015-09-01,37.78,2015,9,ND,Total Electric Power Industry,Petroleum (Barrels),4963,1.47,0.118627135552451,100.7547,68.4,13.7,8068
2266,F002038__3,2015-10-01,39.78,2015,10,ND,Total Electric Power Industry,Petroleum (Barrels),3388,1.41,0.118627135552451,100.2675,54.4,13.7,8068
2267,F002038__3,2015-11-01,36.98,2015,11,ND,Total Electric Power Industry,Petroleum (Barrels),4610,1.43,0.118627135552451,99.5298,47.3,13.7,8068
2268,F002038__3,2015-12-01,30.67,2015,12,ND,Total Electric Power Industry,Petroleum (Barrels),5333,1.24,0.118627135552451,99.0417,43.7,13.7,8068
2269,F002038__3,2016-01-01,24.8,2016,1,ND,Total Electric Power Industry,Petroleum (Barrels),2315,,1.26158320570536,99.5607,27.2,12.35,8356
2270,F002038__3,2016-02-01,22.72,2016,2,ND,Total Electric Power Industry,Petroleum (Barrels),6635,1.16,1.26158320570536,99.0445,33.6,12.35,8356
2271,F002038__3,2016-03-01,30.35,2016,3,ND,Total Electric Power Industry,Petroleum (Barrels),6777,0.98,1.26158320570536,98.3096,46.5,12.35,8356
2272,F002038__3,2016-04-01,34.54,2016,4,ND,Total Electric Power Industry,Petroleum (Barrels),2234,1.03,1.26158320570536,98.6421,50.2,12.35,8356
2273,F002038__3,2016-05-01,39.47,2016,5,ND,Total Electric Power Industry,Petroleum (Barrels),4899,1.08,1.26158320570536,98.4184,59.7,12.35,8356
2274,F002038__3,2016-06-01,42.8,2016,6,ND,Total Electric Power Industry,Petroleum (Barrels),8845,0.94,1.26158320570536,98.8833,71.2,12.35,8356
2275,F002038__3,2016-07-01,39.58,2016,7,ND,Total Electric Power Industry,Petroleum (Barrels),2458,0.87,1.26158320570536,98.9992,74.8,12.35,8356
2276,F002038__3,2016-08-01,38.53,2016,8,ND,Total Electric Power Industry,Petroleum (Barrels),3199,0.84,1.26158320570536,98.85,76.0,12.35,8356
2277,F002038__3,2016-09-01,38.7,2016,9,ND,Total Electric Power Industry,Petroleum (Barrels),3299,0.79,1.26158320570536,98.7457,69.2,12.35,8356
2278,F002038__3,2016-10-01,44.37,2016,10,ND,Total Electric Power Industry,Petroleum (Barrels),2315,0.83,1.26158320570536,98.7611,57.7,12.35,8356
2279,F002038__3,2016-11-01,39.67,2016,11,ND,Total Electric Power Industry,Petroleum (Barrels),5837,1.0,1.26158320570536,98.3491,45.8,12.35,8356
2280,F002038__3,2016-12-01,45.32,2016,12,ND,Total Electric Power Industry,Petroleum (Barrels),11250,1.31,1.26158320570536,99.0214,31.0,12.35,8356
2281,F002038__3,2017-01-01,45.87,2017,1,ND,Total Electric Power Industry,Petroleum (Barrels),13595,,2.13011000365961,98.7611,34.6,13.47,8541
2282,F002038__3,2017-02-01,48.26,2017,2,ND,Total Electric Power Industry,Petroleum (Barrels),7546,1.26,2.13011000365961,98.3646,40.5,13.47,8541
2283,F002038__3,2017-03-01,44.4,2017,3,ND,Total Electric Power Industry,Petroleum (Barrels),8597,1.17,2.13011000365961,99.0137,40.4,13.47,8541
2284,F002038__3,2017-04-01,45.62,2017,4,ND,Total Electric Power Industry,Petroleum (Barrels),2530,1.11,2.13011000365961,100.0224,56.6,13.47,8541
2285,F002038__3,2017-05-01,44.07,2017,5,ND,Total Electric Power Industry,Petroleum (Barrels),7260,1.05,2.13011000365961,100.1408,60.1,13.47,8541
2286,F002038__3,2017-06-01,40.62,2017,6,ND,Total Electric Power Industry,Petroleum (Barrels),5955,0.93,2.13011000365961,100.3471,69.6,13.47,8541
2287,F002038__3,2017-07-01,42.09,2017,7,ND,Total Electric Power Industry,Petroleum (Barrels),2182,0.94,2.13011000365961,100.1068,73.0,13.47,8541
2288,F002038__3,2017-08-01,44.25,2017,8,ND,Total Electric Power Industry,Petroleum (Barrels),4877,0.92,2.13011000365961,99.6925,69.7,13.47,8541
2289,F002038__3,2017-09-01,46.0,2017,9,ND,Total Electric Power Industry,Petroleum (Barrels),2158,0.81,2.13011000365961,99.7954,65.8,13.47,8541
2290,F002038__3,2017-10-01,49.93,2017,10,ND,Total Electric Power Industry,Petroleum (Barrels),2948,0.85,2.13011000365961,101.0247,57.4,13.47,8541
2291,F002038__3,2017-11-01,55.5,2017,11,ND,Total Electric Power Industry,Petroleum (Barrels),4872,0.76,2.13011000365961,101.2664,41.8,13.47,8541
2292,F002038__3,2017-12-01,56.44,2017,12,ND,Total Electric Power Industry,Petroleum (Barrels),7675,0.59,2.13011000365961,101.4644,29.2,13.47,8541
2293,F002038__3,2018-01-01,61.75,2018,1,ND,Total Electric Power Industry,Petroleum (Barrels),3882,,2.44258329692817,101.4625,25.0,14.91,8726
2294,F002038__3,2018-02-01,59.65,2018,2,ND,Total Electric Power Industry,Petroleum (Barrels),4493,0.62,2.44258329692817,101.7085,36.6,14.91,8726
2295,F002038__3,2018-03-01,58.98,2018,3,ND,Total Electric Power Industry,Petroleum (Barrels),4478,0.59,2.44258329692817,102.2067,36.4,14.91,8726
2296,F002038__3,2018-04-01,62.48,2018,4,ND,Total Electric Power Industry,Petroleum (Barrels),5599,0.48,2.44258329692817,103.3329,45.1,14.91,8726
2297,F002038__3,2018-05-01,65.72,2018,5,ND,Total Electric Power Industry,Petroleum (Barrels),9288,0.47,2.44258329692817,102.4024,68.0,14.91,8726
2298,F002038__3,2018-06-01,63.01,2018,6,ND,Total Electric Power Industry,Petroleum (Barrels),4390,0.42,2.44258329692817,103.198,71.4,14.91,8726
2299,F002038__3,2018-07-01,67.85,2018,7,ND,Total Electric Power Industry,Petroleum (Barrels),3814,0.3,2.44258329692817,103.3646,73.8,14.91,8726
2300,F002038__3,2018-08-01,65.31,2018,8,ND,Total Electric Power Industry,Petroleum (Barrels),5613,0.33,2.44258329692817,104.0327,73.6,14.91,8726
2301,F002038__3,2018-09-01,66.76,2018,9,ND,Total Electric Power Industry,Petroleum (Barrels),8248,,2.44258329692817,104.1004,69.6,14.91,8726
2302,F002038__3,2018-10-01,67.14,2018,10,ND,Total Electric Power Industry,Petroleum (Barrels),4938,0.27,2.44258329692817,103.9856,54.3,14.91,8726
2303,F002038__3,2018-11-01,51.24,2018,11,ND,Total Electric Power Industry,Petroleum (Barrels),6918,0.3,2.44258329692817,104.0681,37.4,14.91,8726
2304,F002038__3,2018-12-01,37.06,2018,12,ND,Total Electric Power Industry,Petroleum (Barrels),12633,0.15,2.44258329692817,104.0936,35.1,14.91,8726
2305,F002038__3,2019-01-01,44.49,2019,1,ND,Total Electric Power Industry,Petroleum (Barrels),8998,,1.81221007526021,103.4021,27.4,14.63,8445
2306,F002038__3,2019-02-01,51.76,2019,2,ND,Total Electric Power Industry,Petroleum (Barrels),10990,0.18,1.81221007526021,102.8371,33.0,14.63,8445
2307,F002038__3,2019-03-01,54.84,2019,3,ND,Total Electric Power Industry,Petroleum (Barrels),11568,0.21,1.81221007526021,102.8757,36.8,14.63,8445
2308,F002038__3,2019-04-01,61.16,2019,4,ND,Total Electric Power Industry,Petroleum (Barrels),1786,0.16,1.81221007526021,102.274,52.3,14.63,8445
2309,F002038__3,2019-05-01,57.34,2019,5,ND,Total Electric Power Industry,Petroleum (Barrels),5419,0.21,1.81221007526021,102.392,62.8,14.63,8445
2310,F002038__3,2019-06-01,51.16,2019,6,ND,Total Electric Power Industry,Petroleum (Barrels),5034,0.25,1.81221007526021,102.4375,68.8,14.63,8445
2311,F002038__3,2019-07-01,53.71,2019,7,ND,Total Electric Power Industry,Petroleum (Barrels),3265,0.25,1.81221007526021,101.9408,75.9,14.63,8445
2312,F002038__3,2019-08-01,50.61,2019,8,ND,Total Electric Power Industry,Petroleum (Barrels),3307,0.17,1.81221007526021,102.639,71.8,14.63,8445
2313,F002038__3,2019-09-01,51.85,2019,9,ND,Total Electric Power Industry,Petroleum (Barrels),3033,,1.81221007526021,102.2917,69.8,14.63,8445
2314,F002038__3,2019-10-01,47.92,2019,10,ND,Total Electric Power Industry,Petroleum (Barrels),4985,0.09,1.81221007526021,101.4281,56.5,14.63,8445
2315,F002038__3,2019-11-01,51.31,2019,11,ND,Total Electric Power Industry,Petroleum (Barrels),4392,0.17,1.81221007526021,101.9372,37.4,14.63,8445
2316,F002038__3,2019-12-01,55.85,2019,12,ND,Total Electric Power Industry,Petroleum (Barrels),4357,0.22,1.81221007526021,101.7003,36.2,14.63,8445
2317,F002038__3,2020-01-01,53.65,2020,1,ND,Total Electric Power Industry,Petroleum (Barrels),9580,,1.23358439630629,101.0338,34.9,12.45,7113
2318,F002038__3,2020-02-01,46.18,2020,2,ND,Total Electric Power Industry,Petroleum (Barrels),2687,0.18,1.23358439630629,101.3735,32.8,12.45,7113
2319,F002038__3,2020-03-01,28.64,2020,3,ND,Total Electric Power Industry,Petroleum (Barrels),6510,0.26,1.23358439630629,97.4078,44.7,12.45,7113
2320,F002038__3,2020-04-01,11.76,2020,4,ND,Total Electric Power Industry,Petroleum (Barrels),4176,0.39,1.23358439630629,84.5619,47.8,12.45,7113
2321,F002038__3,2020-05-01,18.03,2020,5,ND,Total Electric Power Industry,Petroleum (Barrels),7304,0.44,1.23358439630629,85.9604,58.4,12.45,7113
2322,F002038__3,2020-06-01,35.98,2020,6,ND,Total Electric Power Industry,Petroleum (Barrels),5496,0.52,1.23358439630629,91.5934,70.4,12.45,7113
2323,F002038__3,2020-07-01,36.8,2020,7,ND,Total Electric Power Industry,Petroleum (Barrels),3976,0.52,1.23358439630629,95.0256,76.9,12.45,7113
2324,F002038__3,2020-08-01,37.66,2020,8,ND,Total Electric Power Industry,Petroleum (Barrels),3424,0.45,1.23358439630629,95.9549,72.2,12.45,7113
2325,F002038__3,2020-09-01,35.36,2020,9,ND,Total Electric Power Industry,Petroleum (Barrels),3776,0.55,1.23358439630629,95.9669,64.7,12.45,7113
2326,F002038__3,2020-10-01,35.02,2020,10,ND,Total Electric Power Industry,Petroleum (Barrels),4851,0.54,1.23358439630629,96.7394,53.5,12.45,7113
2327,F002038__3,2020-11-01,36.98,2020,11,ND,Total Electric Power Industry,Petroleum (Barrels),4779,0.71,1.23358439630629,97.0816,46.4,12.45,7113
2328,F002038__3,2020-12-01,43.57,2020,12,ND,Total Electric Power Industry,Petroleum (Barrels),4896,0.75,1.23358439630629,98.363,33.6,12.45,7113
2329,F002038__3,2021-01-01,46.14,2021,1,ND,Total Electric Power Industry,Petroleum (Barrels),3954,,4.69785886363742,98.8822,30.9,15.59,7904
2330,F002038__3,2021-02-01,53.1,2021,2,ND,Total Electric Power Industry,Petroleum (Barrels),3815,0.98,4.69785886363742,95.6149,25.2,15.59,7904
2331,F002038__3,2021-03-01,57.17,2021,3,ND,Total Electric Power Industry,Petroleum (Barrels),8004,1.32,4.69785886363742,98.3856,44.8,15.59,7904
2332,F002038__3,2021-04-01,57.71,2021,4,ND,Total Electric Power Industry,Petroleum (Barrels),4000,1.52,4.69785886363742,98.5587,51.4,15.59,7904
2333,F002038__3,2021-05-01,60.51,2021,5,ND,Total Electric Power Industry,Petroleum (Barrels),6312,1.47,4.69785886363742,99.4333,58.8,15.59,7904
2334,F002038__3,2021-06-01,66.52,2021,6,ND,Total Electric Power Industry,Petroleum (Barrels),5059,1.46,4.69785886363742,99.7987,71.5,15.59,7904
2335,F002038__3,2021-07-01,67.79,2021,7,ND,Total Electric Power Industry,Petroleum (Barrels),2588,1.23,4.69785886363742,100.2519,73.0,15.59,7904
2336,F002038__3,2021-08-01,63.79,2021,8,ND,Total Electric Power Industry,Petroleum (Barrels),3651,1.03,4.69785886363742,100.0437,74.6,15.59,7904
2337,F002038__3,2021-09-01,66.96,2021,9,ND,Total Electric Power Industry,Petroleum (Barrels),3733,1.11,4.69785886363742,98.8579,66.9,15.59,7904
2338,F002038__3,2021-10-01,75.77,2021,10,ND,Total Electric Power Industry,Petroleum (Barrels),5108,1.21,4.69785886363742,100.1861,60.3,15.59,7904
2339,F002038__3,2021-11-01,74.14,2021,11,ND,Total Electric Power Industry,Petroleum (Barrels),8453,1.08,4.69785886363742,100.8654,40.5,15.59,7904
2340,F002038__3,2021-12-01,67.85,2021,12,ND,Total Electric Power Industry,Petroleum (Barrels),12712,0.87,4.69785886363742,100.5726,40.2,15.59,7904
2341,F002038__3,2022-01-01,78.16,2022,1,ND,Total Electric Power Industry,Petroleum (Barrels),4060,0.85,8.00279982052121,100.1856,24.0,19.98,8375
2342,F002038__3,2022-02-01,87.6,2022,2,ND,Total Electric Power Industry,Petroleum (Barrels),7434,0.63,8.00279982052121,100.8064,30.7,19.98,8375
2343,F002038__3,2022-03-01,105.14,2022,3,ND,Total Electric Power Industry,Petroleum (Barrels),6361,0.41,8.00279982052121,101.3907,43.2,19.98,8375
2344,F002038__3,2022-04-01,100.42,2022,4,ND,Total Electric Power Industry,Petroleum (Barrels),5241,-0.05,8.00279982052121,101.44,48.6,19.98,8375
2345,F002038__3,2022-05-01,105.64,2022,5,ND,Total Electric Power Industry,Petroleum (Barrels),4795,0.26,8.00279982052121,101.3335,63.8,19.98,8375
2346,F002038__3,2022-06-01,111.86,2022,6,ND,Total Electric Power Industry,Petroleum (Barrels),4664,0.28,8.00279982052121,101.018,70.6,19.98,8375
2347,F002038__3,2022-07-01,98.01,2022,7,ND,Total Electric Power Industry,Petroleum (Barrels),2219,0.04,8.00279982052121,101.223,74.0,19.98,8375
2348,F002038__3,2022-08-01,90.86,2022,8,ND,Total Electric Power Industry,Petroleum (Barrels),3153,-0.3,8.00279982052121,101.0963,72.2,19.98,8375
2349,F002038__3,2022-09-01,81.27,2022,9,ND,Total Electric Power Industry,Petroleum (Barrels),3330,-0.25,8.00279982052121,101.2918,65.2,19.98,8375
2350,F002038__3,2022-10-01,84.43,2022,10,ND,Total Electric Power Industry,Petroleum (Barrels),5870,-0.45,8.00279982052121,101.2529,52.0,19.98,8375
2351,F002038__3,2022-11-01,82.09,2022,11,ND,Total Electric Power Industry,Petroleum (Barrels),7226,-0.47,8.00279982052121,100.9552,43.9,19.98,8375
2352,F002038__3,2022-12-01,72.98,2022,12,ND,Total Electric Power Industry,Petroleum (Barrels),5699,-0.72,8.00279982052121,99.7664,32.6,19.98,8375
2353,F002038__3,2023-01-01,73.71,2023,1,ND,Total Electric Power Industry,Petroleum (Barrels),6421,,4.11633838374488,100.505,36.7,18.15,8607
2354,F002038__3,2023-02-01,72.68,2023,2,ND,Total Electric Power Industry,Petroleum (Barrels),12569,-0.7,4.11633838374488,100.6416,38.6,18.15,8607
2355,F002038__3,2023-03-01,70.01,2023,3,ND,Total Electric Power Industry,Petroleum (Barrels),13464,-0.88,4.11633838374488,101.0205,40.6,18.15,8607
2356,F002038__3,2023-04-01,75.41,2023,4,ND,Total Electric Power Industry,Petroleum (Barrels),16264,-0.54,4.11633838374488,101.253,52.2,18.15,8607
2357,F002038__3,2023-05-01,67.24,2023,5,ND,Total Electric Power Industry,Petroleum (Barrels),6608,-0.55,4.11633838374488,100.9286,59.3,18.15,8607
2358,F002038__3,2023-06-01,65.8,2023,6,ND,Total Electric Power Industry,Petroleum (Barrels),6209,-0.72,4.11633838374488,100.1196,66.9,18.15,8607
2359,F002038__3,2023-07-01,71.49,2023,7,ND,Total Electric Power Industry,Petroleum (Barrels),7007,-1.08,4.11633838374488,100.9067,73.5,18.15,8607
2360,F002038__3,2023-08-01,76.87,2023,8,ND,Total Electric Power Industry,Petroleum (Barrels),3181,-0.87,4.11633838374488,100.8393,70.6,18.15,8607
2361,F002038__3,2023-09-01,85.05,2023,9,ND,Total Electric Power Industry,Petroleum (Barrels),7760,-0.69,4.11633838374488,101.0211,65.9,18.15,8607
2362,F002038__3,2023-10-01,81.04,2023,10,ND,Total Electric Power Industry,Petroleum (Barrels),7565,-0.43,4.11633838374488,100.4689,55.8,18.15,8607
2363,F002038__3,2023-11-01,72.81,2023,11,ND,Total Electric Power Industry,Petroleum (Barrels),8656,-0.18,4.11633838374488,100.8639,42.1,18.15,8607
2364,F002038__3,2023-12-01,65.68,2023,12,ND,Total Electric Power Industry,Petroleum (Barrels),11444,-0.34,4.11633838374488,100.6031,40.2,18.15,8607
2365,F002039__3,2001-01-01,25.66,2001,1,OH,Total Electric Power Industry,Petroleum (Barrels),105092,,2.82617111885407,91.902,35.8,10.9,6111
2366,F002039__3,2001-02-01,26.1,2001,2,OH,Total Electric Power Industry,Petroleum (Barrels),39637,0.55,2.82617111885407,91.3034,41.2,10.9,6111
2367,F002039__3,2001-03-01,23.85,2001,3,OH,Total Electric Power Industry,Petroleum (Barrels),86163,0.46,2.82617111885407,91.1162,46.7,10.9,6111
2368,F002039__3,2001-04-01,23.8,2001,4,OH,Total Electric Power Industry,Petroleum (Barrels),114223,0.76,2.82617111885407,90.7891,63.6,10.9,6111
2369,F002039__3,2001-05-01,25.03,2001,5,OH,Total Electric Power Industry,Petroleum (Barrels),82292,1.07,2.82617111885407,90.3555,69.0,10.9,6111
2370,F002039__3,2001-06-01,24.22,2001,6,OH,Total Electric Power Industry,Petroleum (Barrels),54070,1.17,2.82617111885407,89.8784,76.8,10.9,6111
2371,F002039__3,2001-07-01,22.8,2001,7,OH,Total Electric Power Industry,Petroleum (Barrels),70726,1.16,2.82617111885407,89.3028,85.6,10.9,6111
2372,F002039__3,2001-08-01,23.61,2001,8,OH,Total Electric Power Industry,Petroleum (Barrels),71742,1.28,2.82617111885407,89.2003,82.8,10.9,6111
2373,F002039__3,2001-09-01,23.03,2001,9,OH,Total Electric Power Industry,Petroleum (Barrels),46252,,2.82617111885407,88.7485,70.9,10.9,6111
2374,F002039__3,2001-10-01,18.85,2001,10,OH,Total Electric Power Industry,Petroleum (Barrels),53702,1.73,2.82617111885407,88.5052,60.3,10.9,6111
2375,F002039__3,2001-11-01,16.7,2001,11,OH,Total Electric Power Industry,Petroleum (Barrels),47874,1.75,2.82617111885407,87.97,54.0,10.9,6111
2376,F002039__3,2001-12-01,15.84,2001,12,OH,Total Electric Power Industry,Petroleum (Barrels),33965,1.93,2.82617111885407,87.9324,42.7,10.9,6111
2377,F002039__3,2002-01-01,16.44,2002,1,OH,Total Electric Power Industry,Petroleum (Barrels),58916,,1.58603162650601,88.5176,40.0,10.37,6214
2378,F002039__3,2002-02-01,17.42,2002,2,OH,Total Electric Power Industry,Petroleum (Barrels),35876,1.94,1.58603162650601,88.5278,41.2,10.37,6214
2379,F002039__3,2002-03-01,20.73,2002,3,OH,Total Electric Power Industry,Petroleum (Barrels),69561,1.8,1.58603162650601,89.1686,46.8,10.37,6214
2380,F002039__3,2002-04-01,22.91,2002,4,OH,Total Electric Power Industry,Petroleum (Barrels),55649,1.7,1.58603162650601,89.604,61.4,10.37,6214
2381,F002039__3,2002-05-01,23.96,2002,5,OH,Total Electric Power Industry,Petroleum (Barrels),85368,1.87,1.58603162650601,89.964,66.5,10.37,6214
2382,F002039__3,2002-06-01,22.2,2002,6,OH,Total Electric Power Industry,Petroleum (Barrels),46275,1.87,1.58603162650601,90.7061,77.2,10.37,6214
2383,F002039__3,2002-07-01,23.61,2002,7,OH,Total Electric Power Industry,Petroleum (Barrels),66656,1.97,1.58603162650601,90.6769,80.6,10.37,6214
2384,F002039__3,2002-08-01,24.78,2002,8,OH,Total Electric Power Industry,Petroleum (Barrels),54342,2.32,1.58603162650601,90.5762,81.1,10.37,6214
2385,F002039__3,2002-09-01,26.06,2002,9,OH,Total Electric Power Industry,Petroleum (Barrels),61657,,1.58603162650601,90.6531,74.0,10.37,6214
2386,F002039__3,2002-10-01,25.72,2002,10,OH,Total Electric Power Industry,Petroleum (Barrels),62928,1.92,1.58603162650601,90.4643,56.6,10.37,6214
2387,F002039__3,2002-11-01,22.85,2002,11,OH,Total Electric Power Industry,Petroleum (Barrels),47717,2.25,1.58603162650601,90.9711,47.2,10.37,6214
2388,F002039__3,2002-12-01,25.3,2002,12,OH,Total Electric Power Industry,Petroleum (Barrels),36504,2.15,1.58603162650601,90.4652,40.4,10.37,6214
2389,F002039__3,2003-01-01,28.83,2003,1,OH,Total Electric Power Industry,Petroleum (Barrels),71110,,2.27009497336115,91.2361,37.2,11.49,6176
2390,F002039__3,2003-02-01,31.5,2003,2,OH,Total Electric Power Industry,Petroleum (Barrels),125897,2.29,2.27009497336115,91.3445,38.3,11.49,6176
2391,F002039__3,2003-03-01,30.97,2003,3,OH,Total Electric Power Industry,Petroleum (Barrels),89482,2.16,2.27009497336115,91.1044,49.7,11.49,6176
2392,F002039__3,2003-04-01,25.85,2003,4,OH,Total Electric Power Industry,Petroleum (Barrels),93088,2.34,2.27009497336115,90.5617,60.9,11.49,6176
2393,F002039__3,2003-05-01,27.96,2003,5,OH,Total Electric Power Industry,Petroleum (Barrels),70134,2.38,2.27009497336115,90.537,68.7,11.49,6176
2394,F002039__3,2003-06-01,27.55,2003,6,OH,Total Electric Power Industry,Petroleum (Barrels),58579,2.1,2.27009497336115,90.6527,73.3,11.49,6176
2395,F002039__3,2003-07-01,27.63,2003,7,OH,Total Electric Power Industry,Petroleum (Barrels),85153,2.26,2.27009497336115,91.1185,83.3,11.49,6176
2396,F002039__3,2003-08-01,28.5,2003,8,OH,Total Electric Power Industry,Petroleum (Barrels),95834,2.59,2.27009497336115,90.9197,82.7,11.49,6176
2397,F002039__3,2003-09-01,25.56,2003,9,OH,Total Electric Power Industry,Petroleum (Barrels),49091,,2.27009497336115,91.5059,69.0,11.49,6176
2398,F002039__3,2003-10-01,27.35,2003,10,OH,Total Electric Power Industry,Petroleum (Barrels),52820,2.49,2.27009497336115,91.6186,62.8,11.49,6176
2399,F002039__3,2003-11-01,27.88,2003,11,OH,Total Electric Power Industry,Petroleum (Barrels),43022,2.5,2.27009497336115,92.2329,50.3,11.49,6176
2400,F002039__3,2003-12-01,28.93,2003,12,OH,Total Electric Power Industry,Petroleum (Barrels),53926,2.28,2.27009497336115,92.2602,42.2,11.49,6176
2401,F002039__3,2004-01-01,31.0,2004,1,OH,Total Electric Power Industry,Petroleum (Barrels),276628,,2.67723669309172,92.4006,39.1,12.84,6283
2402,F002039__3,2004-02-01,31.3,2004,2,OH,Total Electric Power Industry,Petroleum (Barrels),212199,2.35,2.67723669309172,92.958,39.1,12.84,6283
2403,F002039__3,2004-03-01,33.63,2004,3,OH,Total Electric Power Industry,Petroleum (Barrels),199562,2.33,2.67723669309172,92.5861,55.1,12.84,6283
2404,F002039__3,2004-04-01,33.53,2004,4,OH,Total Electric Power Industry,Petroleum (Barrels),206160,2.26,2.67723669309172,92.93,59.9,12.84,6283
2405,F002039__3,2004-05-01,36.85,2004,5,OH,Total Electric Power Industry,Petroleum (Barrels),252554,2.19,2.67723669309172,93.6013,70.8,12.84,6283
2406,F002039__3,2004-06-01,35.67,2004,6,OH,Total Electric Power Industry,Petroleum (Barrels),229927,2.11,2.67723669309172,92.871,74.9,12.84,6283
2407,F002039__3,2004-07-01,36.9,2004,7,OH,Total Electric Power Industry,Petroleum (Barrels),217327,1.93,2.67723669309172,93.5649,78.0,12.84,6283
2408,F002039__3,2004-08-01,41.81,2004,8,OH,Total Electric Power Industry,Petroleum (Barrels),206894,1.82,2.67723669309172,93.6277,76.0,12.84,6283
2409,F002039__3,2004-09-01,42.0,2004,9,OH,Total Electric Power Industry,Petroleum (Barrels),230996,1.72,2.67723669309172,93.7467,73.6,12.84,6283
2410,F002039__3,2004-10-01,49.14,2004,10,OH,Total Electric Power Industry,Petroleum (Barrels),158081,1.58,2.67723669309172,94.5465,63.5,12.84,6283
2411,F002039__3,2004-11-01,45.88,2004,11,OH,Total Electric Power Industry,Petroleum (Barrels),226041,1.5,2.67723669309172,94.7813,50.3,12.84,6283
2412,F002039__3,2004-12-01,40.97,2004,12,OH,Total Electric Power Industry,Petroleum (Barrels),226590,1.37,2.67723669309172,95.5365,41.5,12.84,6283
2413,F002039__3,2005-01-01,43.06,2005,1,OH,Total Electric Power Industry,Petroleum (Barrels),235473,1.13,3.3927468454955,95.8801,39.7,15.39,6542
2414,F002039__3,2005-02-01,44.58,2005,2,OH,Total Electric Power Industry,Petroleum (Barrels),140910,0.86,3.3927468454955,96.5761,45.3,15.39,6542
2415,F002039__3,2005-03-01,51.45,2005,3,OH,Total Electric Power Industry,Petroleum (Barrels),205525,0.79,3.3927468454955,96.4456,50.3,15.39,6542
2416,F002039__3,2005-04-01,50.77,2005,4,OH,Total Electric Power Industry,Petroleum (Barrels),223835,0.71,3.3927468454955,96.6532,59.6,15.39,6542
2417,F002039__3,2005-05-01,47.01,2005,5,OH,Total Electric Power Industry,Petroleum (Barrels),222014,0.57,3.3927468454955,96.7402,67.5,15.39,6542
2418,F002039__3,2005-06-01,52.51,2005,6,OH,Total Electric Power Industry,Petroleum (Barrels),212798,0.41,3.3927468454955,97.1753,77.4,15.39,6542
2419,F002039__3,2005-07-01,55.53,2005,7,OH,Total Electric Power Industry,Petroleum (Barrels),167148,0.3,3.3927468454955,96.8676,80.3,15.39,6542
2420,F002039__3,2005-08-01,60.76,2005,8,OH,Total Electric Power Industry,Petroleum (Barrels),234350,0.28,3.3927468454955,97.1833,80.6,15.39,6542
2421,F002039__3,2005-09-01,62.75,2005,9,OH,Total Electric Power Industry,Petroleum (Barrels),221954,0.3,3.3927468454955,95.3005,76.4,15.39,6542
2422,F002039__3,2005-10-01,59.59,2005,10,OH,Total Electric Power Industry,Petroleum (Barrels),224688,0.18,3.3927468454955,96.4572,62.2,15.39,6542
2423,F002039__3,2005-11-01,55.43,2005,11,OH,Total Electric Power Industry,Petroleum (Barrels),201709,0.16,3.3927468454955,97.5414,52.5,15.39,6542
2424,F002039__3,2005-12-01,55.76,2005,12,OH,Total Electric Power Industry,Petroleum (Barrels),286291,0.07,3.3927468454955,98.0452,38.3,15.39,6542
2425,F002039__3,2006-01-01,61.3,2006,1,OH,Total Electric Power Industry,Petroleum (Barrels),223214,,3.22594410070404,98.1999,46.8,17.14,6377
2426,F002039__3,2006-02-01,59.33,2006,2,OH,Total Electric Power Industry,Petroleum (Barrels),140626,-0.02,3.22594410070404,98.2413,41.0,17.14,6377
2427,F002039__3,2006-03-01,59.25,2006,3,OH,Total Electric Power Industry,Petroleum (Barrels),188536,-0.12,3.22594410070404,98.4628,53.3,17.14,6377
2428,F002039__3,2006-04-01,66.29,2006,4,OH,Total Electric Power Industry,Petroleum (Barrels),195748,0.02,3.22594410070404,98.7618,65.9,17.14,6377
2429,F002039__3,2006-05-01,67.79,2006,5,OH,Total Electric Power Industry,Petroleum (Barrels),233835,0.2,3.22594410070404,98.7869,70.6,17.14,6377
2430,F002039__3,2006-06-01,67.27,2006,6,OH,Total Electric Power Industry,Petroleum (Barrels),203202,0.07,3.22594410070404,99.0997,77.9,17.14,6377
2431,F002039__3,2006-07-01,70.88,2006,7,OH,Total Electric Power Industry,Petroleum (Barrels),235747,-0.02,3.22594410070404,99.0489,83.9,17.14,6377
2432,F002039__3,2006-08-01,70.02,2006,8,OH,Total Electric Power Industry,Petroleum (Barrels),203190,0.02,3.22594410070404,99.4836,84.1,17.14,6377
2433,F002039__3,2006-09-01,61.36,2006,9,OH,Total Electric Power Industry,Petroleum (Barrels),187304,-0.04,3.22594410070404,99.3183,69.3,17.14,6377
2434,F002039__3,2006-10-01,56.12,2006,10,OH,Total Electric Power Industry,Petroleum (Barrels),215248,-0.04,3.22594410070404,99.2044,60.7,17.14,6377
2435,F002039__3,2006-11-01,55.57,2006,11,OH,Total Electric Power Industry,Petroleum (Barrels),203672,-0.09,3.22594410070404,99.1627,50.8,17.14,6377
2436,F002039__3,2006-12-01,58.53,2006,12,OH,Total Electric Power Industry,Petroleum (Barrels),205342,-0.09,3.22594410070404,100.1735,41.6,17.14,6377
2437,F002039__3,2007-01-01,52.12,2007,1,OH,Total Electric Power Industry,Petroleum (Barrels),208155,,2.85267248150138,99.8346,35.1,17.77,6306
2438,F002039__3,2007-02-01,55.35,2007,2,OH,Total Electric Power Industry,Petroleum (Barrels),192883,-0.12,2.85267248150138,100.7753,39.3,17.77,6306
2439,F002039__3,2007-03-01,56.92,2007,3,OH,Total Electric Power Industry,Petroleum (Barrels),159800,-0.07,2.85267248150138,100.9547,58.3,17.77,6306
2440,F002039__3,2007-04-01,60.26,2007,4,OH,Total Electric Power Industry,Petroleum (Barrels),184220,0.05,2.85267248150138,101.6334,55.5,17.77,6306
2441,F002039__3,2007-05-01,60.03,2007,5,OH,Total Electric Power Industry,Petroleum (Barrels),210907,0.01,2.85267248150138,101.7306,68.9,17.77,6306
2442,F002039__3,2007-06-01,63.25,2007,6,OH,Total Electric Power Industry,Petroleum (Barrels),214996,-0.02,2.85267248150138,101.7893,74.9,17.77,6306
2443,F002039__3,2007-07-01,69.07,2007,7,OH,Total Electric Power Industry,Petroleum (Barrels),199956,0.14,2.85267248150138,101.6672,78.7,17.77,6306
2444,F002039__3,2007-08-01,68.93,2007,8,OH,Total Electric Power Industry,Petroleum (Barrels),163279,0.2,2.85267248150138,101.863,82.6,17.77,6306
2445,F002039__3,2007-09-01,73.61,2007,9,OH,Total Electric Power Industry,Petroleum (Barrels),127242,,2.85267248150138,102.0894,74.1,17.77,6306
2446,F002039__3,2007-10-01,79.22,2007,10,OH,Total Electric Power Industry,Petroleum (Barrels),50633,0.54,2.85267248150138,101.8015,64.1,17.77,6306
2447,F002039__3,2007-11-01,89.19,2007,11,OH,Total Electric Power Industry,Petroleum (Barrels),162671,0.59,2.85267248150138,102.3446,50.9,17.77,6306
2448,F002039__3,2007-12-01,86.63,2007,12,OH,Total Electric Power Industry,Petroleum (Barrels),223886,0.99,2.85267248150138,102.3803,38.2,17.77,6306
2449,F002039__3,2008-01-01,88.29,2008,1,OH,Total Electric Power Industry,Petroleum (Barrels),212945,,3.839100296651,102.2448,38.3,20.36,6737
2450,F002039__3,2008-02-01,88.7,2008,2,OH,Total Electric Power Industry,Petroleum (Barrels),183054,1.53,3.839100296651,101.8438,41.2,20.36,6737
2451,F002039__3,2008-03-01,99.61,2008,3,OH,Total Electric Power Industry,Petroleum (Barrels),219702,1.93,3.839100296651,101.5336,50.8,20.36,6737
2452,F002039__3,2008-04-01,105.64,2008,4,OH,Total Electric Power Industry,Petroleum (Barrels),200153,1.77,3.839100296651,100.8785,57.8,20.36,6737
2453,F002039__3,2008-05-01,118.29,2008,5,OH,Total Electric Power Industry,Petroleum (Barrels),209196,1.41,3.839100296651,100.2674,68.5,20.36,6737
2454,F002039__3,2008-06-01,127.16,2008,6,OH,Total Electric Power Industry,Petroleum (Barrels),222955,1.47,3.839100296651,100.0335,78.2,20.36,6737
2455,F002039__3,2008-07-01,129.33,2008,7,OH,Total Electric Power Industry,Petroleum (Barrels),163010,1.38,3.839100296651,99.676,81.7,20.36,6737
2456,F002039__3,2008-08-01,112.26,2008,8,OH,Total Electric Power Industry,Petroleum (Barrels),219874,1.46,3.839100296651,98.1111,79.1,20.36,6737
2457,F002039__3,2008-09-01,101.02,2008,9,OH,Total Electric Power Industry,Petroleum (Barrels),203914,,3.839100296651,93.7895,70.1,20.36,6737
2458,F002039__3,2008-10-01,77.03,2008,10,OH,Total Electric Power Industry,Petroleum (Barrels),217658,1.95,3.839100296651,94.7219,60.1,20.36,6737
2459,F002039__3,2008-11-01,54.3,2008,11,OH,Total Electric Power Industry,Petroleum (Barrels),208754,2.51,3.839100296651,93.4715,50.2,20.36,6737
2460,F002039__3,2008-12-01,39.3,2008,12,OH,Total Electric Power Industry,Petroleum (Barrels),233680,1.82,3.839100296651,90.8357,38.6,20.36,6737
2461,F002039__3,2009-01-01,36.99,2009,1,OH,Total Electric Power Industry,Petroleum (Barrels),173355,,-0.355546266299747,88.57,37.5,16.99,6656
2462,F002039__3,2009-02-01,34.57,2009,2,OH,Total Electric Power Industry,Petroleum (Barrels),169963,1.87,-0.355546266299747,88.031,47.2,16.99,6656
2463,F002039__3,2009-03-01,42.87,2009,3,OH,Total Electric Power Industry,Petroleum (Barrels),210248,2.02,-0.355546266299747,86.6528,52.1,16.99,6656
2464,F002039__3,2009-04-01,45.02,2009,4,OH,Total Electric Power Industry,Petroleum (Barrels),205196,1.85,-0.355546266299747,85.9344,58.3,16.99,6656
2465,F002039__3,2009-05-01,53.13,2009,5,OH,Total Electric Power Industry,Petroleum (Barrels),240102,2.29,-0.355546266299747,85.0665,66.0,16.99,6656
2466,F002039__3,2009-06-01,63.81,2009,6,OH,Total Electric Power Industry,Petroleum (Barrels),198983,2.74,-0.355546266299747,84.7459,79.1,16.99,6656
2467,F002039__3,2009-07-01,59.28,2009,7,OH,Total Electric Power Industry,Petroleum (Barrels),195945,2.5,-0.355546266299747,85.7027,80.8,16.99,6656
2468,F002039__3,2009-08-01,65.57,2009,8,OH,Total Electric Power Industry,Petroleum (Barrels),154400,2.48,-0.355546266299747,86.6426,78.9,16.99,6656
2469,F002039__3,2009-09-01,64.05,2009,9,OH,Total Electric Power Industry,Petroleum (Barrels),200024,2.46,-0.355546266299747,87.4063,70.1,16.99,6656
2470,F002039__3,2009-10-01,69.81,2009,10,OH,Total Electric Power Industry,Petroleum (Barrels),169118,2.34,-0.355546266299747,87.6419,54.8,16.99,6656
2471,F002039__3,2009-11-01,71.66,2009,11,OH,Total Electric Power Industry,Petroleum (Barrels),191153,2.53,-0.355546266299747,88.0221,53.6,16.99,6656
2472,F002039__3,2009-12-01,68.73,2009,12,OH,Total Electric Power Industry,Petroleum (Barrels),209510,2.61,-0.355546266299747,88.3793,34.6,16.99,6656
2473,F002039__3,2010-01-01,72.25,2010,1,OH,Total Electric Power Industry,Petroleum (Barrels),183004,,1.6400434423899,89.3426,35.2,18.11,7130
2474,F002039__3,2010-02-01,70.17,2010,2,OH,Total Electric Power Industry,Petroleum (Barrels),210649,2.82,1.6400434423899,89.6779,35.7,18.11,7130
2475,F002039__3,2010-03-01,74.75,2010,3,OH,Total Electric Power Industry,Petroleum (Barrels),150251,2.81,1.6400434423899,90.2928,49.0,18.11,7130
2476,F002039__3,2010-04-01,78.23,2010,4,OH,Total Electric Power Industry,Petroleum (Barrels),205313,2.84,1.6400434423899,90.5991,61.5,18.11,7130
2477,F002039__3,2010-05-01,69.56,2010,5,OH,Total Electric Power Industry,Petroleum (Barrels),251255,2.72,1.6400434423899,91.823,68.2,18.11,7130
2478,F002039__3,2010-06-01,69.37,2010,6,OH,Total Electric Power Industry,Petroleum (Barrels),232040,2.51,1.6400434423899,91.9928,81.0,18.11,7130
2479,F002039__3,2010-07-01,70.12,2010,7,OH,Total Electric Power Industry,Petroleum (Barrels),231444,2.33,1.6400434423899,92.3421,81.9,18.11,7130
2480,F002039__3,2010-08-01,71.26,2010,8,OH,Total Electric Power Industry,Petroleum (Barrels),218890,2.43,1.6400434423899,92.6805,83.9,18.11,7130
2481,F002039__3,2010-09-01,69.9,2010,9,OH,Total Electric Power Industry,Petroleum (Barrels),220518,2.08,1.6400434423899,92.9537,75.0,18.11,7130
2482,F002039__3,2010-10-01,75.94,2010,10,OH,Total Electric Power Industry,Petroleum (Barrels),205138,2.12,1.6400434423899,92.6903,62.3,18.11,7130
2483,F002039__3,2010-11-01,78.43,2010,11,OH,Total Electric Power Industry,Petroleum (Barrels),206796,2.32,1.6400434423899,92.7709,50.4,18.11,7130
2484,F002039__3,2010-12-01,83.08,2010,12,OH,Total Electric Power Industry,Petroleum (Barrels),227860,2.44,1.6400434423899,93.6787,39.5,18.11,7130
2485,F002039__3,2011-01-01,84.3,2011,1,OH,Total Electric Power Industry,Petroleum (Barrels),245297,2.75,3.156841568622,93.4814,35.0,20.43,7680
2486,F002039__3,2011-02-01,84.42,2011,2,OH,Total Electric Power Industry,Petroleum (Barrels),199848,2.87,3.156841568622,93.1102,39.4,20.43,7680
2487,F002039__3,2011-03-01,97.05,2011,3,OH,Total Electric Power Industry,Petroleum (Barrels),160686,2.75,3.156841568622,94.0788,52.4,20.43,7680
2488,F002039__3,2011-04-01,104.64,2011,4,OH,Total Electric Power Industry,Petroleum (Barrels),224457,2.66,3.156841568622,93.7749,62.1,20.43,7680
2489,F002039__3,2011-05-01,97.01,2011,5,OH,Total Electric Power Industry,Petroleum (Barrels),228350,2.7,3.156841568622,93.888,67.7,20.43,7680
2490,F002039__3,2011-06-01,91.86,2011,6,OH,Total Electric Power Industry,Petroleum (Barrels),244068,2.52,3.156841568622,94.172,83.4,20.43,7680
2491,F002039__3,2011-07-01,92.32,2011,7,OH,Total Electric Power Industry,Petroleum (Barrels),225882,2.72,3.156841568622,94.636,89.2,20.43,7680
2492,F002039__3,2011-08-01,82.09,2011,8,OH,Total Electric Power Industry,Petroleum (Barrels),225969,2.39,3.156841568622,95.2749,87.7,20.43,7680
2493,F002039__3,2011-09-01,80.95,2011,9,OH,Total Electric Power Industry,Petroleum (Barrels),193057,1.96,3.156841568622,95.1961,71.1,20.43,7680
2494,F002039__3,2011-10-01,82.33,2011,10,OH,Total Electric Power Industry,Petroleum (Barrels),211222,1.56,3.156841568622,95.8568,61.8,20.43,7680
2495,F002039__3,2011-11-01,94.11,2011,11,OH,Total Electric Power Industry,Petroleum (Barrels),235045,1.78,3.156841568622,95.8485,50.0,20.43,7680
2496,F002039__3,2011-12-01,96.15,2011,12,OH,Total Electric Power Industry,Petroleum (Barrels),211556,1.84,3.156841568622,96.3571,39.9,20.43,7680
2497,F002039__3,2012-01-01,97.66,2012,1,OH,Total Electric Power Industry,Petroleum (Barrels),322800,,2.06933726526067,96.9318,42.7,20.49,7703
2498,F002039__3,2012-02-01,100.05,2012,2,OH,Total Electric Power Industry,Petroleum (Barrels),257206,1.64,2.06933726526067,97.2435,43.8,20.49,7703
2499,F002039__3,2012-03-01,103.71,2012,3,OH,Total Electric Power Industry,Petroleum (Barrels),228349,1.73,2.06933726526067,96.74,59.6,20.49,7703
2500,F002039__3,2012-04-01,101.62,2012,4,OH,Total Electric Power Industry,Petroleum (Barrels),121356,1.89,2.06933726526067,97.4359,64.3,20.49,7703
2501,F002039__3,2012-05-01,93.36,2012,5,OH,Total Electric Power Industry,Petroleum (Barrels),180154,1.71,2.06933726526067,97.6609,72.6,20.49,7703
2502,F002039__3,2012-06-01,81.88,2012,6,OH,Total Electric Power Industry,Petroleum (Barrels),264945,1.22,2.06933726526067,97.6663,79.0,20.49,7703
2503,F002039__3,2012-07-01,86.39,2012,7,OH,Total Electric Power Industry,Petroleum (Barrels),275379,1.31,2.06933726526067,97.8713,85.9,20.49,7703
2504,F002039__3,2012-08-01,92.87,2012,8,OH,Total Electric Power Industry,Petroleum (Barrels),271741,1.32,2.06933726526067,97.4525,81.5,20.49,7703
2505,F002039__3,2012-09-01,93.32,2012,9,OH,Total Electric Power Industry,Petroleum (Barrels),232516,,2.06933726526067,97.381,74.4,20.49,7703
2506,F002039__3,2012-10-01,88.87,2012,10,OH,Total Electric Power Industry,Petroleum (Barrels),255884,1.39,2.06933726526067,97.7193,59.6,20.49,7703
2507,F002039__3,2012-11-01,85.81,2012,11,OH,Total Electric Power Industry,Petroleum (Barrels),218287,1.45,2.06933726526067,98.0777,52.2,20.49,7703
2508,F002039__3,2012-12-01,86.47,2012,12,OH,Total Electric Power Industry,Petroleum (Barrels),237654,1.38,2.06933726526067,98.3101,42.2,20.49,7703
2509,F002039__3,2013-01-01,93.51,2013,1,OH,Total Electric Power Industry,Petroleum (Barrels),278807,,1.46483265562717,98.3342,39.7,19.88,7707
2510,F002039__3,2013-02-01,94.0,2013,2,OH,Total Electric Power Industry,Petroleum (Barrels),262350,1.77,1.46483265562717,98.7941,41.1,19.88,7707
2511,F002039__3,2013-03-01,91.8,2013,3,OH,Total Electric Power Industry,Petroleum (Barrels),275515,1.61,1.46483265562717,99.1921,47.5,19.88,7707
2512,F002039__3,2013-04-01,90.15,2013,4,OH,Total Electric Power Industry,Petroleum (Barrels),245931,1.63,1.46483265562717,99.1065,54.7,19.88,7707
2513,F002039__3,2013-05-01,92.28,2013,5,OH,Total Electric Power Industry,Petroleum (Barrels),162801,1.46,1.46483265562717,99.1839,67.0,19.88,7707
2514,F002039__3,2013-06-01,92.99,2013,6,OH,Total Electric Power Industry,Petroleum (Barrels),265532,1.83,1.46483265562717,99.3897,78.1,19.88,7707
2515,F002039__3,2013-07-01,101.29,2013,7,OH,Total Electric Power Industry,Petroleum (Barrels),288540,2.16,1.46483265562717,99.0814,79.6,19.88,7707
2516,F002039__3,2013-08-01,103.2,2013,8,OH,Total Electric Power Industry,Petroleum (Barrels),257633,2.39,1.46483265562717,99.6543,80.3,19.88,7707
2517,F002039__3,2013-09-01,101.5,2013,9,OH,Total Electric Power Industry,Petroleum (Barrels),264201,,1.46483265562717,100.161,75.8,19.88,7707
2518,F002039__3,2013-10-01,95.56,2013,10,OH,Total Electric Power Industry,Petroleum (Barrels),260455,2.33,1.46483265562717,100.082,60.4,19.88,7707
2519,F002039__3,2013-11-01,88.43,2013,11,OH,Total Electric Power Industry,Petroleum (Barrels),246104,2.32,1.46483265562717,100.3158,46.6,19.88,7707
2520,F002039__3,2013-12-01,91.14,2013,12,OH,Total Electric Power Industry,Petroleum (Barrels),275076,2.51,1.46483265562717,100.5175,35.2,19.88,7707
2521,F002039__3,2014-01-01,87.36,2014,1,OH,Total Electric Power Industry,Petroleum (Barrels),361220,,1.62222297740817,100.1599,36.0,19.76,7981
2522,F002039__3,2014-02-01,92.4,2014,2,OH,Total Electric Power Industry,Petroleum (Barrels),293745,2.31,1.62222297740817,100.9168,36.1,19.76,7981
2523,F002039__3,2014-03-01,92.98,2014,3,OH,Total Electric Power Industry,Petroleum (Barrels),281269,2.28,1.62222297740817,101.8942,46.3,19.76,7981
2524,F002039__3,2014-04-01,94.51,2014,4,OH,Total Electric Power Industry,Petroleum (Barrels),231232,2.33,1.62222297740817,101.9928,59.4,19.76,7981
2525,F002039__3,2014-05-01,93.38,2014,5,OH,Total Electric Power Industry,Petroleum (Barrels),202515,2.22,1.62222297740817,102.3836,68.9,19.76,7981
2526,F002039__3,2014-06-01,96.37,2014,6,OH,Total Electric Power Industry,Petroleum (Barrels),256003,2.15,1.62222297740817,102.735,77.3,19.76,7981
2527,F002039__3,2014-07-01,94.04,2014,7,OH,Total Electric Power Industry,Petroleum (Barrels),247550,2.11,1.62222297740817,102.9632,77.8,19.76,7981
2528,F002039__3,2014-08-01,87.34,2014,8,OH,Total Electric Power Industry,Petroleum (Barrels),204092,2.05,1.62222297740817,102.7688,80.7,19.76,7981
2529,F002039__3,2014-09-01,83.18,2014,9,OH,Total Electric Power Industry,Petroleum (Barrels),238618,,1.62222297740817,103.0641,73.3,19.76,7981
2530,F002039__3,2014-10-01,74.96,2014,10,OH,Total Electric Power Industry,Petroleum (Barrels),57389,1.89,1.62222297740817,103.0764,64.6,19.76,7981
2531,F002039__3,2014-11-01,65.53,2014,11,OH,Total Electric Power Industry,Petroleum (Barrels),105734,1.84,1.62222297740817,103.7126,44.4,19.76,7981
2532,F002039__3,2014-12-01,48.78,2014,12,OH,Total Electric Power Industry,Petroleum (Barrels),246457,1.73,1.62222297740817,103.7044,41.8,19.76,7981
2533,F002039__3,2015-01-01,35.42,2015,1,OH,Total Electric Power Industry,Petroleum (Barrels),237275,,0.118627135552451,102.8905,37.7,16.57,8068
2534,F002039__3,2015-02-01,37.2,2015,2,OH,Total Electric Power Industry,Petroleum (Barrels),236778,1.19,0.118627135552451,102.2335,37.8,16.57,8068
2535,F002039__3,2015-03-01,35.31,2015,3,OH,Total Electric Power Industry,Petroleum (Barrels),255743,1.42,0.118627135552451,101.8914,51.1,16.57,8068
2536,F002039__3,2015-04-01,43.94,2015,4,OH,Total Electric Power Industry,Petroleum (Barrels),237482,1.32,0.118627135552451,101.3355,61.4,16.57,8068
2537,F002039__3,2015-05-01,49.23,2015,5,OH,Total Electric Power Industry,Petroleum (Barrels),254295,1.52,0.118627135552451,100.8883,66.1,16.57,8068
2538,F002039__3,2015-06-01,50.76,2015,6,OH,Total Electric Power Industry,Petroleum (Barrels),241583,1.55,0.118627135552451,100.571,78.4,16.57,8068
2539,F002039__3,2015-07-01,40.56,2015,7,OH,Total Electric Power Industry,Petroleum (Barrels),265051,1.74,0.118627135552451,101.2228,82.1,16.57,8068
2540,F002039__3,2015-08-01,31.73,2015,8,OH,Total Electric Power Industry,Petroleum (Barrels),236491,1.48,0.118627135552451,101.0367,79.3,16.57,8068
2541,F002039__3,2015-09-01,34.9,2015,9,OH,Total Electric Power Industry,Petroleum (Barrels),244243,1.47,0.118627135552451,100.7547,76.6,16.57,8068
2542,F002039__3,2015-10-01,36.27,2015,10,OH,Total Electric Power Industry,Petroleum (Barrels),217806,1.41,0.118627135552451,100.2675,63.4,16.57,8068
2543,F002039__3,2015-11-01,32.98,2015,11,OH,Total Electric Power Industry,Petroleum (Barrels),260727,1.43,0.118627135552451,99.5298,51.4,16.57,8068
2544,F002039__3,2015-12-01,28.21,2015,12,OH,Total Electric Power Industry,Petroleum (Barrels),100516,1.24,0.118627135552451,99.0417,44.6,16.57,8068
2545,F002039__3,2016-01-01,22.66,2016,1,OH,Total Electric Power Industry,Petroleum (Barrels),31751,,1.26158320570536,99.5607,38.2,15.6,8356
2546,F002039__3,2016-02-01,22.22,2016,2,OH,Total Electric Power Industry,Petroleum (Barrels),157793,1.16,1.26158320570536,99.0445,47.4,15.6,8356
2547,F002039__3,2016-03-01,30.64,2016,3,OH,Total Electric Power Industry,Petroleum (Barrels),276382,0.98,1.26158320570536,98.3096,54.7,15.6,8356
2548,F002039__3,2016-04-01,31.45,2016,4,OH,Total Electric Power Industry,Petroleum (Barrels),191485,1.03,1.26158320570536,98.6421,61.4,15.6,8356
2549,F002039__3,2016-05-01,40.19,2016,5,OH,Total Electric Power Industry,Petroleum (Barrels),259939,1.08,1.26158320570536,98.4184,66.2,15.6,8356
2550,F002039__3,2016-06-01,43.41,2016,6,OH,Total Electric Power Industry,Petroleum (Barrels),236861,0.94,1.26158320570536,98.8833,79.2,15.6,8356
2551,F002039__3,2016-07-01,39.59,2016,7,OH,Total Electric Power Industry,Petroleum (Barrels),239665,0.87,1.26158320570536,98.9992,83.2,15.6,8356
2552,F002039__3,2016-08-01,39.24,2016,8,OH,Total Electric Power Industry,Petroleum (Barrels),270895,0.84,1.26158320570536,98.85,80.8,15.6,8356
2553,F002039__3,2016-09-01,39.89,2016,9,OH,Total Electric Power Industry,Petroleum (Barrels),201579,0.79,1.26158320570536,98.7457,75.3,15.6,8356
2554,F002039__3,2016-10-01,44.81,2016,10,OH,Total Electric Power Industry,Petroleum (Barrels),254128,0.83,1.26158320570536,98.7611,67.1,15.6,8356
2555,F002039__3,2016-11-01,40.92,2016,11,OH,Total Electric Power Industry,Petroleum (Barrels),200377,1.0,1.26158320570536,98.3491,55.4,15.6,8356
2556,F002039__3,2016-12-01,46.9,2016,12,OH,Total Electric Power Industry,Petroleum (Barrels),260634,1.31,1.26158320570536,99.0214,38.8,15.6,8356
2557,F002039__3,2017-01-01,47.38,2017,1,OH,Total Electric Power Industry,Petroleum (Barrels),211730,,2.13011000365961,98.7611,40.9,16.7,8541
2558,F002039__3,2017-02-01,48.26,2017,2,OH,Total Electric Power Industry,Petroleum (Barrels),187083,1.26,2.13011000365961,98.3646,50.5,16.7,8541
2559,F002039__3,2017-03-01,44.39,2017,3,OH,Total Electric Power Industry,Petroleum (Barrels),121589,1.17,2.13011000365961,99.0137,56.2,16.7,8541
2560,F002039__3,2017-04-01,45.88,2017,4,OH,Total Electric Power Industry,Petroleum (Barrels),169690,1.11,2.13011000365961,100.0224,61.4,16.7,8541
2561,F002039__3,2017-05-01,43.48,2017,5,OH,Total Electric Power Industry,Petroleum (Barrels),214127,1.05,2.13011000365961,100.1408,66.9,16.7,8541
2562,F002039__3,2017-06-01,40.91,2017,6,OH,Total Electric Power Industry,Petroleum (Barrels),218174,0.93,2.13011000365961,100.3471,77.3,16.7,8541
2563,F002039__3,2017-07-01,42.34,2017,7,OH,Total Electric Power Industry,Petroleum (Barrels),218869,0.94,2.13011000365961,100.1068,82.5,16.7,8541
2564,F002039__3,2017-08-01,43.84,2017,8,OH,Total Electric Power Industry,Petroleum (Barrels),213260,0.92,2.13011000365961,99.6925,77.3,16.7,8541
2565,F002039__3,2017-09-01,45.63,2017,9,OH,Total Electric Power Industry,Petroleum (Barrels),208193,0.81,2.13011000365961,99.7954,73.3,16.7,8541
2566,F002039__3,2017-10-01,47.54,2017,10,OH,Total Electric Power Industry,Petroleum (Barrels),149913,0.85,2.13011000365961,101.0247,62.0,16.7,8541
2567,F002039__3,2017-11-01,52.43,2017,11,OH,Total Electric Power Industry,Petroleum (Barrels),187164,0.76,2.13011000365961,101.2664,52.9,16.7,8541
2568,F002039__3,2017-12-01,53.8,2017,12,OH,Total Electric Power Industry,Petroleum (Barrels),178143,0.59,2.13011000365961,101.4644,40.5,16.7,8541
2569,F002039__3,2018-01-01,59.25,2018,1,OH,Total Electric Power Industry,Petroleum (Barrels),318434,,2.44258329692817,101.4625,36.6,17.44,8726
2570,F002039__3,2018-02-01,58.01,2018,2,OH,Total Electric Power Industry,Petroleum (Barrels),261623,0.62,2.44258329692817,101.7085,41.0,17.44,8726
2571,F002039__3,2018-03-01,58.65,2018,3,OH,Total Electric Power Industry,Petroleum (Barrels),173441,0.59,2.44258329692817,102.2067,53.0,17.44,8726
2572,F002039__3,2018-04-01,62.01,2018,4,OH,Total Electric Power Industry,Petroleum (Barrels),279358,0.48,2.44258329692817,103.3329,54.2,17.44,8726
2573,F002039__3,2018-05-01,65.45,2018,5,OH,Total Electric Power Industry,Petroleum (Barrels),308647,0.47,2.44258329692817,102.4024,75.1,17.44,8726
2574,F002039__3,2018-06-01,62.82,2018,6,OH,Total Electric Power Industry,Petroleum (Barrels),281271,0.42,2.44258329692817,103.198,80.6,17.44,8726
2575,F002039__3,2018-07-01,66.2,2018,7,OH,Total Electric Power Industry,Petroleum (Barrels),285284,0.3,2.44258329692817,103.3646,82.7,17.44,8726
2576,F002039__3,2018-08-01,62.95,2018,8,OH,Total Electric Power Industry,Petroleum (Barrels),288208,0.33,2.44258329692817,104.0327,79.9,17.44,8726
2577,F002039__3,2018-09-01,65.1,2018,9,OH,Total Electric Power Industry,Petroleum (Barrels),220317,,2.44258329692817,104.1004,73.9,17.44,8726
2578,F002039__3,2018-10-01,65.85,2018,10,OH,Total Electric Power Industry,Petroleum (Barrels),227199,0.27,2.44258329692817,103.9856,60.1,17.44,8726
2579,F002039__3,2018-11-01,52.2,2018,11,OH,Total Electric Power Industry,Petroleum (Barrels),279024,0.3,2.44258329692817,104.0681,44.5,17.44,8726
2580,F002039__3,2018-12-01,44.18,2018,12,OH,Total Electric Power Industry,Petroleum (Barrels),282022,0.15,2.44258329692817,104.0936,40.8,17.44,8726
2581,F002039__3,2019-01-01,46.91,2019,1,OH,Total Electric Power Industry,Petroleum (Barrels),217001,,1.81221007526021,103.4021,38.3,16.96,8445
2582,F002039__3,2019-02-01,50.4,2019,2,OH,Total Electric Power Industry,Petroleum (Barrels),151937,0.18,1.81221007526021,102.8371,40.3,16.96,8445
2583,F002039__3,2019-03-01,53.41,2019,3,OH,Total Electric Power Industry,Petroleum (Barrels),89227,0.21,1.81221007526021,102.8757,47.3,16.96,8445
2584,F002039__3,2019-04-01,58.88,2019,4,OH,Total Electric Power Industry,Petroleum (Barrels),117238,0.16,1.81221007526021,102.274,60.4,16.96,8445
2585,F002039__3,2019-05-01,56.11,2019,5,OH,Total Electric Power Industry,Petroleum (Barrels),253882,0.21,1.81221007526021,102.392,67.0,16.96,8445
2586,F002039__3,2019-06-01,49.99,2019,6,OH,Total Electric Power Industry,Petroleum (Barrels),245445,0.25,1.81221007526021,102.4375,75.4,16.96,8445
2587,F002039__3,2019-07-01,52.55,2019,7,OH,Total Electric Power Industry,Petroleum (Barrels),237974,0.25,1.81221007526021,101.9408,80.8,16.96,8445
2588,F002039__3,2019-08-01,50.12,2019,8,OH,Total Electric Power Industry,Petroleum (Barrels),231305,0.17,1.81221007526021,102.639,82.4,16.96,8445
2589,F002039__3,2019-09-01,51.85,2019,9,OH,Total Electric Power Industry,Petroleum (Barrels),124497,,1.81221007526021,102.2917,79.7,16.96,8445
2590,F002039__3,2019-10-01,50.56,2019,10,OH,Total Electric Power Industry,Petroleum (Barrels),11279,0.09,1.81221007526021,101.4281,57.4,16.96,8445
2591,F002039__3,2019-11-01,52.21,2019,11,OH,Total Electric Power Industry,Petroleum (Barrels),40147,0.17,1.81221007526021,101.9372,46.2,16.96,8445
2592,F002039__3,2019-12-01,54.68,2019,12,OH,Total Electric Power Industry,Petroleum (Barrels),175712,0.22,1.81221007526021,101.7003,43.2,16.96,8445
2593,F002039__3,2020-01-01,51.07,2020,1,OH,Total Electric Power Industry,Petroleum (Barrels),131959,,1.23358439630629,101.0338,42.2,15.29,7113
2594,F002039__3,2020-02-01,44.01,2020,2,OH,Total Electric Power Industry,Petroleum (Barrels),240983,0.18,1.23358439630629,101.3735,41.8,15.29,7113
2595,F002039__3,2020-03-01,24.3,2020,3,OH,Total Electric Power Industry,Petroleum (Barrels),249739,0.26,1.23358439630629,97.4078,55.5,15.29,7113
2596,F002039__3,2020-04-01,12.44,2020,4,OH,Total Electric Power Industry,Petroleum (Barrels),239815,0.39,1.23358439630629,84.5619,57.9,15.29,7113
2597,F002039__3,2020-05-01,21.17,2020,5,OH,Total Electric Power Industry,Petroleum (Barrels),240167,0.44,1.23358439630629,85.9604,67.2,15.29,7113
2598,F002039__3,2020-06-01,31.29,2020,6,OH,Total Electric Power Industry,Petroleum (Barrels),230854,0.52,1.23358439630629,91.5934,78.8,15.29,7113
2599,F002039__3,2020-07-01,33.43,2020,7,OH,Total Electric Power Industry,Petroleum (Barrels),254327,0.52,1.23358439630629,95.0256,82.6,15.29,7113
2600,F002039__3,2020-08-01,35.52,2020,8,OH,Total Electric Power Industry,Petroleum (Barrels),229856,0.45,1.23358439630629,95.9549,79.4,15.29,7113
2601,F002039__3,2020-09-01,33.12,2020,9,OH,Total Electric Power Industry,Petroleum (Barrels),178544,0.55,1.23358439630629,95.9669,70.3,15.29,7113
2602,F002039__3,2020-10-01,33.45,2020,10,OH,Total Electric Power Industry,Petroleum (Barrels),242436,0.54,1.23358439630629,96.7394,58.3,15.29,7113
2603,F002039__3,2020-11-01,34.75,2020,11,OH,Total Electric Power Industry,Petroleum (Barrels),218432,0.71,1.23358439630629,97.0816,53.5,15.29,7113
2604,F002039__3,2020-12-01,40.66,2020,12,OH,Total Electric Power Industry,Petroleum (Barrels),231146,0.75,1.23358439630629,98.363,41.0,15.29,7113
2605,F002039__3,2021-01-01,45.39,2021,1,OH,Total Electric Power Industry,Petroleum (Barrels),225546,,4.69785886363742,98.8822,39.7,18.48,7904
2606,F002039__3,2021-02-01,52.47,2021,2,OH,Total Electric Power Industry,Petroleum (Barrels),163308,0.98,4.69785886363742,95.6149,31.3,18.48,7904
2607,F002039__3,2021-03-01,56.64,2021,3,OH,Total Electric Power Industry,Petroleum (Barrels),163489,1.32,4.69785886363742,98.3856,53.9,18.48,7904
2608,F002039__3,2021-04-01,55.99,2021,4,OH,Total Electric Power Industry,Petroleum (Barrels),227699,1.52,4.69785886363742,98.5587,57.4,18.48,7904
2609,F002039__3,2021-05-01,59.31,2021,5,OH,Total Electric Power Industry,Petroleum (Barrels),262437,1.47,4.69785886363742,99.4333,65.9,18.48,7904
2610,F002039__3,2021-06-01,65.73,2021,6,OH,Total Electric Power Industry,Petroleum (Barrels),153121,1.46,4.69785886363742,99.7987,77.4,18.48,7904
2611,F002039__3,2021-07-01,67.18,2021,7,OH,Total Electric Power Industry,Petroleum (Barrels),188913,1.23,4.69785886363742,100.2519,80.0,18.48,7904
2612,F002039__3,2021-08-01,62.14,2021,8,OH,Total Electric Power Industry,Petroleum (Barrels),212424,1.03,4.69785886363742,100.0437,81.3,18.48,7904
2613,F002039__3,2021-09-01,65.93,2021,9,OH,Total Electric Power Industry,Petroleum (Barrels),235717,1.11,4.69785886363742,98.8579,76.7,18.48,7904
2614,F002039__3,2021-10-01,75.61,2021,10,OH,Total Electric Power Industry,Petroleum (Barrels),241750,1.21,4.69785886363742,100.1861,64.4,18.48,7904
2615,F002039__3,2021-11-01,72.62,2021,11,OH,Total Electric Power Industry,Petroleum (Barrels),253482,1.08,4.69785886363742,100.8654,51.2,18.48,7904
2616,F002039__3,2021-12-01,65.97,2021,12,OH,Total Electric Power Industry,Petroleum (Barrels),243392,0.87,4.69785886363742,100.5726,50.4,18.48,7904
2617,F002039__3,2022-01-01,77.12,2022,1,OH,Total Electric Power Industry,Petroleum (Barrels),299222,0.85,8.00279982052121,100.1856,37.0,23.26,8375
2618,F002039__3,2022-02-01,85.93,2022,2,OH,Total Electric Power Industry,Petroleum (Barrels),259691,0.63,8.00279982052121,100.8064,38.5,23.26,8375
2619,F002039__3,2022-03-01,103.26,2022,3,OH,Total Electric Power Industry,Petroleum (Barrels),280402,0.41,8.00279982052121,101.3907,50.4,23.26,8375
2620,F002039__3,2022-04-01,96.07,2022,4,OH,Total Electric Power Industry,Petroleum (Barrels),256634,-0.05,8.00279982052121,101.44,61.0,23.26,8375
2621,F002039__3,2022-05-01,103.89,2022,5,OH,Total Electric Power Industry,Petroleum (Barrels),91991,0.26,8.00279982052121,101.3335,70.6,23.26,8375
2622,F002039__3,2022-06-01,108.43,2022,6,OH,Total Electric Power Industry,Petroleum (Barrels),252826,0.28,8.00279982052121,101.018,79.4,23.26,8375
2623,F002039__3,2022-07-01,94.64,2022,7,OH,Total Electric Power Industry,Petroleum (Barrels),239459,0.04,8.00279982052121,101.223,86.6,23.26,8375
2624,F002039__3,2022-08-01,86.13,2022,8,OH,Total Electric Power Industry,Petroleum (Barrels),226128,-0.3,8.00279982052121,101.0963,82.5,23.26,8375
2625,F002039__3,2022-09-01,78.69,2022,9,OH,Total Electric Power Industry,Petroleum (Barrels),270858,-0.25,8.00279982052121,101.2918,75.9,23.26,8375
2626,F002039__3,2022-10-01,81.28,2022,10,OH,Total Electric Power Industry,Petroleum (Barrels),301046,-0.45,8.00279982052121,101.2529,62.0,23.26,8375
2627,F002039__3,2022-11-01,77.95,2022,11,OH,Total Electric Power Industry,Petroleum (Barrels),158305,-0.47,8.00279982052121,100.9552,47.3,23.26,8375
2628,F002039__3,2022-12-01,70.4,2022,12,OH,Total Electric Power Industry,Petroleum (Barrels),249393,-0.72,8.00279982052121,99.7664,40.1,23.26,8375
2629,F002039__3,2023-01-01,72.23,2023,1,OH,Total Electric Power Industry,Petroleum (Barrels),203687,,4.11633838374488,100.505,42.4,21.65,8607
2630,F002039__3,2023-02-01,70.58,2023,2,OH,Total Electric Power Industry,Petroleum (Barrels),173488,-0.7,4.11633838374488,100.6416,44.0,21.65,8607
2631,F002039__3,2023-03-01,66.3,2023,3,OH,Total Electric Power Industry,Petroleum (Barrels),186732,-0.88,4.11633838374488,101.0205,50.4,21.65,8607
2632,F002039__3,2023-04-01,71.85,2023,4,OH,Total Electric Power Industry,Petroleum (Barrels),153672,-0.54,4.11633838374488,101.253,58.7,21.65,8607
2633,F002039__3,2023-05-01,64.4,2023,5,OH,Total Electric Power Industry,Petroleum (Barrels),245919,-0.55,4.11633838374488,100.9286,69.1,21.65,8607
2634,F002039__3,2023-06-01,63.2,2023,6,OH,Total Electric Power Industry,Petroleum (Barrels),203325,-0.72,4.11633838374488,100.1196,76.7,21.65,8607
2635,F002039__3,2023-07-01,68.24,2023,7,OH,Total Electric Power Industry,Petroleum (Barrels),239328,-1.08,4.11633838374488,100.9067,81.9,21.65,8607
2636,F002039__3,2023-08-01,73.59,2023,8,OH,Total Electric Power Industry,Petroleum (Barrels),233632,-0.87,4.11633838374488,100.8393,83.7,21.65,8607
2637,F002039__3,2023-09-01,82.03,2023,9,OH,Total Electric Power Industry,Petroleum (Barrels),216179,-0.69,4.11633838374488,101.0211,76.7,21.65,8607
2638,F002039__3,2023-10-01,78.3,2023,10,OH,Total Electric Power Industry,Petroleum (Barrels),149626,-0.43,4.11633838374488,100.4689,62.5,21.65,8607
2639,F002039__3,2023-11-01,69.89,2023,11,OH,Total Electric Power Industry,Petroleum (Barrels),60949,-0.18,4.11633838374488,100.8639,51.0,21.65,8607
2640,F002039__3,2023-12-01,64.71,2023,12,OH,Total Electric Power Industry,Petroleum (Barrels),231875,-0.34,4.11633838374488,100.6031,44.9,21.65,8607
2641,F002040__3,2001-01-01,28.17,2001,1,OK,Total Electric Power Industry,Petroleum (Barrels),236870,,2.82617111885407,91.902,32.1,10.46,6111
2642,F002040__3,2001-02-01,29.08,2001,2,OK,Total Electric Power Industry,Petroleum (Barrels),7854,0.55,2.82617111885407,91.3034,33.1,10.46,6111
2643,F002040__3,2001-03-01,26.03,2001,3,OK,Total Electric Power Industry,Petroleum (Barrels),2329,0.46,2.82617111885407,91.1162,41.3,10.46,6111
2644,F002040__3,2001-04-01,26.11,2001,4,OK,Total Electric Power Industry,Petroleum (Barrels),11110,0.76,2.82617111885407,90.7891,41.8,10.46,6111
2645,F002040__3,2001-05-01,27.02,2001,5,OK,Total Electric Power Industry,Petroleum (Barrels),8521,1.07,2.82617111885407,90.3555,55.0,10.46,6111
2646,F002040__3,2001-06-01,25.89,2001,6,OK,Total Electric Power Industry,Petroleum (Barrels),6862,1.17,2.82617111885407,89.8784,56.5,10.46,6111
2647,F002040__3,2001-07-01,25.1,2001,7,OK,Total Electric Power Industry,Petroleum (Barrels),7012,1.16,2.82617111885407,89.3028,64.4,10.46,6111
2648,F002040__3,2001-08-01,26.03,2001,8,OK,Total Electric Power Industry,Petroleum (Barrels),7315,1.28,2.82617111885407,89.2003,67.6,10.46,6111
2649,F002040__3,2001-09-01,25.08,2001,9,OK,Total Electric Power Industry,Petroleum (Barrels),6440,,2.82617111885407,88.7485,60.8,10.46,6111
2650,F002040__3,2001-10-01,20.84,2001,10,OK,Total Electric Power Industry,Petroleum (Barrels),3908,1.73,2.82617111885407,88.5052,49.0,10.46,6111
2651,F002040__3,2001-11-01,18.91,2001,11,OK,Total Electric Power Industry,Petroleum (Barrels),5693,1.75,2.82617111885407,87.97,40.0,10.46,6111
2652,F002040__3,2001-12-01,18.04,2001,12,OK,Total Electric Power Industry,Petroleum (Barrels),10349,1.93,2.82617111885407,87.9324,31.8,10.46,6111
2653,F002040__3,2002-01-01,18.19,2002,1,OK,Total Electric Power Industry,Petroleum (Barrels),7935,,1.58603162650601,88.5176,31.8,9.51,6214
2654,F002040__3,2002-02-01,18.81,2002,2,OK,Total Electric Power Industry,Petroleum (Barrels),7035,1.94,1.58603162650601,88.5278,35.4,9.51,6214
2655,F002040__3,2002-03-01,22.75,2002,3,OK,Total Electric Power Industry,Petroleum (Barrels),7210,1.8,1.58603162650601,89.1686,37.0,9.51,6214
2656,F002040__3,2002-04-01,24.51,2002,4,OK,Total Electric Power Industry,Petroleum (Barrels),6626,1.7,1.58603162650601,89.604,45.0,9.51,6214
2657,F002040__3,2002-05-01,25.51,2002,5,OK,Total Electric Power Industry,Petroleum (Barrels),7980,1.87,1.58603162650601,89.964,50.2,9.51,6214
2658,F002040__3,2002-06-01,24.32,2002,6,OK,Total Electric Power Industry,Petroleum (Barrels),3156,1.87,1.58603162650601,90.7061,59.9,9.51,6214
2659,F002040__3,2002-07-01,25.28,2002,7,OK,Total Electric Power Industry,Petroleum (Barrels),6752,1.97,1.58603162650601,90.6769,68.6,9.51,6214
2660,F002040__3,2002-08-01,26.42,2002,8,OK,Total Electric Power Industry,Petroleum (Barrels),9220,2.32,1.58603162650601,90.5762,63.2,9.51,6214
2661,F002040__3,2002-09-01,28.19,2002,9,OK,Total Electric Power Industry,Petroleum (Barrels),5968,,1.58603162650601,90.6531,58.8,9.51,6214
2662,F002040__3,2002-10-01,27.2,2002,10,OK,Total Electric Power Industry,Petroleum (Barrels),12684,1.92,1.58603162650601,90.4643,46.5,9.51,6214
2663,F002040__3,2002-11-01,24.85,2002,11,OK,Total Electric Power Industry,Petroleum (Barrels),5417,2.25,1.58603162650601,90.9711,40.7,9.51,6214
2664,F002040__3,2002-12-01,27.99,2002,12,OK,Total Electric Power Industry,Petroleum (Barrels),8226,2.15,1.58603162650601,90.4652,35.4,9.51,6214
2665,F002040__3,2003-01-01,30.98,2003,1,OK,Total Electric Power Industry,Petroleum (Barrels),62142,,2.27009497336115,91.2361,39.0,10.89,6176
2666,F002040__3,2003-02-01,34.14,2003,2,OK,Total Electric Power Industry,Petroleum (Barrels),78142,2.29,2.27009497336115,91.3445,35.0,10.89,6176
2667,F002040__3,2003-03-01,32.01,2003,3,OK,Total Electric Power Industry,Petroleum (Barrels),50817,2.16,2.27009497336115,91.1044,41.5,10.89,6176
2668,F002040__3,2003-04-01,27.36,2003,4,OK,Total Electric Power Industry,Petroleum (Barrels),9035,2.34,2.27009497336115,90.5617,41.8,10.89,6176
2669,F002040__3,2003-05-01,27.03,2003,5,OK,Total Electric Power Industry,Petroleum (Barrels),10343,2.38,2.27009497336115,90.537,51.2,10.89,6176
2670,F002040__3,2003-06-01,29.01,2003,6,OK,Total Electric Power Industry,Petroleum (Barrels),10791,2.1,2.27009497336115,90.6527,61.2,10.89,6176
2671,F002040__3,2003-07-01,29.71,2003,7,OK,Total Electric Power Industry,Petroleum (Barrels),7901,2.26,2.27009497336115,91.1185,70.1,10.89,6176
2672,F002040__3,2003-08-01,30.25,2003,8,OK,Total Electric Power Industry,Petroleum (Barrels),6670,2.59,2.27009497336115,90.9197,66.6,10.89,6176
2673,F002040__3,2003-09-01,26.92,2003,9,OK,Total Electric Power Industry,Petroleum (Barrels),9048,,2.27009497336115,91.5059,61.0,10.89,6176
2674,F002040__3,2003-10-01,29.03,2003,10,OK,Total Electric Power Industry,Petroleum (Barrels),6921,2.49,2.27009497336115,91.6186,52.1,10.89,6176
2675,F002040__3,2003-11-01,29.47,2003,11,OK,Total Electric Power Industry,Petroleum (Barrels),10644,2.5,2.27009497336115,92.2329,34.9,10.89,6176
2676,F002040__3,2003-12-01,30.88,2003,12,OK,Total Electric Power Industry,Petroleum (Barrels),9427,2.28,2.27009497336115,92.2602,34.1,10.89,6176
2677,F002040__3,2004-01-01,32.67,2004,1,OK,Total Electric Power Industry,Petroleum (Barrels),6842,,2.67723669309172,92.4006,32.0,12.33,6283
2678,F002040__3,2004-02-01,33.3,2004,2,OK,Total Electric Power Industry,Petroleum (Barrels),5001,2.35,2.67723669309172,92.958,34.8,12.33,6283
2679,F002040__3,2004-03-01,35.63,2004,3,OK,Total Electric Power Industry,Petroleum (Barrels),3909,2.33,2.67723669309172,92.5861,44.2,12.33,6283
2680,F002040__3,2004-04-01,35.51,2004,4,OK,Total Electric Power Industry,Petroleum (Barrels),14774,2.26,2.67723669309172,92.93,47.2,12.33,6283
2681,F002040__3,2004-05-01,38.9,2004,5,OK,Total Electric Power Industry,Petroleum (Barrels),8312,2.19,2.67723669309172,93.6013,51.0,12.33,6283
2682,F002040__3,2004-06-01,36.81,2004,6,OK,Total Electric Power Industry,Petroleum (Barrels),9055,2.11,2.67723669309172,92.871,59.5,12.33,6283
2683,F002040__3,2004-07-01,39.3,2004,7,OK,Total Electric Power Industry,Petroleum (Barrels),6822,1.93,2.67723669309172,93.5649,67.7,12.33,6283
2684,F002040__3,2004-08-01,43.49,2004,8,OK,Total Electric Power Industry,Petroleum (Barrels),5841,1.82,2.67723669309172,93.6277,66.6,12.33,6283
2685,F002040__3,2004-09-01,44.58,2004,9,OK,Total Electric Power Industry,Petroleum (Barrels),4523,1.72,2.67723669309172,93.7467,56.3,12.33,6283
2686,F002040__3,2004-10-01,51.5,2004,10,OK,Total Electric Power Industry,Petroleum (Barrels),7716,1.58,2.67723669309172,94.5465,48.3,12.33,6283
2687,F002040__3,2004-11-01,47.35,2004,11,OK,Total Electric Power Industry,Petroleum (Barrels),5310,1.5,2.67723669309172,94.7813,38.3,12.33,6283
2688,F002040__3,2004-12-01,41.85,2004,12,OK,Total Electric Power Industry,Petroleum (Barrels),4115,1.37,2.67723669309172,95.5365,35.5,12.33,6283
2689,F002040__3,2005-01-01,45.22,2005,1,OK,Total Electric Power Industry,Petroleum (Barrels),6401,1.13,3.3927468454955,95.8801,33.8,14.83,6542
2690,F002040__3,2005-02-01,46.57,2005,2,OK,Total Electric Power Industry,Petroleum (Barrels),5077,0.86,3.3927468454955,96.5761,36.6,14.83,6542
2691,F002040__3,2005-03-01,52.75,2005,3,OK,Total Electric Power Industry,Petroleum (Barrels),5202,0.79,3.3927468454955,96.4456,42.3,14.83,6542
2692,F002040__3,2005-04-01,51.21,2005,4,OK,Total Electric Power Industry,Petroleum (Barrels),5403,0.71,3.3927468454955,96.6532,44.0,14.83,6542
2693,F002040__3,2005-05-01,47.53,2005,5,OK,Total Electric Power Industry,Petroleum (Barrels),5632,0.57,3.3927468454955,96.7402,52.1,14.83,6542
2694,F002040__3,2005-06-01,54.06,2005,6,OK,Total Electric Power Industry,Petroleum (Barrels),6458,0.41,3.3927468454955,97.1753,55.0,14.83,6542
2695,F002040__3,2005-07-01,56.91,2005,7,OK,Total Electric Power Industry,Petroleum (Barrels),3435,0.3,3.3927468454955,96.8676,67.4,14.83,6542
2696,F002040__3,2005-08-01,62.76,2005,8,OK,Total Electric Power Industry,Petroleum (Barrels),5744,0.28,3.3927468454955,97.1833,66.9,14.83,6542
2697,F002040__3,2005-09-01,63.19,2005,9,OK,Total Electric Power Industry,Petroleum (Barrels),13729,0.3,3.3927468454955,95.3005,56.3,14.83,6542
2698,F002040__3,2005-10-01,59.92,2005,10,OK,Total Electric Power Industry,Petroleum (Barrels),4786,0.18,3.3927468454955,96.4572,48.9,14.83,6542
2699,F002040__3,2005-11-01,56.32,2005,11,OK,Total Electric Power Industry,Petroleum (Barrels),6074,0.16,3.3927468454955,97.5414,37.5,14.83,6542
2700,F002040__3,2005-12-01,56.76,2005,12,OK,Total Electric Power Industry,Petroleum (Barrels),5696,0.07,3.3927468454955,98.0452,31.7,14.83,6542
2701,F002040__3,2006-01-01,62.7,2006,1,OK,Total Electric Power Industry,Petroleum (Barrels),6856,,3.22594410070404,98.1999,35.0,16.46,6377
2702,F002040__3,2006-02-01,59.33,2006,2,OK,Total Electric Power Industry,Petroleum (Barrels),7067,-0.02,3.22594410070404,98.2413,33.8,16.46,6377
2703,F002040__3,2006-03-01,59.6,2006,3,OK,Total Electric Power Industry,Petroleum (Barrels),3775,-0.12,3.22594410070404,98.4628,36.4,16.46,6377
2704,F002040__3,2006-04-01,66.83,2006,4,OK,Total Electric Power Industry,Petroleum (Barrels),18618,0.02,3.22594410070404,98.7618,44.6,16.46,6377
2705,F002040__3,2006-05-01,67.59,2006,5,OK,Total Electric Power Industry,Petroleum (Barrels),6543,0.2,3.22594410070404,98.7869,53.2,16.46,6377
2706,F002040__3,2006-06-01,68.0,2006,6,OK,Total Electric Power Industry,Petroleum (Barrels),1148,0.07,3.22594410070404,99.0997,60.9,16.46,6377
2707,F002040__3,2006-07-01,71.42,2006,7,OK,Total Electric Power Industry,Petroleum (Barrels),2228,-0.02,3.22594410070404,99.0489,69.3,16.46,6377
2708,F002040__3,2006-08-01,69.94,2006,8,OK,Total Electric Power Industry,Petroleum (Barrels),4299,0.02,3.22594410070404,99.4836,64.3,16.46,6377
2709,F002040__3,2006-09-01,61.06,2006,9,OK,Total Electric Power Industry,Petroleum (Barrels),5942,-0.04,3.22594410070404,99.3183,59.1,16.46,6377
2710,F002040__3,2006-10-01,56.1,2006,10,OK,Total Electric Power Industry,Petroleum (Barrels),4996,-0.04,3.22594410070404,99.2044,47.6,16.46,6377
2711,F002040__3,2006-11-01,55.59,2006,11,OK,Total Electric Power Industry,Petroleum (Barrels),8427,-0.09,3.22594410070404,99.1627,38.3,16.46,6377
2712,F002040__3,2006-12-01,58.09,2006,12,OK,Total Electric Power Industry,Petroleum (Barrels),9806,-0.09,3.22594410070404,100.1735,32.9,16.46,6377
2713,F002040__3,2007-01-01,51.34,2007,1,OK,Total Electric Power Industry,Petroleum (Barrels),12214,,2.85267248150138,99.8346,30.2,17.07,6306
2714,F002040__3,2007-02-01,56.28,2007,2,OK,Total Electric Power Industry,Petroleum (Barrels),9041,-0.12,2.85267248150138,100.7753,36.5,17.07,6306
2715,F002040__3,2007-03-01,57.67,2007,3,OK,Total Electric Power Industry,Petroleum (Barrels),142071,-0.07,2.85267248150138,100.9547,43.5,17.07,6306
2716,F002040__3,2007-04-01,60.63,2007,4,OK,Total Electric Power Industry,Petroleum (Barrels),52208,0.05,2.85267248150138,101.6334,44.7,17.07,6306
2717,F002040__3,2007-05-01,60.02,2007,5,OK,Total Electric Power Industry,Petroleum (Barrels),2745,0.01,2.85267248150138,101.7306,53.1,17.07,6306
2718,F002040__3,2007-06-01,63.68,2007,6,OK,Total Electric Power Industry,Petroleum (Barrels),9217,-0.02,2.85267248150138,101.7893,58.6,17.07,6306
2719,F002040__3,2007-07-01,70.97,2007,7,OK,Total Electric Power Industry,Petroleum (Barrels),2047,0.14,2.85267248150138,101.6672,69.6,17.07,6306
2720,F002040__3,2007-08-01,69.47,2007,8,OK,Total Electric Power Industry,Petroleum (Barrels),3638,0.2,2.85267248150138,101.863,64.8,17.07,6306
2721,F002040__3,2007-09-01,76.26,2007,9,OK,Total Electric Power Industry,Petroleum (Barrels),2398,,2.85267248150138,102.0894,56.6,17.07,6306
2722,F002040__3,2007-10-01,83.13,2007,10,OK,Total Electric Power Industry,Petroleum (Barrels),10642,0.54,2.85267248150138,101.8015,46.2,17.07,6306
2723,F002040__3,2007-11-01,92.24,2007,11,OK,Total Electric Power Industry,Petroleum (Barrels),16867,0.59,2.85267248150138,102.3446,39.1,17.07,6306
2724,F002040__3,2007-12-01,88.75,2007,12,OK,Total Electric Power Industry,Petroleum (Barrels),3784,0.99,2.85267248150138,102.3803,30.5,17.07,6306
2725,F002040__3,2008-01-01,90.22,2008,1,OK,Total Electric Power Industry,Petroleum (Barrels),1244,,3.839100296651,102.2448,28.5,20.39,6737
2726,F002040__3,2008-02-01,92.3,2008,2,OK,Total Electric Power Industry,Petroleum (Barrels),5013,1.53,3.839100296651,101.8438,35.8,20.39,6737
2727,F002040__3,2008-03-01,102.18,2008,3,OK,Total Electric Power Industry,Petroleum (Barrels),5430,1.93,3.839100296651,101.5336,36.5,20.39,6737
2728,F002040__3,2008-04-01,109.76,2008,4,OK,Total Electric Power Industry,Petroleum (Barrels),3801,1.77,3.839100296651,100.8785,40.3,20.39,6737
2729,F002040__3,2008-05-01,122.95,2008,5,OK,Total Electric Power Industry,Petroleum (Barrels),4099,1.41,3.839100296651,100.2674,51.6,20.39,6737
2730,F002040__3,2008-06-01,131.37,2008,6,OK,Total Electric Power Industry,Petroleum (Barrels),264,1.47,3.839100296651,100.0335,56.6,20.39,6737
2731,F002040__3,2008-07-01,131.04,2008,7,OK,Total Electric Power Industry,Petroleum (Barrels),2529,1.38,3.839100296651,99.676,66.3,20.39,6737
2732,F002040__3,2008-08-01,113.32,2008,8,OK,Total Electric Power Industry,Petroleum (Barrels),1328,1.46,3.839100296651,98.1111,65.2,20.39,6737
2733,F002040__3,2008-09-01,101.04,2008,9,OK,Total Electric Power Industry,Petroleum (Barrels),3545,,3.839100296651,93.7895,59.4,20.39,6737
2734,F002040__3,2008-10-01,73.65,2008,10,OK,Total Electric Power Industry,Petroleum (Barrels),868,1.95,3.839100296651,94.7219,48.8,20.39,6737
2735,F002040__3,2008-11-01,54.21,2008,11,OK,Total Electric Power Industry,Petroleum (Barrels),2805,2.51,3.839100296651,93.4715,42.4,20.39,6737
2736,F002040__3,2008-12-01,37.27,2008,12,OK,Total Electric Power Industry,Petroleum (Barrels),407,1.82,3.839100296651,90.8357,30.2,20.39,6737
2737,F002040__3,2009-01-01,36.55,2009,1,OK,Total Electric Power Industry,Petroleum (Barrels),4862,,-0.355546266299747,88.57,34.2,15.92,6656
2738,F002040__3,2009-02-01,32.88,2009,2,OK,Total Electric Power Industry,Petroleum (Barrels),2548,1.87,-0.355546266299747,88.031,35.0,15.92,6656
2739,F002040__3,2009-03-01,41.45,2009,3,OK,Total Electric Power Industry,Petroleum (Barrels),403,2.02,-0.355546266299747,86.6528,36.4,15.92,6656
2740,F002040__3,2009-04-01,45.38,2009,4,OK,Total Electric Power Industry,Petroleum (Barrels),753,1.85,-0.355546266299747,85.9344,43.4,15.92,6656
2741,F002040__3,2009-05-01,53.46,2009,5,OK,Total Electric Power Industry,Petroleum (Barrels),2960,2.29,-0.355546266299747,85.0665,53.2,15.92,6656
2742,F002040__3,2009-06-01,64.72,2009,6,OK,Total Electric Power Industry,Petroleum (Barrels),2472,2.74,-0.355546266299747,84.7459,58.4,15.92,6656
2743,F002040__3,2009-07-01,59.8,2009,7,OK,Total Electric Power Industry,Petroleum (Barrels),1462,2.5,-0.355546266299747,85.7027,68.0,15.92,6656
2744,F002040__3,2009-08-01,66.18,2009,8,OK,Total Electric Power Industry,Petroleum (Barrels),1686,2.48,-0.355546266299747,86.6426,65.3,15.92,6656
2745,F002040__3,2009-09-01,64.29,2009,9,OK,Total Electric Power Industry,Petroleum (Barrels),1661,2.46,-0.355546266299747,87.4063,61.4,15.92,6656
2746,F002040__3,2009-10-01,71.37,2009,10,OK,Total Electric Power Industry,Petroleum (Barrels),283,2.34,-0.355546266299747,87.6419,45.1,15.92,6656
2747,F002040__3,2009-11-01,73.68,2009,11,OK,Total Electric Power Industry,Petroleum (Barrels),4407,2.53,-0.355546266299747,88.0221,38.2,15.92,6656
2748,F002040__3,2009-12-01,70.32,2009,12,OK,Total Electric Power Industry,Petroleum (Barrels),2583,2.61,-0.355546266299747,88.3793,28.5,15.92,6656
2749,F002040__3,2010-01-01,73.1,2010,1,OK,Total Electric Power Industry,Petroleum (Barrels),1863,,1.6400434423899,89.3426,36.9,17.08,7130
2750,F002040__3,2010-02-01,72.18,2010,2,OK,Total Electric Power Industry,Petroleum (Barrels),2931,2.82,1.6400434423899,89.6779,37.6,17.08,7130
2751,F002040__3,2010-03-01,77.11,2010,3,OK,Total Electric Power Industry,Petroleum (Barrels),487,2.81,1.6400434423899,90.2928,39.5,17.08,7130
2752,F002040__3,2010-04-01,80.6,2010,4,OK,Total Electric Power Industry,Petroleum (Barrels),584,2.84,1.6400434423899,90.5991,42.0,17.08,7130
2753,F002040__3,2010-05-01,70.17,2010,5,OK,Total Electric Power Industry,Petroleum (Barrels),4867,2.72,1.6400434423899,91.823,46.4,17.08,7130
2754,F002040__3,2010-06-01,69.57,2010,6,OK,Total Electric Power Industry,Petroleum (Barrels),755,2.51,1.6400434423899,91.9928,55.6,17.08,7130
2755,F002040__3,2010-07-01,71.56,2010,7,OK,Total Electric Power Industry,Petroleum (Barrels),1361,2.33,1.6400434423899,92.3421,65.3,17.08,7130
2756,F002040__3,2010-08-01,72.59,2010,8,OK,Total Electric Power Industry,Petroleum (Barrels),1445,2.43,1.6400434423899,92.6805,63.5,17.08,7130
2757,F002040__3,2010-09-01,71.48,2010,9,OK,Total Electric Power Industry,Petroleum (Barrels),1550,2.08,1.6400434423899,92.9537,58.5,17.08,7130
2758,F002040__3,2010-10-01,77.27,2010,10,OK,Total Electric Power Industry,Petroleum (Barrels),5747,2.12,1.6400434423899,92.6903,50.0,17.08,7130
2759,F002040__3,2010-11-01,80.08,2010,11,OK,Total Electric Power Industry,Petroleum (Barrels),1765,2.32,1.6400434423899,92.7709,36.7,17.08,7130
2760,F002040__3,2010-12-01,85.15,2010,12,OK,Total Electric Power Industry,Petroleum (Barrels),5100,2.44,1.6400434423899,93.6787,33.4,17.08,7130
2761,F002040__3,2011-01-01,85.75,2011,1,OK,Total Electric Power Industry,Petroleum (Barrels),3338,2.75,3.156841568622,93.4814,33.9,19.68,7680
2762,F002040__3,2011-02-01,85.3,2011,2,OK,Total Electric Power Industry,Petroleum (Barrels),1885,2.87,3.156841568622,93.1102,32.6,19.68,7680
2763,F002040__3,2011-03-01,97.23,2011,3,OK,Total Electric Power Industry,Petroleum (Barrels),3135,2.75,3.156841568622,94.0788,37.9,19.68,7680
2764,F002040__3,2011-04-01,105.93,2011,4,OK,Total Electric Power Industry,Petroleum (Barrels),3317,2.66,3.156841568622,93.7749,39.5,19.68,7680
2765,F002040__3,2011-05-01,97.21,2011,5,OK,Total Electric Power Industry,Petroleum (Barrels),1314,2.7,3.156841568622,93.888,46.5,19.68,7680
2766,F002040__3,2011-06-01,92.25,2011,6,OK,Total Electric Power Industry,Petroleum (Barrels),1293,2.52,3.156841568622,94.172,54.9,19.68,7680
2767,F002040__3,2011-07-01,93.15,2011,7,OK,Total Electric Power Industry,Petroleum (Barrels),2410,2.72,3.156841568622,94.636,62.7,19.68,7680
2768,F002040__3,2011-08-01,82.1,2011,8,OK,Total Electric Power Industry,Petroleum (Barrels),2516,2.39,3.156841568622,95.2749,66.1,19.68,7680
2769,F002040__3,2011-09-01,81.7,2011,9,OK,Total Electric Power Industry,Petroleum (Barrels),2928,1.96,3.156841568622,95.1961,62.6,19.68,7680
2770,F002040__3,2011-10-01,82.45,2011,10,OK,Total Electric Power Industry,Petroleum (Barrels),3030,1.56,3.156841568622,95.8568,49.0,19.68,7680
2771,F002040__3,2011-11-01,92.91,2011,11,OK,Total Electric Power Industry,Petroleum (Barrels),1718,1.78,3.156841568622,95.8485,37.0,19.68,7680
2772,F002040__3,2011-12-01,94.77,2011,12,OK,Total Electric Power Industry,Petroleum (Barrels),3796,1.84,3.156841568622,96.3571,32.6,19.68,7680
2773,F002040__3,2012-01-01,96.31,2012,1,OK,Total Electric Power Industry,Petroleum (Barrels),1319,,2.06933726526067,96.9318,34.4,20.13,7703
2774,F002040__3,2012-02-01,98.4,2012,2,OK,Total Electric Power Industry,Petroleum (Barrels),2425,1.64,2.06933726526067,97.2435,34.6,20.13,7703
2775,F002040__3,2012-03-01,102.26,2012,3,OK,Total Electric Power Industry,Petroleum (Barrels),378,1.73,2.06933726526067,96.74,38.3,20.13,7703
2776,F002040__3,2012-04-01,99.42,2012,4,OK,Total Electric Power Industry,Petroleum (Barrels),3113,1.89,2.06933726526067,97.4359,45.9,20.13,7703
2777,F002040__3,2012-05-01,90.53,2012,5,OK,Total Electric Power Industry,Petroleum (Barrels),5519,1.71,2.06933726526067,97.6609,50.8,20.13,7703
2778,F002040__3,2012-06-01,78.84,2012,6,OK,Total Electric Power Industry,Petroleum (Barrels),2143,1.22,2.06933726526067,97.6663,55.5,20.13,7703
2779,F002040__3,2012-07-01,84.2,2012,7,OK,Total Electric Power Industry,Petroleum (Barrels),968,1.31,2.06933726526067,97.8713,66.3,20.13,7703
2780,F002040__3,2012-08-01,89.88,2012,8,OK,Total Electric Power Industry,Petroleum (Barrels),93,1.32,2.06933726526067,97.4525,67.7,20.13,7703
2781,F002040__3,2012-09-01,90.54,2012,9,OK,Total Electric Power Industry,Petroleum (Barrels),1373,,2.06933726526067,97.381,61.8,20.13,7703
2782,F002040__3,2012-10-01,85.78,2012,10,OK,Total Electric Power Industry,Petroleum (Barrels),875,1.39,2.06933726526067,97.7193,48.8,20.13,7703
2783,F002040__3,2012-11-01,82.81,2012,11,OK,Total Electric Power Industry,Petroleum (Barrels),2182,1.45,2.06933726526067,98.0777,40.6,20.13,7703
2784,F002040__3,2012-12-01,84.21,2012,12,OK,Total Electric Power Industry,Petroleum (Barrels),1195,1.38,2.06933726526067,98.3101,31.5,20.13,7703
2785,F002040__3,2013-01-01,90.44,2013,1,OK,Total Electric Power Industry,Petroleum (Barrels),1231,,1.46483265562717,98.3342,29.7,19.67,7707
2786,F002040__3,2013-02-01,91.41,2013,2,OK,Total Electric Power Industry,Petroleum (Barrels),302,1.77,1.46483265562717,98.7941,35.1,19.67,7707
2787,F002040__3,2013-03-01,89.24,2013,3,OK,Total Electric Power Industry,Petroleum (Barrels),229,1.61,1.46483265562717,99.1921,40.9,19.67,7707
2788,F002040__3,2013-04-01,88.05,2013,4,OK,Total Electric Power Industry,Petroleum (Barrels),3679,1.63,1.46483265562717,99.1065,44.6,19.67,7707
2789,F002040__3,2013-05-01,90.93,2013,5,OK,Total Electric Power Industry,Petroleum (Barrels),1987,1.46,1.46483265562717,99.1839,52.5,19.67,7707
2790,F002040__3,2013-06-01,91.66,2013,6,OK,Total Electric Power Industry,Petroleum (Barrels),3462,1.83,1.46483265562717,99.3897,59.4,19.67,7707
2791,F002040__3,2013-07-01,100.97,2013,7,OK,Total Electric Power Industry,Petroleum (Barrels),414,2.16,1.46483265562717,99.0814,69.4,19.67,7707
2792,F002040__3,2013-08-01,102.81,2013,8,OK,Total Electric Power Industry,Petroleum (Barrels),404,2.39,1.46483265562717,99.6543,66.5,19.67,7707
2793,F002040__3,2013-09-01,102.65,2013,9,OK,Total Electric Power Industry,Petroleum (Barrels),243,,1.46483265562717,100.161,58.3,19.67,7707
2794,F002040__3,2013-10-01,97.35,2013,10,OK,Total Electric Power Industry,Petroleum (Barrels),2544,2.33,1.46483265562717,100.082,46.2,19.67,7707
2795,F002040__3,2013-11-01,89.79,2013,11,OK,Total Electric Power Industry,Petroleum (Barrels),1241,2.32,1.46483265562717,100.3158,39.4,19.67,7707
2796,F002040__3,2013-12-01,93.79,2013,12,OK,Total Electric Power Industry,Petroleum (Barrels),3546,2.51,1.46483265562717,100.5175,29.7,19.67,7707
2797,F002040__3,2014-01-01,90.81,2014,1,OK,Total Electric Power Industry,Petroleum (Barrels),574,,1.62222297740817,100.1599,36.7,19.85,7981
2798,F002040__3,2014-02-01,96.4,2014,2,OK,Total Electric Power Industry,Petroleum (Barrels),1499,2.31,1.62222297740817,100.9168,35.3,19.85,7981
2799,F002040__3,2014-03-01,96.84,2014,3,OK,Total Electric Power Industry,Petroleum (Barrels),4200,2.28,1.62222297740817,101.8942,41.8,19.85,7981
2800,F002040__3,2014-04-01,98.82,2014,4,OK,Total Electric Power Industry,Petroleum (Barrels),2665,2.33,1.62222297740817,101.9928,45.8,19.85,7981
2801,F002040__3,2014-05-01,98.35,2014,5,OK,Total Electric Power Industry,Petroleum (Barrels),3455,2.22,1.62222297740817,102.3836,53.3,19.85,7981
2802,F002040__3,2014-06-01,101.72,2014,6,OK,Total Electric Power Industry,Petroleum (Barrels),1242,2.15,1.62222297740817,102.735,58.1,19.85,7981
2803,F002040__3,2014-07-01,99.24,2014,7,OK,Total Electric Power Industry,Petroleum (Barrels),1225,2.11,1.62222297740817,102.9632,70.0,19.85,7981
2804,F002040__3,2014-08-01,93.47,2014,8,OK,Total Electric Power Industry,Petroleum (Barrels),1578,2.05,1.62222297740817,102.7688,66.6,19.85,7981
2805,F002040__3,2014-09-01,87.84,2014,9,OK,Total Electric Power Industry,Petroleum (Barrels),3007,,1.62222297740817,103.0641,60.8,19.85,7981
2806,F002040__3,2014-10-01,81.46,2014,10,OK,Total Electric Power Industry,Petroleum (Barrels),964,1.89,1.62222297740817,103.0764,52.9,19.85,7981
2807,F002040__3,2014-11-01,72.83,2014,11,OK,Total Electric Power Industry,Petroleum (Barrels),1194,1.84,1.62222297740817,103.7126,38.2,19.85,7981
2808,F002040__3,2014-12-01,55.81,2014,12,OK,Total Electric Power Industry,Petroleum (Barrels),846,1.73,1.62222297740817,103.7044,36.0,19.85,7981
2809,F002040__3,2015-01-01,44.36,2015,1,OK,Total Electric Power Industry,Petroleum (Barrels),48,,0.118627135552451,102.8905,38.1,15.95,8068
2810,F002040__3,2015-02-01,46.94,2015,2,OK,Total Electric Power Industry,Petroleum (Barrels),114,1.19,0.118627135552451,102.2335,41.7,15.95,8068
2811,F002040__3,2015-03-01,43.46,2015,3,OK,Total Electric Power Industry,Petroleum (Barrels),2496,1.42,0.118627135552451,101.8914,45.7,15.95,8068
2812,F002040__3,2015-04-01,48.92,2015,4,OK,Total Electric Power Industry,Petroleum (Barrels),138,1.32,0.118627135552451,101.3355,44.7,15.95,8068
2813,F002040__3,2015-05-01,54.44,2015,5,OK,Total Electric Power Industry,Petroleum (Barrels),2198,1.52,0.118627135552451,100.8883,53.5,15.95,8068
2814,F002040__3,2015-06-01,55.42,2015,6,OK,Total Electric Power Industry,Petroleum (Barrels),3316,1.55,0.118627135552451,100.571,65.6,15.95,8068
2815,F002040__3,2015-07-01,47.69,2015,7,OK,Total Electric Power Industry,Petroleum (Barrels),1185,1.74,0.118627135552451,101.2228,67.5,15.95,8068
2816,F002040__3,2015-08-01,39.49,2015,8,OK,Total Electric Power Industry,Petroleum (Barrels),283,1.48,0.118627135552451,101.0367,66.9,15.95,8068
2817,F002040__3,2015-09-01,41.67,2015,9,OK,Total Electric Power Industry,Petroleum (Barrels),3749,1.47,0.118627135552451,100.7547,58.1,15.95,8068
2818,F002040__3,2015-10-01,42.64,2015,10,OK,Total Electric Power Industry,Petroleum (Barrels),1812,1.41,0.118627135552451,100.2675,54.3,15.95,8068
2819,F002040__3,2015-11-01,39.16,2015,11,OK,Total Electric Power Industry,Petroleum (Barrels),1424,1.43,0.118627135552451,99.5298,35.8,15.95,8068
2820,F002040__3,2015-12-01,33.16,2015,12,OK,Total Electric Power Industry,Petroleum (Barrels),3082,1.24,0.118627135552451,99.0417,32.4,15.95,8068
2821,F002040__3,2016-01-01,27.84,2016,1,OK,Total Electric Power Industry,Petroleum (Barrels),3795,,1.26158320570536,99.5607,33.1,13.94,8356
2822,F002040__3,2016-02-01,26.4,2016,2,OK,Total Electric Power Industry,Petroleum (Barrels),475,1.16,1.26158320570536,99.0445,40.2,13.94,8356
2823,F002040__3,2016-03-01,33.09,2016,3,OK,Total Electric Power Industry,Petroleum (Barrels),4187,0.98,1.26158320570536,98.3096,41.2,13.94,8356
2824,F002040__3,2016-04-01,36.45,2016,4,OK,Total Electric Power Industry,Petroleum (Barrels),1504,1.03,1.26158320570536,98.6421,50.1,13.94,8356
2825,F002040__3,2016-05-01,42.71,2016,5,OK,Total Electric Power Industry,Petroleum (Barrels),1621,1.08,1.26158320570536,98.4184,53.2,13.94,8356
2826,F002040__3,2016-06-01,45.33,2016,6,OK,Total Electric Power Industry,Petroleum (Barrels),6181,0.94,1.26158320570536,98.8833,60.5,13.94,8356
2827,F002040__3,2016-07-01,41.8,2016,7,OK,Total Electric Power Industry,Petroleum (Barrels),565,0.87,1.26158320570536,98.9992,64.4,13.94,8356
2828,F002040__3,2016-08-01,41.63,2016,8,OK,Total Electric Power Industry,Petroleum (Barrels),1546,0.84,1.26158320570536,98.85,66.7,13.94,8356
2829,F002040__3,2016-09-01,41.71,2016,9,OK,Total Electric Power Industry,Petroleum (Barrels),7205,0.79,1.26158320570536,98.7457,57.1,13.94,8356
2830,F002040__3,2016-10-01,46.07,2016,10,OK,Total Electric Power Industry,Petroleum (Barrels),1677,0.83,1.26158320570536,98.7611,48.1,13.94,8356
2831,F002040__3,2016-11-01,42.53,2016,11,OK,Total Electric Power Industry,Petroleum (Barrels),1802,1.0,1.26158320570536,98.3491,43.2,13.94,8356
2832,F002040__3,2016-12-01,48.94,2016,12,OK,Total Electric Power Industry,Petroleum (Barrels),1455,1.31,1.26158320570536,99.0214,27.4,13.94,8356
2833,F002040__3,2017-01-01,49.24,2017,1,OK,Total Electric Power Industry,Petroleum (Barrels),2953,,2.13011000365961,98.7611,26.7,15.28,8541
2834,F002040__3,2017-02-01,50.23,2017,2,OK,Total Electric Power Industry,Petroleum (Barrels),1765,1.26,2.13011000365961,98.3646,34.8,15.28,8541
2835,F002040__3,2017-03-01,46.74,2017,3,OK,Total Electric Power Industry,Petroleum (Barrels),2478,1.17,2.13011000365961,99.0137,41.6,15.28,8541
2836,F002040__3,2017-04-01,48.24,2017,4,OK,Total Electric Power Industry,Petroleum (Barrels),1533,1.11,2.13011000365961,100.0224,42.9,15.28,8541
2837,F002040__3,2017-05-01,45.74,2017,5,OK,Total Electric Power Industry,Petroleum (Barrels),477,1.05,2.13011000365961,100.1408,52.9,15.28,8541
2838,F002040__3,2017-06-01,42.6,2017,6,OK,Total Electric Power Industry,Petroleum (Barrels),5151,0.93,2.13011000365961,100.3471,59.9,15.28,8541
2839,F002040__3,2017-07-01,44.13,2017,7,OK,Total Electric Power Industry,Petroleum (Barrels),2111,0.94,2.13011000365961,100.1068,69.2,15.28,8541
2840,F002040__3,2017-08-01,45.79,2017,8,OK,Total Electric Power Industry,Petroleum (Barrels),924,0.92,2.13011000365961,99.6925,69.6,15.28,8541
2841,F002040__3,2017-09-01,47.26,2017,9,OK,Total Electric Power Industry,Petroleum (Barrels),928,0.81,2.13011000365961,99.7954,59.6,15.28,8541
2842,F002040__3,2017-10-01,48.73,2017,10,OK,Total Electric Power Industry,Petroleum (Barrels),2053,0.85,2.13011000365961,101.0247,47.0,15.28,8541
2843,F002040__3,2017-11-01,54.87,2017,11,OK,Total Electric Power Industry,Petroleum (Barrels),4522,0.76,2.13011000365961,101.2664,39.3,15.28,8541
2844,F002040__3,2017-12-01,55.75,2017,12,OK,Total Electric Power Industry,Petroleum (Barrels),3968,0.59,2.13011000365961,101.4644,32.9,15.28,8541
2845,F002040__3,2018-01-01,61.5,2018,1,OK,Total Electric Power Industry,Petroleum (Barrels),2188,,2.44258329692817,101.4625,37.5,16.12,8726
2846,F002040__3,2018-02-01,60.22,2018,2,OK,Total Electric Power Industry,Petroleum (Barrels),2336,0.62,2.44258329692817,101.7085,33.2,16.12,8726
2847,F002040__3,2018-03-01,61.01,2018,3,OK,Total Electric Power Industry,Petroleum (Barrels),2139,0.59,2.44258329692817,102.2067,38.4,16.12,8726
2848,F002040__3,2018-04-01,64.37,2018,4,OK,Total Electric Power Industry,Petroleum (Barrels),3702,0.48,2.44258329692817,103.3329,45.0,16.12,8726
2849,F002040__3,2018-05-01,67.83,2018,5,OK,Total Electric Power Industry,Petroleum (Barrels),2372,0.47,2.44258329692817,102.4024,55.4,16.12,8726
2850,F002040__3,2018-06-01,65.35,2018,6,OK,Total Electric Power Industry,Petroleum (Barrels),2125,0.42,2.44258329692817,103.198,58.5,16.12,8726
2851,F002040__3,2018-07-01,69.08,2018,7,OK,Total Electric Power Industry,Petroleum (Barrels),4485,0.3,2.44258329692817,103.3646,69.0,16.12,8726
2852,F002040__3,2018-08-01,67.58,2018,8,OK,Total Electric Power Industry,Petroleum (Barrels),3011,0.33,2.44258329692817,104.0327,66.5,16.12,8726
2853,F002040__3,2018-09-01,68.91,2018,9,OK,Total Electric Power Industry,Petroleum (Barrels),776,,2.44258329692817,104.1004,57.4,16.12,8726
2854,F002040__3,2018-10-01,68.92,2018,10,OK,Total Electric Power Industry,Petroleum (Barrels),2796,0.27,2.44258329692817,103.9856,48.8,16.12,8726
2855,F002040__3,2018-11-01,54.95,2018,11,OK,Total Electric Power Industry,Petroleum (Barrels),4707,0.3,2.44258329692817,104.0681,39.3,16.12,8726
2856,F002040__3,2018-12-01,46.74,2018,12,OK,Total Electric Power Industry,Petroleum (Barrels),2070,0.15,2.44258329692817,104.0936,32.3,16.12,8726
2857,F002040__3,2019-01-01,48.88,2019,1,OK,Total Electric Power Industry,Petroleum (Barrels),3173,,1.81221007526021,103.4021,35.3,15.46,8445
2858,F002040__3,2019-02-01,52.16,2019,2,OK,Total Electric Power Industry,Petroleum (Barrels),5129,0.18,1.81221007526021,102.8371,28.8,15.46,8445
2859,F002040__3,2019-03-01,55.16,2019,3,OK,Total Electric Power Industry,Petroleum (Barrels),1834,0.21,1.81221007526021,102.8757,37.3,15.46,8445
2860,F002040__3,2019-04-01,60.97,2019,4,OK,Total Electric Power Industry,Petroleum (Barrels),2554,0.16,1.81221007526021,102.274,46.1,15.46,8445
2861,F002040__3,2019-05-01,58.42,2019,5,OK,Total Electric Power Industry,Petroleum (Barrels),5254,0.21,1.81221007526021,102.392,52.7,15.46,8445
2862,F002040__3,2019-06-01,52.39,2019,6,OK,Total Electric Power Industry,Petroleum (Barrels),2847,0.25,1.81221007526021,102.4375,59.0,15.46,8445
2863,F002040__3,2019-07-01,54.99,2019,7,OK,Total Electric Power Industry,Petroleum (Barrels),3468,0.25,1.81221007526021,101.9408,64.9,15.46,8445
2864,F002040__3,2019-08-01,52.49,2019,8,OK,Total Electric Power Industry,Petroleum (Barrels),5106,0.17,1.81221007526021,102.639,67.1,15.46,8445
2865,F002040__3,2019-09-01,54.69,2019,9,OK,Total Electric Power Industry,Petroleum (Barrels),3421,,1.81221007526021,102.2917,56.6,15.46,8445
2866,F002040__3,2019-10-01,52.22,2019,10,OK,Total Electric Power Industry,Petroleum (Barrels),185,0.09,1.81221007526021,101.4281,43.2,15.46,8445
2867,F002040__3,2019-11-01,55.02,2019,11,OK,Total Electric Power Industry,Petroleum (Barrels),1951,0.17,1.81221007526021,101.9372,40.5,15.46,8445
2868,F002040__3,2019-12-01,57.58,2019,12,OK,Total Electric Power Industry,Petroleum (Barrels),70,0.22,1.81221007526021,101.7003,34.2,15.46,8445
2869,F002040__3,2020-01-01,55.78,2020,1,OK,Total Electric Power Industry,Petroleum (Barrels),3844,,1.23358439630629,101.0338,34.9,13.38,7113
2870,F002040__3,2020-02-01,48.6,2020,2,OK,Total Electric Power Industry,Petroleum (Barrels),151,0.18,1.23358439630629,101.3735,35.8,13.38,7113
2871,F002040__3,2020-03-01,28.14,2020,3,OK,Total Electric Power Industry,Petroleum (Barrels),68,0.26,1.23358439630629,97.4078,38.8,13.38,7113
2872,F002040__3,2020-04-01,14.28,2020,4,OK,Total Electric Power Industry,Petroleum (Barrels),65,0.39,1.23358439630629,84.5619,46.3,13.38,7113
2873,F002040__3,2020-05-01,19.96,2020,5,OK,Total Electric Power Industry,Petroleum (Barrels),6531,0.44,1.23358439630629,85.9604,52.6,13.38,7113
2874,F002040__3,2020-06-01,33.77,2020,6,OK,Total Electric Power Industry,Petroleum (Barrels),8968,0.52,1.23358439630629,91.5934,57.9,13.38,7113
2875,F002040__3,2020-07-01,37.87,2020,7,OK,Total Electric Power Industry,Petroleum (Barrels),4833,0.52,1.23358439630629,95.0256,66.0,13.38,7113
2876,F002040__3,2020-08-01,39.51,2020,8,OK,Total Electric Power Industry,Petroleum (Barrels),2632,0.45,1.23358439630629,95.9549,67.2,13.38,7113
2877,F002040__3,2020-09-01,36.68,2020,9,OK,Total Electric Power Industry,Petroleum (Barrels),3461,0.55,1.23358439630629,95.9669,62.6,13.38,7113
2878,F002040__3,2020-10-01,36.62,2020,10,OK,Total Electric Power Industry,Petroleum (Barrels),7225,0.54,1.23358439630629,96.7394,51.3,13.38,7113
2879,F002040__3,2020-11-01,38.45,2020,11,OK,Total Electric Power Industry,Petroleum (Barrels),6691,0.71,1.23358439630629,97.0816,38.3,13.38,7113
2880,F002040__3,2020-12-01,44.27,2020,12,OK,Total Electric Power Industry,Petroleum (Barrels),7887,0.75,1.23358439630629,98.363,34.2,13.38,7113
2881,F002040__3,2021-01-01,49.4,2021,1,OK,Total Electric Power Industry,Petroleum (Barrels),7079,,4.69785886363742,98.8822,34.8,17.41,7904
2882,F002040__3,2021-02-01,56.58,2021,2,OK,Total Electric Power Industry,Petroleum (Barrels),12278,0.98,4.69785886363742,95.6149,33.6,17.41,7904
2883,F002040__3,2021-03-01,60.18,2021,3,OK,Total Electric Power Industry,Petroleum (Barrels),4888,1.32,4.69785886363742,98.3856,39.0,17.41,7904
2884,F002040__3,2021-04-01,59.49,2021,4,OK,Total Electric Power Industry,Petroleum (Barrels),2920,1.52,4.69785886363742,98.5587,46.6,17.41,7904
2885,F002040__3,2021-05-01,62.72,2021,5,OK,Total Electric Power Industry,Petroleum (Barrels),5027,1.47,4.69785886363742,99.4333,52.0,17.41,7904
2886,F002040__3,2021-06-01,69.01,2021,6,OK,Total Electric Power Industry,Petroleum (Barrels),5945,1.46,4.69785886363742,99.7987,65.2,17.41,7904
2887,F002040__3,2021-07-01,70.37,2021,7,OK,Total Electric Power Industry,Petroleum (Barrels),6995,1.23,4.69785886363742,100.2519,71.4,17.41,7904
2888,F002040__3,2021-08-01,65.91,2021,8,OK,Total Electric Power Industry,Petroleum (Barrels),2819,1.03,4.69785886363742,100.0437,66.4,17.41,7904
2889,F002040__3,2021-09-01,69.58,2021,9,OK,Total Electric Power Industry,Petroleum (Barrels),4845,1.11,4.69785886363742,98.8579,59.4,17.41,7904
2890,F002040__3,2021-10-01,79.31,2021,10,OK,Total Electric Power Industry,Petroleum (Barrels),7879,1.21,4.69785886363742,100.1861,47.6,17.41,7904
2891,F002040__3,2021-11-01,76.69,2021,11,OK,Total Electric Power Industry,Petroleum (Barrels),2819,1.08,4.69785886363742,100.8654,41.9,17.41,7904
2892,F002040__3,2021-12-01,70.62,2021,12,OK,Total Electric Power Industry,Petroleum (Barrels),3832,0.87,4.69785886363742,100.5726,32.4,17.41,7904
2893,F002040__3,2022-01-01,80.93,2022,1,OK,Total Electric Power Industry,Petroleum (Barrels),7148,0.85,8.00279982052121,100.1856,34.9,23.62,8375
2894,F002040__3,2022-02-01,89.84,2022,2,OK,Total Electric Power Industry,Petroleum (Barrels),6225,0.63,8.00279982052121,100.8064,35.6,23.62,8375
2895,F002040__3,2022-03-01,107.84,2022,3,OK,Total Electric Power Industry,Petroleum (Barrels),5048,0.41,8.00279982052121,101.3907,41.9,23.62,8375
2896,F002040__3,2022-04-01,102.54,2022,4,OK,Total Electric Power Industry,Petroleum (Barrels),2534,-0.05,8.00279982052121,101.44,40.6,23.62,8375
2897,F002040__3,2022-05-01,108.38,2022,5,OK,Total Electric Power Industry,Petroleum (Barrels),3822,0.26,8.00279982052121,101.3335,48.1,23.62,8375
2898,F002040__3,2022-06-01,113.85,2022,6,OK,Total Electric Power Industry,Petroleum (Barrels),6870,0.28,8.00279982052121,101.018,58.3,23.62,8375
2899,F002040__3,2022-07-01,100.26,2022,7,OK,Total Electric Power Industry,Petroleum (Barrels),2899,0.04,8.00279982052121,101.223,69.3,23.62,8375
2900,F002040__3,2022-08-01,92.39,2022,8,OK,Total Electric Power Industry,Petroleum (Barrels),3892,-0.3,8.00279982052121,101.0963,70.4,23.62,8375
2901,F002040__3,2022-09-01,82.65,2022,9,OK,Total Electric Power Industry,Petroleum (Barrels),2628,-0.25,8.00279982052121,101.2918,62.5,23.62,8375
2902,F002040__3,2022-10-01,85.12,2022,10,OK,Total Electric Power Industry,Petroleum (Barrels),4986,-0.45,8.00279982052121,101.2529,53.8,23.62,8375
2903,F002040__3,2022-11-01,83.21,2022,11,OK,Total Electric Power Industry,Petroleum (Barrels),3483,-0.47,8.00279982052121,100.9552,33.7,23.62,8375
2904,F002040__3,2022-12-01,75.23,2022,12,OK,Total Electric Power Industry,Petroleum (Barrels),6107,-0.72,8.00279982052121,99.7664,30.6,23.62,8375
2905,F002040__3,2023-01-01,75.89,2023,1,OK,Total Electric Power Industry,Petroleum (Barrels),4178,,4.11633838374488,100.505,32.0,20.3,8607
2906,F002040__3,2023-02-01,74.32,2023,2,OK,Total Electric Power Industry,Petroleum (Barrels),640,-0.7,4.11633838374488,100.6416,32.3,20.3,8607
2907,F002040__3,2023-03-01,70.89,2023,3,OK,Total Electric Power Industry,Petroleum (Barrels),220,-0.88,4.11633838374488,101.0205,33.2,20.3,8607
2908,F002040__3,2023-04-01,77.01,2023,4,OK,Total Electric Power Industry,Petroleum (Barrels),1031,-0.54,4.11633838374488,101.253,42.8,20.3,8607
2909,F002040__3,2023-05-01,69.42,2023,5,OK,Total Electric Power Industry,Petroleum (Barrels),2742,-0.55,4.11633838374488,100.9286,55.3,20.3,8607
2910,F002040__3,2023-06-01,68.15,2023,6,OK,Total Electric Power Industry,Petroleum (Barrels),9360,-0.72,4.11633838374488,100.1196,59.2,20.3,8607
2911,F002040__3,2023-07-01,73.55,2023,7,OK,Total Electric Power Industry,Petroleum (Barrels),5772,-1.08,4.11633838374488,100.9067,68.9,20.3,8607
2912,F002040__3,2023-08-01,79.2,2023,8,OK,Total Electric Power Industry,Petroleum (Barrels),5452,-0.87,4.11633838374488,100.8393,67.7,20.3,8607
2913,F002040__3,2023-09-01,87.65,2023,9,OK,Total Electric Power Industry,Petroleum (Barrels),5796,-0.69,4.11633838374488,101.0211,57.7,20.3,8607
2914,F002040__3,2023-10-01,84.32,2023,10,OK,Total Electric Power Industry,Petroleum (Barrels),826,-0.43,4.11633838374488,100.4689,50.0,20.3,8607
2915,F002040__3,2023-11-01,77.65,2023,11,OK,Total Electric Power Industry,Petroleum (Barrels),3591,-0.18,4.11633838374488,100.8639,39.9,20.3,8607
2916,F002040__3,2023-12-01,70.29,2023,12,OK,Total Electric Power Industry,Petroleum (Barrels),773,-0.34,4.11633838374488,100.6031,37.3,20.3,8607
2917,F002046__3,2001-01-01,26.9,2001,1,SD,Total Electric Power Industry,Petroleum (Barrels),49116,,2.82617111885407,91.902,34.3,11.05,6111
2918,F002046__3,2001-02-01,27.17,2001,2,SD,Total Electric Power Industry,Petroleum (Barrels),25400,0.55,2.82617111885407,91.3034,44.7,11.05,6111
2919,F002046__3,2001-03-01,25.59,2001,3,SD,Total Electric Power Industry,Petroleum (Barrels),3303,0.46,2.82617111885407,91.1162,44.6,11.05,6111
2920,F002046__3,2001-04-01,25.87,2001,4,SD,Total Electric Power Industry,Petroleum (Barrels),3667,0.76,2.82617111885407,90.7891,61.3,11.05,6111
2921,F002046__3,2001-05-01,26.47,2001,5,SD,Total Electric Power Industry,Petroleum (Barrels),7954,1.07,2.82617111885407,90.3555,66.9,11.05,6111
2922,F002046__3,2001-09-01,24.51,2001,9,SD,Total Electric Power Industry,Petroleum (Barrels),985,,2.82617111885407,88.7485,67.6,11.05,6111
2923,F002046__3,2001-10-01,20.13,2001,10,SD,Total Electric Power Industry,Petroleum (Barrels),1418,1.73,2.82617111885407,88.5052,56.5,11.05,6111
2924,F002046__3,2001-11-01,17.87,2001,11,SD,Total Electric Power Industry,Petroleum (Barrels),1860,1.75,2.82617111885407,87.97,53.0,11.05,6111
2925,F002046__3,2001-12-01,17.2,2001,12,SD,Total Electric Power Industry,Petroleum (Barrels),735,1.93,2.82617111885407,87.9324,44.4,11.05,6111
2926,F002046__3,2002-01-01,17.49,2002,1,SD,Total Electric Power Industry,Petroleum (Barrels),660,,1.58603162650601,88.5176,40.3,10.09,6214
2927,F002046__3,2002-02-01,18.21,2002,2,SD,Total Electric Power Industry,Petroleum (Barrels),1996,1.94,1.58603162650601,88.5278,40.5,10.09,6214
2928,F002046__3,2002-03-01,22.24,2002,3,SD,Total Electric Power Industry,Petroleum (Barrels),1008,1.8,1.58603162650601,89.1686,48.3,10.09,6214
2929,F002046__3,2002-04-01,23.97,2002,4,SD,Total Electric Power Industry,Petroleum (Barrels),1027,1.7,1.58603162650601,89.604,60.9,10.09,6214
2930,F002046__3,2002-06-01,23.31,2002,6,SD,Total Electric Power Industry,Petroleum (Barrels),880,1.87,1.58603162650601,90.7061,74.9,10.09,6214
2931,F002046__3,2002-07-01,24.9,2002,7,SD,Total Electric Power Industry,Petroleum (Barrels),3661,1.97,1.58603162650601,90.6769,78.8,10.09,6214
2932,F002046__3,2002-08-01,26.0,2002,8,SD,Total Electric Power Industry,Petroleum (Barrels),1891,2.32,1.58603162650601,90.5762,77.8,10.09,6214
2933,F002046__3,2002-09-01,27.58,2002,9,SD,Total Electric Power Industry,Petroleum (Barrels),1089,,1.58603162650601,90.6531,73.3,10.09,6214
2934,F002046__3,2002-10-01,26.83,2002,10,SD,Total Electric Power Industry,Petroleum (Barrels),2215,1.92,1.58603162650601,90.4643,60.9,10.09,6214
2935,F002046__3,2002-11-01,24.19,2002,11,SD,Total Electric Power Industry,Petroleum (Barrels),1311,2.25,1.58603162650601,90.9711,45.3,10.09,6214
2936,F002046__3,2002-12-01,27.36,2002,12,SD,Total Electric Power Industry,Petroleum (Barrels),263,2.15,1.58603162650601,90.4652,39.5,10.09,6214
2937,F002046__3,2003-01-01,30.8,2003,1,SD,Total Electric Power Industry,Petroleum (Barrels),2812,,2.27009497336115,91.2361,32.2,11.17,6176
2938,F002046__3,2003-02-01,33.64,2003,2,SD,Total Electric Power Industry,Petroleum (Barrels),5114,2.29,2.27009497336115,91.3445,38.5,11.17,6176
2939,F002046__3,2003-03-01,31.28,2003,3,SD,Total Electric Power Industry,Petroleum (Barrels),3966,2.16,2.27009497336115,91.1044,51.3,11.17,6176
2940,F002046__3,2003-04-01,26.42,2003,4,SD,Total Electric Power Industry,Petroleum (Barrels),2458,2.34,2.27009497336115,90.5617,59.4,11.17,6176
2941,F002046__3,2003-05-01,26.2,2003,5,SD,Total Electric Power Industry,Petroleum (Barrels),666,2.38,2.27009497336115,90.537,66.5,11.17,6176
2942,F002046__3,2003-06-01,28.6,2003,6,SD,Total Electric Power Industry,Petroleum (Barrels),1622,2.1,2.27009497336115,90.6527,70.6,11.17,6176
2943,F002046__3,2003-07-01,28.9,2003,7,SD,Total Electric Power Industry,Petroleum (Barrels),3757,2.26,2.27009497336115,91.1185,76.2,11.17,6176
2944,F002046__3,2003-08-01,29.78,2003,8,SD,Total Electric Power Industry,Petroleum (Barrels),4083,2.59,2.27009497336115,90.9197,77.1,11.17,6176
2945,F002046__3,2003-09-01,26.4,2003,9,SD,Total Electric Power Industry,Petroleum (Barrels),2785,,2.27009497336115,91.5059,68.1,11.17,6176
2946,F002046__3,2003-10-01,28.33,2003,10,SD,Total Electric Power Industry,Petroleum (Barrels),1626,2.49,2.27009497336115,91.6186,58.5,11.17,6176
2947,F002046__3,2003-11-01,27.97,2003,11,SD,Total Electric Power Industry,Petroleum (Barrels),2364,2.5,2.27009497336115,92.2329,52.8,11.17,6176
2948,F002046__3,2003-12-01,29.21,2003,12,SD,Total Electric Power Industry,Petroleum (Barrels),11789,2.28,2.27009497336115,92.2602,38.9,11.17,6176
2949,F002046__3,2004-01-01,30.61,2004,1,SD,Total Electric Power Industry,Petroleum (Barrels),32809,,2.67723669309172,92.4006,36.9,12.8,6283
2950,F002046__3,2004-02-01,31.96,2004,2,SD,Total Electric Power Industry,Petroleum (Barrels),523,2.35,2.67723669309172,92.958,39.4,12.8,6283
2951,F002046__3,2004-03-01,33.53,2004,3,SD,Total Electric Power Industry,Petroleum (Barrels),371,2.33,2.67723669309172,92.5861,52.7,12.8,6283
2952,F002046__3,2004-04-01,33.43,2004,4,SD,Total Electric Power Industry,Petroleum (Barrels),881,2.26,2.67723669309172,92.93,57.2,12.8,6283
2953,F002046__3,2004-05-01,36.95,2004,5,SD,Total Electric Power Industry,Petroleum (Barrels),364,2.19,2.67723669309172,93.6013,70.1,12.8,6283
2954,F002046__3,2004-06-01,34.95,2004,6,SD,Total Electric Power Industry,Petroleum (Barrels),2174,2.11,2.67723669309172,92.871,73.7,12.8,6283
2955,F002046__3,2004-07-01,37.68,2004,7,SD,Total Electric Power Industry,Petroleum (Barrels),6213,1.93,2.67723669309172,93.5649,75.6,12.8,6283
2956,F002046__3,2004-08-01,42.26,2004,8,SD,Total Electric Power Industry,Petroleum (Barrels),626,1.82,2.67723669309172,93.6277,72.2,12.8,6283
2957,F002046__3,2004-09-01,43.22,2004,9,SD,Total Electric Power Industry,Petroleum (Barrels),1371,1.72,2.67723669309172,93.7467,69.6,12.8,6283
2958,F002046__3,2004-10-01,50.63,2004,10,SD,Total Electric Power Industry,Petroleum (Barrels),1420,1.58,2.67723669309172,94.5465,62.8,12.8,6283
2959,F002046__3,2004-11-01,46.06,2004,11,SD,Total Electric Power Industry,Petroleum (Barrels),422,1.5,2.67723669309172,94.7813,53.0,12.8,6283
2960,F002046__3,2004-12-01,39.1,2004,12,SD,Total Electric Power Industry,Petroleum (Barrels),8587,1.37,2.67723669309172,95.5365,38.7,12.8,6283
2961,F002046__3,2005-01-01,42.97,2005,1,SD,Total Electric Power Industry,Petroleum (Barrels),3412,1.13,3.3927468454955,95.8801,42.8,15.18,6542
2962,F002046__3,2005-02-01,43.35,2005,2,SD,Total Electric Power Industry,Petroleum (Barrels),1202,0.86,3.3927468454955,96.5761,44.4,15.18,6542
2963,F002046__3,2005-03-01,49.93,2005,3,SD,Total Electric Power Industry,Petroleum (Barrels),1221,0.79,3.3927468454955,96.4456,47.0,15.18,6542
2964,F002046__3,2005-04-01,48.87,2005,4,SD,Total Electric Power Industry,Petroleum (Barrels),1563,0.71,3.3927468454955,96.6532,57.9,15.18,6542
2965,F002046__3,2005-05-01,44.01,2005,5,SD,Total Electric Power Industry,Petroleum (Barrels),2491,0.57,3.3927468454955,96.7402,63.3,15.18,6542
2966,F002046__3,2005-06-01,50.25,2005,6,SD,Total Electric Power Industry,Petroleum (Barrels),24065,0.41,3.3927468454955,97.1753,74.0,15.18,6542
2967,F002046__3,2005-07-01,51.97,2005,7,SD,Total Electric Power Industry,Petroleum (Barrels),4975,0.3,3.3927468454955,96.8676,78.0,15.18,6542
2968,F002046__3,2005-08-01,58.98,2005,8,SD,Total Electric Power Industry,Petroleum (Barrels),3082,0.28,3.3927468454955,97.1833,78.9,15.18,6542
2969,F002046__3,2005-09-01,58.46,2005,9,SD,Total Electric Power Industry,Petroleum (Barrels),1803,0.3,3.3927468454955,95.3005,72.6,15.18,6542
2970,F002046__3,2005-10-01,55.26,2005,10,SD,Total Electric Power Industry,Petroleum (Barrels),2291,0.18,3.3927468454955,96.4572,59.3,15.18,6542
2971,F002046__3,2005-11-01,51.25,2005,11,SD,Total Electric Power Industry,Petroleum (Barrels),2118,0.16,3.3927468454955,97.5414,50.4,15.18,6542
2972,F002046__3,2005-12-01,50.75,2005,12,SD,Total Electric Power Industry,Petroleum (Barrels),3736,0.07,3.3927468454955,98.0452,36.4,15.18,6542
2973,F002046__3,2006-01-01,54.22,2006,1,SD,Total Electric Power Industry,Petroleum (Barrels),1499,,3.22594410070404,98.1999,45.0,16.84,6377
2974,F002046__3,2006-02-01,47.97,2006,2,SD,Total Electric Power Industry,Petroleum (Barrels),2282,-0.02,3.22594410070404,98.2413,38.5,16.84,6377
2975,F002046__3,2006-03-01,39.4,2006,3,SD,Total Electric Power Industry,Petroleum (Barrels),2697,-0.12,3.22594410070404,98.4628,49.6,16.84,6377
2976,F002046__3,2006-04-01,52.2,2006,4,SD,Total Electric Power Industry,Petroleum (Barrels),1293,0.02,3.22594410070404,98.7618,63.2,16.84,6377
2977,F002046__3,2006-05-01,55.67,2006,5,SD,Total Electric Power Industry,Petroleum (Barrels),1195,0.2,3.22594410070404,98.7869,65.0,16.84,6377
2978,F002046__3,2006-06-01,58.1,2006,6,SD,Total Electric Power Industry,Petroleum (Barrels),1869,0.07,3.22594410070404,99.0997,73.2,16.84,6377
2979,F002046__3,2006-07-01,62.49,2006,7,SD,Total Electric Power Industry,Petroleum (Barrels),1560,-0.02,3.22594410070404,99.0489,78.0,16.84,6377
2980,F002046__3,2006-08-01,62.14,2006,8,SD,Total Electric Power Industry,Petroleum (Barrels),1576,0.02,3.22594410070404,99.4836,79.2,16.84,6377
2981,F002046__3,2006-09-01,53.32,2006,9,SD,Total Electric Power Industry,Petroleum (Barrels),1492,-0.04,3.22594410070404,99.3183,67.2,16.84,6377
2982,F002046__3,2006-10-01,45.41,2006,10,SD,Total Electric Power Industry,Petroleum (Barrels),867,-0.04,3.22594410070404,99.2044,56.1,16.84,6377
2983,F002046__3,2006-11-01,44.87,2006,11,SD,Total Electric Power Industry,Petroleum (Barrels),1253,-0.09,3.22594410070404,99.1627,48.4,16.84,6377
2984,F002046__3,2006-12-01,46.88,2006,12,SD,Total Electric Power Industry,Petroleum (Barrels),1193,-0.09,3.22594410070404,100.1735,43.3,16.84,6377
2985,F002046__3,2007-01-01,40.82,2007,1,SD,Total Electric Power Industry,Petroleum (Barrels),39700,,2.85267248150138,99.8346,40.2,17.69,6306
2986,F002046__3,2007-02-01,46.5,2007,2,SD,Total Electric Power Industry,Petroleum (Barrels),65862,-0.12,2.85267248150138,100.7753,35.9,17.69,6306
2987,F002046__3,2007-03-01,49.39,2007,3,SD,Total Electric Power Industry,Petroleum (Barrels),623,-0.07,2.85267248150138,100.9547,56.4,17.69,6306
2988,F002046__3,2007-04-01,53.06,2007,4,SD,Total Electric Power Industry,Petroleum (Barrels),723,0.05,2.85267248150138,101.6334,55.2,17.69,6306
2989,F002046__3,2007-05-01,54.73,2007,5,SD,Total Electric Power Industry,Petroleum (Barrels),683,0.01,2.85267248150138,101.7306,68.7,17.69,6306
2990,F002046__3,2007-06-01,60.59,2007,6,SD,Total Electric Power Industry,Petroleum (Barrels),537,-0.02,2.85267248150138,101.7893,75.2,17.69,6306
2991,F002046__3,2007-07-01,66.87,2007,7,SD,Total Electric Power Industry,Petroleum (Barrels),23,0.14,2.85267248150138,101.6672,76.2,17.69,6306
2992,F002046__3,2007-08-01,63.61,2007,8,SD,Total Electric Power Industry,Petroleum (Barrels),401,0.2,2.85267248150138,101.863,82.6,17.69,6306
2993,F002046__3,2007-09-01,68.47,2007,9,SD,Total Electric Power Industry,Petroleum (Barrels),88,,2.85267248150138,102.0894,73.0,17.69,6306
2994,F002046__3,2007-10-01,71.46,2007,10,SD,Total Electric Power Industry,Petroleum (Barrels),25,0.54,2.85267248150138,101.8015,63.2,17.69,6306
2995,F002046__3,2007-11-01,81.2,2007,11,SD,Total Electric Power Industry,Petroleum (Barrels),12392,0.59,2.85267248150138,102.3446,48.2,17.69,6306
2996,F002046__3,2007-12-01,77.93,2007,12,SD,Total Electric Power Industry,Petroleum (Barrels),18656,0.99,2.85267248150138,102.3803,44.5,17.69,6306
2997,F002046__3,2008-01-01,80.24,2008,1,SD,Total Electric Power Industry,Petroleum (Barrels),17373,,3.839100296651,102.2448,36.4,19.66,6737
2998,F002046__3,2008-02-01,83.86,2008,2,SD,Total Electric Power Industry,Petroleum (Barrels),6610,1.53,3.839100296651,101.8438,42.2,19.66,6737
2999,F002046__3,2008-03-01,94.98,2008,3,SD,Total Electric Power Industry,Petroleum (Barrels),149,1.93,3.839100296651,101.5336,48.8,19.66,6737
3000,F002046__3,2008-04-01,103.72,2008,4,SD,Total Electric Power Industry,Petroleum (Barrels),1185,1.77,3.839100296651,100.8785,57.2,19.66,6737
3001,F002046__3,2008-05-01,115.29,2008,5,SD,Total Electric Power Industry,Petroleum (Barrels),939,1.41,3.839100296651,100.2674,64.8,19.66,6737
3002,F002046__3,2008-06-01,124.79,2008,6,SD,Total Electric Power Industry,Petroleum (Barrels),856,1.47,3.839100296651,100.0335,75.4,19.66,6737
3003,F002046__3,2008-07-01,123.14,2008,7,SD,Total Electric Power Industry,Petroleum (Barrels),150,1.38,3.839100296651,99.676,76.8,19.66,6737
3004,F002046__3,2008-08-01,103.56,2008,8,SD,Total Electric Power Industry,Petroleum (Barrels),676,1.46,3.839100296651,98.1111,75.2,19.66,6737
3005,F002046__3,2008-09-01,89.83,2008,9,SD,Total Electric Power Industry,Petroleum (Barrels),812,,3.839100296651,93.7895,71.2,19.66,6737
3006,F002046__3,2008-10-01,60.99,2008,10,SD,Total Electric Power Industry,Petroleum (Barrels),233,1.95,3.839100296651,94.7219,57.9,19.66,6737
3007,F002046__3,2008-11-01,41.73,2008,11,SD,Total Electric Power Industry,Petroleum (Barrels),1456,2.51,3.839100296651,93.4715,45.2,19.66,6737
3008,F002046__3,2008-12-01,25.3,2008,12,SD,Total Electric Power Industry,Petroleum (Barrels),19766,1.82,3.839100296651,90.8357,40.4,19.66,6737
3009,F002046__3,2009-01-01,27.45,2009,1,SD,Total Electric Power Industry,Petroleum (Barrels),11353,,-0.355546266299747,88.57,35.3,15.42,6656
3010,F002046__3,2009-02-01,28.28,2009,2,SD,Total Electric Power Industry,Petroleum (Barrels),2624,1.87,-0.355546266299747,88.031,42.3,15.42,6656
3011,F002046__3,2009-03-01,38.19,2009,3,SD,Total Electric Power Industry,Petroleum (Barrels),1495,2.02,-0.355546266299747,86.6528,50.3,15.42,6656
3012,F002046__3,2009-04-01,41.26,2009,4,SD,Total Electric Power Industry,Petroleum (Barrels),172,1.85,-0.355546266299747,85.9344,57.2,15.42,6656
3013,F002046__3,2009-05-01,49.27,2009,5,SD,Total Electric Power Industry,Petroleum (Barrels),748,2.29,-0.355546266299747,85.0665,66.4,15.42,6656
3014,F002046__3,2009-06-01,59.16,2009,6,SD,Total Electric Power Industry,Petroleum (Barrels),2144,2.74,-0.355546266299747,84.7459,75.6,15.42,6656
3015,F002046__3,2009-07-01,54.06,2009,7,SD,Total Electric Power Industry,Petroleum (Barrels),457,2.5,-0.355546266299747,85.7027,73.7,15.42,6656
3016,F002046__3,2009-08-01,60.85,2009,8,SD,Total Electric Power Industry,Petroleum (Barrels),1002,2.48,-0.355546266299747,86.6426,74.9,15.42,6656
3017,F002046__3,2009-09-01,58.68,2009,9,SD,Total Electric Power Industry,Petroleum (Barrels),1375,2.46,-0.355546266299747,87.4063,70.6,15.42,6656
3018,F002046__3,2009-10-01,65.03,2009,10,SD,Total Electric Power Industry,Petroleum (Barrels),423,2.34,-0.355546266299747,87.6419,56.3,15.42,6656
3019,F002046__3,2009-11-01,66.62,2009,11,SD,Total Electric Power Industry,Petroleum (Barrels),1087,2.53,-0.355546266299747,88.0221,50.5,15.42,6656
3020,F002046__3,2009-12-01,63.12,2009,12,SD,Total Electric Power Industry,Petroleum (Barrels),833,2.61,-0.355546266299747,88.3793,37.9,15.42,6656
3021,F002046__3,2010-01-01,67.22,2010,1,SD,Total Electric Power Industry,Petroleum (Barrels),46,,1.6400434423899,89.3426,32.8,17.23,7130
3022,F002046__3,2010-02-01,67.57,2010,2,SD,Total Electric Power Industry,Petroleum (Barrels),132,2.82,1.6400434423899,89.6779,33.7,17.23,7130
3023,F002046__3,2010-03-01,72.33,2010,3,SD,Total Electric Power Industry,Petroleum (Barrels),285,2.81,1.6400434423899,90.2928,47.2,17.23,7130
3024,F002046__3,2010-04-01,74.67,2010,4,SD,Total Electric Power Industry,Petroleum (Barrels),1051,2.84,1.6400434423899,90.5991,60.9,17.23,7130
3025,F002046__3,2010-05-01,62.16,2010,5,SD,Total Electric Power Industry,Petroleum (Barrels),2107,2.72,1.6400434423899,91.823,69.1,17.23,7130
3026,F002046__3,2010-06-01,64.33,2010,6,SD,Total Electric Power Industry,Petroleum (Barrels),1473,2.51,1.6400434423899,91.9928,78.4,17.23,7130
3027,F002046__3,2010-07-01,65.4,2010,7,SD,Total Electric Power Industry,Petroleum (Barrels),296,2.33,1.6400434423899,92.3421,79.8,17.23,7130
3028,F002046__3,2010-08-01,66.67,2010,8,SD,Total Electric Power Industry,Petroleum (Barrels),1032,2.43,1.6400434423899,92.6805,79.9,17.23,7130
3029,F002046__3,2010-09-01,65.23,2010,9,SD,Total Electric Power Industry,Petroleum (Barrels),1373,2.08,1.6400434423899,92.9537,71.6,17.23,7130
3030,F002046__3,2010-10-01,69.51,2010,10,SD,Total Electric Power Industry,Petroleum (Barrels),7503,2.12,1.6400434423899,92.6903,59.2,17.23,7130
3031,F002046__3,2010-11-01,73.73,2010,11,SD,Total Electric Power Industry,Petroleum (Barrels),247,2.32,1.6400434423899,92.7709,49.8,17.23,7130
3032,F002046__3,2010-12-01,79.19,2010,12,SD,Total Electric Power Industry,Petroleum (Barrels),2524,2.44,1.6400434423899,93.6787,32.7,17.23,7130
3033,F002046__3,2011-01-01,79.32,2011,1,SD,Total Electric Power Industry,Petroleum (Barrels),563,2.75,3.156841568622,93.4814,33.9,20.47,7680
3034,F002046__3,2011-02-01,78.46,2011,2,SD,Total Electric Power Industry,Petroleum (Barrels),3416,2.87,3.156841568622,93.1102,43.1,20.47,7680
3035,F002046__3,2011-03-01,91.16,2011,3,SD,Total Electric Power Industry,Petroleum (Barrels),286,2.75,3.156841568622,94.0788,50.6,20.47,7680
3036,F002046__3,2011-04-01,102.81,2011,4,SD,Total Electric Power Industry,Petroleum (Barrels),1169,2.66,3.156841568622,93.7749,61.0,20.47,7680
3037,F002046__3,2011-05-01,93.78,2011,5,SD,Total Electric Power Industry,Petroleum (Barrels),293,2.7,3.156841568622,93.888,65.7,20.47,7680
3038,F002046__3,2011-06-01,89.9,2011,6,SD,Total Electric Power Industry,Petroleum (Barrels),292,2.52,3.156841568622,94.172,76.5,20.47,7680
3039,F002046__3,2011-07-01,90.53,2011,7,SD,Total Electric Power Industry,Petroleum (Barrels),188,2.72,3.156841568622,94.636,80.0,20.47,7680
3040,F002046__3,2011-08-01,79.56,2011,8,SD,Total Electric Power Industry,Petroleum (Barrels),2603,2.39,3.156841568622,95.2749,77.8,20.47,7680
3041,F002046__3,2011-09-01,80.28,2011,9,SD,Total Electric Power Industry,Petroleum (Barrels),1277,1.96,3.156841568622,95.1961,68.1,20.47,7680
3042,F002046__3,2011-10-01,81.09,2011,10,SD,Total Electric Power Industry,Petroleum (Barrels),3120,1.56,3.156841568622,95.8568,56.8,20.47,7680
3043,F002046__3,2011-11-01,90.04,2011,11,SD,Total Electric Power Industry,Petroleum (Barrels),5257,1.78,3.156841568622,95.8485,51.0,20.47,7680
3044,F002046__3,2011-12-01,88.26,2011,12,SD,Total Electric Power Industry,Petroleum (Barrels),2477,1.84,3.156841568622,96.3571,42.8,20.47,7680
3045,F002046__3,2012-01-01,89.8,2012,1,SD,Total Electric Power Industry,Petroleum (Barrels),1719,,2.06933726526067,96.9318,42.4,21.05,7703
3046,F002046__3,2012-02-01,90.43,2012,2,SD,Total Electric Power Industry,Petroleum (Barrels),4260,1.64,2.06933726526067,97.2435,44.5,21.05,7703
3047,F002046__3,2012-03-01,86.54,2012,3,SD,Total Electric Power Industry,Petroleum (Barrels),1769,1.73,2.06933726526067,96.74,59.8,21.05,7703
3048,F002046__3,2012-04-01,83.19,2012,4,SD,Total Electric Power Industry,Petroleum (Barrels),1028,1.89,2.06933726526067,97.4359,60.0,21.05,7703
3049,F002046__3,2012-05-01,82.27,2012,5,SD,Total Electric Power Industry,Petroleum (Barrels),134,1.71,2.06933726526067,97.6609,70.4,21.05,7703
3050,F002046__3,2012-06-01,73.56,2012,6,SD,Total Electric Power Industry,Petroleum (Barrels),897,1.22,2.06933726526067,97.6663,73.6,21.05,7703
3051,F002046__3,2012-07-01,71.16,2012,7,SD,Total Electric Power Industry,Petroleum (Barrels),2346,1.31,2.06933726526067,97.8713,80.5,21.05,7703
3052,F002046__3,2012-08-01,82.41,2012,8,SD,Total Electric Power Industry,Petroleum (Barrels),2176,1.32,2.06933726526067,97.4525,75.6,21.05,7703
3053,F002046__3,2012-09-01,87.68,2012,9,SD,Total Electric Power Industry,Petroleum (Barrels),2202,,2.06933726526067,97.381,69.1,21.05,7703
3054,F002046__3,2012-10-01,87.79,2012,10,SD,Total Electric Power Industry,Petroleum (Barrels),39,1.39,2.06933726526067,97.7193,56.7,21.05,7703
3055,F002046__3,2012-11-01,83.05,2012,11,SD,Total Electric Power Industry,Petroleum (Barrels),22,1.45,2.06933726526067,98.0777,45.8,21.05,7703
3056,F002046__3,2012-12-01,78.82,2012,12,SD,Total Electric Power Industry,Petroleum (Barrels),1009,1.38,2.06933726526067,98.3101,45.6,21.05,7703
3057,F002046__3,2013-01-01,87.74,2013,1,SD,Total Electric Power Industry,Petroleum (Barrels),2436,,1.46483265562717,98.3342,41.0,20.25,7707
3058,F002046__3,2013-02-01,88.03,2013,2,SD,Total Electric Power Industry,Petroleum (Barrels),3774,1.77,1.46483265562717,98.7941,40.8,20.25,7707
3059,F002046__3,2013-03-01,85.4,2013,3,SD,Total Electric Power Industry,Petroleum (Barrels),2207,1.61,1.46483265562717,99.1921,42.7,20.25,7707
3060,F002046__3,2013-04-01,85.51,2013,4,SD,Total Electric Power Industry,Petroleum (Barrels),1029,1.63,1.46483265562717,99.1065,56.8,20.25,7707
3061,F002046__3,2013-05-01,87.7,2013,5,SD,Total Electric Power Industry,Petroleum (Barrels),1635,1.46,1.46483265562717,99.1839,65.0,20.25,7707
3062,F002046__3,2013-06-01,86.87,2013,6,SD,Total Electric Power Industry,Petroleum (Barrels),503,1.83,1.46483265562717,99.3897,74.2,20.25,7707
3063,F002046__3,2013-07-01,101.07,2013,7,SD,Total Electric Power Industry,Petroleum (Barrels),836,2.16,1.46483265562717,99.0814,74.8,20.25,7707
3064,F002046__3,2013-08-01,99.76,2013,8,SD,Total Electric Power Industry,Petroleum (Barrels),3949,2.39,1.46483265562717,99.6543,74.7,20.25,7707
3065,F002046__3,2013-09-01,97.45,2013,9,SD,Total Electric Power Industry,Petroleum (Barrels),1114,,1.46483265562717,100.161,70.7,20.25,7707
3066,F002046__3,2013-10-01,89.2,2013,10,SD,Total Electric Power Industry,Petroleum (Barrels),1873,2.33,1.46483265562717,100.082,59.5,20.25,7707
3067,F002046__3,2013-11-01,80.05,2013,11,SD,Total Electric Power Industry,Petroleum (Barrels),68,2.32,1.46483265562717,100.3158,44.8,20.25,7707
3068,F002046__3,2013-12-01,83.09,2013,12,SD,Total Electric Power Industry,Petroleum (Barrels),1632,2.51,1.46483265562717,100.5175,40.4,20.25,7707
3069,F002046__3,2014-01-01,81.51,2014,1,SD,Total Electric Power Industry,Petroleum (Barrels),3039,,1.62222297740817,100.1599,30.0,20.38,7981
3070,F002046__3,2014-02-01,93.89,2014,2,SD,Total Electric Power Industry,Petroleum (Barrels),5525,2.31,1.62222297740817,100.9168,38.3,20.38,7981
3071,F002046__3,2014-03-01,91.94,2014,3,SD,Total Electric Power Industry,Petroleum (Barrels),2962,2.28,1.62222297740817,101.8942,45.0,20.38,7981
3072,F002046__3,2014-04-01,91.33,2014,4,SD,Total Electric Power Industry,Petroleum (Barrels),223,2.33,1.62222297740817,101.9928,58.6,20.38,7981
3073,F002046__3,2014-05-01,93.45,2014,5,SD,Total Electric Power Industry,Petroleum (Barrels),1552,2.22,1.62222297740817,102.3836,67.3,20.38,7981
3074,F002046__3,2014-06-01,94.85,2014,6,SD,Total Electric Power Industry,Petroleum (Barrels),567,2.15,1.62222297740817,102.735,74.8,20.38,7981
3075,F002046__3,2014-07-01,91.92,2014,7,SD,Total Electric Power Industry,Petroleum (Barrels),1167,2.11,1.62222297740817,102.9632,73.4,20.38,7981
3076,F002046__3,2014-08-01,84.71,2014,8,SD,Total Electric Power Industry,Petroleum (Barrels),1359,2.05,1.62222297740817,102.7688,75.9,20.38,7981
3077,F002046__3,2014-09-01,82.12,2014,9,SD,Total Electric Power Industry,Petroleum (Barrels),1544,,1.62222297740817,103.0641,70.7,20.38,7981
3078,F002046__3,2014-10-01,74.04,2014,10,SD,Total Electric Power Industry,Petroleum (Barrels),889,1.89,1.62222297740817,103.0764,60.2,20.38,7981
3079,F002046__3,2014-11-01,67.23,2014,11,SD,Total Electric Power Industry,Petroleum (Barrels),1438,1.84,1.62222297740817,103.7126,42.4,20.38,7981
3080,F002046__3,2014-12-01,50.41,2014,12,SD,Total Electric Power Industry,Petroleum (Barrels),721,1.73,1.62222297740817,103.7044,42.8,20.38,7981
3081,F002046__3,2015-01-01,40.04,2015,1,SD,Total Electric Power Industry,Petroleum (Barrels),586,,0.118627135552451,102.8905,36.1,16.32,8068
3082,F002046__3,2015-02-01,43.61,2015,2,SD,Total Electric Power Industry,Petroleum (Barrels),341,1.19,0.118627135552451,102.2335,31.4,16.32,8068
3083,F002046__3,2015-03-01,40.76,2015,3,SD,Total Electric Power Industry,Petroleum (Barrels),25173,1.42,0.118627135552451,101.8914,49.0,16.32,8068
3084,F002046__3,2015-04-01,47.04,2015,4,SD,Total Electric Power Industry,Petroleum (Barrels),525,1.32,0.118627135552451,101.3355,60.1,16.32,8068
3085,F002046__3,2015-05-01,52.23,2015,5,SD,Total Electric Power Industry,Petroleum (Barrels),4333,1.52,0.118627135552451,100.8883,68.0,16.32,8068
3086,F002046__3,2015-06-01,53.48,2015,6,SD,Total Electric Power Industry,Petroleum (Barrels),222,1.55,0.118627135552451,100.571,75.9,16.32,8068
3087,F002046__3,2015-07-01,46.21,2015,7,SD,Total Electric Power Industry,Petroleum (Barrels),521,1.74,0.118627135552451,101.2228,78.3,16.32,8068
3088,F002046__3,2015-08-01,38.09,2015,8,SD,Total Electric Power Industry,Petroleum (Barrels),3294,1.48,0.118627135552451,101.0367,74.2,16.32,8068
3089,F002046__3,2015-09-01,39.64,2015,9,SD,Total Electric Power Industry,Petroleum (Barrels),566,1.47,0.118627135552451,100.7547,70.9,16.32,8068
3090,F002046__3,2015-10-01,41.03,2015,10,SD,Total Electric Power Industry,Petroleum (Barrels),1747,1.41,0.118627135552451,100.2675,59.7,16.32,8068
3091,F002046__3,2015-11-01,37.89,2015,11,SD,Total Electric Power Industry,Petroleum (Barrels),1036,1.43,0.118627135552451,99.5298,53.5,16.32,8068
3092,F002046__3,2015-12-01,30.46,2015,12,SD,Total Electric Power Industry,Petroleum (Barrels),132,1.24,0.118627135552451,99.0417,51.3,16.32,8068
3093,F002046__3,2016-01-01,24.32,2016,1,SD,Total Electric Power Industry,Petroleum (Barrels),912,,1.26158320570536,99.5607,34.8,15.04,8356
3094,F002046__3,2016-02-01,23.34,2016,2,SD,Total Electric Power Industry,Petroleum (Barrels),75,1.16,1.26158320570536,99.0445,42.5,15.04,8356
3095,F002046__3,2016-03-01,30.56,2016,3,SD,Total Electric Power Industry,Petroleum (Barrels),1199,0.98,1.26158320570536,98.3096,53.9,15.04,8356
3096,F002046__3,2016-04-01,33.6,2016,4,SD,Total Electric Power Industry,Petroleum (Barrels),370,1.03,1.26158320570536,98.6421,59.5,15.04,8356
3097,F002046__3,2016-05-01,39.6,2016,5,SD,Total Electric Power Industry,Petroleum (Barrels),151,1.08,1.26158320570536,98.4184,65.3,15.04,8356
3098,F002046__3,2016-06-01,42.48,2016,6,SD,Total Electric Power Industry,Petroleum (Barrels),117,0.94,1.26158320570536,98.8833,76.5,15.04,8356
3099,F002046__3,2016-07-01,38.72,2016,7,SD,Total Electric Power Industry,Petroleum (Barrels),568,0.87,1.26158320570536,98.9992,79.8,15.04,8356
3100,F002046__3,2016-08-01,38.66,2016,8,SD,Total Electric Power Industry,Petroleum (Barrels),617,0.84,1.26158320570536,98.85,79.0,15.04,8356
3101,F002046__3,2016-09-01,38.86,2016,9,SD,Total Electric Power Industry,Petroleum (Barrels),1872,0.79,1.26158320570536,98.7457,74.1,15.04,8356
3102,F002046__3,2016-10-01,44.24,2016,10,SD,Total Electric Power Industry,Petroleum (Barrels),2688,0.83,1.26158320570536,98.7611,64.6,15.04,8356
3103,F002046__3,2016-11-01,39.86,2016,11,SD,Total Electric Power Industry,Petroleum (Barrels),475,1.0,1.26158320570536,98.3491,52.7,15.04,8356
3104,F002046__3,2016-12-01,45.75,2016,12,SD,Total Electric Power Industry,Petroleum (Barrels),2069,1.31,1.26158320570536,99.0214,40.9,15.04,8356
3105,F002046__3,2017-01-01,45.92,2017,1,SD,Total Electric Power Industry,Petroleum (Barrels),402,,2.13011000365961,98.7611,44.9,16.31,8541
3106,F002046__3,2017-02-01,47.9,2017,2,SD,Total Electric Power Industry,Petroleum (Barrels),398,1.26,2.13011000365961,98.3646,48.9,16.31,8541
3107,F002046__3,2017-03-01,43.97,2017,3,SD,Total Electric Power Industry,Petroleum (Barrels),2435,1.17,2.13011000365961,99.0137,51.1,16.31,8541
3108,F002046__3,2017-04-01,45.38,2017,4,SD,Total Electric Power Industry,Petroleum (Barrels),895,1.11,2.13011000365961,100.0224,63.1,16.31,8541
3109,F002046__3,2017-05-01,42.83,2017,5,SD,Total Electric Power Industry,Petroleum (Barrels),670,1.05,2.13011000365961,100.1408,66.6,16.31,8541
3110,F002046__3,2017-06-01,39.54,2017,6,SD,Total Electric Power Industry,Petroleum (Barrels),5781,0.93,2.13011000365961,100.3471,73.0,16.31,8541
3111,F002046__3,2017-07-01,41.42,2017,7,SD,Total Electric Power Industry,Petroleum (Barrels),790,0.94,2.13011000365961,100.1068,78.1,16.31,8541
3112,F002046__3,2017-08-01,43.04,2017,8,SD,Total Electric Power Industry,Petroleum (Barrels),586,0.92,2.13011000365961,99.6925,74.6,16.31,8541
3113,F002046__3,2017-09-01,45.03,2017,9,SD,Total Electric Power Industry,Petroleum (Barrels),843,0.81,2.13011000365961,99.7954,69.1,16.31,8541
3114,F002046__3,2017-10-01,46.67,2017,10,SD,Total Electric Power Industry,Petroleum (Barrels),825,0.85,2.13011000365961,101.0247,60.8,16.31,8541
3115,F002046__3,2017-11-01,52.18,2017,11,SD,Total Electric Power Industry,Petroleum (Barrels),502,0.76,2.13011000365961,101.2664,49.9,16.31,8541
3116,F002046__3,2017-12-01,53.43,2017,12,SD,Total Electric Power Industry,Petroleum (Barrels),576,0.59,2.13011000365961,101.4644,39.5,16.31,8541
3117,F002046__3,2018-01-01,59.18,2018,1,SD,Total Electric Power Industry,Petroleum (Barrels),578,,2.44258329692817,101.4625,32.9,17.45,8726
3118,F002046__3,2018-02-01,57.96,2018,2,SD,Total Electric Power Industry,Petroleum (Barrels),585,0.62,2.44258329692817,101.7085,48.5,17.45,8726
3119,F002046__3,2018-03-01,58.64,2018,3,SD,Total Electric Power Industry,Petroleum (Barrels),702,0.59,2.44258329692817,102.2067,48.2,17.45,8726
3120,F002046__3,2018-04-01,61.65,2018,4,SD,Total Electric Power Industry,Petroleum (Barrels),1585,0.48,2.44258329692817,103.3329,52.9,17.45,8726
3121,F002046__3,2018-05-01,65.31,2018,5,SD,Total Electric Power Industry,Petroleum (Barrels),2402,0.47,2.44258329692817,102.4024,72.3,17.45,8726
3122,F002046__3,2018-06-01,62.37,2018,6,SD,Total Electric Power Industry,Petroleum (Barrels),1985,0.42,2.44258329692817,103.198,76.5,17.45,8726
3123,F002046__3,2018-07-01,66.09,2018,7,SD,Total Electric Power Industry,Petroleum (Barrels),823,0.3,2.44258329692817,103.3646,78.1,17.45,8726
3124,F002046__3,2018-08-01,64.32,2018,8,SD,Total Electric Power Industry,Petroleum (Barrels),540,0.33,2.44258329692817,104.0327,76.5,17.45,8726
3125,F002046__3,2018-09-01,64.57,2018,9,SD,Total Electric Power Industry,Petroleum (Barrels),1488,,2.44258329692817,104.1004,74.9,17.45,8726
3126,F002046__3,2018-10-01,64.92,2018,10,SD,Total Electric Power Industry,Petroleum (Barrels),5339,0.27,2.44258329692817,103.9856,61.0,17.45,8726
3127,F002046__3,2018-11-01,49.68,2018,11,SD,Total Electric Power Industry,Petroleum (Barrels),3064,0.3,2.44258329692817,104.0681,44.4,17.45,8726
3128,F002046__3,2018-12-01,38.89,2018,12,SD,Total Electric Power Industry,Petroleum (Barrels),615,0.15,2.44258329692817,104.0936,42.7,17.45,8726
3129,F002046__3,2019-01-01,43.67,2019,1,SD,Total Electric Power Industry,Petroleum (Barrels),1988,,1.81221007526021,103.4021,39.4,16.65,8445
3130,F002046__3,2019-02-01,49.4,2019,2,SD,Total Electric Power Industry,Petroleum (Barrels),2835,0.18,1.81221007526021,102.8371,46.7,16.65,8445
3131,F002046__3,2019-03-01,51.94,2019,3,SD,Total Electric Power Industry,Petroleum (Barrels),2766,0.21,1.81221007526021,102.8757,46.9,16.65,8445
3132,F002046__3,2019-04-01,58.29,2019,4,SD,Total Electric Power Industry,Petroleum (Barrels),1722,0.16,1.81221007526021,102.274,59.3,16.65,8445
3133,F002046__3,2019-05-01,55.72,2019,5,SD,Total Electric Power Industry,Petroleum (Barrels),3373,0.21,1.81221007526021,102.392,70.1,16.65,8445
3134,F002046__3,2019-06-01,49.29,2019,6,SD,Total Electric Power Industry,Petroleum (Barrels),1713,0.25,1.81221007526021,102.4375,73.4,16.65,8445
3135,F002046__3,2019-07-01,51.86,2019,7,SD,Total Electric Power Industry,Petroleum (Barrels),4135,0.25,1.81221007526021,101.9408,77.8,16.65,8445
3136,F002046__3,2019-08-01,48.98,2019,8,SD,Total Electric Power Industry,Petroleum (Barrels),4977,0.17,1.81221007526021,102.639,76.9,16.65,8445
3137,F002046__3,2019-09-01,50.18,2019,9,SD,Total Electric Power Industry,Petroleum (Barrels),1644,,1.81221007526021,102.2917,76.4,16.65,8445
3138,F002046__3,2019-10-01,47.2,2019,10,SD,Total Electric Power Industry,Petroleum (Barrels),2190,0.09,1.81221007526021,101.4281,61.7,16.65,8445
3139,F002046__3,2019-11-01,50.79,2019,11,SD,Total Electric Power Industry,Petroleum (Barrels),4558,0.17,1.81221007526021,101.9372,44.2,16.65,8445
3140,F002046__3,2019-12-01,53.19,2019,12,SD,Total Electric Power Industry,Petroleum (Barrels),1552,0.22,1.81221007526021,101.7003,45.2,16.65,8445
3141,F002046__3,2020-01-01,50.88,2020,1,SD,Total Electric Power Industry,Petroleum (Barrels),790,,1.23358439630629,101.0338,43.0,14.94,7113
3142,F002046__3,2020-02-01,43.81,2020,2,SD,Total Electric Power Industry,Petroleum (Barrels),1484,0.18,1.23358439630629,101.3735,43.4,14.94,7113
3143,F002046__3,2020-03-01,23.66,2020,3,SD,Total Electric Power Industry,Petroleum (Barrels),736,0.26,1.23358439630629,97.4078,54.7,14.94,7113
3144,F002046__3,2020-04-01,10.05,2020,4,SD,Total Electric Power Industry,Petroleum (Barrels),967,0.39,1.23358439630629,84.5619,55.4,14.94,7113
3145,F002046__3,2020-05-01,10.31,2020,5,SD,Total Electric Power Industry,Petroleum (Barrels),1351,0.44,1.23358439630629,85.9604,64.0,14.94,7113
3146,F002046__3,2020-06-01,33.96,2020,6,SD,Total Electric Power Industry,Petroleum (Barrels),1836,0.52,1.23358439630629,91.5934,73.5,14.94,7113
3147,F002046__3,2020-07-01,34.8,2020,7,SD,Total Electric Power Industry,Petroleum (Barrels),1390,0.52,1.23358439630629,95.0256,79.2,14.94,7113
3148,F002046__3,2020-08-01,36.11,2020,8,SD,Total Electric Power Industry,Petroleum (Barrels),1703,0.45,1.23358439630629,95.9549,76.4,14.94,7113
3149,F002046__3,2020-09-01,33.13,2020,9,SD,Total Electric Power Industry,Petroleum (Barrels),744,0.55,1.23358439630629,95.9669,69.9,14.94,7113
3150,F002046__3,2020-10-01,33.3,2020,10,SD,Total Electric Power Industry,Petroleum (Barrels),4090,0.54,1.23358439630629,96.7394,60.4,14.94,7113
3151,F002046__3,2020-11-01,35.17,2020,11,SD,Total Electric Power Industry,Petroleum (Barrels),1586,0.71,1.23358439630629,97.0816,51.9,14.94,7113
3152,F002046__3,2020-12-01,40.66,2020,12,SD,Total Electric Power Industry,Petroleum (Barrels),1972,0.75,1.23358439630629,98.363,39.5,14.94,7113
3153,F002046__3,2021-01-01,45.76,2021,1,SD,Total Electric Power Industry,Petroleum (Barrels),4063,,4.69785886363742,98.8822,39.7,18.85,7904
3154,F002046__3,2021-02-01,52.9,2021,2,SD,Total Electric Power Industry,Petroleum (Barrels),25951,0.98,4.69785886363742,95.6149,37.4,18.85,7904
3155,F002046__3,2021-03-01,57.08,2021,3,SD,Total Electric Power Industry,Petroleum (Barrels),3496,1.32,4.69785886363742,98.3856,53.6,18.85,7904
3156,F002046__3,2021-04-01,56.62,2021,4,SD,Total Electric Power Industry,Petroleum (Barrels),3558,1.52,4.69785886363742,98.5587,56.2,18.85,7904
3157,F002046__3,2021-05-01,59.5,2021,5,SD,Total Electric Power Industry,Petroleum (Barrels),5331,1.47,4.69785886363742,99.4333,64.1,18.85,7904
3158,F002046__3,2021-06-01,65.71,2021,6,SD,Total Electric Power Industry,Petroleum (Barrels),8447,1.46,4.69785886363742,99.7987,74.0,18.85,7904
3159,F002046__3,2021-07-01,67.58,2021,7,SD,Total Electric Power Industry,Petroleum (Barrels),6768,1.23,4.69785886363742,100.2519,77.0,18.85,7904
3160,F002046__3,2021-08-01,63.57,2021,8,SD,Total Electric Power Industry,Petroleum (Barrels),7821,1.03,4.69785886363742,100.0437,77.2,18.85,7904
3161,F002046__3,2021-09-01,67.07,2021,9,SD,Total Electric Power Industry,Petroleum (Barrels),2727,1.11,4.69785886363742,98.8579,69.7,18.85,7904
3162,F002046__3,2021-10-01,76.88,2021,10,SD,Total Electric Power Industry,Petroleum (Barrels),6221,1.21,4.69785886363742,100.1861,63.4,18.85,7904
3163,F002046__3,2021-11-01,74.36,2021,11,SD,Total Electric Power Industry,Petroleum (Barrels),3523,1.08,4.69785886363742,100.8654,45.6,18.85,7904
3164,F002046__3,2021-12-01,68.05,2021,12,SD,Total Electric Power Industry,Petroleum (Barrels),6483,0.87,4.69785886363742,100.5726,50.4,18.85,7904
3165,F002046__3,2022-01-01,77.98,2022,1,SD,Total Electric Power Industry,Petroleum (Barrels),2176,0.85,8.00279982052121,100.1856,35.5,23.68,8375
3166,F002046__3,2022-02-01,87.69,2022,2,SD,Total Electric Power Industry,Petroleum (Barrels),1798,0.63,8.00279982052121,100.8064,41.8,23.68,8375
3167,F002046__3,2022-03-01,105.28,2022,3,SD,Total Electric Power Industry,Petroleum (Barrels),1612,0.41,8.00279982052121,101.3907,51.6,23.68,8375
3168,F002046__3,2022-04-01,99.34,2022,4,SD,Total Electric Power Industry,Petroleum (Barrels),1140,-0.05,8.00279982052121,101.44,56.7,23.68,8375
3169,F002046__3,2022-05-01,106.04,2022,5,SD,Total Electric Power Industry,Petroleum (Barrels),2966,0.26,8.00279982052121,101.3335,69.0,23.68,8375
3170,F002046__3,2022-06-01,111.79,2022,6,SD,Total Electric Power Industry,Petroleum (Barrels),2740,0.28,8.00279982052121,101.018,75.8,23.68,8375
3171,F002046__3,2022-07-01,97.36,2022,7,SD,Total Electric Power Industry,Petroleum (Barrels),14026,0.04,8.00279982052121,101.223,80.2,23.68,8375
3172,F002046__3,2022-08-01,90.47,2022,8,SD,Total Electric Power Industry,Petroleum (Barrels),2381,-0.3,8.00279982052121,101.0963,76.4,23.68,8375
3173,F002046__3,2022-09-01,80.44,2022,9,SD,Total Electric Power Industry,Petroleum (Barrels),1758,-0.25,8.00279982052121,101.2918,69.4,23.68,8375
3174,F002046__3,2022-10-01,82.72,2022,10,SD,Total Electric Power Industry,Petroleum (Barrels),2100,-0.45,8.00279982052121,101.2529,56.3,23.68,8375
3175,F002046__3,2022-11-01,81.13,2022,11,SD,Total Electric Power Industry,Petroleum (Barrels),1772,-0.47,8.00279982052121,100.9552,49.0,23.68,8375
3176,F002046__3,2022-12-01,72.72,2022,12,SD,Total Electric Power Industry,Petroleum (Barrels),9378,-0.72,8.00279982052121,99.7664,40.8,23.68,8375
3177,F002046__3,2023-01-01,73.6,2023,1,SD,Total Electric Power Industry,Petroleum (Barrels),2785,,4.11633838374488,100.505,44.9,21.31,8607
3178,F002046__3,2023-02-01,71.29,2023,2,SD,Total Electric Power Industry,Petroleum (Barrels),4787,-0.7,4.11633838374488,100.6416,48.6,21.31,8607
3179,F002046__3,2023-03-01,68.41,2023,3,SD,Total Electric Power Industry,Petroleum (Barrels),3121,-0.88,4.11633838374488,101.0205,50.5,21.31,8607
3180,F002046__3,2023-04-01,74.32,2023,4,SD,Total Electric Power Industry,Petroleum (Barrels),2579,-0.54,4.11633838374488,101.253,57.8,21.31,8607
3181,F002046__3,2023-05-01,66.1,2023,5,SD,Total Electric Power Industry,Petroleum (Barrels),3464,-0.55,4.11633838374488,100.9286,66.1,21.31,8607
3182,F002046__3,2023-06-01,64.43,2023,6,SD,Total Electric Power Industry,Petroleum (Barrels),3972,-0.72,4.11633838374488,100.1196,72.0,21.31,8607
3183,F002046__3,2023-07-01,69.62,2023,7,SD,Total Electric Power Industry,Petroleum (Barrels),5081,-1.08,4.11633838374488,100.9067,77.3,21.31,8607
3184,F002046__3,2023-08-01,75.8,2023,8,SD,Total Electric Power Industry,Petroleum (Barrels),17070,-0.87,4.11633838374488,100.8393,76.2,21.31,8607
3185,F002046__3,2023-09-01,84.84,2023,9,SD,Total Electric Power Industry,Petroleum (Barrels),2693,-0.69,4.11633838374488,101.0211,70.9,21.31,8607
3186,F002046__3,2023-10-01,80.57,2023,10,SD,Total Electric Power Industry,Petroleum (Barrels),2869,-0.43,4.11633838374488,100.4689,60.9,21.31,8607
3187,F002046__3,2023-11-01,72.45,2023,11,SD,Total Electric Power Industry,Petroleum (Barrels),2110,-0.18,4.11633838374488,100.8639,50.0,21.31,8607
3188,F002046__3,2023-12-01,65.92,2023,12,SD,Total Electric Power Industry,Petroleum (Barrels),2743,-0.34,4.11633838374488,100.6031,44.2,21.31,8607
3189,F003001__3,2001-01-01,26.92,2001,1,AL,Total Electric Power Industry,Petroleum (Barrels),284241,,2.82617111885407,91.902,41.2,9.45,6111
3190,F003001__3,2001-02-01,26.73,2001,2,AL,Total Electric Power Industry,Petroleum (Barrels),86653,0.55,2.82617111885407,91.3034,52.6,9.45,6111
3191,F003001__3,2001-03-01,24.35,2001,3,AL,Total Electric Power Industry,Petroleum (Barrels),80917,0.46,2.82617111885407,91.1162,51.4,9.45,6111
3192,F003001__3,2001-04-01,23.99,2001,4,AL,Total Electric Power Industry,Petroleum (Barrels),168367,0.76,2.82617111885407,90.7891,64.7,9.45,6111
3193,F003001__3,2001-05-01,25.49,2001,5,AL,Total Electric Power Industry,Petroleum (Barrels),86187,1.07,2.82617111885407,90.3555,70.6,9.45,6111
3194,F003001__3,2001-06-01,24.26,2001,6,AL,Total Electric Power Industry,Petroleum (Barrels),40885,1.17,2.82617111885407,89.8784,75.8,9.45,6111
3195,F003001__3,2001-07-01,23.95,2001,7,AL,Total Electric Power Industry,Petroleum (Barrels),39283,1.16,2.82617111885407,89.3028,79.7,9.45,6111
3196,F003001__3,2001-08-01,24.13,2001,8,AL,Total Electric Power Industry,Petroleum (Barrels),34236,1.28,2.82617111885407,89.2003,78.5,9.45,6111
3197,F003001__3,2001-09-01,23.61,2001,9,AL,Total Electric Power Industry,Petroleum (Barrels),29856,,2.82617111885407,88.7485,71.9,9.45,6111
3198,F003001__3,2001-10-01,20.03,2001,10,AL,Total Electric Power Industry,Petroleum (Barrels),33788,1.73,2.82617111885407,88.5052,60.6,9.45,6111
3199,F003001__3,2001-11-01,19.29,2001,11,AL,Total Electric Power Industry,Petroleum (Barrels),31227,1.75,2.82617111885407,87.97,58.8,9.45,6111
3200,F003001__3,2001-12-01,16.94,2001,12,AL,Total Electric Power Industry,Petroleum (Barrels),56858,1.93,2.82617111885407,87.9324,50.6,9.45,6111
3201,F003001__3,2002-01-01,17.04,2002,1,AL,Total Electric Power Industry,Petroleum (Barrels),129591,,1.58603162650601,88.5176,46.8,9.16,6214
3202,F003001__3,2002-02-01,18.18,2002,2,AL,Total Electric Power Industry,Petroleum (Barrels),55959,1.94,1.58603162650601,88.5278,46.0,9.16,6214
3203,F003001__3,2002-03-01,21.4,2002,3,AL,Total Electric Power Industry,Petroleum (Barrels),54123,1.8,1.58603162650601,89.1686,55.0,9.16,6214
3204,F003001__3,2002-04-01,23.47,2002,4,AL,Total Electric Power Industry,Petroleum (Barrels),39820,1.7,1.58603162650601,89.604,66.4,9.16,6214
3205,F003001__3,2002-05-01,24.36,2002,5,AL,Total Electric Power Industry,Petroleum (Barrels),77189,1.87,1.58603162650601,89.964,70.2,9.16,6214
3206,F003001__3,2002-06-01,23.16,2002,6,AL,Total Electric Power Industry,Petroleum (Barrels),35128,1.87,1.58603162650601,90.7061,77.2,9.16,6214
3207,F003001__3,2002-07-01,24.27,2002,7,AL,Total Electric Power Industry,Petroleum (Barrels),32398,1.97,1.58603162650601,90.6769,80.3,9.16,6214
3208,F003001__3,2002-08-01,25.51,2002,8,AL,Total Electric Power Industry,Petroleum (Barrels),31394,2.32,1.58603162650601,90.5762,79.7,9.16,6214
3209,F003001__3,2002-09-01,26.79,2002,9,AL,Total Electric Power Industry,Petroleum (Barrels),31181,,1.58603162650601,90.6531,77.3,9.16,6214
3210,F003001__3,2002-10-01,26.27,2002,10,AL,Total Electric Power Industry,Petroleum (Barrels),57010,1.92,1.58603162650601,90.4643,67.8,9.16,6214
3211,F003001__3,2002-11-01,24.39,2002,11,AL,Total Electric Power Industry,Petroleum (Barrels),40481,2.25,1.58603162650601,90.9711,51.0,9.16,6214
3212,F003001__3,2002-12-01,26.68,2002,12,AL,Total Electric Power Industry,Petroleum (Barrels),57460,2.15,1.58603162650601,90.4652,45.2,9.16,6214
3213,F003001__3,2003-01-01,29.83,2003,1,AL,Total Electric Power Industry,Petroleum (Barrels),119521,,2.27009497336115,91.2361,40.0,9.98,6176
3214,F003001__3,2003-02-01,33.07,2003,2,AL,Total Electric Power Industry,Petroleum (Barrels),31480,2.29,2.27009497336115,91.3445,48.0,9.98,6176
3215,F003001__3,2003-03-01,31.26,2003,3,AL,Total Electric Power Industry,Petroleum (Barrels),52047,2.16,2.27009497336115,91.1044,57.6,9.98,6176
3216,F003001__3,2003-04-01,27.6,2003,4,AL,Total Electric Power Industry,Petroleum (Barrels),52489,2.34,2.27009497336115,90.5617,63.3,9.98,6176
3217,F003001__3,2003-05-01,26.66,2003,5,AL,Total Electric Power Industry,Petroleum (Barrels),123262,2.38,2.27009497336115,90.537,71.6,9.98,6176
3218,F003001__3,2003-06-01,27.91,2003,6,AL,Total Electric Power Industry,Petroleum (Barrels),97423,2.1,2.27009497336115,90.6527,75.6,9.98,6176
3219,F003001__3,2003-07-01,28.92,2003,7,AL,Total Electric Power Industry,Petroleum (Barrels),26520,2.26,2.27009497336115,91.1185,78.5,9.98,6176
3220,F003001__3,2003-08-01,29.41,2003,8,AL,Total Electric Power Industry,Petroleum (Barrels),44906,2.59,2.27009497336115,90.9197,79.4,9.98,6176
3221,F003001__3,2003-09-01,26.92,2003,9,AL,Total Electric Power Industry,Petroleum (Barrels),38949,,2.27009497336115,91.5059,73.1,9.98,6176
3222,F003001__3,2003-10-01,27.82,2003,10,AL,Total Electric Power Industry,Petroleum (Barrels),42910,2.49,2.27009497336115,91.6186,63.5,9.98,6176
3223,F003001__3,2003-11-01,28.81,2003,11,AL,Total Electric Power Industry,Petroleum (Barrels),27611,2.5,2.27009497336115,92.2329,58.2,9.98,6176
3224,F003001__3,2003-12-01,29.63,2003,12,AL,Total Electric Power Industry,Petroleum (Barrels),56204,2.28,2.27009497336115,92.2602,44.0,9.98,6176
3225,F003001__3,2004-01-01,31.33,2004,1,AL,Total Electric Power Industry,Petroleum (Barrels),45634,,2.67723669309172,92.4006,44.2,11.27,6283
3226,F003001__3,2004-02-01,32.36,2004,2,AL,Total Electric Power Industry,Petroleum (Barrels),22854,2.35,2.67723669309172,92.958,45.4,11.27,6283
3227,F003001__3,2004-03-01,33.97,2004,3,AL,Total Electric Power Industry,Petroleum (Barrels),21891,2.33,2.67723669309172,92.5861,59.0,11.27,6283
3228,F003001__3,2004-04-01,34.44,2004,4,AL,Total Electric Power Industry,Petroleum (Barrels),30466,2.26,2.67723669309172,92.93,61.2,11.27,6283
3229,F003001__3,2004-05-01,36.81,2004,5,AL,Total Electric Power Industry,Petroleum (Barrels),33476,2.19,2.67723669309172,93.6013,72.7,11.27,6283
3230,F003001__3,2004-06-01,36.08,2004,6,AL,Total Electric Power Industry,Petroleum (Barrels),35568,2.11,2.67723669309172,92.871,76.8,11.27,6283
3231,F003001__3,2004-07-01,37.44,2004,7,AL,Total Electric Power Industry,Petroleum (Barrels),41186,1.93,2.67723669309172,93.5649,79.2,11.27,6283
3232,F003001__3,2004-08-01,40.95,2004,8,AL,Total Electric Power Industry,Petroleum (Barrels),27833,1.82,2.67723669309172,93.6277,76.3,11.27,6283
3233,F003001__3,2004-09-01,43.31,2004,9,AL,Total Electric Power Industry,Petroleum (Barrels),29864,1.72,2.67723669309172,93.7467,73.8,11.27,6283
3234,F003001__3,2004-10-01,48.62,2004,10,AL,Total Electric Power Industry,Petroleum (Barrels),32577,1.58,2.67723669309172,94.5465,68.5,11.27,6283
3235,F003001__3,2004-11-01,47.75,2004,11,AL,Total Electric Power Industry,Petroleum (Barrels),42279,1.5,2.67723669309172,94.7813,57.8,11.27,6283
3236,F003001__3,2004-12-01,42.36,2004,12,AL,Total Electric Power Industry,Petroleum (Barrels),50369,1.37,2.67723669309172,95.5365,45.1,11.27,6283
3237,F003001__3,2005-01-01,43.29,2005,1,AL,Total Electric Power Industry,Petroleum (Barrels),76733,1.13,3.3927468454955,95.8801,49.2,13.56,6542
3238,F003001__3,2005-02-01,44.76,2005,2,AL,Total Electric Power Industry,Petroleum (Barrels),27221,0.86,3.3927468454955,96.5761,51.2,13.56,6542
3239,F003001__3,2005-03-01,50.42,2005,3,AL,Total Electric Power Industry,Petroleum (Barrels),21776,0.79,3.3927468454955,96.4456,53.5,13.56,6542
3240,F003001__3,2005-04-01,50.04,2005,4,AL,Total Electric Power Industry,Petroleum (Barrels),32932,0.71,3.3927468454955,96.6532,61.0,13.56,6542
3241,F003001__3,2005-05-01,47.4,2005,5,AL,Total Electric Power Industry,Petroleum (Barrels),26324,0.57,3.3927468454955,96.7402,68.3,13.56,6542
3242,F003001__3,2005-06-01,52.3,2005,6,AL,Total Electric Power Industry,Petroleum (Barrels),30679,0.41,3.3927468454955,97.1753,76.7,13.56,6542
3243,F003001__3,2005-07-01,55.44,2005,7,AL,Total Electric Power Industry,Petroleum (Barrels),32612,0.3,3.3927468454955,96.8676,80.4,13.56,6542
3244,F003001__3,2005-08-01,60.73,2005,8,AL,Total Electric Power Industry,Petroleum (Barrels),34821,0.28,3.3927468454955,97.1833,80.5,13.56,6542
3245,F003001__3,2005-09-01,62.16,2005,9,AL,Total Electric Power Industry,Petroleum (Barrels),38225,0.3,3.3927468454955,95.3005,76.9,13.56,6542
3246,F003001__3,2005-10-01,60.82,2005,10,AL,Total Electric Power Industry,Petroleum (Barrels),28403,0.18,3.3927468454955,96.4572,63.8,13.56,6542
3247,F003001__3,2005-11-01,57.07,2005,11,AL,Total Electric Power Industry,Petroleum (Barrels),33019,0.16,3.3927468454955,97.5414,55.8,13.56,6542
3248,F003001__3,2005-12-01,56.11,2005,12,AL,Total Electric Power Industry,Petroleum (Barrels),81197,0.07,3.3927468454955,98.0452,43.4,13.56,6542
3249,F003001__3,2006-01-01,60.9,2006,1,AL,Total Electric Power Industry,Petroleum (Barrels),35127,,3.22594410070404,98.1999,51.1,14.96,6377
3250,F003001__3,2006-02-01,59.1,2006,2,AL,Total Electric Power Industry,Petroleum (Barrels),27898,-0.02,3.22594410070404,98.2413,46.1,14.96,6377
3251,F003001__3,2006-03-01,59.17,2006,3,AL,Total Electric Power Industry,Petroleum (Barrels),22736,-0.12,3.22594410070404,98.4628,56.1,14.96,6377
3252,F003001__3,2006-04-01,66.19,2006,4,AL,Total Electric Power Industry,Petroleum (Barrels),26612,0.02,3.22594410070404,98.7618,67.5,14.96,6377
3253,F003001__3,2006-05-01,67.9,2006,5,AL,Total Electric Power Industry,Petroleum (Barrels),21168,0.2,3.22594410070404,98.7869,70.4,14.96,6377
3254,F003001__3,2006-06-01,68.33,2006,6,AL,Total Electric Power Industry,Petroleum (Barrels),16940,0.07,3.22594410070404,99.0997,78.1,14.96,6377
3255,F003001__3,2006-07-01,71.29,2006,7,AL,Total Electric Power Industry,Petroleum (Barrels),18781,-0.02,3.22594410070404,99.0489,81.9,14.96,6377
3256,F003001__3,2006-08-01,70.89,2006,8,AL,Total Electric Power Industry,Petroleum (Barrels),19956,0.02,3.22594410070404,99.4836,82.3,14.96,6377
3257,F003001__3,2006-09-01,62.99,2006,9,AL,Total Electric Power Industry,Petroleum (Barrels),10986,-0.04,3.22594410070404,99.3183,72.8,14.96,6377
3258,F003001__3,2006-10-01,56.35,2006,10,AL,Total Electric Power Industry,Petroleum (Barrels),20798,-0.04,3.22594410070404,99.2044,61.9,14.96,6377
3259,F003001__3,2006-11-01,55.35,2006,11,AL,Total Electric Power Industry,Petroleum (Barrels),23842,-0.09,3.22594410070404,99.1627,52.8,14.96,6377
3260,F003001__3,2006-12-01,58.65,2006,12,AL,Total Electric Power Industry,Petroleum (Barrels),31457,-0.09,3.22594410070404,100.1735,49.4,14.96,6377
3261,F003001__3,2007-01-01,53.36,2007,1,AL,Total Electric Power Industry,Petroleum (Barrels),22284,,2.85267248150138,99.8346,46.7,16.06,6306
3262,F003001__3,2007-02-01,57.03,2007,2,AL,Total Electric Power Industry,Petroleum (Barrels),26439,-0.12,2.85267248150138,100.7753,44.8,16.06,6306
3263,F003001__3,2007-03-01,58.79,2007,3,AL,Total Electric Power Industry,Petroleum (Barrels),21846,-0.07,2.85267248150138,100.9547,60.0,16.06,6306
3264,F003001__3,2007-04-01,61.62,2007,4,AL,Total Electric Power Industry,Petroleum (Barrels),20307,0.05,2.85267248150138,101.6334,60.0,16.06,6306
3265,F003001__3,2007-05-01,63.22,2007,5,AL,Total Electric Power Industry,Petroleum (Barrels),28754,0.01,2.85267248150138,101.7306,71.2,16.06,6306
3266,F003001__3,2007-06-01,67.47,2007,6,AL,Total Electric Power Industry,Petroleum (Barrels),26122,-0.02,2.85267248150138,101.7893,78.8,16.06,6306
3267,F003001__3,2007-07-01,74.64,2007,7,AL,Total Electric Power Industry,Petroleum (Barrels),14589,0.14,2.85267248150138,101.6672,79.2,16.06,6306
3268,F003001__3,2007-08-01,73.67,2007,8,AL,Total Electric Power Industry,Petroleum (Barrels),17764,0.2,2.85267248150138,101.863,84.4,16.06,6306
3269,F003001__3,2007-09-01,77.09,2007,9,AL,Total Electric Power Industry,Petroleum (Barrels),11086,,2.85267248150138,102.0894,76.0,16.06,6306
3270,F003001__3,2007-10-01,83.47,2007,10,AL,Total Electric Power Industry,Petroleum (Barrels),13051,0.54,2.85267248150138,101.8015,66.5,16.06,6306
3271,F003001__3,2007-11-01,92.66,2007,11,AL,Total Electric Power Industry,Petroleum (Barrels),11704,0.59,2.85267248150138,102.3446,53.6,16.06,6306
3272,F003001__3,2007-12-01,90.45,2007,12,AL,Total Electric Power Industry,Petroleum (Barrels),22695,0.99,2.85267248150138,102.3803,51.6,16.06,6306
3273,F003001__3,2008-01-01,93.06,2008,1,AL,Total Electric Power Industry,Petroleum (Barrels),65042,,3.839100296651,102.2448,43.0,19.22,6737
3274,F003001__3,2008-02-01,94.88,2008,2,AL,Total Electric Power Industry,Petroleum (Barrels),18323,1.53,3.839100296651,101.8438,49.2,19.22,6737
3275,F003001__3,2008-03-01,104.0,2008,3,AL,Total Electric Power Industry,Petroleum (Barrels),15529,1.93,3.839100296651,101.5336,55.2,19.22,6737
3276,F003001__3,2008-04-01,111.24,2008,4,AL,Total Electric Power Industry,Petroleum (Barrels),18563,1.77,3.839100296651,100.8785,62.8,19.22,6737
3277,F003001__3,2008-05-01,124.06,2008,5,AL,Total Electric Power Industry,Petroleum (Barrels),21491,1.41,3.839100296651,100.2674,70.3,19.22,6737
3278,F003001__3,2008-06-01,130.65,2008,6,AL,Total Electric Power Industry,Petroleum (Barrels),20772,1.47,3.839100296651,100.0335,78.7,19.22,6737
3279,F003001__3,2008-07-01,129.03,2008,7,AL,Total Electric Power Industry,Petroleum (Barrels),20701,1.38,3.839100296651,99.676,80.0,19.22,6737
3280,F003001__3,2008-08-01,113.43,2008,8,AL,Total Electric Power Industry,Petroleum (Barrels),18142,1.46,3.839100296651,98.1111,78.4,19.22,6737
3281,F003001__3,2008-09-01,100.27,2008,9,AL,Total Electric Power Industry,Petroleum (Barrels),21361,,3.839100296651,93.7895,74.5,19.22,6737
3282,F003001__3,2008-10-01,74.8,2008,10,AL,Total Electric Power Industry,Petroleum (Barrels),19674,1.95,3.839100296651,94.7219,62.2,19.22,6737
3283,F003001__3,2008-11-01,54.15,2008,11,AL,Total Electric Power Industry,Petroleum (Barrels),21047,2.51,3.839100296651,93.4715,51.0,19.22,6737
3284,F003001__3,2008-12-01,34.91,2008,12,AL,Total Electric Power Industry,Petroleum (Barrels),20489,1.82,3.839100296651,90.8357,49.7,19.22,6737
3285,F003001__3,2009-01-01,34.55,2009,1,AL,Total Electric Power Industry,Petroleum (Barrels),43980,,-0.355546266299747,88.57,45.3,16.55,6656
3286,F003001__3,2009-02-01,34.43,2009,2,AL,Total Electric Power Industry,Petroleum (Barrels),36669,1.87,-0.355546266299747,88.031,48.2,16.55,6656
3287,F003001__3,2009-03-01,43.76,2009,3,AL,Total Electric Power Industry,Petroleum (Barrels),28731,2.02,-0.355546266299747,86.6528,57.3,16.55,6656
3288,F003001__3,2009-04-01,44.73,2009,4,AL,Total Electric Power Industry,Petroleum (Barrels),18165,1.85,-0.355546266299747,85.9344,61.4,16.55,6656
3289,F003001__3,2009-05-01,52.25,2009,5,AL,Total Electric Power Industry,Petroleum (Barrels),17954,2.29,-0.355546266299747,85.0665,71.2,16.55,6656
3290,F003001__3,2009-06-01,61.8,2009,6,AL,Total Electric Power Industry,Petroleum (Barrels),18636,2.74,-0.355546266299747,84.7459,79.4,16.55,6656
3291,F003001__3,2009-07-01,58.49,2009,7,AL,Total Electric Power Industry,Petroleum (Barrels),22186,2.5,-0.355546266299747,85.7027,78.1,16.55,6656
3292,F003001__3,2009-08-01,64.36,2009,8,AL,Total Electric Power Industry,Petroleum (Barrels),17678,2.48,-0.355546266299747,86.6426,78.0,16.55,6656
3293,F003001__3,2009-09-01,64.05,2009,9,AL,Total Electric Power Industry,Petroleum (Barrels),14952,2.46,-0.355546266299747,87.4063,75.0,16.55,6656
3294,F003001__3,2009-10-01,68.53,2009,10,AL,Total Electric Power Industry,Petroleum (Barrels),21585,2.34,-0.355546266299747,87.6419,62.8,16.55,6656
3295,F003001__3,2009-11-01,70.98,2009,11,AL,Total Electric Power Industry,Petroleum (Barrels),19844,2.53,-0.355546266299747,88.0221,53.4,16.55,6656
3296,F003001__3,2009-12-01,69.11,2009,12,AL,Total Electric Power Industry,Petroleum (Barrels),35336,2.61,-0.355546266299747,88.3793,44.8,16.55,6656
3297,F003001__3,2010-01-01,72.98,2010,1,AL,Total Electric Power Industry,Petroleum (Barrels),67366,,1.6400434423899,89.3426,40.0,17.8,7130
3298,F003001__3,2010-02-01,71.91,2010,2,AL,Total Electric Power Industry,Petroleum (Barrels),21050,2.82,1.6400434423899,89.6779,40.6,17.8,7130
3299,F003001__3,2010-03-01,75.1,2010,3,AL,Total Electric Power Industry,Petroleum (Barrels),21510,2.81,1.6400434423899,90.2928,51.2,17.8,7130
3300,F003001__3,2010-04-01,78.91,2010,4,AL,Total Electric Power Industry,Petroleum (Barrels),21818,2.84,1.6400434423899,90.5991,64.2,17.8,7130
3301,F003001__3,2010-05-01,70.74,2010,5,AL,Total Electric Power Industry,Petroleum (Barrels),20839,2.72,1.6400434423899,91.823,73.3,17.8,7130
3302,F003001__3,2010-06-01,71.74,2010,6,AL,Total Electric Power Industry,Petroleum (Barrels),16677,2.51,1.6400434423899,91.9928,80.9,17.8,7130
3303,F003001__3,2010-07-01,72.24,2010,7,AL,Total Electric Power Industry,Petroleum (Barrels),20587,2.33,1.6400434423899,92.3421,82.6,17.8,7130
3304,F003001__3,2010-08-01,72.46,2010,8,AL,Total Electric Power Industry,Petroleum (Barrels),17842,2.43,1.6400434423899,92.6805,83.0,17.8,7130
3305,F003001__3,2010-09-01,71.08,2010,9,AL,Total Electric Power Industry,Petroleum (Barrels),14110,2.08,1.6400434423899,92.9537,76.9,17.8,7130
3306,F003001__3,2010-10-01,77.96,2010,10,AL,Total Electric Power Industry,Petroleum (Barrels),19069,2.12,1.6400434423899,92.6903,64.3,17.8,7130
3307,F003001__3,2010-11-01,82.1,2010,11,AL,Total Electric Power Industry,Petroleum (Barrels),22122,2.32,1.6400434423899,92.7709,55.2,17.8,7130
3308,F003001__3,2010-12-01,87.23,2010,12,AL,Total Electric Power Industry,Petroleum (Barrels),43276,2.44,1.6400434423899,93.6787,40.3,17.8,7130
3309,F003001__3,2011-01-01,89.87,2011,1,AL,Total Electric Power Industry,Petroleum (Barrels),26623,2.75,3.156841568622,93.4814,41.1,20.06,7680
3310,F003001__3,2011-02-01,90.68,2011,2,AL,Total Electric Power Industry,Petroleum (Barrels),22320,2.87,3.156841568622,93.1102,49.5,20.06,7680
3311,F003001__3,2011-03-01,109.25,2011,3,AL,Total Electric Power Industry,Petroleum (Barrels),16607,2.75,3.156841568622,94.0788,57.8,20.06,7680
3312,F003001__3,2011-04-01,117.58,2011,4,AL,Total Electric Power Industry,Petroleum (Barrels),20341,2.66,3.156841568622,93.7749,65.7,20.06,7680
3313,F003001__3,2011-05-01,111.45,2011,5,AL,Total Electric Power Industry,Petroleum (Barrels),25408,2.7,3.156841568622,93.888,69.9,20.06,7680
3314,F003001__3,2011-06-01,106.68,2011,6,AL,Total Electric Power Industry,Petroleum (Barrels),18826,2.52,3.156841568622,94.172,81.2,20.06,7680
3315,F003001__3,2011-07-01,109.09,2011,7,AL,Total Electric Power Industry,Petroleum (Barrels),14954,2.72,3.156841568622,94.636,81.7,20.06,7680
3316,F003001__3,2011-08-01,98.11,2011,8,AL,Total Electric Power Industry,Petroleum (Barrels),15321,2.39,3.156841568622,95.2749,81.8,20.06,7680
3317,F003001__3,2011-09-01,102.44,2011,9,AL,Total Electric Power Industry,Petroleum (Barrels),16545,1.96,3.156841568622,95.1961,72.1,20.06,7680
3318,F003001__3,2011-10-01,107.04,2011,10,AL,Total Electric Power Industry,Petroleum (Barrels),12614,1.56,3.156841568622,95.8568,60.6,20.06,7680
3319,F003001__3,2011-11-01,116.37,2011,11,AL,Total Electric Power Industry,Petroleum (Barrels),11716,1.78,3.156841568622,95.8485,55.3,20.06,7680
3320,F003001__3,2011-12-01,109.43,2011,12,AL,Total Electric Power Industry,Petroleum (Barrels),27008,1.84,3.156841568622,96.3571,49.3,20.06,7680
3321,F003001__3,2012-01-01,105.45,2012,1,AL,Total Electric Power Industry,Petroleum (Barrels),22668,,2.06933726526067,96.9318,50.1,19.86,7703
3322,F003001__3,2012-02-01,107.27,2012,2,AL,Total Electric Power Industry,Petroleum (Barrels),10413,1.64,2.06933726526067,97.2435,52.1,19.86,7703
3323,F003001__3,2012-03-01,116.53,2012,3,AL,Total Electric Power Industry,Petroleum (Barrels),14867,1.73,2.06933726526067,96.74,64.6,19.86,7703
3324,F003001__3,2012-04-01,117.66,2012,4,AL,Total Electric Power Industry,Petroleum (Barrels),13763,1.89,2.06933726526067,97.4359,65.0,19.86,7703
3325,F003001__3,2012-05-01,109.14,2012,5,AL,Total Electric Power Industry,Petroleum (Barrels),15374,1.71,2.06933726526067,97.6609,73.4,19.86,7703
3326,F003001__3,2012-06-01,92.32,2012,6,AL,Total Electric Power Industry,Petroleum (Barrels),21133,1.22,2.06933726526067,97.6663,76.8,19.86,7703
3327,F003001__3,2012-07-01,95.11,2012,7,AL,Total Electric Power Industry,Petroleum (Barrels),12555,1.31,2.06933726526067,97.8713,81.6,19.86,7703
3328,F003001__3,2012-08-01,102.43,2012,8,AL,Total Electric Power Industry,Petroleum (Barrels),12462,1.32,2.06933726526067,97.4525,78.1,19.86,7703
3329,F003001__3,2012-09-01,106.24,2012,9,AL,Total Electric Power Industry,Petroleum (Barrels),12044,,2.06933726526067,97.381,73.0,19.86,7703
3330,F003001__3,2012-10-01,101.73,2012,10,AL,Total Electric Power Industry,Petroleum (Barrels),25650,1.39,2.06933726526067,97.7193,62.2,19.86,7703
3331,F003001__3,2012-11-01,101.41,2012,11,AL,Total Electric Power Industry,Petroleum (Barrels),16039,1.45,2.06933726526067,98.0777,51.2,19.86,7703
3332,F003001__3,2012-12-01,103.7,2012,12,AL,Total Electric Power Industry,Petroleum (Barrels),21301,1.38,2.06933726526067,98.3101,50.9,19.86,7703
3333,F003001__3,2013-01-01,109.44,2013,1,AL,Total Electric Power Industry,Petroleum (Barrels),18546,,1.46483265562717,98.3342,50.0,18.89,7707
3334,F003001__3,2013-02-01,107.0,2013,2,AL,Total Electric Power Industry,Petroleum (Barrels),14736,1.77,1.46483265562717,98.7941,48.0,18.89,7707
3335,F003001__3,2013-03-01,107.08,2013,3,AL,Total Electric Power Industry,Petroleum (Barrels),10120,1.61,1.46483265562717,99.1921,49.8,18.89,7707
3336,F003001__3,2013-04-01,106.51,2013,4,AL,Total Electric Power Industry,Petroleum (Barrels),13730,1.63,1.46483265562717,99.1065,62.2,18.89,7707
3337,F003001__3,2013-05-01,103.0,2013,5,AL,Total Electric Power Industry,Petroleum (Barrels),11330,1.46,1.46483265562717,99.1839,68.2,18.89,7707
3338,F003001__3,2013-06-01,99.91,2013,6,AL,Total Electric Power Industry,Petroleum (Barrels),12381,1.83,1.46483265562717,99.3897,78.0,18.89,7707
3339,F003001__3,2013-07-01,107.44,2013,7,AL,Total Electric Power Industry,Petroleum (Barrels),10706,2.16,1.46483265562717,99.0814,77.7,18.89,7707
3340,F003001__3,2013-08-01,107.63,2013,8,AL,Total Electric Power Industry,Petroleum (Barrels),10057,2.39,1.46483265562717,99.6543,77.9,18.89,7707
3341,F003001__3,2013-09-01,107.03,2013,9,AL,Total Electric Power Industry,Petroleum (Barrels),8024,,1.46483265562717,100.161,75.0,18.89,7707
3342,F003001__3,2013-10-01,98.68,2013,10,AL,Total Electric Power Industry,Petroleum (Barrels),11155,2.33,1.46483265562717,100.082,64.9,18.89,7707
3343,F003001__3,2013-11-01,90.25,2013,11,AL,Total Electric Power Industry,Petroleum (Barrels),9359,2.32,1.46483265562717,100.3158,51.6,18.89,7707
3344,F003001__3,2013-12-01,93.33,2013,12,AL,Total Electric Power Industry,Petroleum (Barrels),12476,2.51,1.46483265562717,100.5175,47.9,18.89,7707
3345,F003001__3,2014-01-01,91.34,2014,1,AL,Total Electric Power Industry,Petroleum (Barrels),77952,,1.62222297740817,100.1599,37.3,18.63,7981
3346,F003001__3,2014-02-01,100.04,2014,2,AL,Total Electric Power Industry,Petroleum (Barrels),16903,2.31,1.62222297740817,100.9168,47.3,18.63,7981
3347,F003001__3,2014-03-01,98.14,2014,3,AL,Total Electric Power Industry,Petroleum (Barrels),11428,2.28,1.62222297740817,101.8942,52.3,18.63,7981
3348,F003001__3,2014-04-01,98.94,2014,4,AL,Total Electric Power Industry,Petroleum (Barrels),19855,2.33,1.62222297740817,101.9928,62.4,18.63,7981
3349,F003001__3,2014-05-01,96.61,2014,5,AL,Total Electric Power Industry,Petroleum (Barrels),10487,2.22,1.62222297740817,102.3836,70.2,18.63,7981
3350,F003001__3,2014-06-01,100.41,2014,6,AL,Total Electric Power Industry,Petroleum (Barrels),16375,2.15,1.62222297740817,102.735,77.9,18.63,7981
3351,F003001__3,2014-07-01,98.27,2014,7,AL,Total Electric Power Industry,Petroleum (Barrels),7706,2.11,1.62222297740817,102.9632,77.8,18.63,7981
3352,F003001__3,2014-08-01,94.24,2014,8,AL,Total Electric Power Industry,Petroleum (Barrels),8536,2.05,1.62222297740817,102.7688,79.5,18.63,7981
3353,F003001__3,2014-09-01,90.81,2014,9,AL,Total Electric Power Industry,Petroleum (Barrels),14527,,1.62222297740817,103.0641,76.3,18.63,7981
3354,F003001__3,2014-10-01,81.96,2014,10,AL,Total Electric Power Industry,Petroleum (Barrels),5326,1.89,1.62222297740817,103.0764,65.2,18.63,7981
3355,F003001__3,2014-11-01,72.51,2014,11,AL,Total Electric Power Industry,Petroleum (Barrels),14665,1.84,1.62222297740817,103.7126,48.2,18.63,7981
3356,F003001__3,2014-12-01,57.12,2014,12,AL,Total Electric Power Industry,Petroleum (Barrels),13883,1.73,1.62222297740817,103.7044,50.0,18.63,7981
3357,F003001__3,2015-01-01,43.24,2015,1,AL,Total Electric Power Industry,Petroleum (Barrels),30216,,0.118627135552451,102.8905,43.6,15.7,8068
3358,F003001__3,2015-02-01,44.0,2015,2,AL,Total Electric Power Industry,Petroleum (Barrels),21416,1.19,0.118627135552451,102.2335,41.3,15.7,8068
3359,F003001__3,2015-03-01,42.51,2015,3,AL,Total Electric Power Industry,Petroleum (Barrels),13768,1.42,0.118627135552451,101.8914,57.8,15.7,8068
3360,F003001__3,2015-04-01,50.89,2015,4,AL,Total Electric Power Industry,Petroleum (Barrels),9448,1.32,0.118627135552451,101.3355,66.0,15.7,8068
3361,F003001__3,2015-05-01,55.46,2015,5,AL,Total Electric Power Industry,Petroleum (Barrels),10587,1.52,0.118627135552451,100.8883,71.8,15.7,8068
3362,F003001__3,2015-06-01,56.38,2015,6,AL,Total Electric Power Industry,Petroleum (Barrels),9465,1.55,0.118627135552451,100.571,78.8,15.7,8068
3363,F003001__3,2015-07-01,47.89,2015,7,AL,Total Electric Power Industry,Petroleum (Barrels),8510,1.74,0.118627135552451,101.2228,81.6,15.7,8068
3364,F003001__3,2015-08-01,39.82,2015,8,AL,Total Electric Power Industry,Petroleum (Barrels),7784,1.48,0.118627135552451,101.0367,79.0,15.7,8068
3365,F003001__3,2015-09-01,41.98,2015,9,AL,Total Electric Power Industry,Petroleum (Barrels),7476,1.47,0.118627135552451,100.7547,74.4,15.7,8068
3366,F003001__3,2015-10-01,42.06,2015,10,AL,Total Electric Power Industry,Petroleum (Barrels),6502,1.41,0.118627135552451,100.2675,65.0,15.7,8068
3367,F003001__3,2015-11-01,36.51,2015,11,AL,Total Electric Power Industry,Petroleum (Barrels),10736,1.43,0.118627135552451,99.5298,59.2,15.7,8068
3368,F003001__3,2015-12-01,32.08,2015,12,AL,Total Electric Power Industry,Petroleum (Barrels),16675,1.24,0.118627135552451,99.0417,56.9,15.7,8068
3369,F003001__3,2016-01-01,26.95,2016,1,AL,Total Electric Power Industry,Petroleum (Barrels),22575,,1.26158320570536,99.5607,43.0,14.86,8356
3370,F003001__3,2016-02-01,25.39,2016,2,AL,Total Electric Power Industry,Petroleum (Barrels),7174,1.16,1.26158320570536,99.0445,49.8,14.86,8356
3371,F003001__3,2016-03-01,31.96,2016,3,AL,Total Electric Power Industry,Petroleum (Barrels),10879,0.98,1.26158320570536,98.3096,59.7,14.86,8356
3372,F003001__3,2016-04-01,35.79,2016,4,AL,Total Electric Power Industry,Petroleum (Barrels),1722,1.03,1.26158320570536,98.6421,63.6,14.86,8356
3373,F003001__3,2016-05-01,41.58,2016,5,AL,Total Electric Power Industry,Petroleum (Barrels),5024,1.08,1.26158320570536,98.4184,70.2,14.86,8356
3374,F003001__3,2016-06-01,44.9,2016,6,AL,Total Electric Power Industry,Petroleum (Barrels),5998,0.94,1.26158320570536,98.8833,79.2,14.86,8356
3375,F003001__3,2016-07-01,40.79,2016,7,AL,Total Electric Power Industry,Petroleum (Barrels),4301,0.87,1.26158320570536,98.9992,82.0,14.86,8356
3376,F003001__3,2016-08-01,40.46,2016,8,AL,Total Electric Power Industry,Petroleum (Barrels),3752,0.84,1.26158320570536,98.85,81.6,14.86,8356
3377,F003001__3,2016-09-01,40.57,2016,9,AL,Total Electric Power Industry,Petroleum (Barrels),3476,0.79,1.26158320570536,98.7457,78.6,14.86,8356
3378,F003001__3,2016-10-01,45.51,2016,10,AL,Total Electric Power Industry,Petroleum (Barrels),4077,0.83,1.26158320570536,98.7611,68.5,14.86,8356
3379,F003001__3,2016-11-01,41.27,2016,11,AL,Total Electric Power Industry,Petroleum (Barrels),3394,1.0,1.26158320570536,98.3491,57.8,14.86,8356
3380,F003001__3,2016-12-01,47.18,2016,12,AL,Total Electric Power Industry,Petroleum (Barrels),6388,1.31,1.26158320570536,99.0214,50.1,14.86,8356
3381,F003001__3,2017-01-01,47.9,2017,1,AL,Total Electric Power Industry,Petroleum (Barrels),12770,,2.13011000365961,98.7611,52.4,15.97,8541
3382,F003001__3,2017-02-01,49.21,2017,2,AL,Total Electric Power Industry,Petroleum (Barrels),3442,1.26,2.13011000365961,98.3646,55.6,15.97,8541
3383,F003001__3,2017-03-01,45.94,2017,3,AL,Total Electric Power Industry,Petroleum (Barrels),6010,1.17,2.13011000365961,99.0137,58.4,15.97,8541
3384,F003001__3,2017-04-01,47.5,2017,4,AL,Total Electric Power Industry,Petroleum (Barrels),3617,1.11,2.13011000365961,100.0224,67.2,15.97,8541
3385,F003001__3,2017-05-01,45.47,2017,5,AL,Total Electric Power Industry,Petroleum (Barrels),4928,1.05,2.13011000365961,100.1408,69.9,15.97,8541
3386,F003001__3,2017-06-01,42.02,2017,6,AL,Total Electric Power Industry,Petroleum (Barrels),3145,0.93,2.13011000365961,100.3471,75.8,15.97,8541
3387,F003001__3,2017-07-01,43.86,2017,7,AL,Total Electric Power Industry,Petroleum (Barrels),4080,0.94,2.13011000365961,100.1068,80.6,15.97,8541
3388,F003001__3,2017-08-01,45.56,2017,8,AL,Total Electric Power Industry,Petroleum (Barrels),4716,0.92,2.13011000365961,99.6925,78.8,15.97,8541
3389,F003001__3,2017-09-01,47.74,2017,9,AL,Total Electric Power Industry,Petroleum (Barrels),2986,0.81,2.13011000365961,99.7954,73.4,15.97,8541
3390,F003001__3,2017-10-01,50.98,2017,10,AL,Total Electric Power Industry,Petroleum (Barrels),4524,0.85,2.13011000365961,101.0247,65.8,15.97,8541
3391,F003001__3,2017-11-01,56.94,2017,11,AL,Total Electric Power Industry,Petroleum (Barrels),2239,0.76,2.13011000365961,101.2664,55.6,15.97,8541
3392,F003001__3,2017-12-01,58.81,2017,12,AL,Total Electric Power Industry,Petroleum (Barrels),11203,0.59,2.13011000365961,101.4644,46.9,15.97,8541
3393,F003001__3,2018-01-01,63.85,2018,1,AL,Total Electric Power Industry,Petroleum (Barrels),87515,,2.44258329692817,101.4625,40.4,16.69,8726
3394,F003001__3,2018-02-01,62.04,2018,2,AL,Total Electric Power Industry,Petroleum (Barrels),2933,0.62,2.44258329692817,101.7085,58.0,16.69,8726
3395,F003001__3,2018-03-01,60.42,2018,3,AL,Total Electric Power Industry,Petroleum (Barrels),3003,0.59,2.44258329692817,102.2067,55.4,16.69,8726
3396,F003001__3,2018-04-01,63.69,2018,4,AL,Total Electric Power Industry,Petroleum (Barrels),1613,0.48,2.44258329692817,103.3329,59.5,16.69,8726
3397,F003001__3,2018-05-01,67.75,2018,5,AL,Total Electric Power Industry,Petroleum (Barrels),2944,0.47,2.44258329692817,102.4024,74.4,16.69,8726
3398,F003001__3,2018-06-01,66.92,2018,6,AL,Total Electric Power Industry,Petroleum (Barrels),7735,0.42,2.44258329692817,103.198,79.3,16.69,8726
3399,F003001__3,2018-07-01,73.2,2018,7,AL,Total Electric Power Industry,Petroleum (Barrels),11722,0.3,2.44258329692817,103.3646,80.7,16.69,8726
3400,F003001__3,2018-08-01,66.46,2018,8,AL,Total Electric Power Industry,Petroleum (Barrels),5226,0.33,2.44258329692817,104.0327,79.5,16.69,8726
3401,F003001__3,2018-09-01,70.34,2018,9,AL,Total Electric Power Industry,Petroleum (Barrels),3587,,2.44258329692817,104.1004,79.4,16.69,8726
3402,F003001__3,2018-10-01,72.92,2018,10,AL,Total Electric Power Industry,Petroleum (Barrels),4109,0.27,2.44258329692817,103.9856,67.4,16.69,8726
3403,F003001__3,2018-11-01,59.77,2018,11,AL,Total Electric Power Industry,Petroleum (Barrels),3879,0.3,2.44258329692817,104.0681,50.4,16.69,8726
3404,F003001__3,2018-12-01,51.44,2018,12,AL,Total Electric Power Industry,Petroleum (Barrels),11921,0.15,2.44258329692817,104.0936,49.0,16.69,8726
3405,F003001__3,2019-01-01,52.73,2019,1,AL,Total Electric Power Industry,Petroleum (Barrels),6439,,1.81221007526021,103.4021,46.5,16.38,8445
3406,F003001__3,2019-02-01,56.14,2019,2,AL,Total Electric Power Industry,Petroleum (Barrels),2328,0.18,1.81221007526021,102.8371,56.1,16.38,8445
3407,F003001__3,2019-03-01,60.19,2019,3,AL,Total Electric Power Industry,Petroleum (Barrels),2458,0.21,1.81221007526021,102.8757,55.0,16.38,8445
3408,F003001__3,2019-04-01,66.01,2019,4,AL,Total Electric Power Industry,Petroleum (Barrels),1861,0.16,1.81221007526021,102.274,63.5,16.38,8445
3409,F003001__3,2019-05-01,62.18,2019,5,AL,Total Electric Power Industry,Petroleum (Barrels),3735,0.21,1.81221007526021,102.392,74.2,16.38,8445
3410,F003001__3,2019-06-01,57.63,2019,6,AL,Total Electric Power Industry,Petroleum (Barrels),1917,0.25,1.81221007526021,102.4375,78.1,16.38,8445
3411,F003001__3,2019-07-01,59.3,2019,7,AL,Total Electric Power Industry,Petroleum (Barrels),3154,0.25,1.81221007526021,101.9408,80.6,16.38,8445
3412,F003001__3,2019-08-01,54.77,2019,8,AL,Total Electric Power Industry,Petroleum (Barrels),1475,0.17,1.81221007526021,102.639,80.6,16.38,8445
3413,F003001__3,2019-09-01,55.38,2019,9,AL,Total Electric Power Industry,Petroleum (Barrels),2401,,1.81221007526021,102.2917,80.2,16.38,8445
3414,F003001__3,2019-10-01,55.13,2019,10,AL,Total Electric Power Industry,Petroleum (Barrels),1512,0.09,1.81221007526021,101.4281,67.8,16.38,8445
3415,F003001__3,2019-11-01,54.62,2019,11,AL,Total Electric Power Industry,Petroleum (Barrels),6888,0.17,1.81221007526021,101.9372,50.6,16.38,8445
3416,F003001__3,2019-12-01,58.76,2019,12,AL,Total Electric Power Industry,Petroleum (Barrels),1328,0.22,1.81221007526021,101.7003,51.3,16.38,8445
3417,F003001__3,2020-01-01,56.23,2020,1,AL,Total Electric Power Industry,Petroleum (Barrels),499,,1.23358439630629,101.0338,49.5,14.84,7113
3418,F003001__3,2020-02-01,49.17,2020,2,AL,Total Electric Power Industry,Petroleum (Barrels),385,0.18,1.23358439630629,101.3735,51.0,14.84,7113
3419,F003001__3,2020-03-01,28.68,2020,3,AL,Total Electric Power Industry,Petroleum (Barrels),2021,0.26,1.23358439630629,97.4078,63.5,14.84,7113
3420,F003001__3,2020-04-01,12.59,2020,4,AL,Total Electric Power Industry,Petroleum (Barrels),1038,0.39,1.23358439630629,84.5619,62.0,14.84,7113
3421,F003001__3,2020-05-01,18.03,2020,5,AL,Total Electric Power Industry,Petroleum (Barrels),370,0.44,1.23358439630629,85.9604,68.9,14.84,7113
3422,F003001__3,2020-06-01,34.52,2020,6,AL,Total Electric Power Industry,Petroleum (Barrels),7115,0.52,1.23358439630629,91.5934,76.9,14.84,7113
3423,F003001__3,2020-07-01,36.19,2020,7,AL,Total Electric Power Industry,Petroleum (Barrels),3334,0.52,1.23358439630629,95.0256,80.9,14.84,7113
3424,F003001__3,2020-08-01,38.23,2020,8,AL,Total Electric Power Industry,Petroleum (Barrels),1253,0.45,1.23358439630629,95.9549,80.2,14.84,7113
3425,F003001__3,2020-09-01,35.48,2020,9,AL,Total Electric Power Industry,Petroleum (Barrels),840,0.55,1.23358439630629,95.9669,74.3,14.84,7113
3426,F003001__3,2020-10-01,35.15,2020,10,AL,Total Electric Power Industry,Petroleum (Barrels),1242,0.54,1.23358439630629,96.7394,66.9,14.84,7113
3427,F003001__3,2020-11-01,36.79,2020,11,AL,Total Electric Power Industry,Petroleum (Barrels),695,0.71,1.23358439630629,97.0816,58.4,14.84,7113
3428,F003001__3,2020-12-01,42.46,2020,12,AL,Total Electric Power Industry,Petroleum (Barrels),4192,0.75,1.23358439630629,98.363,45.9,14.84,7113
3429,F003001__3,2021-01-01,47.99,2021,1,AL,Total Electric Power Industry,Petroleum (Barrels),6541,,4.69785886363742,98.8822,46.6,17.85,7904
3430,F003001__3,2021-02-01,55.29,2021,2,AL,Total Electric Power Industry,Petroleum (Barrels),21745,0.98,4.69785886363742,95.6149,46.7,17.85,7904
3431,F003001__3,2021-03-01,59.2,2021,3,AL,Total Electric Power Industry,Petroleum (Barrels),449,1.32,4.69785886363742,98.3856,59.6,17.85,7904
3432,F003001__3,2021-04-01,58.61,2021,4,AL,Total Electric Power Industry,Petroleum (Barrels),380,1.52,4.69785886363742,98.5587,61.6,17.85,7904
3433,F003001__3,2021-05-01,61.61,2021,5,AL,Total Electric Power Industry,Petroleum (Barrels),621,1.47,4.69785886363742,99.4333,69.4,17.85,7904
3434,F003001__3,2021-06-01,67.73,2021,6,AL,Total Electric Power Industry,Petroleum (Barrels),2406,1.46,4.69785886363742,99.7987,77.0,17.85,7904
3435,F003001__3,2021-07-01,69.67,2021,7,AL,Total Electric Power Industry,Petroleum (Barrels),726,1.23,4.69785886363742,100.2519,79.3,17.85,7904
3436,F003001__3,2021-08-01,64.05,2021,8,AL,Total Electric Power Industry,Petroleum (Barrels),1218,1.03,4.69785886363742,100.0437,80.0,17.85,7904
3437,F003001__3,2021-09-01,67.66,2021,9,AL,Total Electric Power Industry,Petroleum (Barrels),818,1.11,4.69785886363742,98.8579,73.9,17.85,7904
3438,F003001__3,2021-10-01,77.65,2021,10,AL,Total Electric Power Industry,Petroleum (Barrels),573,1.21,4.69785886363742,100.1861,67.3,17.85,7904
3439,F003001__3,2021-11-01,74.8,2021,11,AL,Total Electric Power Industry,Petroleum (Barrels),2213,1.08,4.69785886363742,100.8654,52.2,17.85,7904
3440,F003001__3,2021-12-01,67.95,2021,12,AL,Total Electric Power Industry,Petroleum (Barrels),4975,0.87,4.69785886363742,100.5726,56.8,17.85,7904
3441,F003001__3,2022-01-01,79.55,2022,1,AL,Total Electric Power Industry,Petroleum (Barrels),2974,0.85,8.00279982052121,100.1856,43.9,23.37,8375
3442,F003001__3,2022-02-01,88.77,2022,2,AL,Total Electric Power Industry,Petroleum (Barrels),839,0.63,8.00279982052121,100.8064,50.1,23.37,8375
3443,F003001__3,2022-03-01,107.01,2022,3,AL,Total Electric Power Industry,Petroleum (Barrels),888,0.41,8.00279982052121,101.3907,57.4,23.37,8375
3444,F003001__3,2022-04-01,101.89,2022,4,AL,Total Electric Power Industry,Petroleum (Barrels),432,-0.05,8.00279982052121,101.44,62.6,23.37,8375
3445,F003001__3,2022-05-01,106.99,2022,5,AL,Total Electric Power Industry,Petroleum (Barrels),2593,0.26,8.00279982052121,101.3335,73.5,23.37,8375
3446,F003001__3,2022-06-01,112.78,2022,6,AL,Total Electric Power Industry,Petroleum (Barrels),8103,0.28,8.00279982052121,101.018,80.4,23.37,8375
3447,F003001__3,2022-07-01,98.1,2022,7,AL,Total Electric Power Industry,Petroleum (Barrels),1238,0.04,8.00279982052121,101.223,81.7,23.37,8375
3448,F003001__3,2022-08-01,91.36,2022,8,AL,Total Electric Power Industry,Petroleum (Barrels),703,-0.3,8.00279982052121,101.0963,79.3,23.37,8375
3449,F003001__3,2022-09-01,81.98,2022,9,AL,Total Electric Power Industry,Petroleum (Barrels),602,-0.25,8.00279982052121,101.2918,73.7,23.37,8375
3450,F003001__3,2022-10-01,84.02,2022,10,AL,Total Electric Power Industry,Petroleum (Barrels),903,-0.45,8.00279982052121,101.2529,61.2,23.37,8375
3451,F003001__3,2022-11-01,82.21,2022,11,AL,Total Electric Power Industry,Petroleum (Barrels),3982,-0.47,8.00279982052121,100.9552,55.3,23.37,8375
3452,F003001__3,2022-12-01,75.21,2022,12,AL,Total Electric Power Industry,Petroleum (Barrels),57420,-0.72,8.00279982052121,99.7664,49.1,23.37,8375
3453,F003001__3,2023-01-01,73.08,2023,1,AL,Total Electric Power Industry,Petroleum (Barrels),7014,,4.11633838374488,100.505,51.4,21.11,8607
3454,F003001__3,2023-02-01,72.19,2023,2,AL,Total Electric Power Industry,Petroleum (Barrels),568,-0.7,4.11633838374488,100.6416,56.5,21.11,8607
3455,F003001__3,2023-03-01,69.65,2023,3,AL,Total Electric Power Industry,Petroleum (Barrels),9344,-0.88,4.11633838374488,101.0205,58.7,21.11,8607
3456,F003001__3,2023-04-01,75.23,2023,4,AL,Total Electric Power Industry,Petroleum (Barrels),1067,-0.54,4.11633838374488,101.253,63.3,21.11,8607
3457,F003001__3,2023-05-01,68.09,2023,5,AL,Total Electric Power Industry,Petroleum (Barrels),774,-0.55,4.11633838374488,100.9286,70.3,21.11,8607
3458,F003001__3,2023-06-01,66.51,2023,6,AL,Total Electric Power Industry,Petroleum (Barrels),3373,-0.72,4.11633838374488,100.1196,76.6,21.11,8607
3459,F003001__3,2023-07-01,71.84,2023,7,AL,Total Electric Power Industry,Petroleum (Barrels),959,-1.08,4.11633838374488,100.9067,81.0,21.11,8607
3460,F003001__3,2023-08-01,77.52,2023,8,AL,Total Electric Power Industry,Petroleum (Barrels),4358,-0.87,4.11633838374488,100.8393,82.1,21.11,8607
3461,F003001__3,2023-09-01,85.97,2023,9,AL,Total Electric Power Industry,Petroleum (Barrels),6253,-0.69,4.11633838374488,101.0211,75.7,21.11,8607
3462,F003001__3,2023-10-01,82.07,2023,10,AL,Total Electric Power Industry,Petroleum (Barrels),5054,-0.43,4.11633838374488,100.4689,65.2,21.11,8607
3463,F003001__3,2023-11-01,74.56,2023,11,AL,Total Electric Power Industry,Petroleum (Barrels),9171,-0.18,4.11633838374488,100.8639,54.5,21.11,8607
3464,F003001__3,2023-12-01,68.3,2023,12,AL,Total Electric Power Industry,Petroleum (Barrels),1146,-0.34,4.11633838374488,100.6031,48.8,21.11,8607
3465,F003005__3,2001-01-01,26.12,2001,1,AR,Total Electric Power Industry,Petroleum (Barrels),209194,,2.82617111885407,91.902,37.0,10.2,6111
3466,F003005__3,2001-02-01,26.56,2001,2,AR,Total Electric Power Industry,Petroleum (Barrels),93610,0.55,2.82617111885407,91.3034,45.5,10.2,6111
3467,F003005__3,2001-03-01,23.89,2001,3,AR,Total Electric Power Industry,Petroleum (Barrels),101934,0.46,2.82617111885407,91.1162,47.9,10.2,6111
3468,F003005__3,2001-04-01,23.44,2001,4,AR,Total Electric Power Industry,Petroleum (Barrels),89573,0.76,2.82617111885407,90.7891,65.4,10.2,6111
3469,F003005__3,2001-05-01,24.41,2001,5,AR,Total Electric Power Industry,Petroleum (Barrels),88189,1.07,2.82617111885407,90.3555,70.0,10.2,6111
3470,F003005__3,2001-07-01,22.31,2001,7,AR,Total Electric Power Industry,Petroleum (Barrels),86935,1.16,2.82617111885407,89.3028,82.0,10.2,6111
3471,F003005__3,2001-08-01,22.89,2001,8,AR,Total Electric Power Industry,Petroleum (Barrels),205113,1.28,2.82617111885407,89.2003,80.8,10.2,6111
3472,F003005__3,2001-09-01,21.74,2001,9,AR,Total Electric Power Industry,Petroleum (Barrels),104541,,2.82617111885407,88.7485,70.9,10.2,6111
3473,F003005__3,2001-10-01,17.54,2001,10,AR,Total Electric Power Industry,Petroleum (Barrels),8894,1.73,2.82617111885407,88.5052,59.5,10.2,6111
3474,F003005__3,2001-11-01,15.14,2001,11,AR,Total Electric Power Industry,Petroleum (Barrels),10916,1.75,2.82617111885407,87.97,55.0,10.2,6111
3475,F003005__3,2001-12-01,14.85,2001,12,AR,Total Electric Power Industry,Petroleum (Barrels),398982,1.93,2.82617111885407,87.9324,45.2,10.2,6111
3476,F003005__3,2002-01-01,15.11,2002,1,AR,Total Electric Power Industry,Petroleum (Barrels),47590,,1.58603162650601,88.5176,42.5,9.39,6214
3477,F003005__3,2002-02-01,16.09,2002,2,AR,Total Electric Power Industry,Petroleum (Barrels),20959,1.94,1.58603162650601,88.5278,42.3,9.39,6214
3478,F003005__3,2002-03-01,19.76,2002,3,AR,Total Electric Power Industry,Petroleum (Barrels),22782,1.8,1.58603162650601,89.1686,47.9,9.39,6214
3479,F003005__3,2002-04-01,21.43,2002,4,AR,Total Electric Power Industry,Petroleum (Barrels),9991,1.7,1.58603162650601,89.604,63.6,9.39,6214
3480,F003005__3,2002-05-01,22.41,2002,5,AR,Total Electric Power Industry,Petroleum (Barrels),20497,1.87,1.58603162650601,89.964,67.0,9.39,6214
3481,F003005__3,2002-06-01,20.89,2002,6,AR,Total Electric Power Industry,Petroleum (Barrels),5316,1.87,1.58603162650601,90.7061,76.6,9.39,6214
3482,F003005__3,2002-07-01,22.36,2002,7,AR,Total Electric Power Industry,Petroleum (Barrels),13887,1.97,1.58603162650601,90.6769,80.6,9.39,6214
3483,F003005__3,2002-08-01,23.54,2002,8,AR,Total Electric Power Industry,Petroleum (Barrels),5211,2.32,1.58603162650601,90.5762,79.9,9.39,6214
3484,F003005__3,2002-09-01,25.07,2002,9,AR,Total Electric Power Industry,Petroleum (Barrels),24626,,1.58603162650601,90.6531,75.2,9.39,6214
3485,F003005__3,2002-10-01,24.37,2002,10,AR,Total Electric Power Industry,Petroleum (Barrels),24081,1.92,1.58603162650601,90.4643,60.5,9.39,6214
3486,F003005__3,2002-11-01,21.76,2002,11,AR,Total Electric Power Industry,Petroleum (Barrels),25731,2.25,1.58603162650601,90.9711,48.2,9.39,6214
3487,F003005__3,2002-12-01,24.89,2002,12,AR,Total Electric Power Industry,Petroleum (Barrels),103009,2.15,1.58603162650601,90.4652,42.7,9.39,6214
3488,F003005__3,2003-01-01,28.16,2003,1,AR,Total Electric Power Industry,Petroleum (Barrels),82290,,2.27009497336115,91.2361,36.8,10.23,6176
3489,F003005__3,2003-02-01,31.02,2003,2,AR,Total Electric Power Industry,Petroleum (Barrels),56311,2.29,2.27009497336115,91.3445,40.1,10.23,6176
3490,F003005__3,2003-03-01,28.83,2003,3,AR,Total Electric Power Industry,Petroleum (Barrels),29123,2.16,2.27009497336115,91.1044,51.2,10.23,6176
3491,F003005__3,2003-04-01,23.92,2003,4,AR,Total Electric Power Industry,Petroleum (Barrels),12568,2.34,2.27009497336115,90.5617,61.7,10.23,6176
3492,F003005__3,2003-05-01,23.59,2003,5,AR,Total Electric Power Industry,Petroleum (Barrels),8754,2.38,2.27009497336115,90.537,69.6,10.23,6176
3493,F003005__3,2003-06-01,25.93,2003,6,AR,Total Electric Power Industry,Petroleum (Barrels),25914,2.1,2.27009497336115,90.6527,73.1,10.23,6176
3494,F003005__3,2003-07-01,26.23,2003,7,AR,Total Electric Power Industry,Petroleum (Barrels),74352,2.26,2.27009497336115,91.1185,80.0,10.23,6176
3495,F003005__3,2003-08-01,27.06,2003,8,AR,Total Electric Power Industry,Petroleum (Barrels),81322,2.59,2.27009497336115,90.9197,80.8,10.23,6176
3496,F003005__3,2003-09-01,23.85,2003,9,AR,Total Electric Power Industry,Petroleum (Barrels),24604,,2.27009497336115,91.5059,70.2,10.23,6176
3497,F003005__3,2003-10-01,26.06,2003,10,AR,Total Electric Power Industry,Petroleum (Barrels),5877,2.49,2.27009497336115,91.6186,62.8,10.23,6176
3498,F003005__3,2003-11-01,26.49,2003,11,AR,Total Electric Power Industry,Petroleum (Barrels),12966,2.5,2.27009497336115,92.2329,54.6,10.23,6176
3499,F003005__3,2003-12-01,27.76,2003,12,AR,Total Electric Power Industry,Petroleum (Barrels),77649,2.28,2.27009497336115,92.2602,42.3,10.23,6176
3500,F003005__3,2004-01-01,29.59,2004,1,AR,Total Electric Power Industry,Petroleum (Barrels),55871,,2.67723669309172,92.4006,41.0,11.96,6283
3501,F003005__3,2004-02-01,29.97,2004,2,AR,Total Electric Power Industry,Petroleum (Barrels),67067,2.35,2.67723669309172,92.958,40.6,11.96,6283
3502,F003005__3,2004-03-01,32.39,2004,3,AR,Total Electric Power Industry,Petroleum (Barrels),105222,2.33,2.67723669309172,92.5861,55.9,11.96,6283
3503,F003005__3,2004-04-01,32.18,2004,4,AR,Total Electric Power Industry,Petroleum (Barrels),102317,2.26,2.67723669309172,92.93,60.8,11.96,6283
3504,F003005__3,2004-05-01,35.61,2004,5,AR,Total Electric Power Industry,Petroleum (Barrels),111064,2.19,2.67723669309172,93.6013,70.7,11.96,6283
3505,F003005__3,2004-06-01,33.75,2004,6,AR,Total Electric Power Industry,Petroleum (Barrels),54945,2.11,2.67723669309172,92.871,75.8,11.96,6283
3506,F003005__3,2004-07-01,35.99,2004,7,AR,Total Electric Power Industry,Petroleum (Barrels),56490,1.93,2.67723669309172,93.5649,77.8,11.96,6283
3507,F003005__3,2004-08-01,40.47,2004,8,AR,Total Electric Power Industry,Petroleum (Barrels),37280,1.82,2.67723669309172,93.6277,75.3,11.96,6283
3508,F003005__3,2004-09-01,41.08,2004,9,AR,Total Electric Power Industry,Petroleum (Barrels),66761,1.72,2.67723669309172,93.7467,73.0,11.96,6283
3509,F003005__3,2004-10-01,48.53,2004,10,AR,Total Electric Power Industry,Petroleum (Barrels),77199,1.58,2.67723669309172,94.5465,65.8,11.96,6283
3510,F003005__3,2004-11-01,44.25,2004,11,AR,Total Electric Power Industry,Petroleum (Barrels),30590,1.5,2.67723669309172,94.7813,54.1,11.96,6283
3511,F003005__3,2004-12-01,38.72,2004,12,AR,Total Electric Power Industry,Petroleum (Barrels),96859,1.37,2.67723669309172,95.5365,41.5,11.96,6283
3512,F003005__3,2005-01-01,41.56,2005,1,AR,Total Electric Power Industry,Petroleum (Barrels),29301,1.13,3.3927468454955,95.8801,44.7,14.46,6542
3513,F003005__3,2005-02-01,42.81,2005,2,AR,Total Electric Power Industry,Petroleum (Barrels),17311,0.86,3.3927468454955,96.5761,47.5,14.46,6542
3514,F003005__3,2005-03-01,49.24,2005,3,AR,Total Electric Power Industry,Petroleum (Barrels),21669,0.79,3.3927468454955,96.4456,50.4,14.46,6542
3515,F003005__3,2005-04-01,48.04,2005,4,AR,Total Electric Power Industry,Petroleum (Barrels),24588,0.71,3.3927468454955,96.6532,60.9,14.46,6542
3516,F003005__3,2005-05-01,44.3,2005,5,AR,Total Electric Power Industry,Petroleum (Barrels),37529,0.57,3.3927468454955,96.7402,67.4,14.46,6542
3517,F003005__3,2005-06-01,50.73,2005,6,AR,Total Electric Power Industry,Petroleum (Barrels),30052,0.41,3.3927468454955,97.1753,77.5,14.46,6542
3518,F003005__3,2005-07-01,53.08,2005,7,AR,Total Electric Power Industry,Petroleum (Barrels),38432,0.3,3.3927468454955,96.8676,80.2,14.46,6542
3519,F003005__3,2005-08-01,58.84,2005,8,AR,Total Electric Power Industry,Petroleum (Barrels),37526,0.28,3.3927468454955,97.1833,82.2,14.46,6542
3520,F003005__3,2005-09-01,59.53,2005,9,AR,Total Electric Power Industry,Petroleum (Barrels),36162,0.3,3.3927468454955,95.3005,77.0,14.46,6542
3521,F003005__3,2005-10-01,56.55,2005,10,AR,Total Electric Power Industry,Petroleum (Barrels),24527,0.18,3.3927468454955,96.4572,61.7,14.46,6542
3522,F003005__3,2005-11-01,52.46,2005,11,AR,Total Electric Power Industry,Petroleum (Barrels),20065,0.16,3.3927468454955,97.5414,54.0,14.46,6542
3523,F003005__3,2005-12-01,53.22,2005,12,AR,Total Electric Power Industry,Petroleum (Barrels),31114,0.07,3.3927468454955,98.0452,40.0,14.46,6542
3524,F003005__3,2006-01-01,59.17,2006,1,AR,Total Electric Power Industry,Petroleum (Barrels),21155,,3.22594410070404,98.1999,47.5,15.78,6377
3525,F003005__3,2006-02-01,55.48,2006,2,AR,Total Electric Power Industry,Petroleum (Barrels),15098,-0.02,3.22594410070404,98.2413,40.8,15.78,6377
3526,F003005__3,2006-03-01,55.35,2006,3,AR,Total Electric Power Industry,Petroleum (Barrels),15924,-0.12,3.22594410070404,98.4628,53.4,15.78,6377
3527,F003005__3,2006-04-01,62.47,2006,4,AR,Total Electric Power Industry,Petroleum (Barrels),22388,0.02,3.22594410070404,98.7618,66.5,15.78,6377
3528,F003005__3,2006-05-01,63.0,2006,5,AR,Total Electric Power Industry,Petroleum (Barrels),27664,0.2,3.22594410070404,98.7869,69.9,15.78,6377
3529,F003005__3,2006-06-01,63.14,2006,6,AR,Total Electric Power Industry,Petroleum (Barrels),27525,0.07,3.22594410070404,99.0997,76.3,15.78,6377
3530,F003005__3,2006-07-01,66.52,2006,7,AR,Total Electric Power Industry,Petroleum (Barrels),27721,-0.02,3.22594410070404,99.0489,81.2,15.78,6377
3531,F003005__3,2006-08-01,65.24,2006,8,AR,Total Electric Power Industry,Petroleum (Barrels),43966,0.02,3.22594410070404,99.4836,82.1,15.78,6377
3532,F003005__3,2006-09-01,56.54,2006,9,AR,Total Electric Power Industry,Petroleum (Barrels),21953,-0.04,3.22594410070404,99.3183,69.7,15.78,6377
3533,F003005__3,2006-10-01,51.32,2006,10,AR,Total Electric Power Industry,Petroleum (Barrels),20787,-0.04,3.22594410070404,99.2044,60.1,15.78,6377
3534,F003005__3,2006-11-01,51.04,2006,11,AR,Total Electric Power Industry,Petroleum (Barrels),27255,-0.09,3.22594410070404,99.1627,51.5,15.78,6377
3535,F003005__3,2006-12-01,54.24,2006,12,AR,Total Electric Power Industry,Petroleum (Barrels),21586,-0.09,3.22594410070404,100.1735,44.9,15.78,6377
3536,F003005__3,2007-01-01,46.8,2007,1,AR,Total Electric Power Industry,Petroleum (Barrels),26165,,2.85267248150138,99.8346,39.9,16.68,6306
3537,F003005__3,2007-02-01,51.48,2007,2,AR,Total Electric Power Industry,Petroleum (Barrels),35852,-0.12,2.85267248150138,100.7753,40.9,16.68,6306
3538,F003005__3,2007-03-01,52.79,2007,3,AR,Total Electric Power Industry,Petroleum (Barrels),8693,-0.07,2.85267248150138,100.9547,59.5,16.68,6306
3539,F003005__3,2007-04-01,56.5,2007,4,AR,Total Electric Power Industry,Petroleum (Barrels),5220,0.05,2.85267248150138,101.6334,57.4,16.68,6306
3540,F003005__3,2007-05-01,56.01,2007,5,AR,Total Electric Power Industry,Petroleum (Barrels),8377,0.01,2.85267248150138,101.7306,71.0,16.68,6306
3541,F003005__3,2007-06-01,59.87,2007,6,AR,Total Electric Power Industry,Petroleum (Barrels),25742,-0.02,2.85267248150138,101.7893,77.1,16.68,6306
3542,F003005__3,2007-07-01,66.64,2007,7,AR,Total Electric Power Industry,Petroleum (Barrels),11317,0.14,2.85267248150138,101.6672,77.6,16.68,6306
3543,F003005__3,2007-08-01,64.88,2007,8,AR,Total Electric Power Industry,Petroleum (Barrels),7539,0.2,2.85267248150138,101.863,83.7,16.68,6306
3544,F003005__3,2007-09-01,71.2,2007,9,AR,Total Electric Power Industry,Petroleum (Barrels),1557,,2.85267248150138,102.0894,74.1,16.68,6306
3545,F003005__3,2007-11-01,86.41,2007,11,AR,Total Electric Power Industry,Petroleum (Barrels),11128,0.59,2.85267248150138,102.3446,52.5,16.68,6306
3546,F003005__3,2007-12-01,82.91,2007,12,AR,Total Electric Power Industry,Petroleum (Barrels),6701,0.99,2.85267248150138,102.3803,44.0,16.68,6306
3547,F003005__3,2008-01-01,84.12,2008,1,AR,Total Electric Power Industry,Petroleum (Barrels),4326,,3.839100296651,102.2448,39.0,19.96,6737
3548,F003005__3,2008-02-01,85.57,2008,2,AR,Total Electric Power Industry,Petroleum (Barrels),3432,1.53,3.839100296651,101.8438,43.6,19.96,6737
3549,F003005__3,2008-03-01,96.34,2008,3,AR,Total Electric Power Industry,Petroleum (Barrels),14763,1.93,3.839100296651,101.5336,51.9,19.96,6737
3550,F003005__3,2008-04-01,103.56,2008,4,AR,Total Electric Power Industry,Petroleum (Barrels),5131,1.77,3.839100296651,100.8785,58.8,19.96,6737
3551,F003005__3,2008-05-01,116.03,2008,5,AR,Total Electric Power Industry,Petroleum (Barrels),7309,1.41,3.839100296651,100.2674,68.1,19.96,6737
3552,F003005__3,2008-06-01,125.41,2008,6,AR,Total Electric Power Industry,Petroleum (Barrels),10548,1.47,3.839100296651,100.0335,77.7,19.96,6737
3553,F003005__3,2008-07-01,125.92,2008,7,AR,Total Electric Power Industry,Petroleum (Barrels),4121,1.38,3.839100296651,99.676,80.5,19.96,6737
3554,F003005__3,2008-08-01,107.95,2008,8,AR,Total Electric Power Industry,Petroleum (Barrels),2781,1.46,3.839100296651,98.1111,77.7,19.96,6737
3555,F003005__3,2008-09-01,95.57,2008,9,AR,Total Electric Power Industry,Petroleum (Barrels),830,,3.839100296651,93.7895,71.1,19.96,6737
3556,F003005__3,2008-10-01,67.9,2008,10,AR,Total Electric Power Industry,Petroleum (Barrels),1947,1.95,3.839100296651,94.7219,60.0,19.96,6737
3557,F003005__3,2008-11-01,48.09,2008,11,AR,Total Electric Power Industry,Petroleum (Barrels),13941,2.51,3.839100296651,93.4715,48.9,19.96,6737
3558,F003005__3,2008-12-01,32.27,2008,12,AR,Total Electric Power Industry,Petroleum (Barrels),36078,1.82,3.839100296651,90.8357,41.0,19.96,6737
3559,F003005__3,2009-01-01,33.24,2009,1,AR,Total Electric Power Industry,Petroleum (Barrels),46345,,-0.355546266299747,88.57,38.4,15.64,6656
3560,F003005__3,2009-02-01,30.56,2009,2,AR,Total Electric Power Industry,Petroleum (Barrels),12836,1.87,-0.355546266299747,88.031,47.3,15.64,6656
3561,F003005__3,2009-03-01,39.58,2009,3,AR,Total Electric Power Industry,Petroleum (Barrels),28574,2.02,-0.355546266299747,86.6528,52.7,15.64,6656
3562,F003005__3,2009-04-01,42.11,2009,4,AR,Total Electric Power Industry,Petroleum (Barrels),6738,1.85,-0.355546266299747,85.9344,59.6,15.64,6656
3563,F003005__3,2009-05-01,50.52,2009,5,AR,Total Electric Power Industry,Petroleum (Barrels),11703,2.29,-0.355546266299747,85.0665,67.5,15.64,6656
3564,F003005__3,2009-06-01,61.14,2009,6,AR,Total Electric Power Industry,Petroleum (Barrels),11781,2.74,-0.355546266299747,84.7459,78.8,15.64,6656
3565,F003005__3,2009-07-01,56.02,2009,7,AR,Total Electric Power Industry,Petroleum (Barrels),2201,2.5,-0.355546266299747,85.7027,77.8,15.64,6656
3566,F003005__3,2009-08-01,62.33,2009,8,AR,Total Electric Power Industry,Petroleum (Barrels),4622,2.48,-0.355546266299747,86.6426,76.6,15.64,6656
3567,F003005__3,2009-09-01,60.43,2009,9,AR,Total Electric Power Industry,Petroleum (Barrels),5326,2.46,-0.355546266299747,87.4063,71.3,15.64,6656
3568,F003005__3,2009-10-01,67.21,2009,10,AR,Total Electric Power Industry,Petroleum (Barrels),6545,2.34,-0.355546266299747,87.6419,57.0,15.64,6656
3569,F003005__3,2009-11-01,69.54,2009,11,AR,Total Electric Power Industry,Petroleum (Barrels),1212,2.53,-0.355546266299747,88.0221,54.0,15.64,6656
3570,F003005__3,2009-12-01,66.11,2009,12,AR,Total Electric Power Industry,Petroleum (Barrels),11359,2.61,-0.355546266299747,88.3793,38.1,15.64,6656
3571,F003005__3,2010-01-01,69.74,2010,1,AR,Total Electric Power Industry,Petroleum (Barrels),23632,,1.6400434423899,89.3426,36.5,16.86,7130
3572,F003005__3,2010-02-01,67.62,2010,2,AR,Total Electric Power Industry,Petroleum (Barrels),2845,2.82,1.6400434423899,89.6779,36.5,16.86,7130
3573,F003005__3,2010-03-01,72.52,2010,3,AR,Total Electric Power Industry,Petroleum (Barrels),6709,2.81,1.6400434423899,90.2928,50.5,16.86,7130
3574,F003005__3,2010-04-01,76.13,2010,4,AR,Total Electric Power Industry,Petroleum (Barrels),3248,2.84,1.6400434423899,90.5991,63.4,16.86,7130
3575,F003005__3,2010-05-01,66.32,2010,5,AR,Total Electric Power Industry,Petroleum (Barrels),2561,2.72,1.6400434423899,91.823,71.3,16.86,7130
3576,F003005__3,2010-06-01,66.8,2010,6,AR,Total Electric Power Industry,Petroleum (Barrels),2026,2.51,1.6400434423899,91.9928,81.6,16.86,7130
3577,F003005__3,2010-07-01,67.54,2010,7,AR,Total Electric Power Industry,Petroleum (Barrels),3035,2.33,1.6400434423899,92.3421,82.0,16.86,7130
3578,F003005__3,2010-08-01,68.37,2010,8,AR,Total Electric Power Industry,Petroleum (Barrels),2898,2.43,1.6400434423899,92.6805,83.9,16.86,7130
3579,F003005__3,2010-09-01,66.73,2010,9,AR,Total Electric Power Industry,Petroleum (Barrels),4161,2.08,1.6400434423899,92.9537,74.8,16.86,7130
3580,F003005__3,2010-10-01,73.45,2010,10,AR,Total Electric Power Industry,Petroleum (Barrels),9853,2.12,1.6400434423899,92.6903,62.7,16.86,7130
3581,F003005__3,2010-11-01,75.77,2010,11,AR,Total Electric Power Industry,Petroleum (Barrels),6081,2.32,1.6400434423899,92.7709,52.0,16.86,7130
3582,F003005__3,2010-12-01,80.78,2010,12,AR,Total Electric Power Industry,Petroleum (Barrels),10970,2.44,1.6400434423899,93.6787,38.9,16.86,7130
3583,F003005__3,2011-01-01,81.29,2011,1,AR,Total Electric Power Industry,Petroleum (Barrels),6178,2.75,3.156841568622,93.4814,37.6,19.59,7680
3584,F003005__3,2011-02-01,81.15,2011,2,AR,Total Electric Power Industry,Petroleum (Barrels),18459,2.87,3.156841568622,93.1102,43.9,19.59,7680
3585,F003005__3,2011-03-01,94.2,2011,3,AR,Total Electric Power Industry,Petroleum (Barrels),6942,2.75,3.156841568622,94.0788,52.5,19.59,7680
3586,F003005__3,2011-04-01,101.92,2011,4,AR,Total Electric Power Industry,Petroleum (Barrels),9351,2.66,3.156841568622,93.7749,63.5,19.59,7680
3587,F003005__3,2011-05-01,93.14,2011,5,AR,Total Electric Power Industry,Petroleum (Barrels),7714,2.7,3.156841568622,93.888,67.3,19.59,7680
3588,F003005__3,2011-06-01,87.99,2011,6,AR,Total Electric Power Industry,Petroleum (Barrels),4846,2.52,3.156841568622,94.172,81.7,19.59,7680
3589,F003005__3,2011-07-01,88.9,2011,7,AR,Total Electric Power Industry,Petroleum (Barrels),10479,2.72,3.156841568622,94.636,84.7,19.59,7680
3590,F003005__3,2011-08-01,78.55,2011,8,AR,Total Electric Power Industry,Petroleum (Barrels),3254,2.39,3.156841568622,95.2749,83.1,19.59,7680
3591,F003005__3,2011-09-01,78.1,2011,9,AR,Total Electric Power Industry,Petroleum (Barrels),5690,1.96,3.156841568622,95.1961,70.2,19.59,7680
3592,F003005__3,2011-10-01,80.96,2011,10,AR,Total Electric Power Industry,Petroleum (Barrels),5000,1.56,3.156841568622,95.8568,60.6,19.59,7680
3593,F003005__3,2011-11-01,91.61,2011,11,AR,Total Electric Power Industry,Petroleum (Barrels),6531,1.78,3.156841568622,95.8485,53.4,19.59,7680
3594,F003005__3,2011-12-01,93.09,2011,12,AR,Total Electric Power Industry,Petroleum (Barrels),11938,1.84,3.156841568622,96.3571,43.3,19.59,7680
3595,F003005__3,2012-01-01,93.57,2012,1,AR,Total Electric Power Industry,Petroleum (Barrels),5469,,2.06933726526067,96.9318,44.6,19.83,7703
3596,F003005__3,2012-02-01,95.99,2012,2,AR,Total Electric Power Industry,Petroleum (Barrels),2904,1.64,2.06933726526067,97.2435,47.2,19.83,7703
3597,F003005__3,2012-03-01,100.49,2012,3,AR,Total Electric Power Industry,Petroleum (Barrels),4288,1.73,2.06933726526067,96.74,62.2,19.83,7703
3598,F003005__3,2012-04-01,99.02,2012,4,AR,Total Electric Power Industry,Petroleum (Barrels),11517,1.89,2.06933726526067,97.4359,64.4,19.83,7703
3599,F003005__3,2012-05-01,90.54,2012,5,AR,Total Electric Power Industry,Petroleum (Barrels),2628,1.71,2.06933726526067,97.6609,73.2,19.83,7703
3600,F003005__3,2012-06-01,77.54,2012,6,AR,Total Electric Power Industry,Petroleum (Barrels),2247,1.22,2.06933726526067,97.6663,78.0,19.83,7703
3601,F003005__3,2012-07-01,82.12,2012,7,AR,Total Electric Power Industry,Petroleum (Barrels),1161,1.31,2.06933726526067,97.8713,84.1,19.83,7703
3602,F003005__3,2012-08-01,88.71,2012,8,AR,Total Electric Power Industry,Petroleum (Barrels),2883,1.32,2.06933726526067,97.4525,80.2,19.83,7703
3603,F003005__3,2012-09-01,90.13,2012,9,AR,Total Electric Power Industry,Petroleum (Barrels),4552,,2.06933726526067,97.381,73.5,19.83,7703
3604,F003005__3,2012-10-01,85.56,2012,10,AR,Total Electric Power Industry,Petroleum (Barrels),4781,1.39,2.06933726526067,97.7193,59.3,19.83,7703
3605,F003005__3,2012-11-01,83.69,2012,11,AR,Total Electric Power Industry,Petroleum (Barrels),7254,1.45,2.06933726526067,98.0777,50.2,19.83,7703
3606,F003005__3,2012-12-01,85.54,2012,12,AR,Total Electric Power Industry,Petroleum (Barrels),6736,1.38,2.06933726526067,98.3101,46.4,19.83,7703
3607,F003005__3,2013-01-01,91.56,2013,1,AR,Total Electric Power Industry,Petroleum (Barrels),5234,,1.46483265562717,98.3342,42.1,19.29,7707
3608,F003005__3,2013-02-01,91.95,2013,2,AR,Total Electric Power Industry,Petroleum (Barrels),4404,1.77,1.46483265562717,98.7941,43.3,19.29,7707
3609,F003005__3,2013-03-01,89.64,2013,3,AR,Total Electric Power Industry,Petroleum (Barrels),4050,1.61,1.46483265562717,99.1921,46.6,19.29,7707
3610,F003005__3,2013-04-01,87.99,2013,4,AR,Total Electric Power Industry,Petroleum (Barrels),3862,1.63,1.46483265562717,99.1065,58.5,19.29,7707
3611,F003005__3,2013-05-01,90.61,2013,5,AR,Total Electric Power Industry,Petroleum (Barrels),13053,1.46,1.46483265562717,99.1839,67.2,19.29,7707
3612,F003005__3,2013-06-01,91.01,2013,6,AR,Total Electric Power Industry,Petroleum (Barrels),7035,1.83,1.46483265562717,99.3897,77.1,19.29,7707
3613,F003005__3,2013-07-01,99.41,2013,7,AR,Total Electric Power Industry,Petroleum (Barrels),6720,2.16,1.46483265562717,99.0814,78.0,19.29,7707
3614,F003005__3,2013-08-01,100.62,2013,8,AR,Total Electric Power Industry,Petroleum (Barrels),2369,2.39,1.46483265562717,99.6543,78.4,19.29,7707
3615,F003005__3,2013-09-01,100.53,2013,9,AR,Total Electric Power Industry,Petroleum (Barrels),3309,,1.46483265562717,100.161,75.4,19.29,7707
3616,F003005__3,2013-10-01,94.84,2013,10,AR,Total Electric Power Industry,Petroleum (Barrels),9528,2.33,1.46483265562717,100.082,61.5,19.29,7707
3617,F003005__3,2013-11-01,86.79,2013,11,AR,Total Electric Power Industry,Petroleum (Barrels),5014,2.32,1.46483265562717,100.3158,47.5,19.29,7707
3618,F003005__3,2013-12-01,90.59,2013,12,AR,Total Electric Power Industry,Petroleum (Barrels),8669,2.51,1.46483265562717,100.5175,40.1,19.29,7707
3619,F003005__3,2014-01-01,87.75,2014,1,AR,Total Electric Power Industry,Petroleum (Barrels),3592,,1.62222297740817,100.1599,35.2,18.86,7981
3620,F003005__3,2014-02-01,93.65,2014,2,AR,Total Electric Power Industry,Petroleum (Barrels),4647,2.31,1.62222297740817,100.9168,38.8,18.86,7981
3621,F003005__3,2014-03-01,93.95,2014,3,AR,Total Electric Power Industry,Petroleum (Barrels),4482,2.28,1.62222297740817,101.8942,46.5,18.86,7981
3622,F003005__3,2014-04-01,95.22,2014,4,AR,Total Electric Power Industry,Petroleum (Barrels),4419,2.33,1.62222297740817,101.9928,59.6,18.86,7981
3623,F003005__3,2014-05-01,94.23,2014,5,AR,Total Electric Power Industry,Petroleum (Barrels),3499,2.22,1.62222297740817,102.3836,68.1,18.86,7981
3624,F003005__3,2014-06-01,97.38,2014,6,AR,Total Electric Power Industry,Petroleum (Barrels),663,2.15,1.62222297740817,102.735,76.7,18.86,7981
3625,F003005__3,2014-07-01,94.89,2014,7,AR,Total Electric Power Industry,Petroleum (Barrels),1401,2.11,1.62222297740817,102.9632,75.4,18.86,7981
3626,F003005__3,2014-08-01,88.51,2014,8,AR,Total Electric Power Industry,Petroleum (Barrels),5184,2.05,1.62222297740817,102.7688,78.7,18.86,7981
3627,F003005__3,2014-09-01,81.31,2014,9,AR,Total Electric Power Industry,Petroleum (Barrels),3423,,1.62222297740817,103.0641,72.6,18.86,7981
3628,F003005__3,2014-10-01,77.39,2014,10,AR,Total Electric Power Industry,Petroleum (Barrels),3929,1.89,1.62222297740817,103.0764,63.7,18.86,7981
3629,F003005__3,2014-11-01,69.25,2014,11,AR,Total Electric Power Industry,Petroleum (Barrels),5938,1.84,1.62222297740817,103.7126,44.9,18.86,7981
3630,F003005__3,2014-12-01,52.58,2014,12,AR,Total Electric Power Industry,Petroleum (Barrels),7759,1.73,1.62222297740817,103.7044,43.8,18.86,7981
3631,F003005__3,2015-01-01,41.41,2015,1,AR,Total Electric Power Industry,Petroleum (Barrels),10866,,0.118627135552451,102.8905,38.6,15.86,8068
3632,F003005__3,2015-02-01,44.57,2015,2,AR,Total Electric Power Industry,Petroleum (Barrels),8405,1.19,0.118627135552451,102.2335,36.1,15.86,8068
3633,F003005__3,2015-03-01,41.94,2015,3,AR,Total Electric Power Industry,Petroleum (Barrels),8978,1.42,0.118627135552451,101.8914,49.7,15.86,8068
3634,F003005__3,2015-04-01,48.45,2015,4,AR,Total Electric Power Industry,Petroleum (Barrels),14204,1.32,0.118627135552451,101.3355,62.5,15.86,8068
3635,F003005__3,2015-05-01,53.46,2015,5,AR,Total Electric Power Industry,Petroleum (Barrels),10781,1.52,0.118627135552451,100.8883,69.3,15.86,8068
3636,F003005__3,2015-06-01,53.36,2015,6,AR,Total Electric Power Industry,Petroleum (Barrels),4955,1.55,0.118627135552451,100.571,78.1,15.86,8068
3637,F003005__3,2015-07-01,45.71,2015,7,AR,Total Electric Power Industry,Petroleum (Barrels),6827,1.74,0.118627135552451,101.2228,81.9,15.86,8068
3638,F003005__3,2015-08-01,36.99,2015,8,AR,Total Electric Power Industry,Petroleum (Barrels),4503,1.48,0.118627135552451,101.0367,78.1,15.86,8068
3639,F003005__3,2015-09-01,39.71,2015,9,AR,Total Electric Power Industry,Petroleum (Barrels),9149,1.47,0.118627135552451,100.7547,74.8,15.86,8068
3640,F003005__3,2015-10-01,40.64,2015,10,AR,Total Electric Power Industry,Petroleum (Barrels),8385,1.41,0.118627135552451,100.2675,63.5,15.86,8068
3641,F003005__3,2015-11-01,36.89,2015,11,AR,Total Electric Power Industry,Petroleum (Barrels),7437,1.43,0.118627135552451,99.5298,54.2,15.86,8068
3642,F003005__3,2015-12-01,31.5,2015,12,AR,Total Electric Power Industry,Petroleum (Barrels),13432,1.24,0.118627135552451,99.0417,50.0,15.86,8068
3643,F003005__3,2016-01-01,26.11,2016,1,AR,Total Electric Power Industry,Petroleum (Barrels),11631,,1.26158320570536,99.5607,39.5,14.62,8356
3644,F003005__3,2016-02-01,24.66,2016,2,AR,Total Electric Power Industry,Petroleum (Barrels),1635,1.16,1.26158320570536,99.0445,46.9,14.62,8356
3645,F003005__3,2016-03-01,32.3,2016,3,AR,Total Electric Power Industry,Petroleum (Barrels),4989,0.98,1.26158320570536,98.3096,55.5,14.62,8356
3646,F003005__3,2016-04-01,35.07,2016,4,AR,Total Electric Power Industry,Petroleum (Barrels),2178,1.03,1.26158320570536,98.6421,62.5,14.62,8356
3647,F003005__3,2016-05-01,40.8,2016,5,AR,Total Electric Power Industry,Petroleum (Barrels),10363,1.08,1.26158320570536,98.4184,67.2,14.62,8356
3648,F003005__3,2016-06-01,42.75,2016,6,AR,Total Electric Power Industry,Petroleum (Barrels),12935,0.94,1.26158320570536,98.8833,78.9,14.62,8356
3649,F003005__3,2016-07-01,38.99,2016,7,AR,Total Electric Power Industry,Petroleum (Barrels),2518,0.87,1.26158320570536,98.9992,82.0,14.62,8356
3650,F003005__3,2016-08-01,38.81,2016,8,AR,Total Electric Power Industry,Petroleum (Barrels),2784,0.84,1.26158320570536,98.85,80.0,14.62,8356
3651,F003005__3,2016-09-01,38.8,2016,9,AR,Total Electric Power Industry,Petroleum (Barrels),2746,0.79,1.26158320570536,98.7457,75.8,14.62,8356
3652,F003005__3,2016-10-01,43.45,2016,10,AR,Total Electric Power Industry,Petroleum (Barrels),1399,0.83,1.26158320570536,98.7611,67.0,14.62,8356
3653,F003005__3,2016-11-01,39.26,2016,11,AR,Total Electric Power Industry,Petroleum (Barrels),12233,1.0,1.26158320570536,98.3491,55.7,14.62,8356
3654,F003005__3,2016-12-01,45.97,2016,12,AR,Total Electric Power Industry,Petroleum (Barrels),10104,1.31,1.26158320570536,99.0214,42.5,14.62,8356
3655,F003005__3,2017-01-01,46.32,2017,1,AR,Total Electric Power Industry,Petroleum (Barrels),8357,,2.13011000365961,98.7611,45.2,15.76,8541
3656,F003005__3,2017-02-01,47.1,2017,2,AR,Total Electric Power Industry,Petroleum (Barrels),14665,1.26,2.13011000365961,98.3646,52.5,15.76,8541
3657,F003005__3,2017-03-01,43.37,2017,3,AR,Total Electric Power Industry,Petroleum (Barrels),634,1.17,2.13011000365961,99.0137,55.7,15.76,8541
3658,F003005__3,2017-04-01,44.73,2017,4,AR,Total Electric Power Industry,Petroleum (Barrels),2208,1.11,2.13011000365961,100.0224,64.2,15.76,8541
3659,F003005__3,2017-05-01,42.16,2017,5,AR,Total Electric Power Industry,Petroleum (Barrels),14518,1.05,2.13011000365961,100.1408,67.7,15.76,8541
3660,F003005__3,2017-06-01,38.88,2017,6,AR,Total Electric Power Industry,Petroleum (Barrels),10077,0.93,2.13011000365961,100.3471,75.5,15.76,8541
3661,F003005__3,2017-07-01,40.16,2017,7,AR,Total Electric Power Industry,Petroleum (Barrels),6674,0.94,2.13011000365961,100.1068,80.6,15.76,8541
3662,F003005__3,2017-08-01,42.02,2017,8,AR,Total Electric Power Industry,Petroleum (Barrels),1930,0.92,2.13011000365961,99.6925,76.9,15.76,8541
3663,F003005__3,2017-09-01,43.47,2017,9,AR,Total Electric Power Industry,Petroleum (Barrels),2778,0.81,2.13011000365961,99.7954,73.2,15.76,8541
3664,F003005__3,2017-10-01,45.09,2017,10,AR,Total Electric Power Industry,Petroleum (Barrels),9838,0.85,2.13011000365961,101.0247,62.9,15.76,8541
3665,F003005__3,2017-11-01,50.55,2017,11,AR,Total Electric Power Industry,Petroleum (Barrels),4002,0.76,2.13011000365961,101.2664,53.7,15.76,8541
3666,F003005__3,2017-12-01,51.81,2017,12,AR,Total Electric Power Industry,Petroleum (Barrels),9105,0.59,2.13011000365961,101.4644,42.4,15.76,8541
3667,F003005__3,2018-01-01,57.22,2018,1,AR,Total Electric Power Industry,Petroleum (Barrels),7966,,2.44258329692817,101.4625,35.7,16.45,8726
3668,F003005__3,2018-02-01,55.97,2018,2,AR,Total Electric Power Industry,Petroleum (Barrels),7334,0.62,2.44258329692817,101.7085,45.9,16.45,8726
3669,F003005__3,2018-03-01,56.82,2018,3,AR,Total Electric Power Industry,Petroleum (Barrels),7955,0.59,2.44258329692817,102.2067,53.9,16.45,8726
3670,F003005__3,2018-04-01,59.74,2018,4,AR,Total Electric Power Industry,Petroleum (Barrels),5602,0.48,2.44258329692817,103.3329,55.2,16.45,8726
3671,F003005__3,2018-05-01,62.52,2018,5,AR,Total Electric Power Industry,Petroleum (Barrels),5191,0.47,2.44258329692817,102.4024,75.0,16.45,8726
3672,F003005__3,2018-06-01,59.79,2018,6,AR,Total Electric Power Industry,Petroleum (Barrels),3556,0.42,2.44258329692817,103.198,80.1,16.45,8726
3673,F003005__3,2018-07-01,64.46,2018,7,AR,Total Electric Power Industry,Petroleum (Barrels),2615,0.3,2.44258329692817,103.3646,81.8,16.45,8726
3674,F003005__3,2018-08-01,61.44,2018,8,AR,Total Electric Power Industry,Petroleum (Barrels),4522,0.33,2.44258329692817,104.0327,78.8,16.45,8726
3675,F003005__3,2018-09-01,63.86,2018,9,AR,Total Electric Power Industry,Petroleum (Barrels),3837,,2.44258329692817,104.1004,75.0,16.45,8726
3676,F003005__3,2018-10-01,65.67,2018,10,AR,Total Electric Power Industry,Petroleum (Barrels),5500,0.27,2.44258329692817,103.9856,62.6,16.45,8726
3677,F003005__3,2018-11-01,51.81,2018,11,AR,Total Electric Power Industry,Petroleum (Barrels),2238,0.3,2.44258329692817,104.0681,45.8,16.45,8726
3678,F003005__3,2018-12-01,43.9,2018,12,AR,Total Electric Power Industry,Petroleum (Barrels),2296,0.15,2.44258329692817,104.0936,44.2,16.45,8726
3679,F003005__3,2019-01-01,46.47,2019,1,AR,Total Electric Power Industry,Petroleum (Barrels),9473,,1.81221007526021,103.4021,40.8,16.06,8445
3680,F003005__3,2019-02-01,50.06,2019,2,AR,Total Electric Power Industry,Petroleum (Barrels),4137,0.18,1.81221007526021,102.8371,46.0,16.06,8445
3681,F003005__3,2019-03-01,52.83,2019,3,AR,Total Electric Power Industry,Petroleum (Barrels),7720,0.21,1.81221007526021,102.8757,48.9,16.06,8445
3682,F003005__3,2019-04-01,58.27,2019,4,AR,Total Electric Power Industry,Petroleum (Barrels),6073,0.16,1.81221007526021,102.274,60.8,16.06,8445
3683,F003005__3,2019-05-01,55.49,2019,5,AR,Total Electric Power Industry,Petroleum (Barrels),10866,0.21,1.81221007526021,102.392,70.6,16.06,8445
3684,F003005__3,2019-06-01,49.55,2019,6,AR,Total Electric Power Industry,Petroleum (Barrels),4873,0.25,1.81221007526021,102.4375,75.6,16.06,8445
3685,F003005__3,2019-07-01,51.91,2019,7,AR,Total Electric Power Industry,Petroleum (Barrels),5791,0.25,1.81221007526021,101.9408,79.0,16.06,8445
3686,F003005__3,2019-08-01,49.61,2019,8,AR,Total Electric Power Industry,Petroleum (Barrels),2549,0.17,1.81221007526021,102.639,80.3,16.06,8445
3687,F003005__3,2019-09-01,51.23,2019,9,AR,Total Electric Power Industry,Petroleum (Barrels),3182,,1.81221007526021,102.2917,79.7,16.06,8445
3688,F003005__3,2019-10-01,48.68,2019,10,AR,Total Electric Power Industry,Petroleum (Barrels),5897,0.09,1.81221007526021,101.4281,60.8,16.06,8445
3689,F003005__3,2019-11-01,48.07,2019,11,AR,Total Electric Power Industry,Petroleum (Barrels),13421,0.17,1.81221007526021,101.9372,46.4,16.06,8445
3690,F003005__3,2019-12-01,54.13,2019,12,AR,Total Electric Power Industry,Petroleum (Barrels),6750,0.22,1.81221007526021,101.7003,45.7,16.06,8445
3691,F003005__3,2020-01-01,52.23,2020,1,AR,Total Electric Power Industry,Petroleum (Barrels),4092,,1.23358439630629,101.0338,43.9,14.79,7113
3692,F003005__3,2020-02-01,45.05,2020,2,AR,Total Electric Power Industry,Petroleum (Barrels),9144,0.18,1.23358439630629,101.3735,44.5,14.79,7113
3693,F003005__3,2020-03-01,24.67,2020,3,AR,Total Electric Power Industry,Petroleum (Barrels),3884,0.26,1.23358439630629,97.4078,56.5,14.79,7113
3694,F003005__3,2020-04-01,12.74,2020,4,AR,Total Electric Power Industry,Petroleum (Barrels),13683,0.39,1.23358439630629,84.5619,58.8,14.79,7113
3695,F003005__3,2020-05-01,22.15,2020,5,AR,Total Electric Power Industry,Petroleum (Barrels),6451,0.44,1.23358439630629,85.9604,66.8,14.79,7113
3696,F003005__3,2020-06-01,32.59,2020,6,AR,Total Electric Power Industry,Petroleum (Barrels),11337,0.52,1.23358439630629,91.5934,76.4,14.79,7113
3697,F003005__3,2020-07-01,35.46,2020,7,AR,Total Electric Power Industry,Petroleum (Barrels),6822,0.52,1.23358439630629,95.0256,81.3,14.79,7113
3698,F003005__3,2020-08-01,36.8,2020,8,AR,Total Electric Power Industry,Petroleum (Barrels),6427,0.45,1.23358439630629,95.9549,77.8,14.79,7113
3699,F003005__3,2020-09-01,34.54,2020,9,AR,Total Electric Power Industry,Petroleum (Barrels),3903,0.55,1.23358439630629,95.9669,71.8,14.79,7113
3700,F003005__3,2020-10-01,34.23,2020,10,AR,Total Electric Power Industry,Petroleum (Barrels),5670,0.54,1.23358439630629,96.7394,59.4,14.79,7113
3701,F003005__3,2020-11-01,36.16,2020,11,AR,Total Electric Power Industry,Petroleum (Barrels),7093,0.71,1.23358439630629,97.0816,54.0,14.79,7113
3702,F003005__3,2020-12-01,41.6,2020,12,AR,Total Electric Power Industry,Petroleum (Barrels),12390,0.75,1.23358439630629,98.363,42.6,14.79,7113
3703,F003005__3,2021-01-01,45.56,2021,1,AR,Total Electric Power Industry,Petroleum (Barrels),13066,,4.69785886363742,98.8822,41.4,18.42,7904
3704,F003005__3,2021-02-01,53.01,2021,2,AR,Total Electric Power Industry,Petroleum (Barrels),17791,0.98,4.69785886363742,95.6149,34.8,18.42,7904
3705,F003005__3,2021-03-01,56.62,2021,3,AR,Total Electric Power Industry,Petroleum (Barrels),2298,1.32,4.69785886363742,98.3856,55.2,18.42,7904
3706,F003005__3,2021-04-01,55.46,2021,4,AR,Total Electric Power Industry,Petroleum (Barrels),8385,1.52,4.69785886363742,98.5587,58.4,18.42,7904
3707,F003005__3,2021-05-01,58.92,2021,5,AR,Total Electric Power Industry,Petroleum (Barrels),13459,1.47,4.69785886363742,99.4333,66.8,18.42,7904
3708,F003005__3,2021-06-01,65.27,2021,6,AR,Total Electric Power Industry,Petroleum (Barrels),6084,1.46,4.69785886363742,99.7987,76.9,18.42,7904
3709,F003005__3,2021-07-01,66.7,2021,7,AR,Total Electric Power Industry,Petroleum (Barrels),4286,1.23,4.69785886363742,100.2519,79.4,18.42,7904
3710,F003005__3,2021-08-01,61.64,2021,8,AR,Total Electric Power Industry,Petroleum (Barrels),8681,1.03,4.69785886363742,100.0437,80.7,18.42,7904
3711,F003005__3,2021-09-01,65.05,2021,9,AR,Total Electric Power Industry,Petroleum (Barrels),3639,1.11,4.69785886363742,98.8579,74.3,18.42,7904
3712,F003005__3,2021-10-01,74.99,2021,10,AR,Total Electric Power Industry,Petroleum (Barrels),3776,1.21,4.69785886363742,100.1861,65.5,18.42,7904
3713,F003005__3,2021-11-01,72.04,2021,11,AR,Total Electric Power Industry,Petroleum (Barrels),9576,1.08,4.69785886363742,100.8654,49.4,18.42,7904
3714,F003005__3,2021-12-01,65.53,2021,12,AR,Total Electric Power Industry,Petroleum (Barrels),4323,0.87,4.69785886363742,100.5726,53.4,18.42,7904
3715,F003005__3,2022-01-01,76.74,2022,1,AR,Total Electric Power Industry,Petroleum (Barrels),13469,0.85,8.00279982052121,100.1856,38.7,23.84,8375
3716,F003005__3,2022-02-01,86.04,2022,2,AR,Total Electric Power Industry,Petroleum (Barrels),3942,0.63,8.00279982052121,100.8064,42.2,23.84,8375
3717,F003005__3,2022-03-01,103.32,2022,3,AR,Total Electric Power Industry,Petroleum (Barrels),5605,0.41,8.00279982052121,101.3907,52.1,23.84,8375
3718,F003005__3,2022-04-01,96.41,2022,4,AR,Total Electric Power Industry,Petroleum (Barrels),7061,-0.05,8.00279982052121,101.44,59.9,23.84,8375
3719,F003005__3,2022-05-01,104.15,2022,5,AR,Total Electric Power Industry,Petroleum (Barrels),14165,0.26,8.00279982052121,101.3335,71.0,23.84,8375
3720,F003005__3,2022-06-01,108.24,2022,6,AR,Total Electric Power Industry,Petroleum (Barrels),8517,0.28,8.00279982052121,101.018,78.2,23.84,8375
3721,F003005__3,2022-07-01,94.32,2022,7,AR,Total Electric Power Industry,Petroleum (Barrels),6235,0.04,8.00279982052121,101.223,84.1,23.84,8375
3722,F003005__3,2022-08-01,84.16,2022,8,AR,Total Electric Power Industry,Petroleum (Barrels),2503,-0.3,8.00279982052121,101.0963,79.4,23.84,8375
3723,F003005__3,2022-09-01,78.09,2022,9,AR,Total Electric Power Industry,Petroleum (Barrels),6879,-0.25,8.00279982052121,101.2918,73.8,23.84,8375
3724,F003005__3,2022-10-01,80.95,2022,10,AR,Total Electric Power Industry,Petroleum (Barrels),5243,-0.45,8.00279982052121,101.2529,61.4,23.84,8375
3725,F003005__3,2022-11-01,78.91,2022,11,AR,Total Electric Power Industry,Petroleum (Barrels),10857,-0.47,8.00279982052121,100.9552,49.8,23.84,8375
3726,F003005__3,2022-12-01,71.01,2022,12,AR,Total Electric Power Industry,Petroleum (Barrels),30694,-0.72,8.00279982052121,99.7664,43.2,23.84,8375
3727,F003005__3,2023-01-01,72.74,2023,1,AR,Total Electric Power Industry,Petroleum (Barrels),5372,,4.11633838374488,100.505,46.5,21.76,8607
3728,F003005__3,2023-02-01,71.1,2023,2,AR,Total Electric Power Industry,Petroleum (Barrels),5504,-0.7,4.11633838374488,100.6416,48.8,21.76,8607
3729,F003005__3,2023-03-01,67.45,2023,3,AR,Total Electric Power Industry,Petroleum (Barrels),5300,-0.88,4.11633838374488,101.0205,53.0,21.76,8607
3730,F003005__3,2023-04-01,73.83,2023,4,AR,Total Electric Power Industry,Petroleum (Barrels),9829,-0.54,4.11633838374488,101.253,60.3,21.76,8607
3731,F003005__3,2023-05-01,66.06,2023,5,AR,Total Electric Power Industry,Petroleum (Barrels),5808,-0.55,4.11633838374488,100.9286,70.0,21.76,8607
3732,F003005__3,2023-06-01,64.72,2023,6,AR,Total Electric Power Industry,Petroleum (Barrels),12701,-0.72,4.11633838374488,100.1196,77.3,21.76,8607
3733,F003005__3,2023-07-01,70.33,2023,7,AR,Total Electric Power Industry,Petroleum (Barrels),5507,-1.08,4.11633838374488,100.9067,81.0,21.76,8607
3734,F003005__3,2023-08-01,75.42,2023,8,AR,Total Electric Power Industry,Petroleum (Barrels),6908,-0.87,4.11633838374488,100.8393,81.7,21.76,8607
3735,F003005__3,2023-09-01,83.33,2023,9,AR,Total Electric Power Industry,Petroleum (Barrels),7540,-0.69,4.11633838374488,101.0211,74.8,21.76,8607
3736,F003005__3,2023-10-01,79.97,2023,10,AR,Total Electric Power Industry,Petroleum (Barrels),4241,-0.43,4.11633838374488,100.4689,64.0,21.76,8607
3737,F003005__3,2023-11-01,71.63,2023,11,AR,Total Electric Power Industry,Petroleum (Barrels),5696,-0.18,4.11633838374488,100.8639,51.7,21.76,8607
3738,F003005__3,2023-12-01,66.34,2023,12,AR,Total Electric Power Industry,Petroleum (Barrels),6196,-0.34,4.11633838374488,100.6031,46.0,21.76,8607
3739,F003022__3,2001-01-01,28.29,2001,1,LA,Total Electric Power Industry,Petroleum (Barrels),1344421,,2.82617111885407,91.902,14.0,7.93,6111
3740,F003022__3,2001-02-01,28.89,2001,2,LA,Total Electric Power Industry,Petroleum (Barrels),736453,0.55,2.82617111885407,91.3034,16.0,7.93,6111
3741,F003022__3,2001-03-01,25.75,2001,3,LA,Total Electric Power Industry,Petroleum (Barrels),654901,0.46,2.82617111885407,91.1162,24.2,7.93,6111
3742,F003022__3,2001-04-01,25.84,2001,4,LA,Total Electric Power Industry,Petroleum (Barrels),651172,0.76,2.82617111885407,90.7891,38.1,7.93,6111
3743,F003022__3,2001-05-01,26.6,2001,5,LA,Total Electric Power Industry,Petroleum (Barrels),338341,1.07,2.82617111885407,90.3555,54.4,7.93,6111
3744,F003022__3,2001-06-01,25.44,2001,6,LA,Total Electric Power Industry,Petroleum (Barrels),516049,1.17,2.82617111885407,89.8784,63.0,7.93,6111
3745,F003022__3,2001-07-01,25.19,2001,7,LA,Total Electric Power Industry,Petroleum (Barrels),319566,1.16,2.82617111885407,89.3028,64.2,7.93,6111
3746,F003022__3,2001-08-01,26.0,2001,8,LA,Total Electric Power Industry,Petroleum (Barrels),357227,1.28,2.82617111885407,89.2003,67.0,7.93,6111
3747,F003022__3,2001-09-01,25.18,2001,9,LA,Total Electric Power Industry,Petroleum (Barrels),224232,,2.82617111885407,88.7485,57.7,7.93,6111
3748,F003022__3,2001-10-01,21.65,2001,10,LA,Total Electric Power Industry,Petroleum (Barrels),333628,1.73,2.82617111885407,88.5052,47.1,7.93,6111
3749,F003022__3,2001-11-01,19.33,2001,11,LA,Total Electric Power Industry,Petroleum (Barrels),469662,1.75,2.82617111885407,87.97,37.4,7.93,6111
3750,F003022__3,2001-12-01,18.29,2001,12,LA,Total Electric Power Industry,Petroleum (Barrels),375169,1.93,2.82617111885407,87.9324,28.7,7.93,6111
3751,F003022__3,2002-01-01,18.63,2002,1,LA,Total Electric Power Industry,Petroleum (Barrels),277928,,1.58603162650601,88.5176,21.0,7.02,6214
3752,F003022__3,2002-02-01,19.4,2002,2,LA,Total Electric Power Industry,Petroleum (Barrels),227262,1.94,1.58603162650601,88.5278,20.4,7.02,6214
3753,F003022__3,2002-03-01,23.03,2002,3,LA,Total Electric Power Industry,Petroleum (Barrels),321483,1.8,1.58603162650601,89.1686,26.9,7.02,6214
3754,F003022__3,2002-04-01,24.56,2002,4,LA,Total Electric Power Industry,Petroleum (Barrels),263256,1.7,1.58603162650601,89.604,39.9,7.02,6214
3755,F003022__3,2002-05-01,25.72,2002,5,LA,Total Electric Power Industry,Petroleum (Barrels),298331,1.87,1.58603162650601,89.964,48.8,7.02,6214
3756,F003022__3,2002-06-01,24.74,2002,6,LA,Total Electric Power Industry,Petroleum (Barrels),268234,1.87,1.58603162650601,90.7061,58.3,7.02,6214
3757,F003022__3,2002-07-01,25.82,2002,7,LA,Total Electric Power Industry,Petroleum (Barrels),312630,1.97,1.58603162650601,90.6769,65.6,7.02,6214
3758,F003022__3,2002-08-01,26.8,2002,8,LA,Total Electric Power Industry,Petroleum (Barrels),292515,2.32,1.58603162650601,90.5762,66.7,7.02,6214
3759,F003022__3,2002-09-01,28.29,2002,9,LA,Total Electric Power Industry,Petroleum (Barrels),202612,,1.58603162650601,90.6531,59.3,7.02,6214
3760,F003022__3,2002-10-01,27.7,2002,10,LA,Total Electric Power Industry,Petroleum (Barrels),298683,1.92,1.58603162650601,90.4643,41.7,7.02,6214
3761,F003022__3,2002-11-01,25.69,2002,11,LA,Total Electric Power Industry,Petroleum (Barrels),323557,2.25,1.58603162650601,90.9711,30.7,7.02,6214
3762,F003022__3,2002-12-01,28.81,2002,12,LA,Total Electric Power Industry,Petroleum (Barrels),245095,2.15,1.58603162650601,90.4652,21.1,7.02,6214
3763,F003022__3,2003-01-01,31.58,2003,1,LA,Total Electric Power Industry,Petroleum (Barrels),338675,,2.27009497336115,91.2361,9.2,8.58,6176
3764,F003022__3,2003-02-01,35.41,2003,2,LA,Total Electric Power Industry,Petroleum (Barrels),334528,2.29,2.27009497336115,91.3445,12.2,8.58,6176
3765,F003022__3,2003-03-01,32.49,2003,3,LA,Total Electric Power Industry,Petroleum (Barrels),633001,2.16,2.27009497336115,91.1044,24.2,8.58,6176
3766,F003022__3,2003-04-01,29.42,2003,4,LA,Total Electric Power Industry,Petroleum (Barrels),420061,2.34,2.27009497336115,90.5617,35.7,8.58,6176
3767,F003022__3,2003-05-01,27.84,2003,5,LA,Total Electric Power Industry,Petroleum (Barrels),528232,2.38,2.27009497336115,90.537,49.6,8.58,6176
3768,F003022__3,2003-06-01,29.55,2003,6,LA,Total Electric Power Industry,Petroleum (Barrels),602308,2.1,2.27009497336115,90.6527,61.2,8.58,6176
3769,F003022__3,2003-07-01,30.32,2003,7,LA,Total Electric Power Industry,Petroleum (Barrels),512101,2.26,2.27009497336115,91.1185,65.9,8.58,6176
3770,F003022__3,2003-08-01,30.6,2003,8,LA,Total Electric Power Industry,Petroleum (Barrels),341511,2.59,2.27009497336115,90.9197,66.0,8.58,6176
3771,F003022__3,2003-09-01,27.49,2003,9,LA,Total Electric Power Industry,Petroleum (Barrels),309440,,2.27009497336115,91.5059,58.4,8.58,6176
3772,F003022__3,2003-10-01,29.44,2003,10,LA,Total Electric Power Industry,Petroleum (Barrels),478662,2.49,2.27009497336115,91.6186,44.6,8.58,6176
3773,F003022__3,2003-11-01,30.33,2003,11,LA,Total Electric Power Industry,Petroleum (Barrels),376674,2.5,2.27009497336115,92.2329,35.4,8.58,6176
3774,F003022__3,2003-12-01,31.6,2003,12,LA,Total Electric Power Industry,Petroleum (Barrels),438085,2.28,2.27009497336115,92.2602,23.0,8.58,6176
3775,F003022__3,2004-01-01,33.29,2004,1,LA,Total Electric Power Industry,Petroleum (Barrels),458347,,2.67723669309172,92.4006,6.4,10.12,6283
3776,F003022__3,2004-02-01,34.3,2004,2,LA,Total Electric Power Industry,Petroleum (Barrels),333493,2.35,2.67723669309172,92.958,18.0,10.12,6283
3777,F003022__3,2004-03-01,36.25,2004,3,LA,Total Electric Power Industry,Petroleum (Barrels),465835,2.33,2.67723669309172,92.5861,28.7,10.12,6283
3778,F003022__3,2004-04-01,36.27,2004,4,LA,Total Electric Power Industry,Petroleum (Barrels),478613,2.26,2.67723669309172,92.93,39.6,10.12,6283
3779,F003022__3,2004-05-01,39.09,2004,5,LA,Total Electric Power Industry,Petroleum (Barrels),799121,2.19,2.67723669309172,93.6013,51.9,10.12,6283
3780,F003022__3,2004-06-01,37.03,2004,6,LA,Total Electric Power Industry,Petroleum (Barrels),618506,2.11,2.67723669309172,92.871,57.5,10.12,6283
3781,F003022__3,2004-07-01,39.16,2004,7,LA,Total Electric Power Industry,Petroleum (Barrels),828255,1.93,2.67723669309172,93.5649,64.6,10.12,6283
3782,F003022__3,2004-08-01,43.33,2004,8,LA,Total Electric Power Industry,Petroleum (Barrels),628631,1.82,2.67723669309172,93.6277,64.6,10.12,6283
3783,F003022__3,2004-09-01,44.92,2004,9,LA,Total Electric Power Industry,Petroleum (Barrels),651923,1.72,2.67723669309172,93.7467,56.2,10.12,6283
3784,F003022__3,2004-10-01,51.77,2004,10,LA,Total Electric Power Industry,Petroleum (Barrels),466803,1.58,2.67723669309172,94.5465,45.5,10.12,6283
3785,F003022__3,2004-11-01,48.01,2004,11,LA,Total Electric Power Industry,Petroleum (Barrels),427859,1.5,2.67723669309172,94.7813,33.2,10.12,6283
3786,F003022__3,2004-12-01,41.79,2004,12,LA,Total Electric Power Industry,Petroleum (Barrels),762717,1.37,2.67723669309172,95.5365,19.1,10.12,6283
3787,F003022__3,2005-01-01,45.04,2005,1,LA,Total Electric Power Industry,Petroleum (Barrels),414075,1.13,3.3927468454955,95.8801,11.5,13.13,6542
3788,F003022__3,2005-02-01,46.41,2005,2,LA,Total Electric Power Industry,Petroleum (Barrels),441208,0.86,3.3927468454955,96.5761,19.6,13.13,6542
3789,F003022__3,2005-03-01,52.39,2005,3,LA,Total Electric Power Industry,Petroleum (Barrels),562269,0.79,3.3927468454955,96.4456,25.0,13.13,6542
3790,F003022__3,2005-04-01,51.11,2005,4,LA,Total Electric Power Industry,Petroleum (Barrels),457747,0.71,3.3927468454955,96.6532,41.1,13.13,6542
3791,F003022__3,2005-05-01,47.68,2005,5,LA,Total Electric Power Industry,Petroleum (Barrels),454872,0.57,3.3927468454955,96.7402,47.2,13.13,6542
3792,F003022__3,2005-06-01,54.21,2005,6,LA,Total Electric Power Industry,Petroleum (Barrels),726049,0.41,3.3927468454955,97.1753,63.2,13.13,6542
3793,F003022__3,2005-07-01,56.89,2005,7,LA,Total Electric Power Industry,Petroleum (Barrels),526256,0.3,3.3927468454955,96.8676,66.6,13.13,6542
3794,F003022__3,2005-08-01,62.45,2005,8,LA,Total Electric Power Industry,Petroleum (Barrels),634837,0.28,3.3927468454955,97.1833,65.5,13.13,6542
3795,F003022__3,2005-09-01,63.41,2005,9,LA,Total Electric Power Industry,Petroleum (Barrels),463205,0.3,3.3927468454955,95.3005,58.5,13.13,6542
3796,F003022__3,2005-10-01,61.48,2005,10,LA,Total Electric Power Industry,Petroleum (Barrels),593312,0.18,3.3927468454955,96.4572,47.2,13.13,6542
3797,F003022__3,2005-11-01,57.67,2005,11,LA,Total Electric Power Industry,Petroleum (Barrels),596874,0.16,3.3927468454955,97.5414,35.3,13.13,6542
3798,F003022__3,2005-12-01,57.42,2005,12,LA,Total Electric Power Industry,Petroleum (Barrels),922189,0.07,3.3927468454955,98.0452,21.3,13.13,6542
3799,F003022__3,2006-01-01,62.92,2006,1,LA,Total Electric Power Industry,Petroleum (Barrels),309900,,3.22594410070404,98.1999,22.6,14.25,6377
3800,F003022__3,2006-02-01,60.11,2006,2,LA,Total Electric Power Industry,Petroleum (Barrels),327327,-0.02,3.22594410070404,98.2413,19.0,14.25,6377
3801,F003022__3,2006-03-01,60.67,2006,3,LA,Total Electric Power Industry,Petroleum (Barrels),273526,-0.12,3.22594410070404,98.4628,29.0,14.25,6377
3802,F003022__3,2006-04-01,67.89,2006,4,LA,Total Electric Power Industry,Petroleum (Barrels),277258,0.02,3.22594410070404,98.7618,42.3,14.25,6377
3803,F003022__3,2006-05-01,68.82,2006,5,LA,Total Electric Power Industry,Petroleum (Barrels),329113,0.2,3.22594410070404,98.7869,53.2,14.25,6377
3804,F003022__3,2006-06-01,69.72,2006,6,LA,Total Electric Power Industry,Petroleum (Barrels),373971,0.07,3.22594410070404,99.0997,63.3,14.25,6377
3805,F003022__3,2006-07-01,70.96,2006,7,LA,Total Electric Power Industry,Petroleum (Barrels),341192,-0.02,3.22594410070404,99.0489,68.9,14.25,6377
3806,F003022__3,2006-08-01,71.79,2006,8,LA,Total Electric Power Industry,Petroleum (Barrels),408482,0.02,3.22594410070404,99.4836,61.7,14.25,6377
3807,F003022__3,2006-09-01,63.4,2006,9,LA,Total Electric Power Industry,Petroleum (Barrels),325525,-0.04,3.22594410070404,99.3183,56.1,14.25,6377
3808,F003022__3,2006-10-01,57.03,2006,10,LA,Total Electric Power Industry,Petroleum (Barrels),340259,-0.04,3.22594410070404,99.2044,44.9,14.25,6377
3809,F003022__3,2006-11-01,56.57,2006,11,LA,Total Electric Power Industry,Petroleum (Barrels),285497,-0.09,3.22594410070404,99.1627,38.9,14.25,6377
3810,F003022__3,2006-12-01,60.16,2006,12,LA,Total Electric Power Industry,Petroleum (Barrels),390145,-0.09,3.22594410070404,100.1735,27.8,14.25,6377
3811,F003022__3,2007-01-01,53.86,2007,1,LA,Total Electric Power Industry,Petroleum (Barrels),342751,,2.85267248150138,99.8346,17.3,15.14,6306
3812,F003022__3,2007-02-01,58.26,2007,2,LA,Total Electric Power Industry,Petroleum (Barrels),414476,-0.12,2.85267248150138,100.7753,11.6,15.14,6306
3813,F003022__3,2007-03-01,59.99,2007,3,LA,Total Electric Power Industry,Petroleum (Barrels),344999,-0.07,2.85267248150138,100.9547,25.8,15.14,6306
3814,F003022__3,2007-04-01,63.32,2007,4,LA,Total Electric Power Industry,Petroleum (Barrels),316623,0.05,2.85267248150138,101.6334,37.0,15.14,6306
3815,F003022__3,2007-05-01,64.01,2007,5,LA,Total Electric Power Industry,Petroleum (Barrels),319832,0.01,2.85267248150138,101.7306,51.2,15.14,6306
3816,F003022__3,2007-06-01,67.92,2007,6,LA,Total Electric Power Industry,Petroleum (Barrels),385312,-0.02,2.85267248150138,101.7893,61.1,15.14,6306
3817,F003022__3,2007-07-01,75.6,2007,7,LA,Total Electric Power Industry,Petroleum (Barrels),408849,0.14,2.85267248150138,101.6672,64.6,15.14,6306
3818,F003022__3,2007-08-01,73.85,2007,8,LA,Total Electric Power Industry,Petroleum (Barrels),565413,0.2,2.85267248150138,101.863,63.5,15.14,6306
3819,F003022__3,2007-09-01,78.3,2007,9,LA,Total Electric Power Industry,Petroleum (Barrels),393868,,2.85267248150138,102.0894,57.2,15.14,6306
3820,F003022__3,2007-10-01,84.53,2007,10,LA,Total Electric Power Industry,Petroleum (Barrels),413787,0.54,2.85267248150138,101.8015,49.6,15.14,6306
3821,F003022__3,2007-11-01,93.38,2007,11,LA,Total Electric Power Industry,Petroleum (Barrels),361896,0.59,2.85267248150138,102.3446,31.7,15.14,6306
3822,F003022__3,2007-12-01,90.74,2007,12,LA,Total Electric Power Industry,Petroleum (Barrels),368446,0.99,2.85267248150138,102.3803,18.0,15.14,6306
3823,F003022__3,2008-01-01,93.57,2008,1,LA,Total Electric Power Industry,Petroleum (Barrels),312896,,3.839100296651,102.2448,18.6,19.87,6737
3824,F003022__3,2008-02-01,94.97,2008,2,LA,Total Electric Power Industry,Petroleum (Barrels),364149,1.53,3.839100296651,101.8438,18.5,19.87,6737
3825,F003022__3,2008-03-01,104.87,2008,3,LA,Total Electric Power Industry,Petroleum (Barrels),364937,1.93,3.839100296651,101.5336,23.1,19.87,6737
3826,F003022__3,2008-04-01,111.72,2008,4,LA,Total Electric Power Industry,Petroleum (Barrels),362118,1.77,3.839100296651,100.8785,41.5,19.87,6737
3827,F003022__3,2008-05-01,124.42,2008,5,LA,Total Electric Power Industry,Petroleum (Barrels),343933,1.41,3.839100296651,100.2674,50.0,19.87,6737
3828,F003022__3,2008-06-01,133.42,2008,6,LA,Total Electric Power Industry,Petroleum (Barrels),357899,1.47,3.839100296651,100.0335,61.2,19.87,6737
3829,F003022__3,2008-07-01,133.74,2008,7,LA,Total Electric Power Industry,Petroleum (Barrels),328533,1.38,3.839100296651,99.676,67.7,19.87,6737
3830,F003022__3,2008-08-01,116.8,2008,8,LA,Total Electric Power Industry,Petroleum (Barrels),353634,1.46,3.839100296651,98.1111,63.1,19.87,6737
3831,F003022__3,2008-09-01,104.29,2008,9,LA,Total Electric Power Industry,Petroleum (Barrels),558089,,3.839100296651,93.7895,56.2,19.87,6737
3832,F003022__3,2008-10-01,78.13,2008,10,LA,Total Electric Power Industry,Petroleum (Barrels),362222,1.95,3.839100296651,94.7219,44.2,19.87,6737
3833,F003022__3,2008-11-01,58.66,2008,11,LA,Total Electric Power Industry,Petroleum (Barrels),320848,2.51,3.839100296651,93.4715,35.0,19.87,6737
3834,F003022__3,2008-12-01,39.79,2008,12,LA,Total Electric Power Industry,Petroleum (Barrels),363680,1.82,3.839100296651,90.8357,20.2,19.87,6737
3835,F003022__3,2009-01-01,38.11,2009,1,LA,Total Electric Power Industry,Petroleum (Barrels),311644,,-0.355546266299747,88.57,7.9,12.79,6656
3836,F003022__3,2009-02-01,36.31,2009,2,LA,Total Electric Power Industry,Petroleum (Barrels),303503,1.87,-0.355546266299747,88.031,18.9,12.79,6656
3837,F003022__3,2009-03-01,46.68,2009,3,LA,Total Electric Power Industry,Petroleum (Barrels),386098,2.02,-0.355546266299747,86.6528,26.2,12.79,6656
3838,F003022__3,2009-04-01,48.27,2009,4,LA,Total Electric Power Industry,Petroleum (Barrels),367876,1.85,-0.355546266299747,85.9344,41.9,12.79,6656
3839,F003022__3,2009-05-01,56.13,2009,5,LA,Total Electric Power Industry,Petroleum (Barrels),217377,2.29,-0.355546266299747,85.0665,51.1,12.79,6656
3840,F003022__3,2009-06-01,66.52,2009,6,LA,Total Electric Power Industry,Petroleum (Barrels),186191,2.74,-0.355546266299747,84.7459,58.7,12.79,6656
3841,F003022__3,2009-07-01,62.41,2009,7,LA,Total Electric Power Industry,Petroleum (Barrels),210175,2.5,-0.355546266299747,85.7027,63.0,12.79,6656
3842,F003022__3,2009-08-01,69.02,2009,8,LA,Total Electric Power Industry,Petroleum (Barrels),178284,2.48,-0.355546266299747,86.6426,66.1,12.79,6656
3843,F003022__3,2009-09-01,68.23,2009,9,LA,Total Electric Power Industry,Petroleum (Barrels),350154,2.46,-0.355546266299747,87.4063,54.9,12.79,6656
3844,F003022__3,2009-10-01,72.94,2009,10,LA,Total Electric Power Industry,Petroleum (Barrels),291379,2.34,-0.355546266299747,87.6419,41.2,12.79,6656
3845,F003022__3,2009-11-01,74.47,2009,11,LA,Total Electric Power Industry,Petroleum (Barrels),365062,2.53,-0.355546266299747,88.0221,38.5,12.79,6656
3846,F003022__3,2009-12-01,72.09,2009,12,LA,Total Electric Power Industry,Petroleum (Barrels),405794,2.61,-0.355546266299747,88.3793,21.9,12.79,6656
3847,F003022__3,2010-01-01,76.12,2010,1,LA,Total Electric Power Industry,Petroleum (Barrels),603393,,1.6400434423899,89.3426,20.3,14.81,7130
3848,F003022__3,2010-02-01,74.34,2010,2,LA,Total Electric Power Industry,Petroleum (Barrels),374605,2.82,1.6400434423899,89.6779,24.6,14.81,7130
3849,F003022__3,2010-03-01,78.45,2010,3,LA,Total Electric Power Industry,Petroleum (Barrels),440967,2.81,1.6400434423899,90.2928,34.6,14.81,7130
3850,F003022__3,2010-04-01,81.9,2010,4,LA,Total Electric Power Industry,Petroleum (Barrels),384968,2.84,1.6400434423899,90.5991,44.9,14.81,7130
3851,F003022__3,2010-05-01,73.39,2010,5,LA,Total Electric Power Industry,Petroleum (Barrels),386567,2.72,1.6400434423899,91.823,54.6,14.81,7130
3852,F003022__3,2010-06-01,74.95,2010,6,LA,Total Electric Power Industry,Petroleum (Barrels),480338,2.51,1.6400434423899,91.9928,60.8,14.81,7130
3853,F003022__3,2010-07-01,75.45,2010,7,LA,Total Electric Power Industry,Petroleum (Barrels),597934,2.33,1.6400434423899,92.3421,69.2,14.81,7130
3854,F003022__3,2010-08-01,75.8,2010,8,LA,Total Electric Power Industry,Petroleum (Barrels),470752,2.43,1.6400434423899,92.6805,65.2,14.81,7130
3855,F003022__3,2010-09-01,74.75,2010,9,LA,Total Electric Power Industry,Petroleum (Barrels),562273,2.08,1.6400434423899,92.9537,58.3,14.81,7130
3856,F003022__3,2010-10-01,81.41,2010,10,LA,Total Electric Power Industry,Petroleum (Barrels),728329,2.12,1.6400434423899,92.6903,45.2,14.81,7130
3857,F003022__3,2010-11-01,83.54,2010,11,LA,Total Electric Power Industry,Petroleum (Barrels),678764,2.32,1.6400434423899,92.7709,34.5,14.81,7130
3858,F003022__3,2010-12-01,88.65,2010,12,LA,Total Electric Power Industry,Petroleum (Barrels),435877,2.44,1.6400434423899,93.6787,23.4,14.81,7130
3859,F003022__3,2011-01-01,90.87,2011,1,LA,Total Electric Power Industry,Petroleum (Barrels),1010468,2.75,3.156841568622,93.4814,15.9,17.47,7680
3860,F003022__3,2011-02-01,92.18,2011,2,LA,Total Electric Power Industry,Petroleum (Barrels),676851,2.87,3.156841568622,93.1102,16.2,17.47,7680
3861,F003022__3,2011-03-01,110.3,2011,3,LA,Total Electric Power Industry,Petroleum (Barrels),921106,2.75,3.156841568622,94.0788,26.8,17.47,7680
3862,F003022__3,2011-04-01,118.91,2011,4,LA,Total Electric Power Industry,Petroleum (Barrels),732166,2.66,3.156841568622,93.7749,39.0,17.47,7680
3863,F003022__3,2011-05-01,111.19,2011,5,LA,Total Electric Power Industry,Petroleum (Barrels),494148,2.7,3.156841568622,93.888,51.9,17.47,7680
3864,F003022__3,2011-06-01,105.92,2011,6,LA,Total Electric Power Industry,Petroleum (Barrels),732681,2.52,3.156841568622,94.172,60.2,17.47,7680
3865,F003022__3,2011-07-01,108.96,2011,7,LA,Total Electric Power Industry,Petroleum (Barrels),890766,2.72,3.156841568622,94.636,67.6,17.47,7680
3866,F003022__3,2011-08-01,99.68,2011,8,LA,Total Electric Power Industry,Petroleum (Barrels),725442,2.39,3.156841568622,95.2749,64.8,17.47,7680
3867,F003022__3,2011-09-01,102.08,2011,9,LA,Total Electric Power Industry,Petroleum (Barrels),743661,1.96,3.156841568622,95.1961,59.0,17.47,7680
3868,F003022__3,2011-10-01,107.91,2011,10,LA,Total Electric Power Industry,Petroleum (Barrels),623087,1.56,3.156841568622,95.8568,47.6,17.47,7680
3869,F003022__3,2011-11-01,117.03,2011,11,LA,Total Electric Power Industry,Petroleum (Barrels),589241,1.78,3.156841568622,95.8485,38.8,17.47,7680
3870,F003022__3,2011-12-01,110.59,2011,12,LA,Total Electric Power Industry,Petroleum (Barrels),706690,1.84,3.156841568622,96.3571,26.0,17.47,7680
3871,F003022__3,2012-01-01,107.15,2012,1,LA,Total Electric Power Industry,Petroleum (Barrels),735121,,2.06933726526067,96.9318,18.2,15.1,7703
3872,F003022__3,2012-02-01,109.16,2012,2,LA,Total Electric Power Industry,Petroleum (Barrels),648328,1.64,2.06933726526067,97.2435,21.4,15.1,7703
3873,F003022__3,2012-03-01,118.36,2012,3,LA,Total Electric Power Industry,Petroleum (Barrels),390206,1.73,2.06933726526067,96.74,34.3,15.1,7703
3874,F003022__3,2012-04-01,118.48,2012,4,LA,Total Electric Power Industry,Petroleum (Barrels),386237,1.89,2.06933726526067,97.4359,42.2,15.1,7703
3875,F003022__3,2012-05-01,109.44,2012,5,LA,Total Electric Power Industry,Petroleum (Barrels),448994,1.71,2.06933726526067,97.6609,53.8,15.1,7703
3876,F003022__3,2012-06-01,92.66,2012,6,LA,Total Electric Power Industry,Petroleum (Barrels),369744,1.22,2.06933726526067,97.6663,60.2,15.1,7703
3877,F003022__3,2012-07-01,96.63,2012,7,LA,Total Electric Power Industry,Petroleum (Barrels),407397,1.31,2.06933726526067,97.8713,67.6,15.1,7703
3878,F003022__3,2012-08-01,103.95,2012,8,LA,Total Electric Power Industry,Petroleum (Barrels),288579,1.32,2.06933726526067,97.4525,67.4,15.1,7703
3879,F003022__3,2012-09-01,107.47,2012,9,LA,Total Electric Power Industry,Petroleum (Barrels),412760,,2.06933726526067,97.381,55.9,15.1,7703
3880,F003022__3,2012-10-01,102.44,2012,10,LA,Total Electric Power Industry,Petroleum (Barrels),597919,1.39,2.06933726526067,97.7193,48.2,15.1,7703
3881,F003022__3,2012-11-01,101.67,2012,11,LA,Total Electric Power Industry,Petroleum (Barrels),564792,1.45,2.06933726526067,98.0777,32.7,15.1,7703
3882,F003022__3,2012-12-01,104.32,2012,12,LA,Total Electric Power Industry,Petroleum (Barrels),598479,1.38,2.06933726526067,98.3101,24.4,15.1,7703
3883,F003022__3,2013-01-01,110.29,2013,1,LA,Total Electric Power Industry,Petroleum (Barrels),839944,,1.46483265562717,98.3342,15.8,15.25,7707
3884,F003022__3,2013-02-01,108.1,2013,2,LA,Total Electric Power Industry,Petroleum (Barrels),746746,1.77,1.46483265562717,98.7941,20.0,15.25,7707
3885,F003022__3,2013-03-01,107.53,2013,3,LA,Total Electric Power Industry,Petroleum (Barrels),694370,1.61,1.46483265562717,99.1921,30.3,15.25,7707
3886,F003022__3,2013-04-01,106.96,2013,4,LA,Total Electric Power Industry,Petroleum (Barrels),601976,1.63,1.46483265562717,99.1065,39.1,15.25,7707
3887,F003022__3,2013-05-01,104.54,2013,5,LA,Total Electric Power Industry,Petroleum (Barrels),883012,1.46,1.46483265562717,99.1839,52.3,15.25,7707
3888,F003022__3,2013-06-01,102.1,2013,6,LA,Total Electric Power Industry,Petroleum (Barrels),847563,1.83,1.46483265562717,99.3897,60.8,15.25,7707
3889,F003022__3,2013-07-01,109.82,2013,7,LA,Total Electric Power Industry,Petroleum (Barrels),762986,2.16,1.46483265562717,99.0814,68.3,15.25,7707
3890,F003022__3,2013-08-01,110.19,2013,8,LA,Total Electric Power Industry,Petroleum (Barrels),764678,2.39,1.46483265562717,99.6543,63.7,15.25,7707
3891,F003022__3,2013-09-01,109.12,2013,9,LA,Total Electric Power Industry,Petroleum (Barrels),835881,,1.46483265562717,100.161,56.7,15.25,7707
3892,F003022__3,2013-10-01,101.79,2013,10,LA,Total Electric Power Industry,Petroleum (Barrels),900442,2.33,1.46483265562717,100.082,47.3,15.25,7707
3893,F003022__3,2013-11-01,93.88,2013,11,LA,Total Electric Power Industry,Petroleum (Barrels),566773,2.32,1.46483265562717,100.3158,32.3,15.25,7707
3894,F003022__3,2013-12-01,97.65,2013,12,LA,Total Electric Power Industry,Petroleum (Barrels),628581,2.51,1.46483265562717,100.5175,17.0,15.25,7707
3895,F003022__3,2014-01-01,96.45,2014,1,LA,Total Electric Power Industry,Petroleum (Barrels),910027,,1.62222297740817,100.1599,14.2,15.1,7981
3896,F003022__3,2014-02-01,104.87,2014,2,LA,Total Electric Power Industry,Petroleum (Barrels),784371,2.31,1.62222297740817,100.9168,15.7,15.1,7981
3897,F003022__3,2014-03-01,103.28,2014,3,LA,Total Electric Power Industry,Petroleum (Barrels),857486,2.28,1.62222297740817,101.8942,18.1,15.1,7981
3898,F003022__3,2014-04-01,103.94,2014,4,LA,Total Electric Power Industry,Petroleum (Barrels),277172,2.33,1.62222297740817,101.9928,38.7,15.1,7981
3899,F003022__3,2014-05-01,102.29,2014,5,LA,Total Electric Power Industry,Petroleum (Barrels),691999,2.22,1.62222297740817,102.3836,51.7,15.1,7981
3900,F003022__3,2014-06-01,105.47,2014,6,LA,Total Electric Power Industry,Petroleum (Barrels),938088,2.15,1.62222297740817,102.735,61.6,15.1,7981
3901,F003022__3,2014-07-01,103.37,2014,7,LA,Total Electric Power Industry,Petroleum (Barrels),954753,2.11,1.62222297740817,102.9632,67.2,15.1,7981
3902,F003022__3,2014-08-01,98.16,2014,8,LA,Total Electric Power Industry,Petroleum (Barrels),866947,2.05,1.62222297740817,102.7688,64.4,15.1,7981
3903,F003022__3,2014-09-01,94.32,2014,9,LA,Total Electric Power Industry,Petroleum (Barrels),869035,,1.62222297740817,103.0641,56.4,15.1,7981
3904,F003022__3,2014-10-01,85.19,2014,10,LA,Total Electric Power Industry,Petroleum (Barrels),589235,1.89,1.62222297740817,103.0764,48.5,15.1,7981
3905,F003022__3,2014-11-01,76.53,2014,11,LA,Total Electric Power Industry,Petroleum (Barrels),732335,1.84,1.62222297740817,103.7126,31.8,15.1,7981
3906,F003022__3,2014-12-01,59.36,2014,12,LA,Total Electric Power Industry,Petroleum (Barrels),955329,1.73,1.62222297740817,103.7044,26.0,15.1,7981
3907,F003022__3,2015-01-01,46.64,2015,1,LA,Total Electric Power Industry,Petroleum (Barrels),809722,,0.118627135552451,102.8905,11.7,10.54,8068
3908,F003022__3,2015-02-01,48.92,2015,2,LA,Total Electric Power Industry,Petroleum (Barrels),786610,1.19,0.118627135552451,102.2335,5.2,10.54,8068
3909,F003022__3,2015-03-01,47.36,2015,3,LA,Total Electric Power Industry,Petroleum (Barrels),478886,1.42,0.118627135552451,101.8914,21.6,10.54,8068
3910,F003022__3,2015-04-01,54.91,2015,4,LA,Total Electric Power Industry,Petroleum (Barrels),668853,1.32,0.118627135552451,101.3355,37.8,10.54,8068
3911,F003022__3,2015-05-01,60.12,2015,5,LA,Total Electric Power Industry,Petroleum (Barrels),748495,1.52,0.118627135552451,100.8883,55.7,10.54,8068
3912,F003022__3,2015-06-01,60.99,2015,6,LA,Total Electric Power Industry,Petroleum (Barrels),324010,1.55,0.118627135552451,100.571,57.5,10.54,8068
3913,F003022__3,2015-07-01,51.52,2015,7,LA,Total Electric Power Industry,Petroleum (Barrels),726929,1.74,0.118627135552451,101.2228,64.8,10.54,8068
3914,F003022__3,2015-08-01,43.09,2015,8,LA,Total Electric Power Industry,Petroleum (Barrels),636766,1.48,0.118627135552451,101.0367,67.2,10.54,8068
3915,F003022__3,2015-09-01,45.53,2015,9,LA,Total Electric Power Industry,Petroleum (Barrels),845900,1.47,0.118627135552451,100.7547,61.8,10.54,8068
3916,F003022__3,2015-10-01,45.9,2015,10,LA,Total Electric Power Industry,Petroleum (Barrels),749607,1.41,0.118627135552451,100.2675,43.2,10.54,8068
3917,F003022__3,2015-11-01,40.77,2015,11,LA,Total Electric Power Industry,Petroleum (Barrels),279783,1.43,0.118627135552451,99.5298,37.0,10.54,8068
3918,F003022__3,2015-12-01,34.77,2015,12,LA,Total Electric Power Industry,Petroleum (Barrels),657976,1.24,0.118627135552451,99.0417,31.2,10.54,8068
3919,F003022__3,2016-01-01,29.5,2016,1,LA,Total Electric Power Industry,Petroleum (Barrels),787658,,1.26158320570536,99.5607,20.1,9.31,8356
3920,F003022__3,2016-02-01,28.1,2016,2,LA,Total Electric Power Industry,Petroleum (Barrels),629130,1.16,1.26158320570536,99.0445,21.9,9.31,8356
3921,F003022__3,2016-03-01,34.98,2016,3,LA,Total Electric Power Industry,Petroleum (Barrels),629573,0.98,1.26158320570536,98.3096,29.2,9.31,8356
3922,F003022__3,2016-04-01,38.81,2016,4,LA,Total Electric Power Industry,Petroleum (Barrels),739817,1.03,1.26158320570536,98.6421,37.3,9.31,8356
3923,F003022__3,2016-05-01,44.53,2016,5,LA,Total Electric Power Industry,Petroleum (Barrels),786712,1.08,1.26158320570536,98.4184,52.8,9.31,8356
3924,F003022__3,2016-06-01,47.3,2016,6,LA,Total Electric Power Industry,Petroleum (Barrels),816952,0.94,1.26158320570536,98.8833,60.5,9.31,8356
3925,F003022__3,2016-07-01,43.21,2016,7,LA,Total Electric Power Industry,Petroleum (Barrels),809824,0.87,1.26158320570536,98.9992,67.0,9.31,8356
3926,F003022__3,2016-08-01,43.0,2016,8,LA,Total Electric Power Industry,Petroleum (Barrels),841786,0.84,1.26158320570536,98.85,66.6,9.31,8356
3927,F003022__3,2016-09-01,43.07,2016,9,LA,Total Electric Power Industry,Petroleum (Barrels),870926,0.79,1.26158320570536,98.7457,59.1,9.31,8356
3928,F003022__3,2016-10-01,48.11,2016,10,LA,Total Electric Power Industry,Petroleum (Barrels),432566,0.83,1.26158320570536,98.7611,46.9,9.31,8356
3929,F003022__3,2016-11-01,44.38,2016,11,LA,Total Electric Power Industry,Petroleum (Barrels),864294,1.0,1.26158320570536,98.3491,37.2,9.31,8356
3930,F003022__3,2016-12-01,49.97,2016,12,LA,Total Electric Power Industry,Petroleum (Barrels),882871,1.31,1.26158320570536,99.0214,20.5,9.31,8356
3931,F003022__3,2017-01-01,50.52,2017,1,LA,Total Electric Power Industry,Petroleum (Barrels),890539,,2.13011000365961,98.7611,21.5,10.51,8541
3932,F003022__3,2017-02-01,51.43,2017,2,LA,Total Electric Power Industry,Petroleum (Barrels),745160,1.26,2.13011000365961,98.3646,20.6,10.51,8541
3933,F003022__3,2017-03-01,48.11,2017,3,LA,Total Electric Power Industry,Petroleum (Barrels),807532,1.17,2.13011000365961,99.0137,22.2,10.51,8541
3934,F003022__3,2017-04-01,49.68,2017,4,LA,Total Electric Power Industry,Petroleum (Barrels),264687,1.11,2.13011000365961,100.0224,42.0,10.51,8541
3935,F003022__3,2017-05-01,47.54,2017,5,LA,Total Electric Power Industry,Petroleum (Barrels),912378,1.05,2.13011000365961,100.1408,50.7,10.51,8541
3936,F003022__3,2017-06-01,44.27,2017,6,LA,Total Electric Power Industry,Petroleum (Barrels),788303,0.93,2.13011000365961,100.3471,61.0,10.51,8541
3937,F003022__3,2017-07-01,45.81,2017,7,LA,Total Electric Power Industry,Petroleum (Barrels),928073,0.94,2.13011000365961,100.1068,65.2,10.51,8541
3938,F003022__3,2017-08-01,47.56,2017,8,LA,Total Electric Power Industry,Petroleum (Barrels),733886,0.92,2.13011000365961,99.6925,63.3,10.51,8541
3939,F003022__3,2017-09-01,49.36,2017,9,LA,Total Electric Power Industry,Petroleum (Barrels),664249,0.81,2.13011000365961,99.7954,61.1,10.51,8541
3940,F003022__3,2017-10-01,52.35,2017,10,LA,Total Electric Power Industry,Petroleum (Barrels),433786,0.85,2.13011000365961,101.0247,52.0,10.51,8541
3941,F003022__3,2017-11-01,58.57,2017,11,LA,Total Electric Power Industry,Petroleum (Barrels),831252,0.76,2.13011000365961,101.2664,32.4,10.51,8541
3942,F003022__3,2017-12-01,60.1,2017,12,LA,Total Electric Power Industry,Petroleum (Barrels),777166,0.59,2.13011000365961,101.4644,16.4,10.51,8541
3943,F003022__3,2018-01-01,65.57,2018,1,LA,Total Electric Power Industry,Petroleum (Barrels),828924,,2.44258329692817,101.4625,15.0,11.6,8726
3944,F003022__3,2018-02-01,63.51,2018,2,LA,Total Electric Power Industry,Petroleum (Barrels),659757,0.62,2.44258329692817,101.7085,22.7,11.6,8726
3945,F003022__3,2018-03-01,62.69,2018,3,LA,Total Electric Power Industry,Petroleum (Barrels),644692,0.59,2.44258329692817,102.2067,28.9,11.6,8726
3946,F003022__3,2018-04-01,65.82,2018,4,LA,Total Electric Power Industry,Petroleum (Barrels),672820,0.48,2.44258329692817,103.3329,36.5,11.6,8726
3947,F003022__3,2018-05-01,69.99,2018,5,LA,Total Electric Power Industry,Petroleum (Barrels),379089,0.47,2.44258329692817,102.4024,53.5,11.6,8726
3948,F003022__3,2018-06-01,68.65,2018,6,LA,Total Electric Power Industry,Petroleum (Barrels),788611,0.42,2.44258329692817,103.198,59.0,11.6,8726
3949,F003022__3,2018-07-01,74.52,2018,7,LA,Total Electric Power Industry,Petroleum (Barrels),790479,0.3,2.44258329692817,103.3646,68.8,11.6,8726
3950,F003022__3,2018-08-01,68.81,2018,8,LA,Total Electric Power Industry,Petroleum (Barrels),789169,0.33,2.44258329692817,104.0327,68.0,11.6,8726
3951,F003022__3,2018-09-01,71.8,2018,9,LA,Total Electric Power Industry,Petroleum (Barrels),729566,,2.44258329692817,104.1004,57.9,11.6,8726
3952,F003022__3,2018-10-01,74.03,2018,10,LA,Total Electric Power Industry,Petroleum (Barrels),447455,0.27,2.44258329692817,103.9856,41.9,11.6,8726
3953,F003022__3,2018-11-01,60.82,2018,11,LA,Total Electric Power Industry,Petroleum (Barrels),758999,0.3,2.44258329692817,104.0681,28.6,11.6,8726
3954,F003022__3,2018-12-01,52.47,2018,12,LA,Total Electric Power Industry,Petroleum (Barrels),783804,0.15,2.44258329692817,104.0936,20.4,11.6,8726
3955,F003022__3,2019-01-01,53.89,2019,1,LA,Total Electric Power Industry,Petroleum (Barrels),737761,,1.81221007526021,103.4021,14.1,10.65,8445
3956,F003022__3,2019-02-01,57.44,2019,2,LA,Total Electric Power Industry,Petroleum (Barrels),672008,0.18,1.81221007526021,102.8371,16.3,10.65,8445
3957,F003022__3,2019-03-01,61.24,2019,3,LA,Total Electric Power Industry,Petroleum (Barrels),591291,0.21,1.81221007526021,102.8757,24.7,10.65,8445
3958,F003022__3,2019-04-01,67.13,2019,4,LA,Total Electric Power Industry,Petroleum (Barrels),369253,0.16,1.81221007526021,102.274,38.8,10.65,8445
3959,F003022__3,2019-05-01,63.6,2019,5,LA,Total Electric Power Industry,Petroleum (Barrels),656440,0.21,1.81221007526021,102.392,48.1,10.65,8445
3960,F003022__3,2019-06-01,58.67,2019,6,LA,Total Electric Power Industry,Petroleum (Barrels),531224,0.25,1.81221007526021,102.4375,59.5,10.65,8445
3961,F003022__3,2019-07-01,60.47,2019,7,LA,Total Electric Power Industry,Petroleum (Barrels),673543,0.25,1.81221007526021,101.9408,68.3,10.65,8445
3962,F003022__3,2019-08-01,56.63,2019,8,LA,Total Electric Power Industry,Petroleum (Barrels),701506,0.17,1.81221007526021,102.639,64.5,10.65,8445
3963,F003022__3,2019-09-01,57.62,2019,9,LA,Total Electric Power Industry,Petroleum (Barrels),612730,,1.81221007526021,102.2917,55.3,10.65,8445
3964,F003022__3,2019-10-01,57.94,2019,10,LA,Total Electric Power Industry,Petroleum (Barrels),163481,0.09,1.81221007526021,101.4281,46.1,10.65,8445
3965,F003022__3,2019-11-01,57.21,2019,11,LA,Total Electric Power Industry,Petroleum (Barrels),272254,0.17,1.81221007526021,101.9372,29.6,10.65,8445
3966,F003022__3,2019-12-01,61.33,2019,12,LA,Total Electric Power Industry,Petroleum (Barrels),298826,0.22,1.81221007526021,101.7003,22.8,10.65,8445
3967,F003022__3,2020-01-01,59.04,2020,1,LA,Total Electric Power Industry,Petroleum (Barrels),528332,,1.23358439630629,101.0338,20.8,8.47,7113
3968,F003022__3,2020-02-01,51.7,2020,2,LA,Total Electric Power Industry,Petroleum (Barrels),286714,0.18,1.23358439630629,101.3735,20.1,8.47,7113
3969,F003022__3,2020-03-01,31.15,2020,3,LA,Total Electric Power Industry,Petroleum (Barrels),738289,0.26,1.23358439630629,97.4078,29.6,8.47,7113
3970,F003022__3,2020-04-01,16.12,2020,4,LA,Total Electric Power Industry,Petroleum (Barrels),664916,0.39,1.23358439630629,84.5619,37.7,8.47,7113
3971,F003022__3,2020-05-01,20.97,2020,5,LA,Total Electric Power Industry,Petroleum (Barrels),548566,0.44,1.23358439630629,85.9604,51.2,8.47,7113
3972,F003022__3,2020-06-01,36.55,2020,6,LA,Total Electric Power Industry,Petroleum (Barrels),741078,0.52,1.23358439630629,91.5934,62.5,8.47,7113
3973,F003022__3,2020-07-01,39.15,2020,7,LA,Total Electric Power Industry,Petroleum (Barrels),747307,0.52,1.23358439630629,95.0256,68.9,8.47,7113
3974,F003022__3,2020-08-01,40.66,2020,8,LA,Total Electric Power Industry,Petroleum (Barrels),651281,0.45,1.23358439630629,95.9549,65.6,8.47,7113
3975,F003022__3,2020-09-01,38.5,2020,9,LA,Total Electric Power Industry,Petroleum (Barrels),298204,0.55,1.23358439630629,95.9669,56.8,8.47,7113
3976,F003022__3,2020-10-01,37.81,2020,10,LA,Total Electric Power Industry,Petroleum (Barrels),80152,0.54,1.23358439630629,96.7394,44.7,8.47,7113
3977,F003022__3,2020-11-01,39.51,2020,11,LA,Total Electric Power Industry,Petroleum (Barrels),571750,0.71,1.23358439630629,97.0816,37.0,8.47,7113
3978,F003022__3,2020-12-01,45.35,2020,12,LA,Total Electric Power Industry,Petroleum (Barrels),731871,0.75,1.23358439630629,98.363,27.2,8.47,7113
3979,F003022__3,2021-01-01,50.67,2021,1,LA,Total Electric Power Industry,Petroleum (Barrels),813174,,4.69785886363742,98.8822,21.4,12.48,7904
3980,F003022__3,2021-02-01,58.36,2021,2,LA,Total Electric Power Industry,Petroleum (Barrels),664608,0.98,4.69785886363742,95.6149,18.5,12.48,7904
3981,F003022__3,2021-03-01,61.68,2021,3,LA,Total Electric Power Industry,Petroleum (Barrels),704591,1.32,4.69785886363742,98.3856,29.4,12.48,7904
3982,F003022__3,2021-04-01,61.23,2021,4,LA,Total Electric Power Industry,Petroleum (Barrels),284298,1.52,4.69785886363742,98.5587,43.2,12.48,7904
3983,F003022__3,2021-05-01,64.07,2021,5,LA,Total Electric Power Industry,Petroleum (Barrels),520699,1.47,4.69785886363742,99.4333,52.4,12.48,7904
3984,F003022__3,2021-06-01,70.17,2021,6,LA,Total Electric Power Industry,Petroleum (Barrels),337629,1.46,4.69785886363742,99.7987,64.9,12.48,7904
3985,F003022__3,2021-07-01,71.49,2021,7,LA,Total Electric Power Industry,Petroleum (Barrels),762967,1.23,4.69785886363742,100.2519,63.7,12.48,7904
3986,F003022__3,2021-08-01,66.36,2021,8,LA,Total Electric Power Industry,Petroleum (Barrels),849119,1.03,4.69785886363742,100.0437,68.2,12.48,7904
3987,F003022__3,2021-09-01,69.96,2021,9,LA,Total Electric Power Industry,Petroleum (Barrels),616140,1.11,4.69785886363742,98.8579,59.0,12.48,7904
3988,F003022__3,2021-10-01,79.9,2021,10,LA,Total Electric Power Industry,Petroleum (Barrels),689307,1.21,4.69785886363742,100.1861,50.2,12.48,7904
3989,F003022__3,2021-11-01,77.23,2021,11,LA,Total Electric Power Industry,Petroleum (Barrels),675252,1.08,4.69785886363742,100.8654,35.3,12.48,7904
3990,F003022__3,2021-12-01,70.69,2021,12,LA,Total Electric Power Industry,Petroleum (Barrels),571903,0.87,4.69785886363742,100.5726,24.5,12.48,7904
3991,F003022__3,2022-01-01,81.83,2022,1,LA,Total Electric Power Industry,Petroleum (Barrels),529893,0.85,8.00279982052121,100.1856,10.8,15.99,8375
3992,F003022__3,2022-02-01,91.37,2022,2,LA,Total Electric Power Industry,Petroleum (Barrels),640686,0.63,8.00279982052121,100.8064,19.2,15.99,8375
3993,F003022__3,2022-03-01,109.42,2022,3,LA,Total Electric Power Industry,Petroleum (Barrels),350725,0.41,8.00279982052121,101.3907,29.0,15.99,8375
3994,F003022__3,2022-04-01,104.2,2022,4,LA,Total Electric Power Industry,Petroleum (Barrels),413356,-0.05,8.00279982052121,101.44,40.6,15.99,8375
3995,F003022__3,2022-05-01,109.61,2022,5,LA,Total Electric Power Industry,Petroleum (Barrels),562941,0.26,8.00279982052121,101.3335,54.4,15.99,8375
3996,F003022__3,2022-06-01,115.18,2022,6,LA,Total Electric Power Industry,Petroleum (Barrels),522478,0.28,8.00279982052121,101.018,60.1,15.99,8375
3997,F003022__3,2022-07-01,101.06,2022,7,LA,Total Electric Power Industry,Petroleum (Barrels),300719,0.04,8.00279982052121,101.223,67.8,15.99,8375
3998,F003022__3,2022-08-01,93.84,2022,8,LA,Total Electric Power Industry,Petroleum (Barrels),396379,-0.3,8.00279982052121,101.0963,67.3,15.99,8375
3999,F003022__3,2022-09-01,84.69,2022,9,LA,Total Electric Power Industry,Petroleum (Barrels),510188,-0.25,8.00279982052121,101.2918,57.2,15.99,8375
4000,F003022__3,2022-10-01,87.0,2022,10,LA,Total Electric Power Industry,Petroleum (Barrels),403081,-0.45,8.00279982052121,101.2529,49.2,15.99,8375
4001,F003022__3,2022-11-01,85.25,2022,11,LA,Total Electric Power Industry,Petroleum (Barrels),606303,-0.47,8.00279982052121,100.9552,37.4,15.99,8375
4002,F003022__3,2022-12-01,77.8,2022,12,LA,Total Electric Power Industry,Petroleum (Barrels),756543,-0.72,8.00279982052121,99.7664,27.6,15.99,8375
4003,F003022__3,2023-01-01,76.8,2023,1,LA,Total Electric Power Industry,Petroleum (Barrels),63985,,4.11633838374488,100.505,24.1,12.42,8607
4004,F003022__3,2023-02-01,75.59,2023,2,LA,Total Electric Power Industry,Petroleum (Barrels),153697,-0.7,4.11633838374488,100.6416,18.2,12.42,8607
4005,F003022__3,2023-03-01,73.41,2023,3,LA,Total Electric Power Industry,Petroleum (Barrels),158639,-0.88,4.11633838374488,101.0205,30.2,12.42,8607
4006,F003022__3,2023-04-01,79.05,2023,4,LA,Total Electric Power Industry,Petroleum (Barrels),115020,-0.54,4.11633838374488,101.253,41.7,12.42,8607
4007,F003022__3,2023-05-01,70.75,2023,5,LA,Total Electric Power Industry,Petroleum (Barrels),2050,-0.55,4.11633838374488,100.9286,51.3,12.42,8607
4008,F003022__3,2023-06-01,69.59,2023,6,LA,Total Electric Power Industry,Petroleum (Barrels),177559,-0.72,4.11633838374488,100.1196,59.9,12.42,8607
4009,F003022__3,2023-07-01,75.1,2023,7,LA,Total Electric Power Industry,Petroleum (Barrels),374731,-1.08,4.11633838374488,100.9067,69.9,12.42,8607
4010,F003022__3,2023-08-01,80.85,2023,8,LA,Total Electric Power Industry,Petroleum (Barrels),417459,-0.87,4.11633838374488,100.8393,63.4,12.42,8607
4011,F003022__3,2023-09-01,89.38,2023,9,LA,Total Electric Power Industry,Petroleum (Barrels),435736,-0.69,4.11633838374488,101.0211,60.9,12.42,8607
4012,F003022__3,2023-10-01,85.56,2023,10,LA,Total Electric Power Industry,Petroleum (Barrels),97243,-0.43,4.11633838374488,100.4689,51.6,12.42,8607
4013,F003022__3,2023-11-01,78.31,2023,11,LA,Total Electric Power Industry,Petroleum (Barrels),591,-0.18,4.11633838374488,100.8639,31.7,12.42,8607
4014,F003022__3,2023-12-01,71.93,2023,12,LA,Total Electric Power Industry,Petroleum (Barrels),2760,-0.34,4.11633838374488,100.6031,28.9,12.42,8607
4015,F003028__3,2001-01-01,25.2,2001,1,MS,Total Electric Power Industry,Petroleum (Barrels),1243507,,2.82617111885407,91.902,29.4,10.37,6111
4016,F003028__3,2001-02-01,25.01,2001,2,MS,Total Electric Power Industry,Petroleum (Barrels),1075747,0.55,2.82617111885407,91.3034,34.3,10.37,6111
4017,F003028__3,2001-03-01,21.96,2001,3,MS,Total Electric Power Industry,Petroleum (Barrels),729810,0.46,2.82617111885407,91.1162,40.1,10.37,6111
4018,F003028__3,2001-04-01,22.31,2001,4,MS,Total Electric Power Industry,Petroleum (Barrels),756958,0.76,2.82617111885407,90.7891,60.5,10.37,6111
4019,F003028__3,2001-05-01,23.13,2001,5,MS,Total Electric Power Industry,Petroleum (Barrels),1209560,1.07,2.82617111885407,90.3555,65.9,10.37,6111
4020,F003028__3,2001-06-01,22.35,2001,6,MS,Total Electric Power Industry,Petroleum (Barrels),970016,1.17,2.82617111885407,89.8784,71.7,10.37,6111
4021,F003028__3,2001-07-01,21.18,2001,7,MS,Total Electric Power Industry,Petroleum (Barrels),1085881,1.16,2.82617111885407,89.3028,78.9,10.37,6111
4022,F003028__3,2001-08-01,22.02,2001,8,MS,Total Electric Power Industry,Petroleum (Barrels),961855,1.28,2.82617111885407,89.2003,77.2,10.37,6111
4023,F003028__3,2001-09-01,21.67,2001,9,MS,Total Electric Power Industry,Petroleum (Barrels),404167,,2.82617111885407,88.7485,66.3,10.37,6111
4024,F003028__3,2001-10-01,17.94,2001,10,MS,Total Electric Power Industry,Petroleum (Barrels),5740,1.73,2.82617111885407,88.5052,55.8,10.37,6111
4025,F003028__3,2001-11-01,15.53,2001,11,MS,Total Electric Power Industry,Petroleum (Barrels),3712,1.75,2.82617111885407,87.97,51.1,10.37,6111
4026,F003028__3,2001-12-01,15.11,2001,12,MS,Total Electric Power Industry,Petroleum (Barrels),5351,1.93,2.82617111885407,87.9324,38.5,10.37,6111
4027,F003028__3,2002-01-01,15.32,2002,1,MS,Total Electric Power Industry,Petroleum (Barrels),2276,,1.58603162650601,88.5176,35.1,9.91,6214
4028,F003028__3,2002-02-01,16.42,2002,2,MS,Total Electric Power Industry,Petroleum (Barrels),2646,1.94,1.58603162650601,88.5278,37.3,9.91,6214
4029,F003028__3,2002-03-01,19.93,2002,3,MS,Total Electric Power Industry,Petroleum (Barrels),3011,1.8,1.58603162650601,89.1686,40.5,9.91,6214
4030,F003028__3,2002-04-01,22.05,2002,4,MS,Total Electric Power Industry,Petroleum (Barrels),16940,1.7,1.58603162650601,89.604,57.3,9.91,6214
4031,F003028__3,2002-05-01,22.88,2002,5,MS,Total Electric Power Industry,Petroleum (Barrels),6015,1.87,1.58603162650601,89.964,61.4,9.91,6214
4032,F003028__3,2002-06-01,21.63,2002,6,MS,Total Electric Power Industry,Petroleum (Barrels),2627,1.87,1.58603162650601,90.7061,74.7,9.91,6214
4033,F003028__3,2002-07-01,22.89,2002,7,MS,Total Electric Power Industry,Petroleum (Barrels),1873,1.97,1.58603162650601,90.6769,79.0,9.91,6214
4034,F003028__3,2002-08-01,24.18,2002,8,MS,Total Electric Power Industry,Petroleum (Barrels),1655,2.32,1.58603162650601,90.5762,76.9,9.91,6214
4035,F003028__3,2002-09-01,25.92,2002,9,MS,Total Electric Power Industry,Petroleum (Barrels),7232,,1.58603162650601,90.6531,70.8,9.91,6214
4036,F003028__3,2002-10-01,25.05,2002,10,MS,Total Electric Power Industry,Petroleum (Barrels),13625,1.92,1.58603162650601,90.4643,53.1,9.91,6214
4037,F003028__3,2002-11-01,22.38,2002,11,MS,Total Electric Power Industry,Petroleum (Barrels),7412,2.25,1.58603162650601,90.9711,42.0,9.91,6214
4038,F003028__3,2002-12-01,25.66,2002,12,MS,Total Electric Power Industry,Petroleum (Barrels),2712,2.15,1.58603162650601,90.4652,35.7,9.91,6214
4039,F003028__3,2003-01-01,29.17,2003,1,MS,Total Electric Power Industry,Petroleum (Barrels),13034,,2.27009497336115,91.2361,27.4,11.01,6176
4040,F003028__3,2003-02-01,31.47,2003,2,MS,Total Electric Power Industry,Petroleum (Barrels),74344,2.29,2.27009497336115,91.3445,31.2,11.01,6176
4041,F003028__3,2003-03-01,28.91,2003,3,MS,Total Electric Power Industry,Petroleum (Barrels),264774,2.16,2.27009497336115,91.1044,44.6,11.01,6176
4042,F003028__3,2003-04-01,24.73,2003,4,MS,Total Electric Power Industry,Petroleum (Barrels),11875,2.34,2.27009497336115,90.5617,56.7,11.01,6176
4043,F003028__3,2003-05-01,24.97,2003,5,MS,Total Electric Power Industry,Petroleum (Barrels),26713,2.38,2.27009497336115,90.537,63.5,11.01,6176
4044,F003028__3,2003-06-01,26.74,2003,6,MS,Total Electric Power Industry,Petroleum (Barrels),316207,2.1,2.27009497336115,90.6527,69.2,11.01,6176
4045,F003028__3,2003-07-01,27.3,2003,7,MS,Total Electric Power Industry,Petroleum (Barrels),420373,2.26,2.27009497336115,91.1185,78.1,11.01,6176
4046,F003028__3,2003-08-01,28.01,2003,8,MS,Total Electric Power Industry,Petroleum (Barrels),468820,2.59,2.27009497336115,90.9197,78.8,11.01,6176
4047,F003028__3,2003-09-01,24.76,2003,9,MS,Total Electric Power Industry,Petroleum (Barrels),210271,,2.27009497336115,91.5059,64.8,11.01,6176
4048,F003028__3,2003-10-01,26.91,2003,10,MS,Total Electric Power Industry,Petroleum (Barrels),300459,2.49,2.27009497336115,91.6186,57.2,11.01,6176
4049,F003028__3,2003-11-01,27.63,2003,11,MS,Total Electric Power Industry,Petroleum (Barrels),252943,2.5,2.27009497336115,92.2329,46.3,11.01,6176
4050,F003028__3,2003-12-01,28.78,2003,12,MS,Total Electric Power Industry,Petroleum (Barrels),300868,2.28,2.27009497336115,92.2602,36.2,11.01,6176
4051,F003028__3,2004-01-01,30.27,2004,1,MS,Total Electric Power Industry,Petroleum (Barrels),198163,,2.67723669309172,92.4006,29.8,12.56,6283
4052,F003028__3,2004-02-01,30.51,2004,2,MS,Total Electric Power Industry,Petroleum (Barrels),543481,2.35,2.67723669309172,92.958,33.1,12.56,6283
4053,F003028__3,2004-03-01,32.75,2004,3,MS,Total Electric Power Industry,Petroleum (Barrels),542898,2.33,2.67723669309172,92.5861,48.3,12.56,6283
4054,F003028__3,2004-04-01,32.84,2004,4,MS,Total Electric Power Industry,Petroleum (Barrels),281113,2.26,2.67723669309172,92.93,56.2,12.56,6283
4055,F003028__3,2004-05-01,36.36,2004,5,MS,Total Electric Power Industry,Petroleum (Barrels),214474,2.19,2.67723669309172,93.6013,67.0,12.56,6283
4056,F003028__3,2004-06-01,33.89,2004,6,MS,Total Electric Power Industry,Petroleum (Barrels),679973,2.11,2.67723669309172,92.871,70.8,12.56,6283
4057,F003028__3,2004-07-01,36.2,2004,7,MS,Total Electric Power Industry,Petroleum (Barrels),553544,1.93,2.67723669309172,93.5649,74.3,12.56,6283
4058,F003028__3,2004-08-01,39.84,2004,8,MS,Total Electric Power Industry,Petroleum (Barrels),302667,1.82,2.67723669309172,93.6277,70.7,12.56,6283
4059,F003028__3,2004-09-01,41.53,2004,9,MS,Total Electric Power Industry,Petroleum (Barrels),497457,1.72,2.67723669309172,93.7467,68.5,12.56,6283
4060,F003028__3,2004-10-01,47.86,2004,10,MS,Total Electric Power Industry,Petroleum (Barrels),359293,1.58,2.67723669309172,94.5465,58.4,12.56,6283
4061,F003028__3,2004-11-01,42.37,2004,11,MS,Total Electric Power Industry,Petroleum (Barrels),46543,1.5,2.67723669309172,94.7813,47.8,12.56,6283
4062,F003028__3,2004-12-01,36.82,2004,12,MS,Total Electric Power Industry,Petroleum (Barrels),287736,1.37,2.67723669309172,95.5365,34.7,12.56,6283
4063,F003028__3,2005-01-01,39.83,2005,1,MS,Total Electric Power Industry,Petroleum (Barrels),22174,1.13,3.3927468454955,95.8801,33.3,15.37,6542
4064,F003028__3,2005-02-01,41.32,2005,2,MS,Total Electric Power Industry,Petroleum (Barrels),2104,0.86,3.3927468454955,96.5761,40.1,15.37,6542
4065,F003028__3,2005-03-01,47.21,2005,3,MS,Total Electric Power Industry,Petroleum (Barrels),135338,0.79,3.3927468454955,96.4456,43.4,15.37,6542
4066,F003028__3,2005-04-01,46.52,2005,4,MS,Total Electric Power Industry,Petroleum (Barrels),6051,0.71,3.3927468454955,96.6532,56.8,15.37,6542
4067,F003028__3,2005-05-01,43.93,2005,5,MS,Total Electric Power Industry,Petroleum (Barrels),35681,0.57,3.3927468454955,96.7402,63.2,15.37,6542
4068,F003028__3,2005-06-01,50.04,2005,6,MS,Total Electric Power Industry,Petroleum (Barrels),377741,0.41,3.3927468454955,97.1753,75.2,15.37,6542
4069,F003028__3,2005-07-01,52.34,2005,7,MS,Total Electric Power Industry,Petroleum (Barrels),319011,0.3,3.3927468454955,96.8676,78.0,15.37,6542
4070,F003028__3,2005-08-01,57.33,2005,8,MS,Total Electric Power Industry,Petroleum (Barrels),689947,0.28,3.3927468454955,97.1833,77.8,15.37,6542
4071,F003028__3,2005-09-01,59.27,2005,9,MS,Total Electric Power Industry,Petroleum (Barrels),341245,0.3,3.3927468454955,95.3005,72.0,15.37,6542
4072,F003028__3,2005-10-01,55.77,2005,10,MS,Total Electric Power Industry,Petroleum (Barrels),195171,0.18,3.3927468454955,96.4572,56.9,15.37,6542
4073,F003028__3,2005-11-01,51.53,2005,11,MS,Total Electric Power Industry,Petroleum (Barrels),3501,0.16,3.3927468454955,97.5414,47.3,15.37,6542
4074,F003028__3,2005-12-01,52.21,2005,12,MS,Total Electric Power Industry,Petroleum (Barrels),363640,0.07,3.3927468454955,98.0452,30.8,15.37,6542
4075,F003028__3,2006-01-01,57.89,2006,1,MS,Total Electric Power Industry,Petroleum (Barrels),90351,,3.22594410070404,98.1999,41.2,16.98,6377
4076,F003028__3,2006-02-01,54.84,2006,2,MS,Total Electric Power Industry,Petroleum (Barrels),170063,-0.02,3.22594410070404,98.2413,34.2,16.98,6377
4077,F003028__3,2006-03-01,55.82,2006,3,MS,Total Electric Power Industry,Petroleum (Barrels),1317,-0.12,3.22594410070404,98.4628,45.9,16.98,6377
4078,F003028__3,2006-04-01,63.14,2006,4,MS,Total Electric Power Industry,Petroleum (Barrels),4791,0.02,3.22594410070404,98.7618,60.9,16.98,6377
4079,F003028__3,2006-05-01,64.02,2006,5,MS,Total Electric Power Industry,Petroleum (Barrels),4762,0.2,3.22594410070404,98.7869,64.6,16.98,6377
4080,F003028__3,2006-06-01,63.76,2006,6,MS,Total Electric Power Industry,Petroleum (Barrels),3137,0.07,3.22594410070404,99.0997,73.5,16.98,6377
4081,F003028__3,2006-07-01,67.49,2006,7,MS,Total Electric Power Industry,Petroleum (Barrels),55427,-0.02,3.22594410070404,99.0489,78.9,16.98,6377
4082,F003028__3,2006-08-01,66.76,2006,8,MS,Total Electric Power Industry,Petroleum (Barrels),79904,0.02,3.22594410070404,99.4836,78.4,16.98,6377
4083,F003028__3,2006-09-01,57.98,2006,9,MS,Total Electric Power Industry,Petroleum (Barrels),30006,-0.04,3.22594410070404,99.3183,64.9,16.98,6377
4084,F003028__3,2006-10-01,52.5,2006,10,MS,Total Electric Power Industry,Petroleum (Barrels),85127,-0.04,3.22594410070404,99.2044,53.8,16.98,6377
4085,F003028__3,2006-11-01,52.23,2006,11,MS,Total Electric Power Industry,Petroleum (Barrels),1480,-0.09,3.22594410070404,99.1627,46.5,16.98,6377
4086,F003028__3,2006-12-01,55.15,2006,12,MS,Total Electric Power Industry,Petroleum (Barrels),154956,-0.09,3.22594410070404,100.1735,38.2,16.98,6377
4087,F003028__3,2007-01-01,49.03,2007,1,MS,Total Electric Power Industry,Petroleum (Barrels),232189,,2.85267248150138,99.8346,31.7,17.35,6306
4088,F003028__3,2007-02-01,53.95,2007,2,MS,Total Electric Power Industry,Petroleum (Barrels),143490,-0.12,2.85267248150138,100.7753,29.4,17.35,6306
4089,F003028__3,2007-03-01,56.19,2007,3,MS,Total Electric Power Industry,Petroleum (Barrels),74056,-0.07,2.85267248150138,100.9547,53.0,17.35,6306
4090,F003028__3,2007-04-01,59.88,2007,4,MS,Total Electric Power Industry,Petroleum (Barrels),138581,0.05,2.85267248150138,101.6334,52.3,17.35,6306
4091,F003028__3,2007-05-01,60.12,2007,5,MS,Total Electric Power Industry,Petroleum (Barrels),24879,0.01,2.85267248150138,101.7306,68.3,17.35,6306
4092,F003028__3,2007-06-01,64.29,2007,6,MS,Total Electric Power Industry,Petroleum (Barrels),87467,-0.02,2.85267248150138,101.7893,73.4,17.35,6306
4093,F003028__3,2007-07-01,71.28,2007,7,MS,Total Electric Power Industry,Petroleum (Barrels),7861,0.14,2.85267248150138,101.6672,75.9,17.35,6306
4094,F003028__3,2007-08-01,69.27,2007,8,MS,Total Electric Power Industry,Petroleum (Barrels),5148,0.2,2.85267248150138,101.863,81.3,17.35,6306
4095,F003028__3,2007-09-01,74.13,2007,9,MS,Total Electric Power Industry,Petroleum (Barrels),1576,,2.85267248150138,102.0894,70.5,17.35,6306
4096,F003028__3,2007-10-01,80.19,2007,10,MS,Total Electric Power Industry,Petroleum (Barrels),1471,0.54,2.85267248150138,101.8015,60.0,17.35,6306
4097,F003028__3,2007-11-01,89.51,2007,11,MS,Total Electric Power Industry,Petroleum (Barrels),2412,0.59,2.85267248150138,102.3446,45.2,17.35,6306
4098,F003028__3,2007-12-01,86.46,2007,12,MS,Total Electric Power Industry,Petroleum (Barrels),1625,0.99,2.85267248150138,102.3803,33.2,17.35,6306
4099,F003028__3,2008-01-01,88.35,2008,1,MS,Total Electric Power Industry,Petroleum (Barrels),6730,,3.839100296651,102.2448,30.8,21.34,6737
4100,F003028__3,2008-02-01,90.22,2008,2,MS,Total Electric Power Industry,Petroleum (Barrels),666,1.53,3.839100296651,101.8438,31.0,21.34,6737
4101,F003028__3,2008-03-01,99.53,2008,3,MS,Total Electric Power Industry,Petroleum (Barrels),4542,1.93,3.839100296651,101.5336,43.2,21.34,6737
4102,F003028__3,2008-04-01,106.68,2008,4,MS,Total Electric Power Industry,Petroleum (Barrels),1778,1.77,3.839100296651,100.8785,52.2,21.34,6737
4103,F003028__3,2008-05-01,120.02,2008,5,MS,Total Electric Power Industry,Petroleum (Barrels),2855,1.41,3.839100296651,100.2674,62.4,21.34,6737
4104,F003028__3,2008-06-01,128.91,2008,6,MS,Total Electric Power Industry,Petroleum (Barrels),24234,1.47,3.839100296651,100.0335,73.5,21.34,6737
4105,F003028__3,2008-07-01,128.4,2008,7,MS,Total Electric Power Industry,Petroleum (Barrels),1396,1.38,3.839100296651,99.676,76.6,21.34,6737
4106,F003028__3,2008-08-01,112.71,2008,8,MS,Total Electric Power Industry,Petroleum (Barrels),8388,1.46,3.839100296651,98.1111,73.9,21.34,6737
4107,F003028__3,2008-09-01,100.19,2008,9,MS,Total Electric Power Industry,Petroleum (Barrels),41416,,3.839100296651,93.7895,67.2,21.34,6737
4108,F003028__3,2008-10-01,73.66,2008,10,MS,Total Electric Power Industry,Petroleum (Barrels),56740,1.95,3.839100296651,94.7219,55.7,21.34,6737
4109,F003028__3,2008-11-01,53.85,2008,11,MS,Total Electric Power Industry,Petroleum (Barrels),1363,2.51,3.839100296651,93.4715,43.7,21.34,6737
4110,F003028__3,2008-12-01,36.97,2008,12,MS,Total Electric Power Industry,Petroleum (Barrels),3615,1.82,3.839100296651,90.8357,31.0,21.34,6737
4111,F003028__3,2009-01-01,37.32,2009,1,MS,Total Electric Power Industry,Petroleum (Barrels),15286,,-0.355546266299747,88.57,27.7,16.83,6656
4112,F003028__3,2009-02-01,36.38,2009,2,MS,Total Electric Power Industry,Petroleum (Barrels),5135,1.87,-0.355546266299747,88.031,38.4,16.83,6656
4113,F003028__3,2009-03-01,45.08,2009,3,MS,Total Electric Power Industry,Petroleum (Barrels),1366,2.02,-0.355546266299747,86.6528,46.5,16.83,6656
4114,F003028__3,2009-04-01,46.97,2009,4,MS,Total Electric Power Industry,Petroleum (Barrels),1923,1.85,-0.355546266299747,85.9344,53.4,16.83,6656
4115,F003028__3,2009-05-01,55.08,2009,5,MS,Total Electric Power Industry,Petroleum (Barrels),1960,2.29,-0.355546266299747,85.0665,63.8,16.83,6656
4116,F003028__3,2009-06-01,65.37,2009,6,MS,Total Electric Power Industry,Petroleum (Barrels),2488,2.74,-0.355546266299747,84.7459,74.6,16.83,6656
4117,F003028__3,2009-07-01,60.63,2009,7,MS,Total Electric Power Industry,Petroleum (Barrels),1650,2.5,-0.355546266299747,85.7027,72.8,16.83,6656
4118,F003028__3,2009-08-01,67.22,2009,8,MS,Total Electric Power Industry,Petroleum (Barrels),495,2.48,-0.355546266299747,86.6426,72.6,16.83,6656
4119,F003028__3,2009-09-01,65.6,2009,9,MS,Total Electric Power Industry,Petroleum (Barrels),438,2.46,-0.355546266299747,87.4063,66.6,16.83,6656
4120,F003028__3,2009-10-01,71.34,2009,10,MS,Total Electric Power Industry,Petroleum (Barrels),1636,2.34,-0.355546266299747,87.6419,50.9,16.83,6656
4121,F003028__3,2009-11-01,73.67,2009,11,MS,Total Electric Power Industry,Petroleum (Barrels),2743,2.53,-0.355546266299747,88.0221,49.8,16.83,6656
4122,F003028__3,2009-12-01,70.89,2009,12,MS,Total Electric Power Industry,Petroleum (Barrels),3025,2.61,-0.355546266299747,88.3793,30.6,16.83,6656
4123,F003028__3,2010-01-01,74.44,2010,1,MS,Total Electric Power Industry,Petroleum (Barrels),4286,,1.6400434423899,89.3426,25.5,17.94,7130
4124,F003028__3,2010-02-01,72.88,2010,2,MS,Total Electric Power Industry,Petroleum (Barrels),1598,2.82,1.6400434423899,89.6779,28.4,17.94,7130
4125,F003028__3,2010-03-01,77.14,2010,3,MS,Total Electric Power Industry,Petroleum (Barrels),1644,2.81,1.6400434423899,90.2928,45.0,17.94,7130
4126,F003028__3,2010-04-01,80.68,2010,4,MS,Total Electric Power Industry,Petroleum (Barrels),2719,2.84,1.6400434423899,90.5991,60.5,17.94,7130
4127,F003028__3,2010-05-01,71.27,2010,5,MS,Total Electric Power Industry,Petroleum (Barrels),119774,2.72,1.6400434423899,91.823,64.5,17.94,7130
4128,F003028__3,2010-06-01,72.25,2010,6,MS,Total Electric Power Industry,Petroleum (Barrels),1533,2.51,1.6400434423899,91.9928,77.3,17.94,7130
4129,F003028__3,2010-07-01,73.09,2010,7,MS,Total Electric Power Industry,Petroleum (Barrels),1495,2.33,1.6400434423899,92.3421,79.1,17.94,7130
4130,F003028__3,2010-08-01,73.59,2010,8,MS,Total Electric Power Industry,Petroleum (Barrels),844,2.43,1.6400434423899,92.6805,79.0,17.94,7130
4131,F003028__3,2010-09-01,72.89,2010,9,MS,Total Electric Power Industry,Petroleum (Barrels),738,2.08,1.6400434423899,92.9537,68.8,17.94,7130
4132,F003028__3,2010-10-01,79.18,2010,10,MS,Total Electric Power Industry,Petroleum (Barrels),2419,2.12,1.6400434423899,92.6903,58.3,17.94,7130
4133,F003028__3,2010-11-01,81.64,2010,11,MS,Total Electric Power Industry,Petroleum (Barrels),923,2.32,1.6400434423899,92.7709,46.5,17.94,7130
4134,F003028__3,2010-12-01,86.89,2010,12,MS,Total Electric Power Industry,Petroleum (Barrels),3053,2.44,1.6400434423899,93.6787,29.6,17.94,7130
4135,F003028__3,2011-01-01,88.09,2011,1,MS,Total Electric Power Industry,Petroleum (Barrels),2330,2.75,3.156841568622,93.4814,26.7,20.73,7680
4136,F003028__3,2011-02-01,89.27,2011,2,MS,Total Electric Power Industry,Petroleum (Barrels),37154,2.87,3.156841568622,93.1102,33.2,20.73,7680
4137,F003028__3,2011-03-01,104.58,2011,3,MS,Total Electric Power Industry,Petroleum (Barrels),6041,2.75,3.156841568622,94.0788,45.1,20.73,7680
4138,F003028__3,2011-04-01,113.55,2011,4,MS,Total Electric Power Industry,Petroleum (Barrels),6734,2.66,3.156841568622,93.7749,56.8,20.73,7680
4139,F003028__3,2011-05-01,104.97,2011,5,MS,Total Electric Power Industry,Petroleum (Barrels),2742,2.7,3.156841568622,93.888,62.8,20.73,7680
4140,F003028__3,2011-06-01,100.26,2011,6,MS,Total Electric Power Industry,Petroleum (Barrels),1206,2.52,3.156841568622,94.172,75.8,20.73,7680
4141,F003028__3,2011-07-01,103.42,2011,7,MS,Total Electric Power Industry,Petroleum (Barrels),1043,2.72,3.156841568622,94.636,82.7,20.73,7680
4142,F003028__3,2011-08-01,93.19,2011,8,MS,Total Electric Power Industry,Petroleum (Barrels),1737,2.39,3.156841568622,95.2749,77.8,20.73,7680
4143,F003028__3,2011-09-01,95.35,2011,9,MS,Total Electric Power Industry,Petroleum (Barrels),1472,1.96,3.156841568622,95.1961,64.8,20.73,7680
4144,F003028__3,2011-10-01,99.68,2011,10,MS,Total Electric Power Industry,Petroleum (Barrels),1763,1.56,3.156841568622,95.8568,57.2,20.73,7680
4145,F003028__3,2011-11-01,108.23,2011,11,MS,Total Electric Power Industry,Petroleum (Barrels),2042,1.78,3.156841568622,95.8485,47.4,20.73,7680
4146,F003028__3,2011-12-01,104.5,2011,12,MS,Total Electric Power Industry,Petroleum (Barrels),4112,1.84,3.156841568622,96.3571,37.4,20.73,7680
4147,F003028__3,2012-01-01,103.29,2012,1,MS,Total Electric Power Industry,Petroleum (Barrels),2809,,2.06933726526067,96.9318,36.3,20.56,7703
4148,F003028__3,2012-02-01,105.9,2012,2,MS,Total Electric Power Industry,Petroleum (Barrels),1212,1.64,2.06933726526067,97.2435,39.9,20.56,7703
4149,F003028__3,2012-03-01,113.31,2012,3,MS,Total Electric Power Industry,Petroleum (Barrels),2183,1.73,2.06933726526067,96.74,58.1,20.56,7703
4150,F003028__3,2012-04-01,112.04,2012,4,MS,Total Electric Power Industry,Petroleum (Barrels),950,1.89,2.06933726526067,97.4359,59.0,20.56,7703
4151,F003028__3,2012-05-01,102.45,2012,5,MS,Total Electric Power Industry,Petroleum (Barrels),5583,1.71,2.06933726526067,97.6609,69.5,20.56,7703
4152,F003028__3,2012-06-01,88.19,2012,6,MS,Total Electric Power Industry,Petroleum (Barrels),2259,1.22,2.06933726526067,97.6663,74.8,20.56,7703
4153,F003028__3,2012-07-01,92.04,2012,7,MS,Total Electric Power Industry,Petroleum (Barrels),2506,1.31,2.06933726526067,97.8713,83.6,20.56,7703
4154,F003028__3,2012-08-01,99.54,2012,8,MS,Total Electric Power Industry,Petroleum (Barrels),6738,1.32,2.06933726526067,97.4525,76.2,20.56,7703
4155,F003028__3,2012-09-01,101.93,2012,9,MS,Total Electric Power Industry,Petroleum (Barrels),953,,2.06933726526067,97.381,67.0,20.56,7703
4156,F003028__3,2012-10-01,97.02,2012,10,MS,Total Electric Power Industry,Petroleum (Barrels),1971,1.39,2.06933726526067,97.7193,54.3,20.56,7703
4157,F003028__3,2012-11-01,96.41,2012,11,MS,Total Electric Power Industry,Petroleum (Barrels),857,1.45,2.06933726526067,98.0777,45.1,20.56,7703
4158,F003028__3,2012-12-01,98.28,2012,12,MS,Total Electric Power Industry,Petroleum (Barrels),1114,1.38,2.06933726526067,98.3101,38.8,20.56,7703
4159,F003028__3,2013-01-01,103.39,2013,1,MS,Total Electric Power Industry,Petroleum (Barrels),992,,1.46483265562717,98.3342,33.8,21.12,7707
4160,F003028__3,2013-02-01,103.63,2013,2,MS,Total Electric Power Industry,Petroleum (Barrels),1806,1.77,1.46483265562717,98.7941,34.4,21.12,7707
4161,F003028__3,2013-03-01,102.61,2013,3,MS,Total Electric Power Industry,Petroleum (Barrels),3590,1.61,1.46483265562717,99.1921,38.3,21.12,7707
4162,F003028__3,2013-04-01,100.92,2013,4,MS,Total Electric Power Industry,Petroleum (Barrels),3232,1.63,1.46483265562717,99.1065,52.1,21.12,7707
4163,F003028__3,2013-05-01,99.47,2013,5,MS,Total Electric Power Industry,Petroleum (Barrels),2429,1.46,1.46483265562717,99.1839,63.4,21.12,7707
4164,F003028__3,2013-06-01,96.95,2013,6,MS,Total Electric Power Industry,Petroleum (Barrels),2705,1.83,1.46483265562717,99.3897,73.0,21.12,7707
4165,F003028__3,2013-07-01,104.82,2013,7,MS,Total Electric Power Industry,Petroleum (Barrels),1314,2.16,1.46483265562717,99.0814,75.0,21.12,7707
4166,F003028__3,2013-08-01,105.72,2013,8,MS,Total Electric Power Industry,Petroleum (Barrels),1106,2.39,1.46483265562717,99.6543,74.6,21.12,7707
4167,F003028__3,2013-09-01,104.54,2013,9,MS,Total Electric Power Industry,Petroleum (Barrels),1730,,1.46483265562717,100.161,70.7,21.12,7707
4168,F003028__3,2013-10-01,98.17,2013,10,MS,Total Electric Power Industry,Petroleum (Barrels),2080,2.33,1.46483265562717,100.082,55.9,21.12,7707
4169,F003028__3,2013-11-01,90.17,2013,11,MS,Total Electric Power Industry,Petroleum (Barrels),1733,2.32,1.46483265562717,100.3158,41.8,21.12,7707
4170,F003028__3,2013-12-01,94.24,2013,12,MS,Total Electric Power Industry,Petroleum (Barrels),2577,2.51,1.46483265562717,100.5175,30.3,21.12,7707
4171,F003028__3,2014-01-01,93.23,2014,1,MS,Total Electric Power Industry,Petroleum (Barrels),3560,,1.62222297740817,100.1599,25.8,20.97,7981
4172,F003028__3,2014-02-01,100.34,2014,2,MS,Total Electric Power Industry,Petroleum (Barrels),3141,2.31,1.62222297740817,100.9168,26.5,20.97,7981
4173,F003028__3,2014-03-01,99.65,2014,3,MS,Total Electric Power Industry,Petroleum (Barrels),1220,2.28,1.62222297740817,101.8942,39.5,20.97,7981
4174,F003028__3,2014-04-01,100.05,2014,4,MS,Total Electric Power Industry,Petroleum (Barrels),3745,2.33,1.62222297740817,101.9928,55.1,20.97,7981
4175,F003028__3,2014-05-01,98.83,2014,5,MS,Total Electric Power Industry,Petroleum (Barrels),3550,2.22,1.62222297740817,102.3836,65.3,20.97,7981
4176,F003028__3,2014-06-01,102.32,2014,6,MS,Total Electric Power Industry,Petroleum (Barrels),2440,2.15,1.62222297740817,102.735,73.7,20.97,7981
4177,F003028__3,2014-07-01,100.18,2014,7,MS,Total Electric Power Industry,Petroleum (Barrels),1084,2.11,1.62222297740817,102.9632,72.6,20.97,7981
4178,F003028__3,2014-08-01,94.87,2014,8,MS,Total Electric Power Industry,Petroleum (Barrels),1524,2.05,1.62222297740817,102.7688,76.6,20.97,7981
4179,F003028__3,2014-09-01,92.08,2014,9,MS,Total Electric Power Industry,Petroleum (Barrels),3532,,1.62222297740817,103.0641,67.1,20.97,7981
4180,F003028__3,2014-10-01,83.26,2014,10,MS,Total Electric Power Industry,Petroleum (Barrels),2782,1.89,1.62222297740817,103.0764,57.8,20.97,7981
4181,F003028__3,2014-11-01,74.68,2014,11,MS,Total Electric Power Industry,Petroleum (Barrels),4071,1.84,1.62222297740817,103.7126,37.8,20.97,7981
4182,F003028__3,2014-12-01,56.88,2014,12,MS,Total Electric Power Industry,Petroleum (Barrels),1561,1.73,1.62222297740817,103.7044,36.7,20.97,7981
4183,F003028__3,2015-01-01,45.21,2015,1,MS,Total Electric Power Industry,Petroleum (Barrels),3240,,0.118627135552451,102.8905,31.2,16.96,8068
4184,F003028__3,2015-02-01,47.49,2015,2,MS,Total Electric Power Industry,Petroleum (Barrels),3952,1.19,0.118627135552451,102.2335,26.2,16.96,8068
4185,F003028__3,2015-03-01,45.47,2015,3,MS,Total Electric Power Industry,Petroleum (Barrels),1591,1.42,0.118627135552451,101.8914,44.5,16.96,8068
4186,F003028__3,2015-04-01,52.88,2015,4,MS,Total Electric Power Industry,Petroleum (Barrels),6686,1.32,0.118627135552451,101.3355,57.7,16.96,8068
4187,F003028__3,2015-05-01,57.81,2015,5,MS,Total Electric Power Industry,Petroleum (Barrels),5085,1.52,0.118627135552451,100.8883,64.8,16.96,8068
4188,F003028__3,2015-06-01,58.57,2015,6,MS,Total Electric Power Industry,Petroleum (Barrels),2505,1.55,0.118627135552451,100.571,74.3,16.96,8068
4189,F003028__3,2015-07-01,49.06,2015,7,MS,Total Electric Power Industry,Petroleum (Barrels),2255,1.74,0.118627135552451,101.2228,77.4,16.96,8068
4190,F003028__3,2015-08-01,40.6,2015,8,MS,Total Electric Power Industry,Petroleum (Barrels),1300,1.48,0.118627135552451,101.0367,73.4,16.96,8068
4191,F003028__3,2015-09-01,43.02,2015,9,MS,Total Electric Power Industry,Petroleum (Barrels),1288,1.47,0.118627135552451,100.7547,71.6,16.96,8068
4192,F003028__3,2015-10-01,43.44,2015,10,MS,Total Electric Power Industry,Petroleum (Barrels),290,1.41,0.118627135552451,100.2675,57.7,16.96,8068
4193,F003028__3,2015-11-01,38.54,2015,11,MS,Total Electric Power Industry,Petroleum (Barrels),1497,1.43,0.118627135552451,99.5298,48.9,16.96,8068
4194,F003028__3,2015-12-01,32.79,2015,12,MS,Total Electric Power Industry,Petroleum (Barrels),891,1.24,0.118627135552451,99.0417,42.4,16.96,8068
4195,F003028__3,2016-01-01,27.69,2016,1,MS,Total Electric Power Industry,Petroleum (Barrels),8464,,1.26158320570536,99.5607,30.9,15.43,8356
4196,F003028__3,2016-02-01,26.13,2016,2,MS,Total Electric Power Industry,Petroleum (Barrels),2326,1.16,1.26158320570536,99.0445,39.1,15.43,8356
4197,F003028__3,2016-03-01,33.13,2016,3,MS,Total Electric Power Industry,Petroleum (Barrels),796,0.98,1.26158320570536,98.3096,50.4,15.43,8356
4198,F003028__3,2016-04-01,36.78,2016,4,MS,Total Electric Power Industry,Petroleum (Barrels),1996,1.03,1.26158320570536,98.6421,57.3,15.43,8356
4199,F003028__3,2016-05-01,42.52,2016,5,MS,Total Electric Power Industry,Petroleum (Barrels),1241,1.08,1.26158320570536,98.4184,62.7,15.43,8356
4200,F003028__3,2016-06-01,44.78,2016,6,MS,Total Electric Power Industry,Petroleum (Barrels),2691,0.94,1.26158320570536,98.8833,76.9,15.43,8356
4201,F003028__3,2016-07-01,41.16,2016,7,MS,Total Electric Power Industry,Petroleum (Barrels),3259,0.87,1.26158320570536,98.9992,78.1,15.43,8356
4202,F003028__3,2016-08-01,40.94,2016,8,MS,Total Electric Power Industry,Petroleum (Barrels),2188,0.84,1.26158320570536,98.85,76.7,15.43,8356
4203,F003028__3,2016-09-01,41.03,2016,9,MS,Total Electric Power Industry,Petroleum (Barrels),3221,0.79,1.26158320570536,98.7457,71.7,15.43,8356
4204,F003028__3,2016-10-01,45.89,2016,10,MS,Total Electric Power Industry,Petroleum (Barrels),3640,0.83,1.26158320570536,98.7611,62.1,15.43,8356
4205,F003028__3,2016-11-01,41.79,2016,11,MS,Total Electric Power Industry,Petroleum (Barrels),469,1.0,1.26158320570536,98.3491,51.0,15.43,8356
4206,F003028__3,2016-12-01,47.59,2016,12,MS,Total Electric Power Industry,Petroleum (Barrels),3704,1.31,1.26158320570536,99.0214,32.4,15.43,8356
4207,F003028__3,2017-01-01,47.7,2017,1,MS,Total Electric Power Industry,Petroleum (Barrels),4720,,2.13011000365961,98.7611,35.4,16.73,8541
4208,F003028__3,2017-02-01,48.68,2017,2,MS,Total Electric Power Industry,Petroleum (Barrels),338,1.26,2.13011000365961,98.3646,45.1,16.73,8541
4209,F003028__3,2017-03-01,45.44,2017,3,MS,Total Electric Power Industry,Petroleum (Barrels),1520,1.17,2.13011000365961,99.0137,48.4,16.73,8541
4210,F003028__3,2017-04-01,46.99,2017,4,MS,Total Electric Power Industry,Petroleum (Barrels),1760,1.11,2.13011000365961,100.0224,58.5,16.73,8541
4211,F003028__3,2017-05-01,44.96,2017,5,MS,Total Electric Power Industry,Petroleum (Barrels),2942,1.05,2.13011000365961,100.1408,64.1,16.73,8541
4212,F003028__3,2017-06-01,41.86,2017,6,MS,Total Electric Power Industry,Petroleum (Barrels),1952,0.93,2.13011000365961,100.3471,73.5,16.73,8541
4213,F003028__3,2017-07-01,43.35,2017,7,MS,Total Electric Power Industry,Petroleum (Barrels),2014,0.94,2.13011000365961,100.1068,78.8,16.73,8541
4214,F003028__3,2017-08-01,45.33,2017,8,MS,Total Electric Power Industry,Petroleum (Barrels),1799,0.92,2.13011000365961,99.6925,72.1,16.73,8541
4215,F003028__3,2017-09-01,47.29,2017,9,MS,Total Electric Power Industry,Petroleum (Barrels),1314,0.81,2.13011000365961,99.7954,70.4,16.73,8541
4216,F003028__3,2017-10-01,50.57,2017,10,MS,Total Electric Power Industry,Petroleum (Barrels),1475,0.85,2.13011000365961,101.0247,59.0,16.73,8541
4217,F003028__3,2017-11-01,56.65,2017,11,MS,Total Electric Power Industry,Petroleum (Barrels),1005,0.76,2.13011000365961,101.2664,46.2,16.73,8541
4218,F003028__3,2017-12-01,58.4,2017,12,MS,Total Electric Power Industry,Petroleum (Barrels),4446,0.59,2.13011000365961,101.4644,34.3,16.73,8541
4219,F003028__3,2018-01-01,63.42,2018,1,MS,Total Electric Power Industry,Petroleum (Barrels),4630,,2.44258329692817,101.4625,28.0,17.96,8726
4220,F003028__3,2018-02-01,61.25,2018,2,MS,Total Electric Power Industry,Petroleum (Barrels),531,0.62,2.44258329692817,101.7085,35.6,17.96,8726
4221,F003028__3,2018-03-01,60.29,2018,3,MS,Total Electric Power Industry,Petroleum (Barrels),2355,0.59,2.44258329692817,102.2067,44.0,17.96,8726
4222,F003028__3,2018-04-01,63.41,2018,4,MS,Total Electric Power Industry,Petroleum (Barrels),3499,0.48,2.44258329692817,103.3329,48.2,17.96,8726
4223,F003028__3,2018-05-01,67.39,2018,5,MS,Total Electric Power Industry,Petroleum (Barrels),1486,0.47,2.44258329692817,102.4024,72.5,17.96,8726
4224,F003028__3,2018-06-01,66.31,2018,6,MS,Total Electric Power Industry,Petroleum (Barrels),4220,0.42,2.44258329692817,103.198,77.4,17.96,8726
4225,F003028__3,2018-07-01,72.38,2018,7,MS,Total Electric Power Industry,Petroleum (Barrels),2251,0.3,2.44258329692817,103.3646,78.2,17.96,8726
4226,F003028__3,2018-08-01,66.25,2018,8,MS,Total Electric Power Industry,Petroleum (Barrels),7192,0.33,2.44258329692817,104.0327,76.4,17.96,8726
4227,F003028__3,2018-09-01,69.46,2018,9,MS,Total Electric Power Industry,Petroleum (Barrels),11745,,2.44258329692817,104.1004,71.3,17.96,8726
4228,F003028__3,2018-10-01,72.26,2018,10,MS,Total Electric Power Industry,Petroleum (Barrels),5276,0.27,2.44258329692817,103.9856,56.4,17.96,8726
4229,F003028__3,2018-11-01,59.35,2018,11,MS,Total Electric Power Industry,Petroleum (Barrels),2843,0.3,2.44258329692817,104.0681,37.6,17.96,8726
4230,F003028__3,2018-12-01,51.2,2018,12,MS,Total Electric Power Industry,Petroleum (Barrels),3897,0.15,2.44258329692817,104.0936,36.8,17.96,8726
4231,F003028__3,2019-01-01,52.65,2019,1,MS,Total Electric Power Industry,Petroleum (Barrels),2331,,1.81221007526021,103.4021,31.0,17.35,8445
4232,F003028__3,2019-02-01,56.24,2019,2,MS,Total Electric Power Industry,Petroleum (Barrels),479,0.18,1.81221007526021,102.8371,33.0,17.35,8445
4233,F003028__3,2019-03-01,60.19,2019,3,MS,Total Electric Power Industry,Petroleum (Barrels),4421,0.21,1.81221007526021,102.8757,40.9,17.35,8445
4234,F003028__3,2019-04-01,65.72,2019,4,MS,Total Electric Power Industry,Petroleum (Barrels),4174,0.16,1.81221007526021,102.274,56.7,17.35,8445
4235,F003028__3,2019-05-01,62.1,2019,5,MS,Total Electric Power Industry,Petroleum (Barrels),2591,0.21,1.81221007526021,102.392,64.5,17.35,8445
4236,F003028__3,2019-06-01,57.2,2019,6,MS,Total Electric Power Industry,Petroleum (Barrels),2840,0.25,1.81221007526021,102.4375,72.4,17.35,8445
4237,F003028__3,2019-07-01,59.03,2019,7,MS,Total Electric Power Industry,Petroleum (Barrels),1286,0.25,1.81221007526021,101.9408,77.6,17.35,8445
4238,F003028__3,2019-08-01,55.05,2019,8,MS,Total Electric Power Industry,Petroleum (Barrels),1573,0.17,1.81221007526021,102.639,75.3,17.35,8445
4239,F003028__3,2019-09-01,55.98,2019,9,MS,Total Electric Power Industry,Petroleum (Barrels),1637,,1.81221007526021,102.2917,74.8,17.35,8445
4240,F003028__3,2019-10-01,53.21,2019,10,MS,Total Electric Power Industry,Petroleum (Barrels),857,0.09,1.81221007526021,101.4281,54.3,17.35,8445
4241,F003028__3,2019-11-01,55.52,2019,11,MS,Total Electric Power Industry,Petroleum (Barrels),931,0.17,1.81221007526021,101.9372,40.2,17.35,8445
4242,F003028__3,2019-12-01,58.77,2019,12,MS,Total Electric Power Industry,Petroleum (Barrels),2205,0.22,1.81221007526021,101.7003,39.0,17.35,8445
4243,F003028__3,2020-01-01,56.07,2020,1,MS,Total Electric Power Industry,Petroleum (Barrels),1514,,1.23358439630629,101.0338,34.5,15.26,7113
4244,F003028__3,2020-02-01,49.68,2020,2,MS,Total Electric Power Industry,Petroleum (Barrels),2096,0.18,1.23358439630629,101.3735,35.4,15.26,7113
4245,F003028__3,2020-03-01,28.75,2020,3,MS,Total Electric Power Industry,Petroleum (Barrels),638,0.26,1.23358439630629,97.4078,48.8,15.26,7113
4246,F003028__3,2020-04-01,14.14,2020,4,MS,Total Electric Power Industry,Petroleum (Barrels),781,0.39,1.23358439630629,84.5619,53.1,15.26,7113
4247,F003028__3,2020-05-01,20.8,2020,5,MS,Total Electric Power Industry,Petroleum (Barrels),2604,0.44,1.23358439630629,85.9604,62.0,15.26,7113
4248,F003028__3,2020-06-01,36.08,2020,6,MS,Total Electric Power Industry,Petroleum (Barrels),923,0.52,1.23358439630629,91.5934,75.1,15.26,7113
4249,F003028__3,2020-07-01,37.76,2020,7,MS,Total Electric Power Industry,Petroleum (Barrels),1183,0.52,1.23358439630629,95.0256,79.2,15.26,7113
4250,F003028__3,2020-08-01,39.95,2020,8,MS,Total Electric Power Industry,Petroleum (Barrels),395,0.45,1.23358439630629,95.9549,74.2,15.26,7113
4251,F003028__3,2020-09-01,37.18,2020,9,MS,Total Electric Power Industry,Petroleum (Barrels),273,0.55,1.23358439630629,95.9669,67.3,15.26,7113
4252,F003028__3,2020-10-01,36.7,2020,10,MS,Total Electric Power Industry,Petroleum (Barrels),1748,0.54,1.23358439630629,96.7394,53.6,15.26,7113
4253,F003028__3,2020-11-01,39.04,2020,11,MS,Total Electric Power Industry,Petroleum (Barrels),433,0.71,1.23358439630629,97.0816,49.6,15.26,7113
4254,F003028__3,2020-12-01,44.45,2020,12,MS,Total Electric Power Industry,Petroleum (Barrels),1418,0.75,1.23358439630629,98.363,36.3,15.26,7113
4255,F003028__3,2021-01-01,49.48,2021,1,MS,Total Electric Power Industry,Petroleum (Barrels),1463,,4.69785886363742,98.8822,33.6,18.93,7904
4256,F003028__3,2021-02-01,56.6,2021,2,MS,Total Electric Power Industry,Petroleum (Barrels),3337,0.98,4.69785886363742,95.6149,24.4,18.93,7904
4257,F003028__3,2021-03-01,60.72,2021,3,MS,Total Electric Power Industry,Petroleum (Barrels),1397,1.32,4.69785886363742,98.3856,49.9,18.93,7904
4258,F003028__3,2021-04-01,59.9,2021,4,MS,Total Electric Power Industry,Petroleum (Barrels),603,1.52,4.69785886363742,98.5587,54.2,18.93,7904
4259,F003028__3,2021-05-01,62.7,2021,5,MS,Total Electric Power Industry,Petroleum (Barrels),1390,1.47,4.69785886363742,99.4333,62.3,18.93,7904
4260,F003028__3,2021-06-01,68.75,2021,6,MS,Total Electric Power Industry,Petroleum (Barrels),200,1.46,4.69785886363742,99.7987,74.9,18.93,7904
4261,F003028__3,2021-07-01,69.98,2021,7,MS,Total Electric Power Industry,Petroleum (Barrels),900,1.23,4.69785886363742,100.2519,76.7,18.93,7904
4262,F003028__3,2021-08-01,64.48,2021,8,MS,Total Electric Power Industry,Petroleum (Barrels),324,1.03,4.69785886363742,100.0437,77.4,18.93,7904
4263,F003028__3,2021-09-01,68.18,2021,9,MS,Total Electric Power Industry,Petroleum (Barrels),588,1.11,4.69785886363742,98.8579,71.5,18.93,7904
4264,F003028__3,2021-10-01,78.28,2021,10,MS,Total Electric Power Industry,Petroleum (Barrels),1523,1.21,4.69785886363742,100.1861,60.5,18.93,7904
4265,F003028__3,2021-11-01,75.26,2021,11,MS,Total Electric Power Industry,Petroleum (Barrels),1514,1.08,4.69785886363742,100.8654,45.5,18.93,7904
4266,F003028__3,2021-12-01,68.73,2021,12,MS,Total Electric Power Industry,Petroleum (Barrels),187,0.87,4.69785886363742,100.5726,44.7,18.93,7904
4267,F003028__3,2022-01-01,80.19,2022,1,MS,Total Electric Power Industry,Petroleum (Barrels),1935,0.85,8.00279982052121,100.1856,28.4,24.15,8375
4268,F003028__3,2022-02-01,89.31,2022,2,MS,Total Electric Power Industry,Petroleum (Barrels),1212,0.63,8.00279982052121,100.8064,32.5,24.15,8375
4269,F003028__3,2022-03-01,107.49,2022,3,MS,Total Electric Power Industry,Petroleum (Barrels),1669,0.41,8.00279982052121,101.3907,46.1,24.15,8375
4270,F003028__3,2022-04-01,102.24,2022,4,MS,Total Electric Power Industry,Petroleum (Barrels),570,-0.05,8.00279982052121,101.44,53.0,24.15,8375
4271,F003028__3,2022-05-01,107.93,2022,5,MS,Total Electric Power Industry,Petroleum (Barrels),1027,0.26,8.00279982052121,101.3335,65.9,24.15,8375
4272,F003028__3,2022-06-01,112.94,2022,6,MS,Total Electric Power Industry,Petroleum (Barrels),352,0.28,8.00279982052121,101.018,75.3,24.15,8375
4273,F003028__3,2022-07-01,98.48,2022,7,MS,Total Electric Power Industry,Petroleum (Barrels),436,0.04,8.00279982052121,101.223,79.8,24.15,8375
4274,F003028__3,2022-08-01,91.59,2022,8,MS,Total Electric Power Industry,Petroleum (Barrels),64,-0.3,8.00279982052121,101.0963,76.4,24.15,8375
4275,F003028__3,2022-09-01,83.05,2022,9,MS,Total Electric Power Industry,Petroleum (Barrels),2734,-0.25,8.00279982052121,101.2918,69.5,24.15,8375
4276,F003028__3,2022-10-01,85.26,2022,10,MS,Total Electric Power Industry,Petroleum (Barrels),276,-0.45,8.00279982052121,101.2529,56.0,24.15,8375
4277,F003028__3,2022-11-01,83.18,2022,11,MS,Total Electric Power Industry,Petroleum (Barrels),1376,-0.47,8.00279982052121,100.9552,44.3,24.15,8375
4278,F003028__3,2022-12-01,75.49,2022,12,MS,Total Electric Power Industry,Petroleum (Barrels),2668,-0.72,8.00279982052121,99.7664,33.1,24.15,8375
4279,F003028__3,2023-01-01,75.08,2023,1,MS,Total Electric Power Industry,Petroleum (Barrels),1039,,4.11633838374488,100.505,37.2,22.44,8607
4280,F003028__3,2023-02-01,73.98,2023,2,MS,Total Electric Power Industry,Petroleum (Barrels),174,-0.7,4.11633838374488,100.6416,39.9,22.44,8607
4281,F003028__3,2023-03-01,71.79,2023,3,MS,Total Electric Power Industry,Petroleum (Barrels),2169,-0.88,4.11633838374488,101.0205,43.8,22.44,8607
4282,F003028__3,2023-04-01,77.54,2023,4,MS,Total Electric Power Industry,Petroleum (Barrels),1463,-0.54,4.11633838374488,101.253,56.2,22.44,8607
4283,F003028__3,2023-05-01,69.18,2023,5,MS,Total Electric Power Industry,Petroleum (Barrels),132,-0.55,4.11633838374488,100.9286,66.1,22.44,8607
4284,F003028__3,2023-06-01,68.16,2023,6,MS,Total Electric Power Industry,Petroleum (Barrels),852,-0.72,4.11633838374488,100.1196,73.9,22.44,8607
4285,F003028__3,2023-07-01,73.54,2023,7,MS,Total Electric Power Industry,Petroleum (Barrels),1347,-1.08,4.11633838374488,100.9067,77.9,22.44,8607
4286,F003028__3,2023-08-01,79.61,2023,8,MS,Total Electric Power Industry,Petroleum (Barrels),691,-0.87,4.11633838374488,100.8393,76.5,22.44,8607
4287,F003028__3,2023-09-01,88.03,2023,9,MS,Total Electric Power Industry,Petroleum (Barrels),106,-0.69,4.11633838374488,101.0211,70.4,22.44,8607
4288,F003028__3,2023-10-01,84.5,2023,10,MS,Total Electric Power Industry,Petroleum (Barrels),1161,-0.43,4.11633838374488,100.4689,58.8,22.44,8607
4289,F003028__3,2023-11-01,76.79,2023,11,MS,Total Electric Power Industry,Petroleum (Barrels),1162,-0.18,4.11633838374488,100.8639,46.2,22.44,8607
4290,F003028__3,2023-12-01,70.86,2023,12,MS,Total Electric Power Industry,Petroleum (Barrels),848,-0.34,4.11633838374488,100.6031,41.9,22.44,8607
4291,F003035__3,2001-01-01,27.83,2001,1,NM,Total Electric Power Industry,Petroleum (Barrels),25718,,2.82617111885407,91.902,22.4,11.39,6111
4292,F003035__3,2001-02-01,28.13,2001,2,NM,Total Electric Power Industry,Petroleum (Barrels),20779,0.55,2.82617111885407,91.3034,24.7,11.39,6111
4293,F003035__3,2001-03-01,24.75,2001,3,NM,Total Electric Power Industry,Petroleum (Barrels),9968,0.46,2.82617111885407,91.1162,28.0,11.39,6111
4294,F003035__3,2001-04-01,24.81,2001,4,NM,Total Electric Power Industry,Petroleum (Barrels),7817,0.76,2.82617111885407,90.7891,44.4,11.39,6111
4295,F003035__3,2001-05-01,25.53,2001,5,NM,Total Electric Power Industry,Petroleum (Barrels),19509,1.07,2.82617111885407,90.3555,57.0,11.39,6111
4296,F003035__3,2001-06-01,24.5,2001,6,NM,Total Electric Power Industry,Petroleum (Barrels),8024,1.17,2.82617111885407,89.8784,64.8,11.39,6111
4297,F003035__3,2001-07-01,24.23,2001,7,NM,Total Electric Power Industry,Petroleum (Barrels),7128,1.16,2.82617111885407,89.3028,65.9,11.39,6111
4298,F003035__3,2001-08-01,25.41,2001,8,NM,Total Electric Power Industry,Petroleum (Barrels),5864,1.28,2.82617111885407,89.2003,70.0,11.39,6111
4299,F003035__3,2001-09-01,24.85,2001,9,NM,Total Electric Power Industry,Petroleum (Barrels),12449,,2.82617111885407,88.7485,59.4,11.39,6111
4300,F003035__3,2001-10-01,19.93,2001,10,NM,Total Electric Power Industry,Petroleum (Barrels),3883,1.73,2.82617111885407,88.5052,50.1,11.39,6111
4301,F003035__3,2001-11-01,18.55,2001,11,NM,Total Electric Power Industry,Petroleum (Barrels),9625,1.75,2.82617111885407,87.97,43.1,11.39,6111
4302,F003035__3,2001-12-01,17.19,2001,12,NM,Total Electric Power Industry,Petroleum (Barrels),1599,1.93,2.82617111885407,87.9324,33.4,11.39,6111
4303,F003035__3,2002-01-01,17.48,2002,1,NM,Total Electric Power Industry,Petroleum (Barrels),7832,,1.58603162650601,88.5176,29.1,10.61,6214
4304,F003035__3,2002-02-01,18.49,2002,2,NM,Total Electric Power Industry,Petroleum (Barrels),2610,1.94,1.58603162650601,88.5278,29.1,10.61,6214
4305,F003035__3,2002-03-01,22.42,2002,3,NM,Total Electric Power Industry,Petroleum (Barrels),4158,1.8,1.58603162650601,89.1686,33.2,10.61,6214
4306,F003035__3,2002-04-01,24.13,2002,4,NM,Total Electric Power Industry,Petroleum (Barrels),1881,1.7,1.58603162650601,89.604,45.9,10.61,6214
4307,F003035__3,2002-05-01,24.69,2002,5,NM,Total Electric Power Industry,Petroleum (Barrels),4960,1.87,1.58603162650601,89.964,51.3,10.61,6214
4308,F003035__3,2002-06-01,24.24,2002,6,NM,Total Electric Power Industry,Petroleum (Barrels),2754,1.87,1.58603162650601,90.7061,64.4,10.61,6214
4309,F003035__3,2002-07-01,25.13,2002,7,NM,Total Electric Power Industry,Petroleum (Barrels),6127,1.97,1.58603162650601,90.6769,70.0,10.61,6214
4310,F003035__3,2002-08-01,26.47,2002,8,NM,Total Electric Power Industry,Petroleum (Barrels),1639,2.32,1.58603162650601,90.5762,69.0,10.61,6214
4311,F003035__3,2002-09-01,27.66,2002,9,NM,Total Electric Power Industry,Petroleum (Barrels),7881,,1.58603162650601,90.6531,63.1,10.61,6214
4312,F003035__3,2002-10-01,26.94,2002,10,NM,Total Electric Power Industry,Petroleum (Barrels),2626,1.92,1.58603162650601,90.4643,46.2,10.61,6214
4313,F003035__3,2002-11-01,24.86,2002,11,NM,Total Electric Power Industry,Petroleum (Barrels),9514,2.25,1.58603162650601,90.9711,36.0,10.61,6214
4314,F003035__3,2002-12-01,27.62,2002,12,NM,Total Electric Power Industry,Petroleum (Barrels),6528,2.15,1.58603162650601,90.4652,24.8,10.61,6214
4315,F003035__3,2003-01-01,30.69,2003,1,NM,Total Electric Power Industry,Petroleum (Barrels),6177,,2.27009497336115,91.2361,14.6,11.93,6176
4316,F003035__3,2003-02-01,34.35,2003,2,NM,Total Electric Power Industry,Petroleum (Barrels),10702,2.29,2.27009497336115,91.3445,18.3,11.93,6176
4317,F003035__3,2003-03-01,31.62,2003,3,NM,Total Electric Power Industry,Petroleum (Barrels),6199,2.16,2.27009497336115,91.1044,31.7,11.93,6176
4318,F003035__3,2003-04-01,26.94,2003,4,NM,Total Electric Power Industry,Petroleum (Barrels),10345,2.34,2.27009497336115,90.5617,41.3,11.93,6176
4319,F003035__3,2003-05-01,27.14,2003,5,NM,Total Electric Power Industry,Petroleum (Barrels),8575,2.38,2.27009497336115,90.537,53.8,11.93,6176
4320,F003035__3,2003-06-01,29.07,2003,6,NM,Total Electric Power Industry,Petroleum (Barrels),6592,2.1,2.27009497336115,90.6527,62.7,11.93,6176
4321,F003035__3,2003-07-01,30.06,2003,7,NM,Total Electric Power Industry,Petroleum (Barrels),4305,2.26,2.27009497336115,91.1185,68.1,11.93,6176
4322,F003035__3,2003-08-01,30.17,2003,8,NM,Total Electric Power Industry,Petroleum (Barrels),2681,2.59,2.27009497336115,90.9197,69.1,11.93,6176
4323,F003035__3,2003-09-01,26.35,2003,9,NM,Total Electric Power Industry,Petroleum (Barrels),5302,,2.27009497336115,91.5059,60.5,11.93,6176
4324,F003035__3,2003-10-01,28.38,2003,10,NM,Total Electric Power Industry,Petroleum (Barrels),6842,2.49,2.27009497336115,91.6186,46.2,11.93,6176
4325,F003035__3,2003-11-01,29.06,2003,11,NM,Total Electric Power Industry,Petroleum (Barrels),14585,2.5,2.27009497336115,92.2329,40.5,11.93,6176
4326,F003035__3,2003-12-01,30.18,2003,12,NM,Total Electric Power Industry,Petroleum (Barrels),8198,2.28,2.27009497336115,92.2602,27.5,11.93,6176
4327,F003035__3,2004-01-01,31.92,2004,1,NM,Total Electric Power Industry,Petroleum (Barrels),6576,,2.67723669309172,92.4006,12.8,13.56,6283
4328,F003035__3,2004-02-01,32.81,2004,2,NM,Total Electric Power Industry,Petroleum (Barrels),4374,2.35,2.67723669309172,92.958,21.6,13.56,6283
4329,F003035__3,2004-03-01,34.82,2004,3,NM,Total Electric Power Industry,Petroleum (Barrels),6439,2.33,2.67723669309172,92.5861,34.8,13.56,6283
4330,F003035__3,2004-04-01,34.9,2004,4,NM,Total Electric Power Industry,Petroleum (Barrels),4584,2.26,2.67723669309172,92.93,44.1,13.56,6283
4331,F003035__3,2004-05-01,37.95,2004,5,NM,Total Electric Power Industry,Petroleum (Barrels),1623,2.19,2.67723669309172,93.6013,58.5,13.56,6283
4332,F003035__3,2004-06-01,36.38,2004,6,NM,Total Electric Power Industry,Petroleum (Barrels),2399,2.11,2.67723669309172,92.871,62.0,13.56,6283
4333,F003035__3,2004-07-01,38.52,2004,7,NM,Total Electric Power Industry,Petroleum (Barrels),6496,1.93,2.67723669309172,93.5649,67.3,13.56,6283
4334,F003035__3,2004-08-01,42.72,2004,8,NM,Total Electric Power Industry,Petroleum (Barrels),3586,1.82,2.67723669309172,93.6277,65.8,13.56,6283
4335,F003035__3,2004-09-01,43.74,2004,9,NM,Total Electric Power Industry,Petroleum (Barrels),846,1.72,2.67723669309172,93.7467,61.9,13.56,6283
4336,F003035__3,2004-10-01,50.27,2004,10,NM,Total Electric Power Industry,Petroleum (Barrels),4606,1.58,2.67723669309172,94.5465,48.4,13.56,6283
4337,F003035__3,2004-11-01,45.92,2004,11,NM,Total Electric Power Industry,Petroleum (Barrels),10080,1.5,2.67723669309172,94.7813,38.8,13.56,6283
4338,F003035__3,2004-12-01,40.4,2004,12,NM,Total Electric Power Industry,Petroleum (Barrels),3334,1.37,2.67723669309172,95.5365,26.0,13.56,6283
4339,F003035__3,2005-01-01,43.82,2005,1,NM,Total Electric Power Industry,Petroleum (Barrels),9297,1.13,3.3927468454955,95.8801,18.6,16.54,6542
4340,F003035__3,2005-02-01,45.08,2005,2,NM,Total Electric Power Industry,Petroleum (Barrels),2986,0.86,3.3927468454955,96.5761,24.1,16.54,6542
4341,F003035__3,2005-03-01,50.9,2005,3,NM,Total Electric Power Industry,Petroleum (Barrels),5503,0.79,3.3927468454955,96.4456,27.6,16.54,6542
4342,F003035__3,2005-04-01,49.42,2005,4,NM,Total Electric Power Industry,Petroleum (Barrels),11651,0.71,3.3927468454955,96.6532,45.9,16.54,6542
4343,F003035__3,2005-05-01,45.87,2005,5,NM,Total Electric Power Industry,Petroleum (Barrels),7326,0.57,3.3927468454955,96.7402,51.0,16.54,6542
4344,F003035__3,2005-06-01,52.2,2005,6,NM,Total Electric Power Industry,Petroleum (Barrels),2393,0.41,3.3927468454955,97.1753,69.1,16.54,6542
4345,F003035__3,2005-07-01,56.0,2005,7,NM,Total Electric Power Industry,Petroleum (Barrels),4020,0.3,3.3927468454955,96.8676,71.1,16.54,6542
4346,F003035__3,2005-08-01,61.86,2005,8,NM,Total Electric Power Industry,Petroleum (Barrels),5330,0.28,3.3927468454955,97.1833,70.1,16.54,6542
4347,F003035__3,2005-09-01,61.85,2005,9,NM,Total Electric Power Industry,Petroleum (Barrels),3405,0.3,3.3927468454955,95.3005,63.2,16.54,6542
4348,F003035__3,2005-10-01,58.87,2005,10,NM,Total Electric Power Industry,Petroleum (Barrels),2553,0.18,3.3927468454955,96.4572,49.7,16.54,6542
4349,F003035__3,2005-11-01,55.18,2005,11,NM,Total Electric Power Industry,Petroleum (Barrels),5528,0.16,3.3927468454955,97.5414,40.5,16.54,6542
4350,F003035__3,2005-12-01,55.3,2005,12,NM,Total Electric Power Industry,Petroleum (Barrels),5319,0.07,3.3927468454955,98.0452,23.8,16.54,6542
4351,F003035__3,2006-01-01,61.29,2006,1,NM,Total Electric Power Industry,Petroleum (Barrels),18522,,3.22594410070404,98.1999,30.1,18.35,6377
4352,F003035__3,2006-02-01,58.19,2006,2,NM,Total Electric Power Industry,Petroleum (Barrels),5356,-0.02,3.22594410070404,98.2413,24.7,18.35,6377
4353,F003035__3,2006-03-01,57.21,2006,3,NM,Total Electric Power Industry,Petroleum (Barrels),3626,-0.12,3.22594410070404,98.4628,31.7,18.35,6377
4354,F003035__3,2006-04-01,64.85,2006,4,NM,Total Electric Power Industry,Petroleum (Barrels),9877,0.02,3.22594410070404,98.7618,45.7,18.35,6377
4355,F003035__3,2006-05-01,66.63,2006,5,NM,Total Electric Power Industry,Petroleum (Barrels),6170,0.2,3.22594410070404,98.7869,55.7,18.35,6377
4356,F003035__3,2006-06-01,66.66,2006,6,NM,Total Electric Power Industry,Petroleum (Barrels),3379,0.07,3.22594410070404,99.0997,64.4,18.35,6377
4357,F003035__3,2006-07-01,70.11,2006,7,NM,Total Electric Power Industry,Petroleum (Barrels),1620,-0.02,3.22594410070404,99.0489,71.0,18.35,6377
4358,F003035__3,2006-08-01,69.02,2006,8,NM,Total Electric Power Industry,Petroleum (Barrels),2783,0.02,3.22594410070404,99.4836,66.8,18.35,6377
4359,F003035__3,2006-09-01,60.4,2006,9,NM,Total Electric Power Industry,Petroleum (Barrels),6435,-0.04,3.22594410070404,99.3183,58.1,18.35,6377
4360,F003035__3,2006-10-01,55.19,2006,10,NM,Total Electric Power Industry,Petroleum (Barrels),4056,-0.04,3.22594410070404,99.2044,46.6,18.35,6377
4361,F003035__3,2006-11-01,54.5,2006,11,NM,Total Electric Power Industry,Petroleum (Barrels),5869,-0.09,3.22594410070404,99.1627,42.4,18.35,6377
4362,F003035__3,2006-12-01,56.93,2006,12,NM,Total Electric Power Industry,Petroleum (Barrels),5724,-0.09,3.22594410070404,100.1735,34.4,18.35,6377
4363,F003035__3,2007-01-01,50.84,2007,1,NM,Total Electric Power Industry,Petroleum (Barrels),2479,,2.85267248150138,99.8346,25.2,19.16,6306
4364,F003035__3,2007-02-01,55.69,2007,2,NM,Total Electric Power Industry,Petroleum (Barrels),6821,-0.12,2.85267248150138,100.7753,16.2,19.16,6306
4365,F003035__3,2007-03-01,57.26,2007,3,NM,Total Electric Power Industry,Petroleum (Barrels),8707,-0.07,2.85267248150138,100.9547,30.2,19.16,6306
4366,F003035__3,2007-04-01,59.96,2007,4,NM,Total Electric Power Industry,Petroleum (Barrels),5659,0.05,2.85267248150138,101.6334,41.2,19.16,6306
4367,F003035__3,2007-05-01,59.05,2007,5,NM,Total Electric Power Industry,Petroleum (Barrels),5789,0.01,2.85267248150138,101.7306,56.2,19.16,6306
4368,F003035__3,2007-06-01,62.29,2007,6,NM,Total Electric Power Industry,Petroleum (Barrels),3388,-0.02,2.85267248150138,101.7893,65.7,19.16,6306
4369,F003035__3,2007-07-01,70.57,2007,7,NM,Total Electric Power Industry,Petroleum (Barrels),7697,0.14,2.85267248150138,101.6672,66.7,19.16,6306
4370,F003035__3,2007-08-01,69.16,2007,8,NM,Total Electric Power Industry,Petroleum (Barrels),4428,0.2,2.85267248150138,101.863,67.8,19.16,6306
4371,F003035__3,2007-09-01,75.95,2007,9,NM,Total Electric Power Industry,Petroleum (Barrels),4920,,2.85267248150138,102.0894,62.0,19.16,6306
4372,F003035__3,2007-10-01,83.18,2007,10,NM,Total Electric Power Industry,Petroleum (Barrels),935,0.54,2.85267248150138,101.8015,54.9,19.16,6306
4373,F003035__3,2007-11-01,91.87,2007,11,NM,Total Electric Power Industry,Petroleum (Barrels),21297,0.59,2.85267248150138,102.3446,35.9,19.16,6306
4374,F003035__3,2007-12-01,88.4,2007,12,NM,Total Electric Power Industry,Petroleum (Barrels),10231,0.99,2.85267248150138,102.3803,25.9,19.16,6306
4375,F003035__3,2008-01-01,90.08,2008,1,NM,Total Electric Power Industry,Petroleum (Barrels),23576,,3.839100296651,102.2448,25.9,22.56,6737
4376,F003035__3,2008-02-01,92.29,2008,2,NM,Total Electric Power Industry,Petroleum (Barrels),10628,1.53,3.839100296651,101.8438,23.5,22.56,6737
4377,F003035__3,2008-03-01,101.58,2008,3,NM,Total Electric Power Industry,Petroleum (Barrels),13699,1.93,3.839100296651,101.5336,29.3,22.56,6737
4378,F003035__3,2008-04-01,109.83,2008,4,NM,Total Electric Power Industry,Petroleum (Barrels),8118,1.77,3.839100296651,100.8785,48.4,22.56,6737
4379,F003035__3,2008-05-01,122.41,2008,5,NM,Total Electric Power Industry,Petroleum (Barrels),5279,1.41,3.839100296651,100.2674,51.7,22.56,6737
4380,F003035__3,2008-06-01,130.78,2008,6,NM,Total Electric Power Industry,Petroleum (Barrels),238,1.47,3.839100296651,100.0335,66.6,22.56,6737
4381,F003035__3,2008-07-01,130.64,2008,7,NM,Total Electric Power Industry,Petroleum (Barrels),3951,1.38,3.839100296651,99.676,69.1,22.56,6737
4382,F003035__3,2008-08-01,113.69,2008,8,NM,Total Electric Power Industry,Petroleum (Barrels),9128,1.46,3.839100296651,98.1111,64.8,22.56,6737
4383,F003035__3,2008-09-01,101.47,2008,9,NM,Total Electric Power Industry,Petroleum (Barrels),5112,,3.839100296651,93.7895,60.7,22.56,6737
4384,F003035__3,2008-10-01,74.85,2008,10,NM,Total Electric Power Industry,Petroleum (Barrels),5715,1.95,3.839100296651,94.7219,46.4,22.56,6737
4385,F003035__3,2008-11-01,55.25,2008,11,NM,Total Electric Power Industry,Petroleum (Barrels),8848,2.51,3.839100296651,93.4715,36.4,22.56,6737
4386,F003035__3,2008-12-01,36.29,2008,12,NM,Total Electric Power Industry,Petroleum (Barrels),7593,1.82,3.839100296651,90.8357,26.5,22.56,6737
4387,F003035__3,2009-01-01,35.22,2009,1,NM,Total Electric Power Industry,Petroleum (Barrels),7895,,-0.355546266299747,88.57,15.0,17.86,6656
4388,F003035__3,2009-02-01,32.25,2009,2,NM,Total Electric Power Industry,Petroleum (Barrels),3253,1.87,-0.355546266299747,88.031,24.7,17.86,6656
4389,F003035__3,2009-03-01,41.65,2009,3,NM,Total Electric Power Industry,Petroleum (Barrels),9579,2.02,-0.355546266299747,86.6528,33.1,17.86,6656
4390,F003035__3,2009-04-01,46.35,2009,4,NM,Total Electric Power Industry,Petroleum (Barrels),11376,1.85,-0.355546266299747,85.9344,45.8,17.86,6656
4391,F003035__3,2009-05-01,54.15,2009,5,NM,Total Electric Power Industry,Petroleum (Barrels),6314,2.29,-0.355546266299747,85.0665,55.1,17.86,6656
4392,F003035__3,2009-06-01,65.56,2009,6,NM,Total Electric Power Industry,Petroleum (Barrels),7195,2.74,-0.355546266299747,84.7459,62.1,17.86,6656
4393,F003035__3,2009-07-01,60.58,2009,7,NM,Total Electric Power Industry,Petroleum (Barrels),5584,2.5,-0.355546266299747,85.7027,65.2,17.86,6656
4394,F003035__3,2009-08-01,66.99,2009,8,NM,Total Electric Power Industry,Petroleum (Barrels),7737,2.48,-0.355546266299747,86.6426,67.9,17.86,6656
4395,F003035__3,2009-09-01,65.14,2009,9,NM,Total Electric Power Industry,Petroleum (Barrels),7698,2.46,-0.355546266299747,87.4063,58.4,17.86,6656
4396,F003035__3,2009-10-01,71.95,2009,10,NM,Total Electric Power Industry,Petroleum (Barrels),4626,2.34,-0.355546266299747,87.6419,45.9,17.86,6656
4397,F003035__3,2009-11-01,73.96,2009,11,NM,Total Electric Power Industry,Petroleum (Barrels),7047,2.53,-0.355546266299747,88.0221,41.8,17.86,6656
4398,F003035__3,2009-12-01,70.85,2009,12,NM,Total Electric Power Industry,Petroleum (Barrels),7041,2.61,-0.355546266299747,88.3793,25.2,17.86,6656
4399,F003035__3,2010-01-01,73.74,2010,1,NM,Total Electric Power Industry,Petroleum (Barrels),8109,,1.6400434423899,89.3426,21.8,20.06,7130
4400,F003035__3,2010-02-01,72.82,2010,2,NM,Total Electric Power Industry,Petroleum (Barrels),7141,2.82,1.6400434423899,89.6779,24.1,20.06,7130
4401,F003035__3,2010-03-01,77.78,2010,3,NM,Total Electric Power Industry,Petroleum (Barrels),9020,2.81,1.6400434423899,90.2928,38.2,20.06,7130
4402,F003035__3,2010-04-01,81.26,2010,4,NM,Total Electric Power Industry,Petroleum (Barrels),6497,2.84,1.6400434423899,90.5991,49.2,20.06,7130
4403,F003035__3,2010-05-01,70.75,2010,5,NM,Total Electric Power Industry,Petroleum (Barrels),9139,2.72,1.6400434423899,91.823,58.6,20.06,7130
4404,F003035__3,2010-06-01,69.74,2010,6,NM,Total Electric Power Industry,Petroleum (Barrels),10326,2.51,1.6400434423899,91.9928,65.1,20.06,7130
4405,F003035__3,2010-07-01,72.06,2010,7,NM,Total Electric Power Industry,Petroleum (Barrels),7961,2.33,1.6400434423899,92.3421,71.4,20.06,7130
4406,F003035__3,2010-08-01,73.15,2010,8,NM,Total Electric Power Industry,Petroleum (Barrels),9347,2.43,1.6400434423899,92.6805,68.2,20.06,7130
4407,F003035__3,2010-09-01,72.09,2010,9,NM,Total Electric Power Industry,Petroleum (Barrels),1518,2.08,1.6400434423899,92.9537,60.9,20.06,7130
4408,F003035__3,2010-10-01,77.57,2010,10,NM,Total Electric Power Industry,Petroleum (Barrels),7414,2.12,1.6400434423899,92.6903,48.5,20.06,7130
4409,F003035__3,2010-11-01,80.31,2010,11,NM,Total Electric Power Industry,Petroleum (Barrels),7704,2.32,1.6400434423899,92.7709,37.9,20.06,7130
4410,F003035__3,2010-12-01,85.08,2010,12,NM,Total Electric Power Industry,Petroleum (Barrels),8280,2.44,1.6400434423899,93.6787,23.1,20.06,7130
4411,F003035__3,2011-01-01,86.09,2011,1,NM,Total Electric Power Industry,Petroleum (Barrels),5949,2.75,3.156841568622,93.4814,18.6,23.77,7680
4412,F003035__3,2011-02-01,85.21,2011,2,NM,Total Electric Power Industry,Petroleum (Barrels),3384,2.87,3.156841568622,93.1102,21.8,23.77,7680
4413,F003035__3,2011-03-01,95.3,2011,3,NM,Total Electric Power Industry,Petroleum (Barrels),4670,2.75,3.156841568622,94.0788,30.9,23.77,7680
4414,F003035__3,2011-04-01,105.38,2011,4,NM,Total Electric Power Industry,Petroleum (Barrels),9965,2.66,3.156841568622,93.7749,45.0,23.77,7680
4415,F003035__3,2011-05-01,97.08,2011,5,NM,Total Electric Power Industry,Petroleum (Barrels),11890,2.7,3.156841568622,93.888,58.0,23.77,7680
4416,F003035__3,2011-06-01,92.07,2011,6,NM,Total Electric Power Industry,Petroleum (Barrels),8861,2.52,3.156841568622,94.172,65.1,23.77,7680
4417,F003035__3,2011-07-01,93.17,2011,7,NM,Total Electric Power Industry,Petroleum (Barrels),6224,2.72,3.156841568622,94.636,71.4,23.77,7680
4418,F003035__3,2011-08-01,82.53,2011,8,NM,Total Electric Power Industry,Petroleum (Barrels),1667,2.39,3.156841568622,95.2749,67.6,23.77,7680
4419,F003035__3,2011-09-01,82.19,2011,9,NM,Total Electric Power Industry,Petroleum (Barrels),2887,1.96,3.156841568622,95.1961,62.6,23.77,7680
4420,F003035__3,2011-10-01,83.08,2011,10,NM,Total Electric Power Industry,Petroleum (Barrels),4051,1.56,3.156841568622,95.8568,49.6,23.77,7680
4421,F003035__3,2011-11-01,93.78,2011,11,NM,Total Electric Power Industry,Petroleum (Barrels),4049,1.78,3.156841568622,95.8485,43.1,23.77,7680
4422,F003035__3,2011-12-01,95.52,2011,12,NM,Total Electric Power Industry,Petroleum (Barrels),8297,1.84,3.156841568622,96.3571,31.8,23.77,7680
4423,F003035__3,2012-01-01,96.61,2012,1,NM,Total Electric Power Industry,Petroleum (Barrels),5076,,2.06933726526067,96.9318,26.0,24.15,7703
4424,F003035__3,2012-02-01,98.17,2012,2,NM,Total Electric Power Industry,Petroleum (Barrels),5362,1.64,2.06933726526067,97.2435,29.9,24.15,7703
4425,F003035__3,2012-03-01,100.66,2012,3,NM,Total Electric Power Industry,Petroleum (Barrels),5746,1.73,2.06933726526067,96.74,43.3,24.15,7703
4426,F003035__3,2012-04-01,96.75,2012,4,NM,Total Electric Power Industry,Petroleum (Barrels),11306,1.89,2.06933726526067,97.4359,43.9,24.15,7703
4427,F003035__3,2012-05-01,86.3,2012,5,NM,Total Electric Power Industry,Petroleum (Barrels),5761,1.71,2.06933726526067,97.6609,60.5,24.15,7703
4428,F003035__3,2012-06-01,75.35,2012,6,NM,Total Electric Power Industry,Petroleum (Barrels),4956,1.22,2.06933726526067,97.6663,64.6,24.15,7703
4429,F003035__3,2012-07-01,81.87,2012,7,NM,Total Electric Power Industry,Petroleum (Barrels),4652,1.31,2.06933726526067,97.8713,71.4,24.15,7703
4430,F003035__3,2012-08-01,89.04,2012,8,NM,Total Electric Power Industry,Petroleum (Barrels),4815,1.32,2.06933726526067,97.4525,68.4,24.15,7703
4431,F003035__3,2012-09-01,90.31,2012,9,NM,Total Electric Power Industry,Petroleum (Barrels),9163,,2.06933726526067,97.381,59.9,24.15,7703
4432,F003035__3,2012-10-01,84.56,2012,10,NM,Total Electric Power Industry,Petroleum (Barrels),8231,1.39,2.06933726526067,97.7193,50.9,24.15,7703
4433,F003035__3,2012-11-01,80.92,2012,11,NM,Total Electric Power Industry,Petroleum (Barrels),10153,1.45,2.06933726526067,98.0777,35.7,24.15,7703
4434,F003035__3,2012-12-01,78.62,2012,12,NM,Total Electric Power Industry,Petroleum (Barrels),12464,1.38,2.06933726526067,98.3101,31.6,24.15,7703
4435,F003035__3,2013-01-01,80.81,2013,1,NM,Total Electric Power Industry,Petroleum (Barrels),11941,,1.46483265562717,98.3342,24.3,23.58,7707
4436,F003035__3,2013-02-01,82.0,2013,2,NM,Total Electric Power Industry,Petroleum (Barrels),7488,1.77,1.46483265562717,98.7941,23.3,23.58,7707
4437,F003035__3,2013-03-01,87.23,2013,3,NM,Total Electric Power Industry,Petroleum (Barrels),7160,1.61,1.46483265562717,99.1921,30.6,23.58,7707
4438,F003035__3,2013-04-01,87.9,2013,4,NM,Total Electric Power Industry,Petroleum (Barrels),7116,1.63,1.46483265562717,99.1065,43.4,23.58,7707
4439,F003035__3,2013-05-01,90.92,2013,5,NM,Total Electric Power Industry,Petroleum (Barrels),9420,1.46,1.46483265562717,99.1839,57.2,23.58,7707
4440,F003035__3,2013-06-01,92.37,2013,6,NM,Total Electric Power Industry,Petroleum (Barrels),7636,1.83,1.46483265562717,99.3897,64.0,23.58,7707
4441,F003035__3,2013-07-01,101.48,2013,7,NM,Total Electric Power Industry,Petroleum (Barrels),4838,2.16,1.46483265562717,99.0814,71.2,23.58,7707
4442,F003035__3,2013-08-01,103.65,2013,8,NM,Total Electric Power Industry,Petroleum (Barrels),10517,2.39,1.46483265562717,99.6543,65.8,23.58,7707
4443,F003035__3,2013-09-01,100.61,2013,9,NM,Total Electric Power Industry,Petroleum (Barrels),4927,,1.46483265562717,100.161,58.3,23.58,7707
4444,F003035__3,2013-10-01,97.96,2013,10,NM,Total Electric Power Industry,Petroleum (Barrels),12672,2.33,1.46483265562717,100.082,50.8,23.58,7707
4445,F003035__3,2013-11-01,87.79,2013,11,NM,Total Electric Power Industry,Petroleum (Barrels),11939,2.32,1.46483265562717,100.3158,34.4,23.58,7707
4446,F003035__3,2013-12-01,89.85,2013,12,NM,Total Electric Power Industry,Petroleum (Barrels),14758,2.51,1.46483265562717,100.5175,25.4,23.58,7707
4447,F003035__3,2014-01-01,88.63,2014,1,NM,Total Electric Power Industry,Petroleum (Barrels),12081,,1.62222297740817,100.1599,16.9,23.65,7981
4448,F003035__3,2014-02-01,94.46,2014,2,NM,Total Electric Power Industry,Petroleum (Barrels),11772,2.31,1.62222297740817,100.9168,18.8,23.65,7981
4449,F003035__3,2014-03-01,93.08,2014,3,NM,Total Electric Power Industry,Petroleum (Barrels),12237,2.28,1.62222297740817,101.8942,23.6,23.65,7981
4450,F003035__3,2014-04-01,91.43,2014,4,NM,Total Electric Power Industry,Petroleum (Barrels),14750,2.33,1.62222297740817,101.9928,43.5,23.65,7981
4451,F003035__3,2014-05-01,91.17,2014,5,NM,Total Electric Power Industry,Petroleum (Barrels),12741,2.22,1.62222297740817,102.3836,56.7,23.65,7981
4452,F003035__3,2014-06-01,94.79,2014,6,NM,Total Electric Power Industry,Petroleum (Barrels),6450,2.15,1.62222297740817,102.735,65.0,23.65,7981
4453,F003035__3,2014-07-01,93.94,2014,7,NM,Total Electric Power Industry,Petroleum (Barrels),8400,2.11,1.62222297740817,102.9632,67.4,23.65,7981
4454,F003035__3,2014-08-01,84.42,2014,8,NM,Total Electric Power Industry,Petroleum (Barrels),14092,2.05,1.62222297740817,102.7688,65.3,23.65,7981
4455,F003035__3,2014-09-01,79.82,2014,9,NM,Total Electric Power Industry,Petroleum (Barrels),6305,,1.62222297740817,103.0641,60.1,23.65,7981
4456,F003035__3,2014-10-01,74.1,2014,10,NM,Total Electric Power Industry,Petroleum (Barrels),8909,1.89,1.62222297740817,103.0764,51.3,23.65,7981
4457,F003035__3,2014-11-01,67.32,2014,11,NM,Total Electric Power Industry,Petroleum (Barrels),7277,1.84,1.62222297740817,103.7126,35.3,23.65,7981
4458,F003035__3,2014-12-01,54.25,2014,12,NM,Total Electric Power Industry,Petroleum (Barrels),10504,1.73,1.62222297740817,103.7044,30.2,23.65,7981
4459,F003035__3,2015-01-01,42.63,2015,1,NM,Total Electric Power Industry,Petroleum (Barrels),10624,,0.118627135552451,102.8905,16.2,18.6,8068
4460,F003035__3,2015-02-01,44.37,2015,2,NM,Total Electric Power Industry,Petroleum (Barrels),12529,1.19,0.118627135552451,102.2335,9.2,18.6,8068
4461,F003035__3,2015-03-01,42.11,2015,3,NM,Total Electric Power Industry,Petroleum (Barrels),10070,1.42,0.118627135552451,101.8914,25.5,18.6,8068
4462,F003035__3,2015-04-01,48.19,2015,4,NM,Total Electric Power Industry,Petroleum (Barrels),20755,1.32,0.118627135552451,101.3355,43.3,18.6,8068
4463,F003035__3,2015-05-01,53.98,2015,5,NM,Total Electric Power Industry,Petroleum (Barrels),11356,1.52,0.118627135552451,100.8883,61.0,18.6,8068
4464,F003035__3,2015-06-01,54.77,2015,6,NM,Total Electric Power Industry,Petroleum (Barrels),10936,1.55,0.118627135552451,100.571,63.0,18.6,8068
4465,F003035__3,2015-07-01,47.29,2015,7,NM,Total Electric Power Industry,Petroleum (Barrels),11824,1.74,0.118627135552451,101.2228,68.1,18.6,8068
4466,F003035__3,2015-08-01,39.98,2015,8,NM,Total Electric Power Industry,Petroleum (Barrels),8440,1.48,0.118627135552451,101.0367,67.5,18.6,8068
4467,F003035__3,2015-09-01,43.03,2015,9,NM,Total Electric Power Industry,Petroleum (Barrels),4577,1.47,0.118627135552451,100.7547,65.0,18.6,8068
4468,F003035__3,2015-10-01,43.81,2015,10,NM,Total Electric Power Industry,Petroleum (Barrels),5846,1.41,0.118627135552451,100.2675,47.4,18.6,8068
4469,F003035__3,2015-11-01,38.63,2015,11,NM,Total Electric Power Industry,Petroleum (Barrels),9579,1.43,0.118627135552451,99.5298,42.8,18.6,8068
4470,F003035__3,2015-12-01,31.98,2015,12,NM,Total Electric Power Industry,Petroleum (Barrels),9603,1.24,0.118627135552451,99.0417,39.3,18.6,8068
4471,F003035__3,2016-01-01,27.48,2016,1,NM,Total Electric Power Industry,Petroleum (Barrels),13373,,1.26158320570536,99.5607,23.7,16.78,8356
4472,F003035__3,2016-02-01,26.6,2016,2,NM,Total Electric Power Industry,Petroleum (Barrels),9886,1.16,1.26158320570536,99.0445,26.7,16.78,8356
4473,F003035__3,2016-03-01,32.92,2016,3,NM,Total Electric Power Industry,Petroleum (Barrels),10347,0.98,1.26158320570536,98.3096,37.7,16.78,8356
4474,F003035__3,2016-04-01,36.15,2016,4,NM,Total Electric Power Industry,Petroleum (Barrels),11590,1.03,1.26158320570536,98.6421,41.3,16.78,8356
4475,F003035__3,2016-05-01,42.11,2016,5,NM,Total Electric Power Industry,Petroleum (Barrels),10761,1.08,1.26158320570536,98.4184,55.8,16.78,8356
4476,F003035__3,2016-06-01,44.99,2016,6,NM,Total Electric Power Industry,Petroleum (Barrels),4550,0.94,1.26158320570536,98.8833,64.1,16.78,8356
4477,F003035__3,2016-07-01,41.25,2016,7,NM,Total Electric Power Industry,Petroleum (Barrels),5915,0.87,1.26158320570536,98.9992,70.4,16.78,8356
4478,F003035__3,2016-08-01,41.18,2016,8,NM,Total Electric Power Industry,Petroleum (Barrels),6095,0.84,1.26158320570536,98.85,70.9,16.78,8356
4479,F003035__3,2016-09-01,41.35,2016,9,NM,Total Electric Power Industry,Petroleum (Barrels),8677,0.79,1.26158320570536,98.7457,62.9,16.78,8356
4480,F003035__3,2016-10-01,45.79,2016,10,NM,Total Electric Power Industry,Petroleum (Barrels),3373,0.83,1.26158320570536,98.7611,50.5,16.78,8356
4481,F003035__3,2016-11-01,42.25,2016,11,NM,Total Electric Power Industry,Petroleum (Barrels),4489,1.0,1.26158320570536,98.3491,40.2,16.78,8356
4482,F003035__3,2016-12-01,48.74,2016,12,NM,Total Electric Power Industry,Petroleum (Barrels),11483,1.31,1.26158320570536,99.0214,27.6,16.78,8356
4483,F003035__3,2017-01-01,49.44,2017,1,NM,Total Electric Power Industry,Petroleum (Barrels),10615,,2.13011000365961,98.7611,27.9,18.76,8541
4484,F003035__3,2017-02-01,50.46,2017,2,NM,Total Electric Power Industry,Petroleum (Barrels),8971,1.26,2.13011000365961,98.3646,30.6,18.76,8541
4485,F003035__3,2017-03-01,46.72,2017,3,NM,Total Electric Power Industry,Petroleum (Barrels),6333,1.17,2.13011000365961,99.0137,28.2,18.76,8541
4486,F003035__3,2017-04-01,47.29,2017,4,NM,Total Electric Power Industry,Petroleum (Barrels),5555,1.11,2.13011000365961,100.0224,48.8,18.76,8541
4487,F003035__3,2017-05-01,44.56,2017,5,NM,Total Electric Power Industry,Petroleum (Barrels),6098,1.05,2.13011000365961,100.1408,54.0,18.76,8541
4488,F003035__3,2017-06-01,41.75,2017,6,NM,Total Electric Power Industry,Petroleum (Barrels),5330,0.93,2.13011000365961,100.3471,64.0,18.76,8541
4489,F003035__3,2017-07-01,43.33,2017,7,NM,Total Electric Power Industry,Petroleum (Barrels),6265,0.94,2.13011000365961,100.1068,68.1,18.76,8541
4490,F003035__3,2017-08-01,44.79,2017,8,NM,Total Electric Power Industry,Petroleum (Barrels),6370,0.92,2.13011000365961,99.6925,65.6,18.76,8541
4491,F003035__3,2017-09-01,46.76,2017,9,NM,Total Electric Power Industry,Petroleum (Barrels),5916,0.81,2.13011000365961,99.7954,62.3,18.76,8541
4492,F003035__3,2017-10-01,47.75,2017,10,NM,Total Electric Power Industry,Petroleum (Barrels),4932,0.85,2.13011000365961,101.0247,54.8,18.76,8541
4493,F003035__3,2017-11-01,53.95,2017,11,NM,Total Electric Power Industry,Petroleum (Barrels),7239,0.76,2.13011000365961,101.2664,36.2,18.76,8541
4494,F003035__3,2017-12-01,55.77,2017,12,NM,Total Electric Power Industry,Petroleum (Barrels),6967,0.59,2.13011000365961,101.4644,22.6,18.76,8541
4495,F003035__3,2018-01-01,61.57,2018,1,NM,Total Electric Power Industry,Petroleum (Barrels),3096,,2.44258329692817,101.4625,19.1,19.89,8726
4496,F003035__3,2018-02-01,60.85,2018,2,NM,Total Electric Power Industry,Petroleum (Barrels),2792,0.62,2.44258329692817,101.7085,29.4,19.89,8726
4497,F003035__3,2018-03-01,60.51,2018,3,NM,Total Electric Power Industry,Petroleum (Barrels),1714,0.59,2.44258329692817,102.2067,29.9,19.89,8726
4498,F003035__3,2018-04-01,62.86,2018,4,NM,Total Electric Power Industry,Petroleum (Barrels),2092,0.48,2.44258329692817,103.3329,37.8,19.89,8726
4499,F003035__3,2018-05-01,63.02,2018,5,NM,Total Electric Power Industry,Petroleum (Barrels),2426,0.47,2.44258329692817,102.4024,60.0,19.89,8726
4500,F003035__3,2018-06-01,55.59,2018,6,NM,Total Electric Power Industry,Petroleum (Barrels),1930,0.42,2.44258329692817,103.198,63.4,19.89,8726
4501,F003035__3,2018-07-01,60.02,2018,7,NM,Total Electric Power Industry,Petroleum (Barrels),5234,0.3,2.44258329692817,103.3646,71.2,19.89,8726
4502,F003035__3,2018-08-01,54.43,2018,8,NM,Total Electric Power Industry,Petroleum (Barrels),3563,0.33,2.44258329692817,104.0327,70.4,19.89,8726
4503,F003035__3,2018-09-01,52.97,2018,9,NM,Total Electric Power Industry,Petroleum (Barrels),4661,,2.44258329692817,104.1004,63.6,19.89,8726
4504,F003035__3,2018-10-01,54.87,2018,10,NM,Total Electric Power Industry,Petroleum (Barrels),7386,0.27,2.44258329692817,103.9856,47.7,19.89,8726
4505,F003035__3,2018-11-01,48.55,2018,11,NM,Total Electric Power Industry,Petroleum (Barrels),3919,0.3,2.44258329692817,104.0681,33.3,19.89,8726
4506,F003035__3,2018-12-01,43.59,2018,12,NM,Total Electric Power Industry,Petroleum (Barrels),2929,0.15,2.44258329692817,104.0936,28.5,19.89,8726
4507,F003035__3,2019-01-01,41.86,2019,1,NM,Total Electric Power Industry,Petroleum (Barrels),64197,,1.81221007526021,103.4021,19.4,18.45,8445
4508,F003035__3,2019-02-01,47.93,2019,2,NM,Total Electric Power Industry,Petroleum (Barrels),54907,0.18,1.81221007526021,102.8371,24.2,18.45,8445
4509,F003035__3,2019-03-01,54.89,2019,3,NM,Total Electric Power Industry,Petroleum (Barrels),55637,0.21,1.81221007526021,102.8757,29.5,18.45,8445
4510,F003035__3,2019-04-01,60.16,2019,4,NM,Total Electric Power Industry,Petroleum (Barrels),48197,0.16,1.81221007526021,102.274,44.5,18.45,8445
4511,F003035__3,2019-05-01,55.39,2019,5,NM,Total Electric Power Industry,Petroleum (Barrels),77206,0.21,1.81221007526021,102.392,54.2,18.45,8445
4512,F003035__3,2019-06-01,49.26,2019,6,NM,Total Electric Power Industry,Petroleum (Barrels),50372,0.25,1.81221007526021,102.4375,62.9,18.45,8445
4513,F003035__3,2019-07-01,53.94,2019,7,NM,Total Electric Power Industry,Petroleum (Barrels),56156,0.25,1.81221007526021,101.9408,71.0,18.45,8445
4514,F003035__3,2019-08-01,51.38,2019,8,NM,Total Electric Power Industry,Petroleum (Barrels),46104,0.17,1.81221007526021,102.639,66.6,18.45,8445
4515,F003035__3,2019-09-01,53.89,2019,9,NM,Total Electric Power Industry,Petroleum (Barrels),55678,,1.81221007526021,102.2917,60.3,18.45,8445
4516,F003035__3,2019-10-01,52.3,2019,10,NM,Total Electric Power Industry,Petroleum (Barrels),43252,0.09,1.81221007526021,101.4281,50.2,18.45,8445
4517,F003035__3,2019-11-01,55.37,2019,11,NM,Total Electric Power Industry,Petroleum (Barrels),53059,0.17,1.81221007526021,101.9372,32.8,18.45,8445
4518,F003035__3,2019-12-01,58.31,2019,12,NM,Total Electric Power Industry,Petroleum (Barrels),97872,0.22,1.81221007526021,101.7003,27.3,18.45,8445
4519,F003035__3,2020-01-01,56.55,2020,1,NM,Total Electric Power Industry,Petroleum (Barrels),7401,,1.23358439630629,101.0338,27.7,16.9,7113
4520,F003035__3,2020-02-01,49.44,2020,2,NM,Total Electric Power Industry,Petroleum (Barrels),7705,0.18,1.23358439630629,101.3735,26.6,16.9,7113
4521,F003035__3,2020-03-01,29.83,2020,3,NM,Total Electric Power Industry,Petroleum (Barrels),4965,0.26,1.23358439630629,97.4078,37.2,16.9,7113
4522,F003035__3,2020-04-01,15.32,2020,4,NM,Total Electric Power Industry,Petroleum (Barrels),4783,0.39,1.23358439630629,84.5619,41.1,16.9,7113
4523,F003035__3,2020-05-01,17.24,2020,5,NM,Total Electric Power Industry,Petroleum (Barrels),2938,0.44,1.23358439630629,85.9604,54.2,16.9,7113
4524,F003035__3,2020-06-01,33.98,2020,6,NM,Total Electric Power Industry,Petroleum (Barrels),1509,0.52,1.23358439630629,91.5934,65.2,16.9,7113
4525,F003035__3,2020-07-01,37.69,2020,7,NM,Total Electric Power Industry,Petroleum (Barrels),4338,0.52,1.23358439630629,95.0256,72.9,16.9,7113
4526,F003035__3,2020-08-01,39.95,2020,8,NM,Total Electric Power Industry,Petroleum (Barrels),6161,0.45,1.23358439630629,95.9549,68.6,16.9,7113
4527,F003035__3,2020-09-01,37.31,2020,9,NM,Total Electric Power Industry,Petroleum (Barrels),4930,0.55,1.23358439630629,95.9669,59.6,16.9,7113
4528,F003035__3,2020-10-01,37.14,2020,10,NM,Total Electric Power Industry,Petroleum (Barrels),5275,0.54,1.23358439630629,96.7394,49.0,16.9,7113
4529,F003035__3,2020-11-01,38.68,2020,11,NM,Total Electric Power Industry,Petroleum (Barrels),10335,0.71,1.23358439630629,97.0816,41.9,16.9,7113
4530,F003035__3,2020-12-01,44.35,2020,12,NM,Total Electric Power Industry,Petroleum (Barrels),6899,0.75,1.23358439630629,98.363,29.8,16.9,7113
4531,F003035__3,2021-01-01,49.89,2021,1,NM,Total Electric Power Industry,Petroleum (Barrels),3585,,4.69785886363742,98.8822,24.0,21.4,7904
4532,F003035__3,2021-02-01,57.05,2021,2,NM,Total Electric Power Industry,Petroleum (Barrels),4807,0.98,4.69785886363742,95.6149,21.7,21.4,7904
4533,F003035__3,2021-03-01,61.49,2021,3,NM,Total Electric Power Industry,Petroleum (Barrels),4761,1.32,4.69785886363742,98.3856,35.0,21.4,7904
4534,F003035__3,2021-04-01,60.34,2021,4,NM,Total Electric Power Industry,Petroleum (Barrels),5856,1.52,4.69785886363742,98.5587,45.7,21.4,7904
4535,F003035__3,2021-05-01,63.42,2021,5,NM,Total Electric Power Industry,Petroleum (Barrels),4572,1.47,4.69785886363742,99.4333,54.7,21.4,7904
4536,F003035__3,2021-06-01,69.65,2021,6,NM,Total Electric Power Industry,Petroleum (Barrels),5250,1.46,4.69785886363742,99.7987,67.1,21.4,7904
4537,F003035__3,2021-07-01,71.12,2021,7,NM,Total Electric Power Industry,Petroleum (Barrels),7176,1.23,4.69785886363742,100.2519,67.7,21.4,7904
4538,F003035__3,2021-08-01,66.4,2021,8,NM,Total Electric Power Industry,Petroleum (Barrels),6159,1.03,4.69785886363742,100.0437,70.4,21.4,7904
4539,F003035__3,2021-09-01,70.1,2021,9,NM,Total Electric Power Industry,Petroleum (Barrels),6209,1.11,4.69785886363742,98.8579,61.7,21.4,7904
4540,F003035__3,2021-10-01,79.97,2021,10,NM,Total Electric Power Industry,Petroleum (Barrels),8395,1.21,4.69785886363742,100.1861,54.8,21.4,7904
4541,F003035__3,2021-11-01,77.31,2021,11,NM,Total Electric Power Industry,Petroleum (Barrels),6990,1.08,4.69785886363742,100.8654,37.0,21.4,7904
4542,F003035__3,2021-12-01,71.23,2021,12,NM,Total Electric Power Industry,Petroleum (Barrels),2793,0.87,4.69785886363742,100.5726,32.8,21.4,7904
4543,F003035__3,2022-01-01,81.85,2022,1,NM,Total Electric Power Industry,Petroleum (Barrels),4167,0.85,8.00279982052121,100.1856,15.8,27.76,8375
4544,F003035__3,2022-02-01,91.24,2022,2,NM,Total Electric Power Industry,Petroleum (Barrels),4224,0.63,8.00279982052121,100.8064,23.8,27.76,8375
4545,F003035__3,2022-03-01,109.2,2022,3,NM,Total Electric Power Industry,Petroleum (Barrels),6207,0.41,8.00279982052121,101.3907,33.8,27.76,8375
4546,F003035__3,2022-04-01,104.37,2022,4,NM,Total Electric Power Industry,Petroleum (Barrels),2785,-0.05,8.00279982052121,101.44,43.8,27.76,8375
4547,F003035__3,2022-05-01,109.73,2022,5,NM,Total Electric Power Industry,Petroleum (Barrels),3686,0.26,8.00279982052121,101.3335,58.6,27.76,8375
4548,F003035__3,2022-06-01,114.91,2022,6,NM,Total Electric Power Industry,Petroleum (Barrels),4228,0.28,8.00279982052121,101.018,63.8,27.76,8375
4549,F003035__3,2022-07-01,101.77,2022,7,NM,Total Electric Power Industry,Petroleum (Barrels),3905,0.04,8.00279982052121,101.223,69.7,27.76,8375
4550,F003035__3,2022-08-01,94.75,2022,8,NM,Total Electric Power Industry,Petroleum (Barrels),2674,-0.3,8.00279982052121,101.0963,70.0,27.76,8375
4551,F003035__3,2022-09-01,84.87,2022,9,NM,Total Electric Power Industry,Petroleum (Barrels),3362,-0.25,8.00279982052121,101.2918,60.5,27.76,8375
4552,F003035__3,2022-10-01,87.22,2022,10,NM,Total Electric Power Industry,Petroleum (Barrels),934,-0.45,8.00279982052121,101.2529,48.9,27.76,8375
4553,F003035__3,2022-11-01,85.23,2022,11,NM,Total Electric Power Industry,Petroleum (Barrels),1083,-0.47,8.00279982052121,100.9552,41.0,27.76,8375
4554,F003035__3,2022-12-01,76.82,2022,12,NM,Total Electric Power Industry,Petroleum (Barrels),807,-0.72,8.00279982052121,99.7664,29.0,27.76,8375
4555,F003035__3,2023-01-01,76.52,2023,1,NM,Total Electric Power Industry,Petroleum (Barrels),10530,,4.11633838374488,100.505,30.6,24.66,8607
4556,F003035__3,2023-02-01,75.21,2023,2,NM,Total Electric Power Industry,Petroleum (Barrels),10809,-0.7,4.11633838374488,100.6416,28.1,24.66,8607
4557,F003035__3,2023-03-01,73.05,2023,3,NM,Total Electric Power Industry,Petroleum (Barrels),10981,-0.88,4.11633838374488,101.0205,32.6,24.66,8607
4558,F003035__3,2023-04-01,78.52,2023,4,NM,Total Electric Power Industry,Petroleum (Barrels),14041,-0.54,4.11633838374488,101.253,48.0,24.66,8607
4559,F003035__3,2023-05-01,70.24,2023,5,NM,Total Electric Power Industry,Petroleum (Barrels),18211,-0.55,4.11633838374488,100.9286,53.9,24.66,8607
4560,F003035__3,2023-06-01,69.08,2023,6,NM,Total Electric Power Industry,Petroleum (Barrels),16479,-0.72,4.11633838374488,100.1196,63.1,24.66,8607
4561,F003035__3,2023-07-01,74.85,2023,7,NM,Total Electric Power Industry,Petroleum (Barrels),11676,-1.08,4.11633838374488,100.9067,70.7,24.66,8607
4562,F003035__3,2023-08-01,80.6,2023,8,NM,Total Electric Power Industry,Petroleum (Barrels),11084,-0.87,4.11633838374488,100.8393,65.8,24.66,8607
4563,F003035__3,2023-09-01,89.01,2023,9,NM,Total Electric Power Industry,Petroleum (Barrels),12704,-0.69,4.11633838374488,101.0211,61.7,24.66,8607
4564,F003035__3,2023-10-01,84.48,2023,10,NM,Total Electric Power Industry,Petroleum (Barrels),12154,-0.43,4.11633838374488,100.4689,53.0,24.66,8607
4565,F003035__3,2023-11-01,77.28,2023,11,NM,Total Electric Power Industry,Petroleum (Barrels),9980,-0.18,4.11633838374488,100.8639,36.1,24.66,8607
4566,F003035__3,2023-12-01,71.21,2023,12,NM,Total Electric Power Industry,Petroleum (Barrels),12717,-0.34,4.11633838374488,100.6031,35.0,24.66,8607
4567,F003048__3,2001-01-01,27.47,2001,1,TX,Total Electric Power Industry,Petroleum (Barrels),2753073,,2.82617111885407,91.902,26.3,8.86,6111
4568,F003048__3,2001-02-01,27.75,2001,2,TX,Total Electric Power Industry,Petroleum (Barrels),625012,0.55,2.82617111885407,91.3034,31.7,8.86,6111
4569,F003048__3,2001-03-01,24.54,2001,3,TX,Total Electric Power Industry,Petroleum (Barrels),478155,0.46,2.82617111885407,91.1162,41.4,8.86,6111
4570,F003048__3,2001-04-01,24.68,2001,4,TX,Total Electric Power Industry,Petroleum (Barrels),296953,0.76,2.82617111885407,90.7891,47.0,8.86,6111
4571,F003048__3,2001-05-01,25.52,2001,5,TX,Total Electric Power Industry,Petroleum (Barrels),274386,1.07,2.82617111885407,90.3555,59.3,8.86,6111
4572,F003048__3,2001-06-01,24.56,2001,6,TX,Total Electric Power Industry,Petroleum (Barrels),259897,1.17,2.82617111885407,89.8784,67.1,8.86,6111
4573,F003048__3,2001-07-01,23.93,2001,7,TX,Total Electric Power Industry,Petroleum (Barrels),264471,1.16,2.82617111885407,89.3028,72.9,8.86,6111
4574,F003048__3,2001-08-01,24.87,2001,8,TX,Total Electric Power Industry,Petroleum (Barrels),245244,1.28,2.82617111885407,89.2003,72.4,8.86,6111
4575,F003048__3,2001-09-01,24.26,2001,9,TX,Total Electric Power Industry,Petroleum (Barrels),255015,,2.82617111885407,88.7485,65.2,8.86,6111
4576,F003048__3,2001-10-01,19.78,2001,10,TX,Total Electric Power Industry,Petroleum (Barrels),50483,1.73,2.82617111885407,88.5052,52.2,8.86,6111
4577,F003048__3,2001-11-01,18.07,2001,11,TX,Total Electric Power Industry,Petroleum (Barrels),90692,1.75,2.82617111885407,87.97,39.3,8.86,6111
4578,F003048__3,2001-12-01,16.93,2001,12,TX,Total Electric Power Industry,Petroleum (Barrels),199596,1.93,2.82617111885407,87.9324,25.0,8.86,6111
4579,F003048__3,2002-01-01,17.17,2002,1,TX,Total Electric Power Industry,Petroleum (Barrels),332989,,1.58603162650601,88.5176,26.1,7.96,6214
4580,F003048__3,2002-02-01,18.22,2002,2,TX,Total Electric Power Industry,Petroleum (Barrels),379624,1.94,1.58603162650601,88.5278,29.0,7.96,6214
4581,F003048__3,2002-03-01,22.0,2002,3,TX,Total Electric Power Industry,Petroleum (Barrels),417432,1.8,1.58603162650601,89.1686,36.0,7.96,6214
4582,F003048__3,2002-04-01,23.65,2002,4,TX,Total Electric Power Industry,Petroleum (Barrels),321735,1.7,1.58603162650601,89.604,49.7,7.96,6214
4583,F003048__3,2002-05-01,24.66,2002,5,TX,Total Electric Power Industry,Petroleum (Barrels),299641,1.87,1.58603162650601,89.964,56.3,7.96,6214
4584,F003048__3,2002-06-01,23.73,2002,6,TX,Total Electric Power Industry,Petroleum (Barrels),316332,1.87,1.58603162650601,90.7061,68.7,7.96,6214
4585,F003048__3,2002-07-01,24.58,2002,7,TX,Total Electric Power Industry,Petroleum (Barrels),282488,1.97,1.58603162650601,90.6769,76.2,7.96,6214
4586,F003048__3,2002-08-01,25.96,2002,8,TX,Total Electric Power Industry,Petroleum (Barrels),347277,2.32,1.58603162650601,90.5762,70.7,7.96,6214
4587,F003048__3,2002-09-01,27.44,2002,9,TX,Total Electric Power Industry,Petroleum (Barrels),340194,,1.58603162650601,90.6531,61.0,7.96,6214
4588,F003048__3,2002-10-01,26.46,2002,10,TX,Total Electric Power Industry,Petroleum (Barrels),250351,1.92,1.58603162650601,90.4643,47.0,7.96,6214
4589,F003048__3,2002-11-01,24.66,2002,11,TX,Total Electric Power Industry,Petroleum (Barrels),346395,2.25,1.58603162650601,90.9711,35.9,7.96,6214
4590,F003048__3,2002-12-01,26.91,2002,12,TX,Total Electric Power Industry,Petroleum (Barrels),391556,2.15,1.58603162650601,90.4652,29.3,7.96,6214
4591,F003048__3,2003-01-01,30.31,2003,1,TX,Total Electric Power Industry,Petroleum (Barrels),432826,,2.27009497336115,91.2361,35.2,9.76,6176
4592,F003048__3,2003-02-01,33.48,2003,2,TX,Total Electric Power Industry,Petroleum (Barrels),869643,2.29,2.27009497336115,91.3445,31.0,9.76,6176
4593,F003048__3,2003-03-01,31.14,2003,3,TX,Total Electric Power Industry,Petroleum (Barrels),571271,2.16,2.27009497336115,91.1044,40.3,9.76,6176
4594,F003048__3,2003-04-01,26.67,2003,4,TX,Total Electric Power Industry,Petroleum (Barrels),182677,2.34,2.27009497336115,90.5617,45.8,9.76,6176
4595,F003048__3,2003-05-01,26.59,2003,5,TX,Total Electric Power Industry,Petroleum (Barrels),532737,2.38,2.27009497336115,90.537,57.4,9.76,6176
4596,F003048__3,2003-06-01,28.56,2003,6,TX,Total Electric Power Industry,Petroleum (Barrels),687857,2.1,2.27009497336115,90.6527,66.0,9.76,6176
4597,F003048__3,2003-07-01,29.41,2003,7,TX,Total Electric Power Industry,Petroleum (Barrels),469486,2.26,2.27009497336115,91.1185,77.2,9.76,6176
4598,F003048__3,2003-08-01,29.76,2003,8,TX,Total Electric Power Industry,Petroleum (Barrels),211468,2.59,2.27009497336115,90.9197,72.7,9.76,6176
4599,F003048__3,2003-09-01,26.31,2003,9,TX,Total Electric Power Industry,Petroleum (Barrels),319933,,2.27009497336115,91.5059,62.2,9.76,6176
4600,F003048__3,2003-10-01,28.17,2003,10,TX,Total Electric Power Industry,Petroleum (Barrels),260471,2.49,2.27009497336115,91.6186,55.0,9.76,6176
4601,F003048__3,2003-11-01,28.8,2003,11,TX,Total Electric Power Industry,Petroleum (Barrels),291677,2.5,2.27009497336115,92.2329,34.1,9.76,6176
4602,F003048__3,2003-12-01,30.26,2003,12,TX,Total Electric Power Industry,Petroleum (Barrels),487012,2.28,2.27009497336115,92.2602,30.3,9.76,6176
4603,F003048__3,2004-01-01,32.03,2004,1,TX,Total Electric Power Industry,Petroleum (Barrels),328095,,2.67723669309172,92.4006,24.2,11.41,6283
4604,F003048__3,2004-02-01,32.45,2004,2,TX,Total Electric Power Industry,Petroleum (Barrels),219991,2.35,2.67723669309172,92.958,27.8,11.41,6283
4605,F003048__3,2004-03-01,34.36,2004,3,TX,Total Electric Power Industry,Petroleum (Barrels),259589,2.33,2.67723669309172,92.5861,45.6,11.41,6283
4606,F003048__3,2004-04-01,34.47,2004,4,TX,Total Electric Power Industry,Petroleum (Barrels),274643,2.26,2.67723669309172,92.93,48.0,11.41,6283
4607,F003048__3,2004-05-01,37.48,2004,5,TX,Total Electric Power Industry,Petroleum (Barrels),265050,2.19,2.67723669309172,93.6013,57.0,11.41,6283
4608,F003048__3,2004-06-01,36.1,2004,6,TX,Total Electric Power Industry,Petroleum (Barrels),302100,2.11,2.67723669309172,92.871,66.1,11.41,6283
4609,F003048__3,2004-07-01,38.28,2004,7,TX,Total Electric Power Industry,Petroleum (Barrels),289921,1.93,2.67723669309172,93.5649,72.2,11.41,6283
4610,F003048__3,2004-08-01,42.37,2004,8,TX,Total Electric Power Industry,Petroleum (Barrels),317234,1.82,2.67723669309172,93.6277,68.6,11.41,6283
4611,F003048__3,2004-09-01,43.24,2004,9,TX,Total Electric Power Industry,Petroleum (Barrels),305134,1.72,2.67723669309172,93.7467,60.2,11.41,6283
4612,F003048__3,2004-10-01,49.7,2004,10,TX,Total Electric Power Industry,Petroleum (Barrels),308792,1.58,2.67723669309172,94.5465,48.9,11.41,6283
4613,F003048__3,2004-11-01,45.28,2004,11,TX,Total Electric Power Industry,Petroleum (Barrels),269362,1.5,2.67723669309172,94.7813,35.7,11.41,6283
4614,F003048__3,2004-12-01,39.86,2004,12,TX,Total Electric Power Industry,Petroleum (Barrels),424181,1.37,2.67723669309172,95.5365,30.1,11.41,6283
4615,F003048__3,2005-01-01,43.16,2005,1,TX,Total Electric Power Industry,Petroleum (Barrels),256334,1.13,3.3927468454955,95.8801,32.6,14.72,6542
4616,F003048__3,2005-02-01,45.22,2005,2,TX,Total Electric Power Industry,Petroleum (Barrels),219559,0.86,3.3927468454955,96.5761,33.5,14.72,6542
4617,F003048__3,2005-03-01,50.37,2005,3,TX,Total Electric Power Industry,Petroleum (Barrels),261577,0.79,3.3927468454955,96.4456,39.0,14.72,6542
4618,F003048__3,2005-04-01,49.2,2005,4,TX,Total Electric Power Industry,Petroleum (Barrels),186549,0.71,3.3927468454955,96.6532,45.9,14.72,6542
4619,F003048__3,2005-05-01,45.22,2005,5,TX,Total Electric Power Industry,Petroleum (Barrels),274828,0.57,3.3927468454955,96.7402,56.0,14.72,6542
4620,F003048__3,2005-06-01,52.33,2005,6,TX,Total Electric Power Industry,Petroleum (Barrels),233257,0.41,3.3927468454955,97.1753,61.8,14.72,6542
4621,F003048__3,2005-07-01,55.69,2005,7,TX,Total Electric Power Industry,Petroleum (Barrels),262695,0.3,3.3927468454955,96.8676,74.8,14.72,6542
4622,F003048__3,2005-08-01,61.51,2005,8,TX,Total Electric Power Industry,Petroleum (Barrels),343689,0.28,3.3927468454955,97.1833,69.0,14.72,6542
4623,F003048__3,2005-09-01,61.45,2005,9,TX,Total Electric Power Industry,Petroleum (Barrels),357571,0.3,3.3927468454955,95.3005,60.8,14.72,6542
4624,F003048__3,2005-10-01,58.34,2005,10,TX,Total Electric Power Industry,Petroleum (Barrels),323030,0.18,3.3927468454955,96.4572,50.4,14.72,6542
4625,F003048__3,2005-11-01,54.69,2005,11,TX,Total Electric Power Industry,Petroleum (Barrels),266963,0.16,3.3927468454955,97.5414,39.0,14.72,6542
4626,F003048__3,2005-12-01,54.94,2005,12,TX,Total Electric Power Industry,Petroleum (Barrels),342229,0.07,3.3927468454955,98.0452,29.2,14.72,6542
4627,F003048__3,2006-01-01,60.59,2006,1,TX,Total Electric Power Industry,Petroleum (Barrels),312312,,3.22594410070404,98.1999,29.9,16.78,6377
4628,F003048__3,2006-02-01,57.59,2006,2,TX,Total Electric Power Industry,Petroleum (Barrels),264948,-0.02,3.22594410070404,98.2413,31.5,16.78,6377
4629,F003048__3,2006-03-01,56.7,2006,3,TX,Total Electric Power Industry,Petroleum (Barrels),265770,-0.12,3.22594410070404,98.4628,36.3,16.78,6377
4630,F003048__3,2006-04-01,64.39,2006,4,TX,Total Electric Power Industry,Petroleum (Barrels),265990,0.02,3.22594410070404,98.7618,48.4,16.78,6377
4631,F003048__3,2006-05-01,66.01,2006,5,TX,Total Electric Power Industry,Petroleum (Barrels),357356,0.2,3.22594410070404,98.7869,58.9,16.78,6377
4632,F003048__3,2006-06-01,66.28,2006,6,TX,Total Electric Power Industry,Petroleum (Barrels),346554,0.07,3.22594410070404,99.0997,68.8,16.78,6377
4633,F003048__3,2006-07-01,69.37,2006,7,TX,Total Electric Power Industry,Petroleum (Barrels),319119,-0.02,3.22594410070404,99.0489,75.0,16.78,6377
4634,F003048__3,2006-08-01,68.71,2006,8,TX,Total Electric Power Industry,Petroleum (Barrels),330079,0.02,3.22594410070404,99.4836,69.7,16.78,6377
4635,F003048__3,2006-09-01,60.08,2006,9,TX,Total Electric Power Industry,Petroleum (Barrels),309449,-0.04,3.22594410070404,99.3183,58.1,16.78,6377
4636,F003048__3,2006-10-01,54.9,2006,10,TX,Total Electric Power Industry,Petroleum (Barrels),256299,-0.04,3.22594410070404,99.2044,47.3,16.78,6377
4637,F003048__3,2006-11-01,54.2,2006,11,TX,Total Electric Power Industry,Petroleum (Barrels),279767,-0.09,3.22594410070404,99.1627,38.2,16.78,6377
4638,F003048__3,2006-12-01,56.65,2006,12,TX,Total Electric Power Industry,Petroleum (Barrels),302841,-0.09,3.22594410070404,100.1735,27.9,16.78,6377
4639,F003048__3,2007-01-01,50.3,2007,1,TX,Total Electric Power Industry,Petroleum (Barrels),407589,,2.85267248150138,99.8346,22.4,17.79,6306
4640,F003048__3,2007-02-01,55.1,2007,2,TX,Total Electric Power Industry,Petroleum (Barrels),90959,-0.12,2.85267248150138,100.7753,34.3,17.79,6306
4641,F003048__3,2007-03-01,56.92,2007,3,TX,Total Electric Power Industry,Petroleum (Barrels),70222,-0.07,2.85267248150138,100.9547,43.0,17.79,6306
4642,F003048__3,2007-04-01,59.61,2007,4,TX,Total Electric Power Industry,Petroleum (Barrels),267395,0.05,2.85267248150138,101.6334,48.3,17.79,6306
4643,F003048__3,2007-05-01,58.74,2007,5,TX,Total Electric Power Industry,Petroleum (Barrels),239570,0.01,2.85267248150138,101.7306,57.7,17.79,6306
4644,F003048__3,2007-06-01,62.0,2007,6,TX,Total Electric Power Industry,Petroleum (Barrels),263151,-0.02,2.85267248150138,101.7893,68.2,17.79,6306
4645,F003048__3,2007-07-01,70.9,2007,7,TX,Total Electric Power Industry,Petroleum (Barrels),192801,0.14,2.85267248150138,101.6672,76.2,17.79,6306
4646,F003048__3,2007-08-01,69.06,2007,8,TX,Total Electric Power Industry,Petroleum (Barrels),249739,0.2,2.85267248150138,101.863,72.8,17.79,6306
4647,F003048__3,2007-09-01,75.84,2007,9,TX,Total Electric Power Industry,Petroleum (Barrels),220726,,2.85267248150138,102.0894,61.7,17.79,6306
4648,F003048__3,2007-10-01,82.85,2007,10,TX,Total Electric Power Industry,Petroleum (Barrels),229531,0.54,2.85267248150138,101.8015,48.9,17.79,6306
4649,F003048__3,2007-11-01,91.67,2007,11,TX,Total Electric Power Industry,Petroleum (Barrels),204761,0.59,2.85267248150138,102.3446,40.6,17.79,6306
4650,F003048__3,2007-12-01,88.33,2007,12,TX,Total Electric Power Industry,Petroleum (Barrels),262835,0.99,2.85267248150138,102.3803,24.6,17.79,6306
4651,F003048__3,2008-01-01,90.38,2008,1,TX,Total Electric Power Industry,Petroleum (Barrels),275766,,3.839100296651,102.2448,22.8,21.71,6737
4652,F003048__3,2008-02-01,92.53,2008,2,TX,Total Electric Power Industry,Petroleum (Barrels),206396,1.53,3.839100296651,101.8438,30.5,21.71,6737
4653,F003048__3,2008-03-01,101.9,2008,3,TX,Total Electric Power Industry,Petroleum (Barrels),133623,1.93,3.839100296651,101.5336,37.2,21.71,6737
4654,F003048__3,2008-04-01,110.31,2008,4,TX,Total Electric Power Industry,Petroleum (Barrels),267225,1.77,3.839100296651,100.8785,43.1,21.71,6737
4655,F003048__3,2008-05-01,123.17,2008,5,TX,Total Electric Power Industry,Petroleum (Barrels),267808,1.41,3.839100296651,100.2674,52.8,21.71,6737
4656,F003048__3,2008-06-01,131.33,2008,6,TX,Total Electric Power Industry,Petroleum (Barrels),224275,1.47,3.839100296651,100.0335,65.0,21.71,6737
4657,F003048__3,2008-07-01,131.08,2008,7,TX,Total Electric Power Industry,Petroleum (Barrels),194511,1.38,3.839100296651,99.676,74.1,21.71,6737
4658,F003048__3,2008-08-01,114.22,2008,8,TX,Total Electric Power Industry,Petroleum (Barrels),243408,1.46,3.839100296651,98.1111,71.6,21.71,6737
4659,F003048__3,2008-09-01,101.76,2008,9,TX,Total Electric Power Industry,Petroleum (Barrels),150224,,3.839100296651,93.7895,61.9,21.71,6737
4660,F003048__3,2008-10-01,75.24,2008,10,TX,Total Electric Power Industry,Petroleum (Barrels),161137,1.95,3.839100296651,94.7219,50.4,21.71,6737
4661,F003048__3,2008-11-01,55.49,2008,11,TX,Total Electric Power Industry,Petroleum (Barrels),20576,2.51,3.839100296651,93.4715,40.9,21.71,6737
4662,F003048__3,2008-12-01,37.1,2008,12,TX,Total Electric Power Industry,Petroleum (Barrels),64748,1.82,3.839100296651,90.8357,27.0,21.71,6737
4663,F003048__3,2009-01-01,35.86,2009,1,TX,Total Electric Power Industry,Petroleum (Barrels),182441,,-0.355546266299747,88.57,29.5,15.75,6656
4664,F003048__3,2009-02-01,32.81,2009,2,TX,Total Electric Power Industry,Petroleum (Barrels),235782,1.87,-0.355546266299747,88.031,33.1,15.75,6656
4665,F003048__3,2009-03-01,42.14,2009,3,TX,Total Electric Power Industry,Petroleum (Barrels),271366,2.02,-0.355546266299747,86.6528,39.2,15.75,6656
4666,F003048__3,2009-04-01,46.77,2009,4,TX,Total Electric Power Industry,Petroleum (Barrels),251055,1.85,-0.355546266299747,85.9344,45.3,15.75,6656
4667,F003048__3,2009-05-01,54.74,2009,5,TX,Total Electric Power Industry,Petroleum (Barrels),243099,2.29,-0.355546266299747,85.0665,58.7,15.75,6656
4668,F003048__3,2009-06-01,66.16,2009,6,TX,Total Electric Power Industry,Petroleum (Barrels),304650,2.74,-0.355546266299747,84.7459,62.0,15.75,6656
4669,F003048__3,2009-07-01,61.13,2009,7,TX,Total Electric Power Industry,Petroleum (Barrels),287954,2.5,-0.355546266299747,85.7027,73.2,15.75,6656
4670,F003048__3,2009-08-01,67.42,2009,8,TX,Total Electric Power Industry,Petroleum (Barrels),306256,2.48,-0.355546266299747,86.6426,69.7,15.75,6656
4671,F003048__3,2009-09-01,65.54,2009,9,TX,Total Electric Power Industry,Petroleum (Barrels),251316,2.46,-0.355546266299747,87.4063,64.3,15.75,6656
4672,F003048__3,2009-10-01,72.54,2009,10,TX,Total Electric Power Industry,Petroleum (Barrels),214058,2.34,-0.355546266299747,87.6419,45.7,15.75,6656
4673,F003048__3,2009-11-01,74.59,2009,11,TX,Total Electric Power Industry,Petroleum (Barrels),185554,2.53,-0.355546266299747,88.0221,39.0,15.75,6656
4674,F003048__3,2009-12-01,71.44,2009,12,TX,Total Electric Power Industry,Petroleum (Barrels),255295,2.61,-0.355546266299747,88.3793,21.6,15.75,6656
4675,F003048__3,2010-01-01,74.36,2010,1,TX,Total Electric Power Industry,Petroleum (Barrels),286920,,1.6400434423899,89.3426,27.0,17.36,7130
4676,F003048__3,2010-02-01,73.58,2010,2,TX,Total Electric Power Industry,Petroleum (Barrels),120186,2.82,1.6400434423899,89.6779,29.9,17.36,7130
4677,F003048__3,2010-03-01,78.39,2010,3,TX,Total Electric Power Industry,Petroleum (Barrels),93993,2.81,1.6400434423899,90.2928,38.0,17.36,7130
4678,F003048__3,2010-04-01,81.69,2010,4,TX,Total Electric Power Industry,Petroleum (Barrels),43658,2.84,1.6400434423899,90.5991,44.7,17.36,7130
4679,F003048__3,2010-05-01,71.12,2010,5,TX,Total Electric Power Industry,Petroleum (Barrels),137085,2.72,1.6400434423899,91.823,50.2,17.36,7130
4680,F003048__3,2010-06-01,70.36,2010,6,TX,Total Electric Power Industry,Petroleum (Barrels),232721,2.51,1.6400434423899,91.9928,65.4,17.36,7130
4681,F003048__3,2010-07-01,72.55,2010,7,TX,Total Electric Power Industry,Petroleum (Barrels),176444,2.33,1.6400434423899,92.3421,73.1,17.36,7130
4682,F003048__3,2010-08-01,73.68,2010,8,TX,Total Electric Power Industry,Petroleum (Barrels),190873,2.43,1.6400434423899,92.6805,69.3,17.36,7130
4683,F003048__3,2010-09-01,72.63,2010,9,TX,Total Electric Power Industry,Petroleum (Barrels),28823,2.08,1.6400434423899,92.9537,63.8,17.36,7130
4684,F003048__3,2010-10-01,78.1,2010,10,TX,Total Electric Power Industry,Petroleum (Barrels),30224,2.12,1.6400434423899,92.6903,51.1,17.36,7130
4685,F003048__3,2010-11-01,80.84,2010,11,TX,Total Electric Power Industry,Petroleum (Barrels),40558,2.32,1.6400434423899,92.7709,34.8,17.36,7130
4686,F003048__3,2010-12-01,85.73,2010,12,TX,Total Electric Power Industry,Petroleum (Barrels),43066,2.44,1.6400434423899,93.6787,32.5,17.36,7130
4687,F003048__3,2011-01-01,86.5,2011,1,TX,Total Electric Power Industry,Petroleum (Barrels),250538,2.75,3.156841568622,93.4814,25.4,20.45,7680
4688,F003048__3,2011-02-01,85.64,2011,2,TX,Total Electric Power Industry,Petroleum (Barrels),301435,2.87,3.156841568622,93.1102,28.6,20.45,7680
4689,F003048__3,2011-03-01,96.36,2011,3,TX,Total Electric Power Industry,Petroleum (Barrels),155837,2.75,3.156841568622,94.0788,39.4,20.45,7680
4690,F003048__3,2011-04-01,105.96,2011,4,TX,Total Electric Power Industry,Petroleum (Barrels),77411,2.66,3.156841568622,93.7749,43.5,20.45,7680
4691,F003048__3,2011-05-01,98.13,2011,5,TX,Total Electric Power Industry,Petroleum (Barrels),97305,2.7,3.156841568622,93.888,50.8,20.45,7680
4692,F003048__3,2011-06-01,92.9,2011,6,TX,Total Electric Power Industry,Petroleum (Barrels),136477,2.52,3.156841568622,94.172,63.3,20.45,7680
4693,F003048__3,2011-07-01,94.14,2011,7,TX,Total Electric Power Industry,Petroleum (Barrels),177418,2.72,3.156841568622,94.636,71.8,20.45,7680
4694,F003048__3,2011-08-01,83.4,2011,8,TX,Total Electric Power Industry,Petroleum (Barrels),107073,2.39,3.156841568622,95.2749,72.5,20.45,7680
4695,F003048__3,2011-09-01,83.62,2011,9,TX,Total Electric Power Industry,Petroleum (Barrels),100153,1.96,3.156841568622,95.1961,63.2,20.45,7680
4696,F003048__3,2011-10-01,84.98,2011,10,TX,Total Electric Power Industry,Petroleum (Barrels),77982,1.56,3.156841568622,95.8568,50.0,20.45,7680
4697,F003048__3,2011-11-01,95.72,2011,11,TX,Total Electric Power Industry,Petroleum (Barrels),34232,1.78,3.156841568622,95.8485,36.0,20.45,7680
4698,F003048__3,2011-12-01,96.87,2011,12,TX,Total Electric Power Industry,Petroleum (Barrels),100219,1.84,3.156841568622,96.3571,26.8,20.45,7680
4699,F003048__3,2012-01-01,98.09,2012,1,TX,Total Electric Power Industry,Petroleum (Barrels),325131,,2.06933726526067,96.9318,31.0,19.11,7703
4700,F003048__3,2012-02-01,101.1,2012,2,TX,Total Electric Power Industry,Petroleum (Barrels),179737,1.64,2.06933726526067,97.2435,31.7,19.11,7703
4701,F003048__3,2012-03-01,105.05,2012,3,TX,Total Electric Power Industry,Petroleum (Barrels),194847,1.73,2.06933726526067,96.74,42.6,19.11,7703
4702,F003048__3,2012-04-01,101.65,2012,4,TX,Total Electric Power Industry,Petroleum (Barrels),216341,1.89,2.06933726526067,97.4359,49.6,19.11,7703
4703,F003048__3,2012-05-01,91.61,2012,5,TX,Total Electric Power Industry,Petroleum (Barrels),246793,1.71,2.06933726526067,97.6609,58.0,19.11,7703
4704,F003048__3,2012-06-01,79.82,2012,6,TX,Total Electric Power Industry,Petroleum (Barrels),249702,1.22,2.06933726526067,97.6663,68.7,19.11,7703
4705,F003048__3,2012-07-01,85.13,2012,7,TX,Total Electric Power Industry,Petroleum (Barrels),221111,1.31,2.06933726526067,97.8713,73.2,19.11,7703
4706,F003048__3,2012-08-01,92.66,2012,8,TX,Total Electric Power Industry,Petroleum (Barrels),416751,1.32,2.06933726526067,97.4525,73.0,19.11,7703
4707,F003048__3,2012-09-01,94.67,2012,9,TX,Total Electric Power Industry,Petroleum (Barrels),292899,,2.06933726526067,97.381,63.6,19.11,7703
4708,F003048__3,2012-10-01,89.38,2012,10,TX,Total Electric Power Industry,Petroleum (Barrels),214297,1.39,2.06933726526067,97.7193,50.9,19.11,7703
4709,F003048__3,2012-11-01,86.95,2012,11,TX,Total Electric Power Industry,Petroleum (Barrels),320256,1.45,2.06933726526067,98.0777,41.2,19.11,7703
4710,F003048__3,2012-12-01,86.77,2012,12,TX,Total Electric Power Industry,Petroleum (Barrels),317006,1.38,2.06933726526067,98.3101,27.8,19.11,7703
4711,F003048__3,2013-01-01,91.6,2013,1,TX,Total Electric Power Industry,Petroleum (Barrels),221658,,1.46483265562717,98.3342,19.7,18.94,7707
4712,F003048__3,2013-02-01,91.23,2013,2,TX,Total Electric Power Industry,Petroleum (Barrels),69413,1.77,1.46483265562717,98.7941,27.6,18.94,7707
4713,F003048__3,2013-03-01,93.62,2013,3,TX,Total Electric Power Industry,Petroleum (Barrels),210651,1.61,1.46483265562717,99.1921,41.0,18.94,7707
4714,F003048__3,2013-04-01,93.96,2013,4,TX,Total Electric Power Industry,Petroleum (Barrels),224546,1.63,1.46483265562717,99.1065,45.0,18.94,7707
4715,F003048__3,2013-05-01,94.83,2013,5,TX,Total Electric Power Industry,Petroleum (Barrels),223679,1.46,1.46483265562717,99.1839,56.0,18.94,7707
4716,F003048__3,2013-06-01,94.4,2013,6,TX,Total Electric Power Industry,Petroleum (Barrels),231630,1.83,1.46483265562717,99.3897,69.2,18.94,7707
4717,F003048__3,2013-07-01,102.52,2013,7,TX,Total Electric Power Industry,Petroleum (Barrels),239689,2.16,1.46483265562717,99.0814,74.6,18.94,7707
4718,F003048__3,2013-08-01,104.25,2013,8,TX,Total Electric Power Industry,Petroleum (Barrels),343366,2.39,1.46483265562717,99.6543,71.0,18.94,7707
4719,F003048__3,2013-09-01,104.11,2013,9,TX,Total Electric Power Industry,Petroleum (Barrels),181697,,1.46483265562717,100.161,61.4,18.94,7707
4720,F003048__3,2013-10-01,97.42,2013,10,TX,Total Electric Power Industry,Petroleum (Barrels),123942,2.33,1.46483265562717,100.082,46.4,18.94,7707
4721,F003048__3,2013-11-01,88.85,2013,11,TX,Total Electric Power Industry,Petroleum (Barrels),78735,2.32,1.46483265562717,100.3158,38.0,18.94,7707
4722,F003048__3,2013-12-01,91.82,2013,12,TX,Total Electric Power Industry,Petroleum (Barrels),109681,2.51,1.46483265562717,100.5175,23.1,18.94,7707
4723,F003048__3,2014-01-01,90.4,2014,1,TX,Total Electric Power Industry,Petroleum (Barrels),75353,,1.62222297740817,100.1599,30.4,18.78,7981
4724,F003048__3,2014-02-01,97.4,2014,2,TX,Total Electric Power Industry,Petroleum (Barrels),93558,2.31,1.62222297740817,100.9168,35.7,18.78,7981
4725,F003048__3,2014-03-01,95.89,2014,3,TX,Total Electric Power Industry,Petroleum (Barrels),97284,2.28,1.62222297740817,101.8942,41.0,18.78,7981
4726,F003048__3,2014-04-01,95.94,2014,4,TX,Total Electric Power Industry,Petroleum (Barrels),74268,2.33,1.62222297740817,101.9928,46.7,18.78,7981
4727,F003048__3,2014-05-01,94.73,2014,5,TX,Total Electric Power Industry,Petroleum (Barrels),63725,2.22,1.62222297740817,102.3836,56.5,18.78,7981
4728,F003048__3,2014-06-01,98.16,2014,6,TX,Total Electric Power Industry,Petroleum (Barrels),71304,2.15,1.62222297740817,102.735,66.0,18.78,7981
4729,F003048__3,2014-07-01,96.56,2014,7,TX,Total Electric Power Industry,Petroleum (Barrels),57609,2.11,1.62222297740817,102.9632,74.6,18.78,7981
4730,F003048__3,2014-08-01,89.39,2014,8,TX,Total Electric Power Industry,Petroleum (Barrels),52491,2.05,1.62222297740817,102.7688,67.7,18.78,7981
4731,F003048__3,2014-09-01,86.16,2014,9,TX,Total Electric Power Industry,Petroleum (Barrels),54103,,1.62222297740817,103.0641,64.2,18.78,7981
4732,F003048__3,2014-10-01,78.3,2014,10,TX,Total Electric Power Industry,Petroleum (Barrels),56319,1.89,1.62222297740817,103.0764,53.1,18.78,7981
4733,F003048__3,2014-11-01,70.46,2014,11,TX,Total Electric Power Industry,Petroleum (Barrels),58549,1.84,1.62222297740817,103.7126,37.7,18.78,7981
4734,F003048__3,2014-12-01,54.69,2014,12,TX,Total Electric Power Industry,Petroleum (Barrels),57937,1.73,1.62222297740817,103.7044,31.7,18.78,7981
4735,F003048__3,2015-01-01,43.43,2015,1,TX,Total Electric Power Industry,Petroleum (Barrels),69395,,0.118627135552451,102.8905,32.1,13.62,8068
4736,F003048__3,2015-02-01,44.66,2015,2,TX,Total Electric Power Industry,Petroleum (Barrels),59689,1.19,0.118627135552451,102.2335,38.9,13.62,8068
4737,F003048__3,2015-03-01,42.89,2015,3,TX,Total Electric Power Industry,Petroleum (Barrels),58740,1.42,0.118627135552451,101.8914,44.9,13.62,8068
4738,F003048__3,2015-04-01,49.82,2015,4,TX,Total Electric Power Industry,Petroleum (Barrels),59695,1.32,0.118627135552451,101.3355,47.1,13.62,8068
4739,F003048__3,2015-05-01,55.21,2015,5,TX,Total Electric Power Industry,Petroleum (Barrels),60580,1.52,0.118627135552451,100.8883,53.8,13.62,8068
4740,F003048__3,2015-06-01,56.15,2015,6,TX,Total Electric Power Industry,Petroleum (Barrels),42917,1.55,0.118627135552451,100.571,70.0,13.62,8068
4741,F003048__3,2015-07-01,48.15,2015,7,TX,Total Electric Power Industry,Petroleum (Barrels),37429,1.74,0.118627135552451,101.2228,70.1,13.62,8068
4742,F003048__3,2015-08-01,40.16,2015,8,TX,Total Electric Power Industry,Petroleum (Barrels),32667,1.48,0.118627135552451,101.0367,71.0,13.62,8068
4743,F003048__3,2015-09-01,42.99,2015,9,TX,Total Electric Power Industry,Petroleum (Barrels),31400,1.47,0.118627135552451,100.7547,65.5,13.62,8068
4744,F003048__3,2015-10-01,43.55,2015,10,TX,Total Electric Power Industry,Petroleum (Barrels),37379,1.41,0.118627135552451,100.2675,54.3,13.62,8068
4745,F003048__3,2015-11-01,38.79,2015,11,TX,Total Electric Power Industry,Petroleum (Barrels),26091,1.43,0.118627135552451,99.5298,34.5,13.62,8068
4746,F003048__3,2015-12-01,32.36,2015,12,TX,Total Electric Power Industry,Petroleum (Barrels),32567,1.24,0.118627135552451,99.0417,26.6,13.62,8068
4747,F003048__3,2016-01-01,27.35,2016,1,TX,Total Electric Power Industry,Petroleum (Barrels),41362,,1.26158320570536,99.5607,26.6,12.47,8356
4748,F003048__3,2016-02-01,26.47,2016,2,TX,Total Electric Power Industry,Petroleum (Barrels),35089,1.16,1.26158320570536,99.0445,33.7,12.47,8356
4749,F003048__3,2016-03-01,33.01,2016,3,TX,Total Electric Power Industry,Petroleum (Barrels),30640,0.98,1.26158320570536,98.3096,42.2,12.47,8356
4750,F003048__3,2016-04-01,36.56,2016,4,TX,Total Electric Power Industry,Petroleum (Barrels),30667,1.03,1.26158320570536,98.6421,47.9,12.47,8356
4751,F003048__3,2016-05-01,42.52,2016,5,TX,Total Electric Power Industry,Petroleum (Barrels),53817,1.08,1.26158320570536,98.4184,54.4,12.47,8356
4752,F003048__3,2016-06-01,45.35,2016,6,TX,Total Electric Power Industry,Petroleum (Barrels),29113,0.94,1.26158320570536,98.8833,70.9,12.47,8356
4753,F003048__3,2016-07-01,41.62,2016,7,TX,Total Electric Power Industry,Petroleum (Barrels),28578,0.87,1.26158320570536,98.9992,73.7,12.47,8356
4754,F003048__3,2016-08-01,41.44,2016,8,TX,Total Electric Power Industry,Petroleum (Barrels),32647,0.84,1.26158320570536,98.85,70.1,12.47,8356
4755,F003048__3,2016-09-01,41.55,2016,9,TX,Total Electric Power Industry,Petroleum (Barrels),33448,0.79,1.26158320570536,98.7457,61.1,12.47,8356
4756,F003048__3,2016-10-01,46.19,2016,10,TX,Total Electric Power Industry,Petroleum (Barrels),27007,0.83,1.26158320570536,98.7611,53.2,12.47,8356
4757,F003048__3,2016-11-01,42.49,2016,11,TX,Total Electric Power Industry,Petroleum (Barrels),27990,1.0,1.26158320570536,98.3491,41.6,12.47,8356
4758,F003048__3,2016-12-01,48.76,2016,12,TX,Total Electric Power Industry,Petroleum (Barrels),33559,1.31,1.26158320570536,99.0214,27.4,12.47,8356
4759,F003048__3,2017-01-01,49.41,2017,1,TX,Total Electric Power Industry,Petroleum (Barrels),25237,,2.13011000365961,98.7611,25.9,14.02,8541
4760,F003048__3,2017-02-01,50.45,2017,2,TX,Total Electric Power Industry,Petroleum (Barrels),27672,1.26,2.13011000365961,98.3646,36.5,14.02,8541
4761,F003048__3,2017-03-01,46.77,2017,3,TX,Total Electric Power Industry,Petroleum (Barrels),32623,1.17,2.13011000365961,99.0137,45.3,14.02,8541
4762,F003048__3,2017-04-01,47.93,2017,4,TX,Total Electric Power Industry,Petroleum (Barrels),33581,1.11,2.13011000365961,100.0224,46.0,14.02,8541
4763,F003048__3,2017-05-01,45.37,2017,5,TX,Total Electric Power Industry,Petroleum (Barrels),35399,1.05,2.13011000365961,100.1408,55.6,14.02,8541
4764,F003048__3,2017-06-01,42.49,2017,6,TX,Total Electric Power Industry,Petroleum (Barrels),25482,0.93,2.13011000365961,100.3471,69.5,14.02,8541
4765,F003048__3,2017-07-01,43.87,2017,7,TX,Total Electric Power Industry,Petroleum (Barrels),35068,0.94,2.13011000365961,100.1068,75.1,14.02,8541
4766,F003048__3,2017-08-01,45.37,2017,8,TX,Total Electric Power Industry,Petroleum (Barrels),33385,0.92,2.13011000365961,99.6925,71.6,14.02,8541
4767,F003048__3,2017-09-01,47.52,2017,9,TX,Total Electric Power Industry,Petroleum (Barrels),27932,0.81,2.13011000365961,99.7954,60.7,14.02,8541
4768,F003048__3,2017-10-01,49.29,2017,10,TX,Total Electric Power Industry,Petroleum (Barrels),29593,0.85,2.13011000365961,101.0247,48.1,14.02,8541
4769,F003048__3,2017-11-01,55.42,2017,11,TX,Total Electric Power Industry,Petroleum (Barrels),28867,0.76,2.13011000365961,101.2664,43.0,14.02,8541
4770,F003048__3,2017-12-01,57.27,2017,12,TX,Total Electric Power Industry,Petroleum (Barrels),27828,0.59,2.13011000365961,101.4644,31.4,14.02,8541
4771,F003048__3,2018-01-01,62.87,2018,1,TX,Total Electric Power Industry,Petroleum (Barrels),32969,,2.44258329692817,101.4625,32.8,15.24,8726
4772,F003048__3,2018-02-01,61.78,2018,2,TX,Total Electric Power Industry,Petroleum (Barrels),10442,0.62,2.44258329692817,101.7085,32.2,15.24,8726
4773,F003048__3,2018-03-01,61.22,2018,3,TX,Total Electric Power Industry,Petroleum (Barrels),24686,0.59,2.44258329692817,102.2067,39.2,15.24,8726
4774,F003048__3,2018-04-01,63.84,2018,4,TX,Total Electric Power Industry,Petroleum (Barrels),37186,0.48,2.44258329692817,103.3329,49.0,15.24,8726
4775,F003048__3,2018-05-01,65.38,2018,5,TX,Total Electric Power Industry,Petroleum (Barrels),35764,0.47,2.44258329692817,102.4024,58.3,15.24,8726
4776,F003048__3,2018-06-01,60.18,2018,6,TX,Total Electric Power Industry,Petroleum (Barrels),29887,0.42,2.44258329692817,103.198,69.1,15.24,8726
4777,F003048__3,2018-07-01,65.14,2018,7,TX,Total Electric Power Industry,Petroleum (Barrels),24911,0.3,2.44258329692817,103.3646,76.1,15.24,8726
4778,F003048__3,2018-08-01,59.4,2018,8,TX,Total Electric Power Industry,Petroleum (Barrels),24993,0.33,2.44258329692817,104.0327,72.4,15.24,8726
4779,F003048__3,2018-09-01,59.54,2018,9,TX,Total Electric Power Industry,Petroleum (Barrels),23889,,2.44258329692817,104.1004,65.8,15.24,8726
4780,F003048__3,2018-10-01,61.44,2018,10,TX,Total Electric Power Industry,Petroleum (Barrels),21823,0.27,2.44258329692817,103.9856,47.5,15.24,8726
4781,F003048__3,2018-11-01,52.93,2018,11,TX,Total Electric Power Industry,Petroleum (Barrels),27732,0.3,2.44258329692817,104.0681,35.0,15.24,8726
4782,F003048__3,2018-12-01,46.59,2018,12,TX,Total Electric Power Industry,Petroleum (Barrels),25693,0.15,2.44258329692817,104.0936,27.4,15.24,8726
4783,F003048__3,2019-01-01,46.03,2019,1,TX,Total Electric Power Industry,Petroleum (Barrels),21022,,1.81221007526021,103.4021,27.0,14.02,8445
4784,F003048__3,2019-02-01,50.85,2019,2,TX,Total Electric Power Industry,Petroleum (Barrels),25568,0.18,1.81221007526021,102.8371,27.2,14.02,8445
4785,F003048__3,2019-03-01,56.8,2019,3,TX,Total Electric Power Industry,Petroleum (Barrels),33036,0.21,1.81221007526021,102.8757,38.2,14.02,8445
4786,F003048__3,2019-04-01,62.63,2019,4,TX,Total Electric Power Industry,Petroleum (Barrels),46795,0.16,1.81221007526021,102.274,48.6,14.02,8445
4787,F003048__3,2019-05-01,58.48,2019,5,TX,Total Electric Power Industry,Petroleum (Barrels),46656,0.21,1.81221007526021,102.392,50.5,14.02,8445
4788,F003048__3,2019-06-01,52.78,2019,6,TX,Total Electric Power Industry,Petroleum (Barrels),29214,0.25,1.81221007526021,102.4375,63.6,14.02,8445
4789,F003048__3,2019-07-01,56.27,2019,7,TX,Total Electric Power Industry,Petroleum (Barrels),23576,0.25,1.81221007526021,101.9408,73.3,14.02,8445
4790,F003048__3,2019-08-01,53.11,2019,8,TX,Total Electric Power Industry,Petroleum (Barrels),25954,0.17,1.81221007526021,102.639,72.8,14.02,8445
4791,F003048__3,2019-09-01,55.05,2019,9,TX,Total Electric Power Industry,Petroleum (Barrels),23624,,1.81221007526021,102.2917,63.1,14.02,8445
4792,F003048__3,2019-10-01,53.47,2019,10,TX,Total Electric Power Industry,Petroleum (Barrels),25335,0.09,1.81221007526021,101.4281,42.9,14.02,8445
4793,F003048__3,2019-11-01,55.3,2019,11,TX,Total Electric Power Industry,Petroleum (Barrels),29297,0.17,1.81221007526021,101.9372,38.5,14.02,8445
4794,F003048__3,2019-12-01,59.01,2019,12,TX,Total Electric Power Industry,Petroleum (Barrels),23041,0.22,1.81221007526021,101.7003,28.8,14.02,8445
4795,F003048__3,2020-01-01,57.25,2020,1,TX,Total Electric Power Industry,Petroleum (Barrels),23676,,1.23358439630629,101.0338,28.7,11.83,7113
4796,F003048__3,2020-02-01,49.88,2020,2,TX,Total Electric Power Industry,Petroleum (Barrels),27486,0.18,1.23358439630629,101.3735,31.1,11.83,7113
4797,F003048__3,2020-03-01,30.34,2020,3,TX,Total Electric Power Industry,Petroleum (Barrels),21962,0.26,1.23358439630629,97.4078,40.8,11.83,7113
4798,F003048__3,2020-04-01,14.75,2020,4,TX,Total Electric Power Industry,Petroleum (Barrels),26273,0.39,1.23358439630629,84.5619,47.4,11.83,7113
4799,F003048__3,2020-05-01,16.92,2020,5,TX,Total Electric Power Industry,Petroleum (Barrels),35257,0.44,1.23358439630629,85.9604,59.0,11.83,7113
4800,F003048__3,2020-06-01,34.9,2020,6,TX,Total Electric Power Industry,Petroleum (Barrels),22388,0.52,1.23358439630629,91.5934,65.4,11.83,7113
4801,F003048__3,2020-07-01,38.37,2020,7,TX,Total Electric Power Industry,Petroleum (Barrels),18180,0.52,1.23358439630629,95.0256,73.7,11.83,7113
4802,F003048__3,2020-08-01,39.98,2020,8,TX,Total Electric Power Industry,Petroleum (Barrels),27902,0.45,1.23358439630629,95.9549,75.8,11.83,7113
4803,F003048__3,2020-09-01,37.09,2020,9,TX,Total Electric Power Industry,Petroleum (Barrels),25364,0.55,1.23358439630629,95.9669,63.9,11.83,7113
4804,F003048__3,2020-10-01,36.97,2020,10,TX,Total Electric Power Industry,Petroleum (Barrels),24771,0.54,1.23358439630629,96.7394,52.8,11.83,7113
4805,F003048__3,2020-11-01,38.77,2020,11,TX,Total Electric Power Industry,Petroleum (Barrels),26158,0.71,1.23358439630629,97.0816,38.8,11.83,7113
4806,F003048__3,2020-12-01,44.64,2020,12,TX,Total Electric Power Industry,Petroleum (Barrels),22980,0.75,1.23358439630629,98.363,27.2,11.83,7113
4807,F003048__3,2021-01-01,50.41,2021,1,TX,Total Electric Power Industry,Petroleum (Barrels),32088,,4.69785886363742,98.8822,28.1,16.38,7904
4808,F003048__3,2021-02-01,57.8,2021,2,TX,Total Electric Power Industry,Petroleum (Barrels),218528,0.98,4.69785886363742,95.6149,32.2,16.38,7904
4809,F003048__3,2021-03-01,61.3,2021,3,TX,Total Electric Power Industry,Petroleum (Barrels),28233,1.32,4.69785886363742,98.3856,38.4,16.38,7904
4810,F003048__3,2021-04-01,60.36,2021,4,TX,Total Electric Power Industry,Petroleum (Barrels),39671,1.52,4.69785886363742,98.5587,47.4,16.38,7904
4811,F003048__3,2021-05-01,63.48,2021,5,TX,Total Electric Power Industry,Petroleum (Barrels),43960,1.47,4.69785886363742,99.4333,57.1,16.38,7904
4812,F003048__3,2021-06-01,69.49,2021,6,TX,Total Electric Power Industry,Petroleum (Barrels),30491,1.46,4.69785886363742,99.7987,71.9,16.38,7904
4813,F003048__3,2021-07-01,70.78,2021,7,TX,Total Electric Power Industry,Petroleum (Barrels),27554,1.23,4.69785886363742,100.2519,76.2,16.38,7904
4814,F003048__3,2021-08-01,66.02,2021,8,TX,Total Electric Power Industry,Petroleum (Barrels),27332,1.03,4.69785886363742,100.0437,70.9,16.38,7904
4815,F003048__3,2021-09-01,69.86,2021,9,TX,Total Electric Power Industry,Petroleum (Barrels),33118,1.11,4.69785886363742,98.8579,64.4,16.38,7904
4816,F003048__3,2021-10-01,79.79,2021,10,TX,Total Electric Power Industry,Petroleum (Barrels),33213,1.21,4.69785886363742,100.1861,47.9,16.38,7904
4817,F003048__3,2021-11-01,77.43,2021,11,TX,Total Electric Power Industry,Petroleum (Barrels),63217,1.08,4.69785886363742,100.8654,42.5,16.38,7904
4818,F003048__3,2021-12-01,71.32,2021,12,TX,Total Electric Power Industry,Petroleum (Barrels),28257,0.87,4.69785886363742,100.5726,31.1,16.38,7904
4819,F003048__3,2022-01-01,81.84,2022,1,TX,Total Electric Power Industry,Petroleum (Barrels),41887,0.85,8.00279982052121,100.1856,29.6,20.78,8375
4820,F003048__3,2022-02-01,91.05,2022,2,TX,Total Electric Power Industry,Petroleum (Barrels),212896,0.63,8.00279982052121,100.8064,29.6,20.78,8375
4821,F003048__3,2022-03-01,108.88,2022,3,TX,Total Electric Power Industry,Petroleum (Barrels),33332,0.41,8.00279982052121,101.3907,40.2,20.78,8375
4822,F003048__3,2022-04-01,104.22,2022,4,TX,Total Electric Power Industry,Petroleum (Barrels),24980,-0.05,8.00279982052121,101.44,46.4,20.78,8375
4823,F003048__3,2022-05-01,109.37,2022,5,TX,Total Electric Power Industry,Petroleum (Barrels),33360,0.26,8.00279982052121,101.3335,55.0,20.78,8375
4824,F003048__3,2022-06-01,115.09,2022,6,TX,Total Electric Power Industry,Petroleum (Barrels),29012,0.28,8.00279982052121,101.018,67.6,20.78,8375
4825,F003048__3,2022-07-01,101.58,2022,7,TX,Total Electric Power Industry,Petroleum (Barrels),33130,0.04,8.00279982052121,101.223,75.5,20.78,8375
4826,F003048__3,2022-08-01,94.52,2022,8,TX,Total Electric Power Industry,Petroleum (Barrels),25503,-0.3,8.00279982052121,101.0963,72.4,20.78,8375
4827,F003048__3,2022-09-01,84.88,2022,9,TX,Total Electric Power Industry,Petroleum (Barrels),30011,-0.25,8.00279982052121,101.2918,66.6,20.78,8375
4828,F003048__3,2022-10-01,87.18,2022,10,TX,Total Electric Power Industry,Petroleum (Barrels),57460,-0.45,8.00279982052121,101.2529,50.8,20.78,8375
4829,F003048__3,2022-11-01,85.0,2022,11,TX,Total Electric Power Industry,Petroleum (Barrels),62684,-0.47,8.00279982052121,100.9552,32.5,20.78,8375
4830,F003048__3,2022-12-01,76.41,2022,12,TX,Total Electric Power Industry,Petroleum (Barrels),191034,-0.72,8.00279982052121,99.7664,28.2,20.78,8375
4831,F003048__3,2023-01-01,76.53,2023,1,TX,Total Electric Power Industry,Petroleum (Barrels),66560,,4.11633838374488,100.505,26.1,17.37,8607
4832,F003048__3,2023-02-01,75.11,2023,2,TX,Total Electric Power Industry,Petroleum (Barrels),226066,-0.7,4.11633838374488,100.6416,26.5,17.37,8607
4833,F003048__3,2023-03-01,72.85,2023,3,TX,Total Electric Power Industry,Petroleum (Barrels),33375,-0.88,4.11633838374488,101.0205,32.3,17.37,8607
4834,F003048__3,2023-04-01,78.12,2023,4,TX,Total Electric Power Industry,Petroleum (Barrels),44657,-0.54,4.11633838374488,101.253,44.4,17.37,8607
4835,F003048__3,2023-05-01,70.62,2023,5,TX,Total Electric Power Industry,Petroleum (Barrels),35031,-0.55,4.11633838374488,100.9286,57.8,17.37,8607
4836,F003048__3,2023-06-01,68.96,2023,6,TX,Total Electric Power Industry,Petroleum (Barrels),20465,-0.72,4.11633838374488,100.1196,62.8,17.37,8607
4837,F003048__3,2023-07-01,74.85,2023,7,TX,Total Electric Power Industry,Petroleum (Barrels),26485,-1.08,4.11633838374488,100.9067,75.8,17.37,8607
4838,F003048__3,2023-08-01,80.52,2023,8,TX,Total Electric Power Industry,Petroleum (Barrels),32292,-0.87,4.11633838374488,100.8393,70.9,17.37,8607
4839,F003048__3,2023-09-01,89.04,2023,9,TX,Total Electric Power Industry,Petroleum (Barrels),25019,-0.69,4.11633838374488,101.0211,62.5,17.37,8607
4840,F003048__3,2023-10-01,85.44,2023,10,TX,Total Electric Power Industry,Petroleum (Barrels),34963,-0.43,4.11633838374488,100.4689,51.0,17.37,8607
4841,F003048__3,2023-11-01,77.89,2023,11,TX,Total Electric Power Industry,Petroleum (Barrels),29585,-0.18,4.11633838374488,100.8639,38.9,17.37,8607
4842,F003048__3,2023-12-01,71.26,2023,12,TX,Total Electric Power Industry,Petroleum (Barrels),34630,-0.34,4.11633838374488,100.6031,32.6,17.37,8607
4843,F004008__3,2001-01-01,28.49,2001,1,CO,Total Electric Power Industry,Petroleum (Barrels),41490,,2.82617111885407,91.902,24.7,10.72,6111
4844,F004008__3,2001-02-01,28.47,2001,2,CO,Total Electric Power Industry,Petroleum (Barrels),47510,0.55,2.82617111885407,91.3034,28.2,10.72,6111
4845,F004008__3,2001-03-01,26.02,2001,3,CO,Total Electric Power Industry,Petroleum (Barrels),56944,0.46,2.82617111885407,91.1162,36.0,10.72,6111
4846,F004008__3,2001-04-01,26.31,2001,4,CO,Total Electric Power Industry,Petroleum (Barrels),66507,0.76,2.82617111885407,90.7891,45.9,10.72,6111
4847,F004008__3,2001-05-01,27.4,2001,5,CO,Total Electric Power Industry,Petroleum (Barrels),54546,1.07,2.82617111885407,90.3555,53.9,10.72,6111
4848,F004008__3,2001-06-01,26.44,2001,6,CO,Total Electric Power Industry,Petroleum (Barrels),21899,1.17,2.82617111885407,89.8784,63.9,10.72,6111
4849,F004008__3,2001-07-01,25.44,2001,7,CO,Total Electric Power Industry,Petroleum (Barrels),19209,1.16,2.82617111885407,89.3028,70.2,10.72,6111
4850,F004008__3,2001-08-01,25.73,2001,8,CO,Total Electric Power Industry,Petroleum (Barrels),12882,1.28,2.82617111885407,89.2003,66.9,10.72,6111
4851,F004008__3,2001-09-01,25.54,2001,9,CO,Total Electric Power Industry,Petroleum (Barrels),3604,,2.82617111885407,88.7485,60.3,10.72,6111
4852,F004008__3,2001-10-01,21.17,2001,10,CO,Total Electric Power Industry,Petroleum (Barrels),9002,1.73,2.82617111885407,88.5052,47.9,10.72,6111
4853,F004008__3,2001-11-01,19.34,2001,11,CO,Total Electric Power Industry,Petroleum (Barrels),8383,1.75,2.82617111885407,87.97,37.9,10.72,6111
4854,F004008__3,2001-12-01,18.41,2001,12,CO,Total Electric Power Industry,Petroleum (Barrels),23608,1.93,2.82617111885407,87.9324,26.4,10.72,6111
4855,F004008__3,2002-01-01,18.52,2002,1,CO,Total Electric Power Industry,Petroleum (Barrels),2348,,1.58603162650601,88.5176,25.4,9.6,6214
4856,F004008__3,2002-02-01,19.72,2002,2,CO,Total Electric Power Industry,Petroleum (Barrels),6065,1.94,1.58603162650601,88.5278,27.1,9.6,6214
4857,F004008__3,2002-03-01,23.38,2002,3,CO,Total Electric Power Industry,Petroleum (Barrels),10051,1.8,1.58603162650601,89.1686,32.0,9.6,6214
4858,F004008__3,2002-04-01,25.21,2002,4,CO,Total Electric Power Industry,Petroleum (Barrels),4664,1.7,1.58603162650601,89.604,47.3,9.6,6214
4859,F004008__3,2002-05-01,26.29,2002,5,CO,Total Electric Power Industry,Petroleum (Barrels),786,1.87,1.58603162650601,89.964,53.4,9.6,6214
4860,F004008__3,2002-06-01,25.57,2002,6,CO,Total Electric Power Industry,Petroleum (Barrels),6461,1.87,1.58603162650601,90.7061,67.1,9.6,6214
4861,F004008__3,2002-07-01,26.16,2002,7,CO,Total Electric Power Industry,Petroleum (Barrels),6903,1.97,1.58603162650601,90.6769,71.0,9.6,6214
4862,F004008__3,2002-08-01,27.13,2002,8,CO,Total Electric Power Industry,Petroleum (Barrels),1972,2.32,1.58603162650601,90.5762,66.8,9.6,6214
4863,F004008__3,2002-09-01,28.67,2002,9,CO,Total Electric Power Industry,Petroleum (Barrels),2174,,1.58603162650601,90.6531,58.4,9.6,6214
4864,F004008__3,2002-10-01,28.27,2002,10,CO,Total Electric Power Industry,Petroleum (Barrels),1508,1.92,1.58603162650601,90.4643,43.2,9.6,6214
4865,F004008__3,2002-11-01,26.09,2002,11,CO,Total Electric Power Industry,Petroleum (Barrels),6189,2.25,1.58603162650601,90.9711,33.7,9.6,6214
4866,F004008__3,2002-12-01,28.67,2002,12,CO,Total Electric Power Industry,Petroleum (Barrels),4723,2.15,1.58603162650601,90.4652,27.6,9.6,6214
4867,F004008__3,2003-01-01,31.9,2003,1,CO,Total Electric Power Industry,Petroleum (Barrels),4698,,2.27009497336115,91.2361,31.6,10.79,6176
4868,F004008__3,2003-02-01,34.63,2003,2,CO,Total Electric Power Industry,Petroleum (Barrels),11498,2.29,2.27009497336115,91.3445,26.3,10.79,6176
4869,F004008__3,2003-03-01,33.74,2003,3,CO,Total Electric Power Industry,Petroleum (Barrels),6494,2.16,2.27009497336115,91.1044,36.6,10.79,6176
4870,F004008__3,2003-04-01,28.82,2003,4,CO,Total Electric Power Industry,Petroleum (Barrels),5480,2.34,2.27009497336115,90.5617,45.3,10.79,6176
4871,F004008__3,2003-05-01,27.58,2003,5,CO,Total Electric Power Industry,Petroleum (Barrels),9426,2.38,2.27009497336115,90.537,53.8,10.79,6176
4872,F004008__3,2003-06-01,29.65,2003,6,CO,Total Electric Power Industry,Petroleum (Barrels),9224,2.1,2.27009497336115,90.6527,60.1,10.79,6176
4873,F004008__3,2003-07-01,30.52,2003,7,CO,Total Electric Power Industry,Petroleum (Barrels),6593,2.26,2.27009497336115,91.1185,72.4,10.79,6176
4874,F004008__3,2003-08-01,31.4,2003,8,CO,Total Electric Power Industry,Petroleum (Barrels),2545,2.59,2.27009497336115,90.9197,68.4,10.79,6176
4875,F004008__3,2003-09-01,28.64,2003,9,CO,Total Electric Power Industry,Petroleum (Barrels),3799,,2.27009497336115,91.5059,56.7,10.79,6176
4876,F004008__3,2003-10-01,30.15,2003,10,CO,Total Electric Power Industry,Petroleum (Barrels),1457,2.49,2.27009497336115,91.6186,51.5,10.79,6176
4877,F004008__3,2003-11-01,30.07,2003,11,CO,Total Electric Power Industry,Petroleum (Barrels),3429,2.5,2.27009497336115,92.2329,33.0,10.79,6176
4878,F004008__3,2003-12-01,31.71,2003,12,CO,Total Electric Power Industry,Petroleum (Barrels),5929,2.28,2.27009497336115,92.2602,28.6,10.79,6176
4879,F004008__3,2004-01-01,32.99,2004,1,CO,Total Electric Power Industry,Petroleum (Barrels),3743,,2.67723669309172,92.4006,26.2,12.48,6283
4880,F004008__3,2004-02-01,33.73,2004,2,CO,Total Electric Power Industry,Petroleum (Barrels),3404,2.35,2.67723669309172,92.958,26.3,12.48,6283
4881,F004008__3,2004-03-01,35.2,2004,3,CO,Total Electric Power Industry,Petroleum (Barrels),3336,2.33,2.67723669309172,92.5861,41.8,12.48,6283
4882,F004008__3,2004-04-01,35.66,2004,4,CO,Total Electric Power Industry,Petroleum (Barrels),1986,2.26,2.67723669309172,92.93,44.4,12.48,6283
4883,F004008__3,2004-05-01,38.53,2004,5,CO,Total Electric Power Industry,Petroleum (Barrels),3243,2.19,2.67723669309172,93.6013,54.8,12.48,6283
4884,F004008__3,2004-06-01,36.67,2004,6,CO,Total Electric Power Industry,Petroleum (Barrels),2221,2.11,2.67723669309172,92.871,60.8,12.48,6283
4885,F004008__3,2004-07-01,39.53,2004,7,CO,Total Electric Power Industry,Petroleum (Barrels),965,1.93,2.67723669309172,93.5649,65.9,12.48,6283
4886,F004008__3,2004-08-01,43.86,2004,8,CO,Total Electric Power Industry,Petroleum (Barrels),2519,1.82,2.67723669309172,93.6277,63.2,12.48,6283
4887,F004008__3,2004-09-01,44.94,2004,9,CO,Total Electric Power Industry,Petroleum (Barrels),1045,1.72,2.67723669309172,93.7467,57.7,12.48,6283
4888,F004008__3,2004-10-01,51.19,2004,10,CO,Total Electric Power Industry,Petroleum (Barrels),4126,1.58,2.67723669309172,94.5465,46.8,12.48,6283
4889,F004008__3,2004-11-01,48.44,2004,11,CO,Total Electric Power Industry,Petroleum (Barrels),1068,1.5,2.67723669309172,94.7813,33.8,12.48,6283
4890,F004008__3,2004-12-01,42.95,2004,12,CO,Total Electric Power Industry,Petroleum (Barrels),4555,1.37,2.67723669309172,95.5365,28.4,12.48,6283
4891,F004008__3,2005-01-01,45.75,2005,1,CO,Total Electric Power Industry,Petroleum (Barrels),2780,1.13,3.3927468454955,95.8801,30.2,15.15,6542
4892,F004008__3,2005-02-01,46.71,2005,2,CO,Total Electric Power Industry,Petroleum (Barrels),2444,0.86,3.3927468454955,96.5761,31.3,15.15,6542
4893,F004008__3,2005-03-01,52.79,2005,3,CO,Total Electric Power Industry,Petroleum (Barrels),2093,0.79,3.3927468454955,96.4456,35.2,15.15,6542
4894,F004008__3,2005-04-01,51.28,2005,4,CO,Total Electric Power Industry,Petroleum (Barrels),2468,0.71,3.3927468454955,96.6532,43.4,15.15,6542
4895,F004008__3,2005-05-01,48.97,2005,5,CO,Total Electric Power Industry,Petroleum (Barrels),3723,0.57,3.3927468454955,96.7402,53.2,15.15,6542
4896,F004008__3,2005-06-01,53.96,2005,6,CO,Total Electric Power Industry,Petroleum (Barrels),2752,0.41,3.3927468454955,97.1753,60.9,15.15,6542
4897,F004008__3,2005-07-01,57.2,2005,7,CO,Total Electric Power Industry,Petroleum (Barrels),5120,0.3,3.3927468454955,96.8676,70.0,15.15,6542
4898,F004008__3,2005-08-01,62.31,2005,8,CO,Total Electric Power Industry,Petroleum (Barrels),3600,0.28,3.3927468454955,97.1833,65.0,15.15,6542
4899,F004008__3,2005-09-01,64.16,2005,9,CO,Total Electric Power Industry,Petroleum (Barrels),3826,0.3,3.3927468454955,95.3005,60.2,15.15,6542
4900,F004008__3,2005-10-01,61.8,2005,10,CO,Total Electric Power Industry,Petroleum (Barrels),1857,0.18,3.3927468454955,96.4572,48.3,15.15,6542
4901,F004008__3,2005-11-01,57.99,2005,11,CO,Total Electric Power Industry,Petroleum (Barrels),7861,0.16,3.3927468454955,97.5414,37.5,15.15,6542
4902,F004008__3,2005-12-01,58.13,2005,12,CO,Total Electric Power Industry,Petroleum (Barrels),5234,0.07,3.3927468454955,98.0452,26.0,15.15,6542
4903,F004008__3,2006-01-01,62.79,2006,1,CO,Total Electric Power Industry,Petroleum (Barrels),4820,,3.22594410070404,98.1999,29.9,16.94,6377
4904,F004008__3,2006-02-01,60.69,2006,2,CO,Total Electric Power Industry,Petroleum (Barrels),10711,-0.02,3.22594410070404,98.2413,28.0,16.94,6377
4905,F004008__3,2006-03-01,60.89,2006,3,CO,Total Electric Power Industry,Petroleum (Barrels),3431,-0.12,3.22594410070404,98.4628,34.9,16.94,6377
4906,F004008__3,2006-04-01,66.96,2006,4,CO,Total Electric Power Industry,Petroleum (Barrels),5222,0.02,3.22594410070404,98.7618,47.1,16.94,6377
4907,F004008__3,2006-05-01,68.56,2006,5,CO,Total Electric Power Industry,Petroleum (Barrels),5045,0.2,3.22594410070404,98.7869,55.6,16.94,6377
4908,F004008__3,2006-06-01,68.44,2006,6,CO,Total Electric Power Industry,Petroleum (Barrels),6377,0.07,3.22594410070404,99.0997,65.7,16.94,6377
4909,F004008__3,2006-07-01,71.6,2006,7,CO,Total Electric Power Industry,Petroleum (Barrels),9055,-0.02,3.22594410070404,99.0489,69.6,16.94,6377
4910,F004008__3,2006-08-01,70.68,2006,8,CO,Total Electric Power Industry,Petroleum (Barrels),8969,0.02,3.22594410070404,99.4836,65.6,16.94,6377
4911,F004008__3,2006-09-01,62.17,2006,9,CO,Total Electric Power Industry,Petroleum (Barrels),4711,-0.04,3.22594410070404,99.3183,53.5,16.94,6377
4912,F004008__3,2006-10-01,56.5,2006,10,CO,Total Electric Power Industry,Petroleum (Barrels),3969,-0.04,3.22594410070404,99.2044,44.9,16.94,6377
4913,F004008__3,2006-11-01,56.2,2006,11,CO,Total Electric Power Industry,Petroleum (Barrels),5123,-0.09,3.22594410070404,99.1627,36.5,16.94,6377
4914,F004008__3,2006-12-01,58.96,2006,12,CO,Total Electric Power Industry,Petroleum (Barrels),4783,-0.09,3.22594410070404,100.1735,26.8,16.94,6377
4915,F004008__3,2007-01-01,50.9,2007,1,CO,Total Electric Power Industry,Petroleum (Barrels),3774,,2.85267248150138,99.8346,19.4,17.06,6306
4916,F004008__3,2007-02-01,54.18,2007,2,CO,Total Electric Power Industry,Petroleum (Barrels),2183,-0.12,2.85267248150138,100.7753,27.7,17.06,6306
4917,F004008__3,2007-03-01,55.77,2007,3,CO,Total Electric Power Industry,Petroleum (Barrels),1310,-0.07,2.85267248150138,100.9547,40.5,17.06,6306
4918,F004008__3,2007-04-01,58.78,2007,4,CO,Total Electric Power Industry,Petroleum (Barrels),11489,0.05,2.85267248150138,101.6334,43.3,17.06,6306
4919,F004008__3,2007-05-01,58.5,2007,5,CO,Total Electric Power Industry,Petroleum (Barrels),23982,0.01,2.85267248150138,101.7306,53.5,17.06,6306
4920,F004008__3,2007-06-01,62.02,2007,6,CO,Total Electric Power Industry,Petroleum (Barrels),4150,-0.02,2.85267248150138,101.7893,62.8,17.06,6306
4921,F004008__3,2007-07-01,68.47,2007,7,CO,Total Electric Power Industry,Petroleum (Barrels),2722,0.14,2.85267248150138,101.6672,69.7,17.06,6306
4922,F004008__3,2007-08-01,67.48,2007,8,CO,Total Electric Power Industry,Petroleum (Barrels),4063,0.2,2.85267248150138,101.863,68.8,17.06,6306
4923,F004008__3,2007-09-01,73.1,2007,9,CO,Total Electric Power Industry,Petroleum (Barrels),3117,,2.85267248150138,102.0894,59.7,17.06,6306
4924,F004008__3,2007-10-01,78.81,2007,10,CO,Total Electric Power Industry,Petroleum (Barrels),2731,0.54,2.85267248150138,101.8015,48.3,17.06,6306
4925,F004008__3,2007-11-01,87.63,2007,11,CO,Total Electric Power Industry,Petroleum (Barrels),2090,0.59,2.85267248150138,102.3446,38.0,17.06,6306
4926,F004008__3,2007-12-01,85.06,2007,12,CO,Total Electric Power Industry,Petroleum (Barrels),3352,0.99,2.85267248150138,102.3803,22.4,17.06,6306
4927,F004008__3,2008-01-01,84.83,2008,1,CO,Total Electric Power Industry,Petroleum (Barrels),5958,,3.839100296651,102.2448,20.9,19.81,6737
4928,F004008__3,2008-02-01,86.25,2008,2,CO,Total Electric Power Industry,Petroleum (Barrels),3528,1.53,3.839100296651,101.8438,27.6,19.81,6737
4929,F004008__3,2008-03-01,96.48,2008,3,CO,Total Electric Power Industry,Petroleum (Barrels),2572,1.93,3.839100296651,101.5336,33.9,19.81,6737
4930,F004008__3,2008-04-01,105.25,2008,4,CO,Total Electric Power Industry,Petroleum (Barrels),4576,1.77,3.839100296651,100.8785,40.9,19.81,6737
4931,F004008__3,2008-05-01,116.09,2008,5,CO,Total Electric Power Industry,Petroleum (Barrels),9726,1.41,3.839100296651,100.2674,51.0,19.81,6737
4932,F004008__3,2008-06-01,125.57,2008,6,CO,Total Electric Power Industry,Petroleum (Barrels),1222,1.47,3.839100296651,100.0335,61.6,19.81,6737
4933,F004008__3,2008-07-01,126.07,2008,7,CO,Total Electric Power Industry,Petroleum (Barrels),916,1.38,3.839100296651,99.676,69.2,19.81,6737
4934,F004008__3,2008-08-01,109.25,2008,8,CO,Total Electric Power Industry,Petroleum (Barrels),2026,1.46,3.839100296651,98.1111,65.7,19.81,6737
4935,F004008__3,2008-09-01,95.55,2008,9,CO,Total Electric Power Industry,Petroleum (Barrels),4999,,3.839100296651,93.7895,57.3,19.81,6737
4936,F004008__3,2008-10-01,66.7,2008,10,CO,Total Electric Power Industry,Petroleum (Barrels),1390,1.95,3.839100296651,94.7219,47.6,19.81,6737
4937,F004008__3,2008-11-01,49.13,2008,11,CO,Total Electric Power Industry,Petroleum (Barrels),3812,2.51,3.839100296651,93.4715,38.3,19.81,6737
4938,F004008__3,2008-12-01,32.5,2008,12,CO,Total Electric Power Industry,Petroleum (Barrels),4065,1.82,3.839100296651,90.8357,25.3,19.81,6737
4939,F004008__3,2009-01-01,31.92,2009,1,CO,Total Electric Power Industry,Petroleum (Barrels),3402,,-0.355546266299747,88.57,28.3,15.52,6656
4940,F004008__3,2009-02-01,30.3,2009,2,CO,Total Electric Power Industry,Petroleum (Barrels),456,1.87,-0.355546266299747,88.031,32.2,15.52,6656
4941,F004008__3,2009-03-01,39.45,2009,3,CO,Total Electric Power Industry,Petroleum (Barrels),1482,2.02,-0.355546266299747,86.6528,37.1,15.52,6656
4942,F004008__3,2009-04-01,42.12,2009,4,CO,Total Electric Power Industry,Petroleum (Barrels),2251,1.85,-0.355546266299747,85.9344,42.0,15.52,6656
4943,F004008__3,2009-05-01,51.62,2009,5,CO,Total Electric Power Industry,Petroleum (Barrels),3524,2.29,-0.355546266299747,85.0665,54.5,15.52,6656
4944,F004008__3,2009-06-01,61.78,2009,6,CO,Total Electric Power Industry,Petroleum (Barrels),2318,2.74,-0.355546266299747,84.7459,59.8,15.52,6656
4945,F004008__3,2009-07-01,58.62,2009,7,CO,Total Electric Power Industry,Petroleum (Barrels),2426,2.5,-0.355546266299747,85.7027,66.9,15.52,6656
4946,F004008__3,2009-08-01,63.06,2009,8,CO,Total Electric Power Industry,Petroleum (Barrels),3554,2.48,-0.355546266299747,86.6426,64.8,15.52,6656
4947,F004008__3,2009-09-01,62.5,2009,9,CO,Total Electric Power Industry,Petroleum (Barrels),2005,2.46,-0.355546266299747,87.4063,57.6,15.52,6656
4948,F004008__3,2009-10-01,67.51,2009,10,CO,Total Electric Power Industry,Petroleum (Barrels),7083,2.34,-0.355546266299747,87.6419,40.8,15.52,6656
4949,F004008__3,2009-11-01,69.65,2009,11,CO,Total Electric Power Industry,Petroleum (Barrels),1821,2.53,-0.355546266299747,88.0221,37.8,15.52,6656
4950,F004008__3,2009-12-01,68.04,2009,12,CO,Total Electric Power Industry,Petroleum (Barrels),3075,2.61,-0.355546266299747,88.3793,20.4,15.52,6656
4951,F004008__3,2010-01-01,70.94,2010,1,CO,Total Electric Power Industry,Petroleum (Barrels),8098,,1.6400434423899,89.3426,26.1,17.53,7130
4952,F004008__3,2010-02-01,69.93,2010,2,CO,Total Electric Power Industry,Petroleum (Barrels),2228,2.82,1.6400434423899,89.6779,24.6,17.53,7130
4953,F004008__3,2010-03-01,74.92,2010,3,CO,Total Electric Power Industry,Petroleum (Barrels),4199,2.81,1.6400434423899,90.2928,35.2,17.53,7130
4954,F004008__3,2010-04-01,78.37,2010,4,CO,Total Electric Power Industry,Petroleum (Barrels),3894,2.84,1.6400434423899,90.5991,43.6,17.53,7130
4955,F004008__3,2010-05-01,68.67,2010,5,CO,Total Electric Power Industry,Petroleum (Barrels),4277,2.72,1.6400434423899,91.823,50.1,17.53,7130
4956,F004008__3,2010-06-01,67.86,2010,6,CO,Total Electric Power Industry,Petroleum (Barrels),4260,2.51,1.6400434423899,91.9928,64.0,17.53,7130
4957,F004008__3,2010-07-01,68.51,2010,7,CO,Total Electric Power Industry,Petroleum (Barrels),745,2.33,1.6400434423899,92.3421,68.6,17.53,7130
4958,F004008__3,2010-08-01,70.96,2010,8,CO,Total Electric Power Industry,Petroleum (Barrels),2225,2.43,1.6400434423899,92.6805,66.5,17.53,7130
4959,F004008__3,2010-09-01,68.57,2010,9,CO,Total Electric Power Industry,Petroleum (Barrels),1459,2.08,1.6400434423899,92.9537,61.2,17.53,7130
4960,F004008__3,2010-10-01,74.86,2010,10,CO,Total Electric Power Industry,Petroleum (Barrels),3467,2.12,1.6400434423899,92.6903,49.2,17.53,7130
4961,F004008__3,2010-11-01,77.26,2010,11,CO,Total Electric Power Industry,Petroleum (Barrels),3491,2.32,1.6400434423899,92.7709,33.6,17.53,7130
4962,F004008__3,2010-12-01,81.33,2010,12,CO,Total Electric Power Industry,Petroleum (Barrels),11842,2.44,1.6400434423899,93.6787,31.1,17.53,7130
4963,F004008__3,2011-01-01,82.04,2011,1,CO,Total Electric Power Industry,Petroleum (Barrels),2741,2.75,3.156841568622,93.4814,24.0,21.31,7680
4964,F004008__3,2011-02-01,82.58,2011,2,CO,Total Electric Power Industry,Petroleum (Barrels),1928,2.87,3.156841568622,93.1102,24.2,21.31,7680
4965,F004008__3,2011-03-01,95.67,2011,3,CO,Total Electric Power Industry,Petroleum (Barrels),2923,2.75,3.156841568622,94.0788,37.7,21.31,7680
4966,F004008__3,2011-04-01,102.95,2011,4,CO,Total Electric Power Industry,Petroleum (Barrels),15453,2.66,3.156841568622,93.7749,43.0,21.31,7680
4967,F004008__3,2011-05-01,96.21,2011,5,CO,Total Electric Power Industry,Petroleum (Barrels),1337,2.7,3.156841568622,93.888,49.3,21.31,7680
4968,F004008__3,2011-06-01,90.37,2011,6,CO,Total Electric Power Industry,Petroleum (Barrels),7816,2.52,3.156841568622,94.172,62.9,21.31,7680
4969,F004008__3,2011-07-01,90.47,2011,7,CO,Total Electric Power Industry,Petroleum (Barrels),2924,2.72,3.156841568622,94.636,70.0,21.31,7680
4970,F004008__3,2011-08-01,80.6,2011,8,CO,Total Electric Power Industry,Petroleum (Barrels),5428,2.39,3.156841568622,95.2749,69.2,21.31,7680
4971,F004008__3,2011-09-01,78.99,2011,9,CO,Total Electric Power Industry,Petroleum (Barrels),2369,1.96,3.156841568622,95.1961,58.5,21.31,7680
4972,F004008__3,2011-10-01,78.0,2011,10,CO,Total Electric Power Industry,Petroleum (Barrels),3763,1.56,3.156841568622,95.8568,47.1,21.31,7680
4973,F004008__3,2011-11-01,89.73,2011,11,CO,Total Electric Power Industry,Petroleum (Barrels),2357,1.78,3.156841568622,95.8485,34.9,21.31,7680
4974,F004008__3,2011-12-01,91.7,2011,12,CO,Total Electric Power Industry,Petroleum (Barrels),6743,1.84,3.156841568622,96.3571,24.4,21.31,7680
4975,F004008__3,2012-01-01,93.4,2012,1,CO,Total Electric Power Industry,Petroleum (Barrels),2174,,2.06933726526067,96.9318,29.4,21.83,7703
4976,F004008__3,2012-02-01,92.89,2012,2,CO,Total Electric Power Industry,Petroleum (Barrels),1904,1.64,2.06933726526067,97.2435,27.4,21.83,7703
4977,F004008__3,2012-03-01,96.38,2012,3,CO,Total Electric Power Industry,Petroleum (Barrels),3411,1.73,2.06933726526067,96.74,41.9,21.83,7703
4978,F004008__3,2012-04-01,94.23,2012,4,CO,Total Electric Power Industry,Petroleum (Barrels),4020,1.89,2.06933726526067,97.4359,48.2,21.83,7703
4979,F004008__3,2012-05-01,87.84,2012,5,CO,Total Electric Power Industry,Petroleum (Barrels),2060,1.71,2.06933726526067,97.6609,55.4,21.83,7703
4980,F004008__3,2012-06-01,74.34,2012,6,CO,Total Electric Power Industry,Petroleum (Barrels),2077,1.22,2.06933726526067,97.6663,67.9,21.83,7703
4981,F004008__3,2012-07-01,78.25,2012,7,CO,Total Electric Power Industry,Petroleum (Barrels),349,1.31,2.06933726526067,97.8713,70.6,21.83,7703
4982,F004008__3,2012-08-01,84.35,2012,8,CO,Total Electric Power Industry,Petroleum (Barrels),190,1.32,2.06933726526067,97.4525,67.7,21.83,7703
4983,F004008__3,2012-09-01,86.98,2012,9,CO,Total Electric Power Industry,Petroleum (Barrels),1952,,2.06933726526067,97.381,59.5,21.83,7703
4984,F004008__3,2012-10-01,82.76,2012,10,CO,Total Electric Power Industry,Petroleum (Barrels),4839,1.39,2.06933726526067,97.7193,46.5,21.83,7703
4985,F004008__3,2012-11-01,78.97,2012,11,CO,Total Electric Power Industry,Petroleum (Barrels),3282,1.45,2.06933726526067,98.0777,39.4,21.83,7703
4986,F004008__3,2012-12-01,80.65,2012,12,CO,Total Electric Power Industry,Petroleum (Barrels),4758,1.38,2.06933726526067,98.3101,25.9,21.83,7703
4987,F004008__3,2013-01-01,87.71,2013,1,CO,Total Electric Power Industry,Petroleum (Barrels),3797,,1.46483265562717,98.3342,22.9,21.17,7707
4988,F004008__3,2013-02-01,88.2,2013,2,CO,Total Electric Power Industry,Petroleum (Barrels),1360,1.77,1.46483265562717,98.7941,25.7,21.17,7707
4989,F004008__3,2013-03-01,85.46,2013,3,CO,Total Electric Power Industry,Petroleum (Barrels),3007,1.61,1.46483265562717,99.1921,35.0,21.17,7707
4990,F004008__3,2013-04-01,84.79,2013,4,CO,Total Electric Power Industry,Petroleum (Barrels),1971,1.63,1.46483265562717,99.1065,39.8,21.17,7707
4991,F004008__3,2013-05-01,88.56,2013,5,CO,Total Electric Power Industry,Petroleum (Barrels),407,1.46,1.46483265562717,99.1839,52.8,21.17,7707
4992,F004008__3,2013-06-01,88.79,2013,6,CO,Total Electric Power Industry,Petroleum (Barrels),2367,1.83,1.46483265562717,99.3897,65.6,21.17,7707
4993,F004008__3,2013-07-01,96.43,2013,7,CO,Total Electric Power Industry,Petroleum (Barrels),2702,2.16,1.46483265562717,99.0814,68.5,21.17,7707
4994,F004008__3,2013-08-01,100.99,2013,8,CO,Total Electric Power Industry,Petroleum (Barrels),1690,2.39,1.46483265562717,99.6543,67.0,21.17,7707
4995,F004008__3,2013-09-01,97.17,2013,9,CO,Total Electric Power Industry,Petroleum (Barrels),1268,,1.46483265562717,100.161,60.7,21.17,7707
4996,F004008__3,2013-10-01,93.16,2013,10,CO,Total Electric Power Industry,Petroleum (Barrels),2740,2.33,1.46483265562717,100.082,44.2,21.17,7707
4997,F004008__3,2013-11-01,84.31,2013,11,CO,Total Electric Power Industry,Petroleum (Barrels),5013,2.32,1.46483265562717,100.3158,35.2,21.17,7707
4998,F004008__3,2013-12-01,83.65,2013,12,CO,Total Electric Power Industry,Petroleum (Barrels),3057,2.51,1.46483265562717,100.5175,23.7,21.17,7707
4999,F004008__3,2014-01-01,84.37,2014,1,CO,Total Electric Power Industry,Petroleum (Barrels),3474,,1.62222297740817,100.1599,26.4,21.31,7981
5000,F004008__3,2014-02-01,86.84,2014,2,CO,Total Electric Power Industry,Petroleum (Barrels),2768,2.31,1.62222297740817,100.9168,27.6,21.31,7981
5001,F004008__3,2014-03-01,90.68,2014,3,CO,Total Electric Power Industry,Petroleum (Barrels),3024,2.28,1.62222297740817,101.8942,36.3,21.31,7981
5002,F004008__3,2014-04-01,92.39,2014,4,CO,Total Electric Power Industry,Petroleum (Barrels),1426,2.33,1.62222297740817,101.9928,43.3,21.31,7981
5003,F004008__3,2014-05-01,91.55,2014,5,CO,Total Electric Power Industry,Petroleum (Barrels),2403,2.22,1.62222297740817,102.3836,52.4,21.31,7981
5004,F004008__3,2014-06-01,92.45,2014,6,CO,Total Electric Power Industry,Petroleum (Barrels),1987,2.15,1.62222297740817,102.735,62.5,21.31,7981
5005,F004008__3,2014-07-01,91.23,2014,7,CO,Total Electric Power Industry,Petroleum (Barrels),944,2.11,1.62222297740817,102.9632,68.4,21.31,7981
5006,F004008__3,2014-08-01,86.74,2014,8,CO,Total Electric Power Industry,Petroleum (Barrels),2489,2.05,1.62222297740817,102.7688,64.6,21.31,7981
5007,F004008__3,2014-09-01,83.59,2014,9,CO,Total Electric Power Industry,Petroleum (Barrels),1972,,1.62222297740817,103.0641,60.0,21.31,7981
5008,F004008__3,2014-10-01,76.15,2014,10,CO,Total Electric Power Industry,Petroleum (Barrels),4510,1.89,1.62222297740817,103.0764,49.9,21.31,7981
5009,F004008__3,2014-11-01,68.68,2014,11,CO,Total Electric Power Industry,Petroleum (Barrels),4395,1.84,1.62222297740817,103.7126,33.4,21.31,7981
5010,F004008__3,2014-12-01,50.89,2014,12,CO,Total Electric Power Industry,Petroleum (Barrels),4031,1.73,1.62222297740817,103.7044,27.9,21.31,7981
5011,F004008__3,2015-01-01,38.53,2015,1,CO,Total Electric Power Industry,Petroleum (Barrels),1895,,0.118627135552451,102.8905,29.2,17.19,8068
5012,F004008__3,2015-02-01,39.84,2015,2,CO,Total Electric Power Industry,Petroleum (Barrels),3389,1.19,0.118627135552451,102.2335,32.1,17.19,8068
5013,F004008__3,2015-03-01,38.68,2015,3,CO,Total Electric Power Industry,Petroleum (Barrels),1211,1.42,0.118627135552451,101.8914,40.6,17.19,8068
5014,F004008__3,2015-04-01,44.75,2015,4,CO,Total Electric Power Industry,Petroleum (Barrels),804,1.32,0.118627135552451,101.3355,44.8,17.19,8068
5015,F004008__3,2015-05-01,49.2,2015,5,CO,Total Electric Power Industry,Petroleum (Barrels),1669,1.52,0.118627135552451,100.8883,49.8,17.19,8068
5016,F004008__3,2015-06-01,50.17,2015,6,CO,Total Electric Power Industry,Petroleum (Barrels),3010,1.55,0.118627135552451,100.571,64.9,17.19,8068
5017,F004008__3,2015-07-01,44.05,2015,7,CO,Total Electric Power Industry,Petroleum (Barrels),1687,1.74,0.118627135552451,101.2228,66.6,17.19,8068
5018,F004008__3,2015-08-01,34.97,2015,8,CO,Total Electric Power Industry,Petroleum (Barrels),772,1.48,0.118627135552451,101.0367,66.9,17.19,8068
5019,F004008__3,2015-09-01,38.12,2015,9,CO,Total Electric Power Industry,Petroleum (Barrels),1184,1.47,0.118627135552451,100.7547,62.6,17.19,8068
5020,F004008__3,2015-10-01,39.75,2015,10,CO,Total Electric Power Industry,Petroleum (Barrels),479,1.41,0.118627135552451,100.2675,51.4,17.19,8068
5021,F004008__3,2015-11-01,36.81,2015,11,CO,Total Electric Power Industry,Petroleum (Barrels),4221,1.43,0.118627135552451,99.5298,34.6,17.19,8068
5022,F004008__3,2015-12-01,31.21,2015,12,CO,Total Electric Power Industry,Petroleum (Barrels),3197,1.24,0.118627135552451,99.0417,25.8,17.19,8068
5023,F004008__3,2016-01-01,24.17,2016,1,CO,Total Electric Power Industry,Petroleum (Barrels),632,,1.26158320570536,99.5607,25.6,15.72,8356
5024,F004008__3,2016-02-01,23.18,2016,2,CO,Total Electric Power Industry,Petroleum (Barrels),4514,1.16,1.26158320570536,99.0445,32.4,15.72,8356
5025,F004008__3,2016-03-01,31.64,2016,3,CO,Total Electric Power Industry,Petroleum (Barrels),1432,0.98,1.26158320570536,98.3096,37.9,15.72,8356
5026,F004008__3,2016-04-01,35.4,2016,4,CO,Total Electric Power Industry,Petroleum (Barrels),438,1.03,1.26158320570536,98.6421,43.7,15.72,8356
5027,F004008__3,2016-05-01,41.31,2016,5,CO,Total Electric Power Industry,Petroleum (Barrels),1819,1.08,1.26158320570536,98.4184,50.8,15.72,8356
5028,F004008__3,2016-06-01,44.07,2016,6,CO,Total Electric Power Industry,Petroleum (Barrels),944,0.94,1.26158320570536,98.8833,66.4,15.72,8356
5029,F004008__3,2016-07-01,41.59,2016,7,CO,Total Electric Power Industry,Petroleum (Barrels),1524,0.87,1.26158320570536,98.9992,69.2,15.72,8356
5030,F004008__3,2016-08-01,41.23,2016,8,CO,Total Electric Power Industry,Petroleum (Barrels),708,0.84,1.26158320570536,98.85,64.5,15.72,8356
5031,F004008__3,2016-09-01,40.61,2016,9,CO,Total Electric Power Industry,Petroleum (Barrels),1294,0.79,1.26158320570536,98.7457,59.7,15.72,8356
5032,F004008__3,2016-10-01,45.26,2016,10,CO,Total Electric Power Industry,Petroleum (Barrels),1435,0.83,1.26158320570536,98.7611,51.8,15.72,8356
5033,F004008__3,2016-11-01,40.7,2016,11,CO,Total Electric Power Industry,Petroleum (Barrels),3683,1.0,1.26158320570536,98.3491,40.2,15.72,8356
5034,F004008__3,2016-12-01,46.21,2016,12,CO,Total Electric Power Industry,Petroleum (Barrels),2869,1.31,1.26158320570536,99.0214,25.2,15.72,8356
5035,F004008__3,2017-01-01,47.14,2017,1,CO,Total Electric Power Industry,Petroleum (Barrels),1696,,2.13011000365961,98.7611,25.3,17.16,8541
5036,F004008__3,2017-02-01,49.79,2017,2,CO,Total Electric Power Industry,Petroleum (Barrels),1935,1.26,2.13011000365961,98.3646,35.4,17.16,8541
5037,F004008__3,2017-03-01,45.09,2017,3,CO,Total Electric Power Industry,Petroleum (Barrels),2781,1.17,2.13011000365961,99.0137,42.5,17.16,8541
5038,F004008__3,2017-04-01,46.62,2017,4,CO,Total Electric Power Industry,Petroleum (Barrels),1088,1.11,2.13011000365961,100.0224,44.3,17.16,8541
5039,F004008__3,2017-05-01,44.04,2017,5,CO,Total Electric Power Industry,Petroleum (Barrels),2398,1.05,2.13011000365961,100.1408,51.5,17.16,8541
5040,F004008__3,2017-06-01,40.77,2017,6,CO,Total Electric Power Industry,Petroleum (Barrels),952,0.93,2.13011000365961,100.3471,64.8,17.16,8541
5041,F004008__3,2017-07-01,41.92,2017,7,CO,Total Electric Power Industry,Petroleum (Barrels),1643,0.94,2.13011000365961,100.1068,69.4,17.16,8541
5042,F004008__3,2017-08-01,43.55,2017,8,CO,Total Electric Power Industry,Petroleum (Barrels),2145,0.92,2.13011000365961,99.6925,64.7,17.16,8541
5043,F004008__3,2017-09-01,45.4,2017,9,CO,Total Electric Power Industry,Petroleum (Barrels),1383,0.81,2.13011000365961,99.7954,59.1,17.16,8541
5044,F004008__3,2017-10-01,46.88,2017,10,CO,Total Electric Power Industry,Petroleum (Barrels),2394,0.85,2.13011000365961,101.0247,46.7,17.16,8541
5045,F004008__3,2017-11-01,52.07,2017,11,CO,Total Electric Power Industry,Petroleum (Barrels),1770,0.76,2.13011000365961,101.2664,41.3,17.16,8541
5046,F004008__3,2017-12-01,53.08,2017,12,CO,Total Electric Power Industry,Petroleum (Barrels),3043,0.59,2.13011000365961,101.4644,30.1,17.16,8541
5047,F004008__3,2018-01-01,58.71,2018,1,CO,Total Electric Power Industry,Petroleum (Barrels),4347,,2.44258329692817,101.4625,29.7,18.47,8726
5048,F004008__3,2018-02-01,57.57,2018,2,CO,Total Electric Power Industry,Petroleum (Barrels),3263,0.62,2.44258329692817,101.7085,28.6,18.47,8726
5049,F004008__3,2018-03-01,57.93,2018,3,CO,Total Electric Power Industry,Petroleum (Barrels),2695,0.59,2.44258329692817,102.2067,37.8,18.47,8726
5050,F004008__3,2018-04-01,61.36,2018,4,CO,Total Electric Power Industry,Petroleum (Barrels),2095,0.48,2.44258329692817,103.3329,44.0,18.47,8726
5051,F004008__3,2018-05-01,64.72,2018,5,CO,Total Electric Power Industry,Petroleum (Barrels),1917,0.47,2.44258329692817,102.4024,57.2,18.47,8726
5052,F004008__3,2018-06-01,62.43,2018,6,CO,Total Electric Power Industry,Petroleum (Barrels),3781,0.42,2.44258329692817,103.198,66.5,18.47,8726
5053,F004008__3,2018-07-01,65.53,2018,7,CO,Total Electric Power Industry,Petroleum (Barrels),2335,0.3,2.44258329692817,103.3646,70.0,18.47,8726
5054,F004008__3,2018-08-01,63.52,2018,8,CO,Total Electric Power Industry,Petroleum (Barrels),1712,0.33,2.44258329692817,104.0327,66.2,18.47,8726
5055,F004008__3,2018-09-01,65.3,2018,9,CO,Total Electric Power Industry,Petroleum (Barrels),1424,,2.44258329692817,104.1004,61.9,18.47,8726
5056,F004008__3,2018-10-01,65.71,2018,10,CO,Total Electric Power Industry,Petroleum (Barrels),2435,0.27,2.44258329692817,103.9856,45.0,18.47,8726
5057,F004008__3,2018-11-01,52.37,2018,11,CO,Total Electric Power Industry,Petroleum (Barrels),5743,0.3,2.44258329692817,104.0681,32.5,18.47,8726
5058,F004008__3,2018-12-01,43.98,2018,12,CO,Total Electric Power Industry,Petroleum (Barrels),2369,0.15,2.44258329692817,104.0936,26.6,18.47,8726
5059,F004008__3,2019-01-01,45.47,2019,1,CO,Total Electric Power Industry,Petroleum (Barrels),3366,,1.81221007526021,103.4021,26.0,17.75,8445
5060,F004008__3,2019-02-01,48.83,2019,2,CO,Total Electric Power Industry,Petroleum (Barrels),3343,0.18,1.81221007526021,102.8371,24.9,17.75,8445
5061,F004008__3,2019-03-01,51.84,2019,3,CO,Total Electric Power Industry,Petroleum (Barrels),2685,0.21,1.81221007526021,102.8757,33.8,17.75,8445
5062,F004008__3,2019-04-01,58.06,2019,4,CO,Total Electric Power Industry,Petroleum (Barrels),2321,0.16,1.81221007526021,102.274,45.5,17.75,8445
5063,F004008__3,2019-05-01,54.57,2019,5,CO,Total Electric Power Industry,Petroleum (Barrels),1336,0.21,1.81221007526021,102.392,47.9,17.75,8445
5064,F004008__3,2019-06-01,48.59,2019,6,CO,Total Electric Power Industry,Petroleum (Barrels),1212,0.25,1.81221007526021,102.4375,60.6,17.75,8445
5065,F004008__3,2019-07-01,51.45,2019,7,CO,Total Electric Power Industry,Petroleum (Barrels),1849,0.25,1.81221007526021,101.9408,69.1,17.75,8445
5066,F004008__3,2019-08-01,48.73,2019,8,CO,Total Electric Power Industry,Petroleum (Barrels),1234,0.17,1.81221007526021,102.639,68.3,17.75,8445
5067,F004008__3,2019-09-01,51.18,2019,9,CO,Total Electric Power Industry,Petroleum (Barrels),2757,,1.81221007526021,102.2917,62.9,17.75,8445
5068,F004008__3,2019-10-01,48.13,2019,10,CO,Total Electric Power Industry,Petroleum (Barrels),910,0.09,1.81221007526021,101.4281,40.9,17.75,8445
5069,F004008__3,2019-11-01,50.39,2019,11,CO,Total Electric Power Industry,Petroleum (Barrels),1079,0.17,1.81221007526021,101.9372,35.2,17.75,8445
5070,F004008__3,2019-12-01,53.51,2019,12,CO,Total Electric Power Industry,Petroleum (Barrels),1715,0.22,1.81221007526021,101.7003,28.1,17.75,8445
5071,F004008__3,2020-01-01,51.78,2020,1,CO,Total Electric Power Industry,Petroleum (Barrels),545,,1.23358439630629,101.0338,27.4,16.47,7113
5072,F004008__3,2020-02-01,44.04,2020,2,CO,Total Electric Power Industry,Petroleum (Barrels),455,0.18,1.23358439630629,101.3735,26.4,16.47,7113
5073,F004008__3,2020-03-01,23.95,2020,3,CO,Total Electric Power Industry,Petroleum (Barrels),1114,0.26,1.23358439630629,97.4078,38.8,16.47,7113
5074,F004008__3,2020-04-01,9.53,2020,4,CO,Total Electric Power Industry,Petroleum (Barrels),1179,0.39,1.23358439630629,84.5619,43.4,16.47,7113
5075,F004008__3,2020-05-01,9.96,2020,5,CO,Total Electric Power Industry,Petroleum (Barrels),1031,0.44,1.23358439630629,85.9604,55.6,16.47,7113
5076,F004008__3,2020-06-01,30.77,2020,6,CO,Total Electric Power Industry,Petroleum (Barrels),3451,0.52,1.23358439630629,91.5934,65.0,16.47,7113
5077,F004008__3,2020-07-01,36.04,2020,7,CO,Total Electric Power Industry,Petroleum (Barrels),1664,0.52,1.23358439630629,95.0256,69.3,16.47,7113
5078,F004008__3,2020-08-01,37.99,2020,8,CO,Total Electric Power Industry,Petroleum (Barrels),1775,0.45,1.23358439630629,95.9549,70.1,16.47,7113
5079,F004008__3,2020-09-01,35.31,2020,9,CO,Total Electric Power Industry,Petroleum (Barrels),1062,0.55,1.23358439630629,95.9669,58.8,16.47,7113
5080,F004008__3,2020-10-01,35.33,2020,10,CO,Total Electric Power Industry,Petroleum (Barrels),2100,0.54,1.23358439630629,96.7394,47.1,16.47,7113
5081,F004008__3,2020-11-01,37.16,2020,11,CO,Total Electric Power Industry,Petroleum (Barrels),3313,0.71,1.23358439630629,97.0816,38.5,16.47,7113
5082,F004008__3,2020-12-01,42.91,2020,12,CO,Total Electric Power Industry,Petroleum (Barrels),1906,0.75,1.23358439630629,98.363,26.7,16.47,7113
5083,F004008__3,2021-01-01,47.82,2021,1,CO,Total Electric Power Industry,Petroleum (Barrels),2195,,4.69785886363742,98.8822,26.7,20.64,7904
5084,F004008__3,2021-02-01,54.71,2021,2,CO,Total Electric Power Industry,Petroleum (Barrels),16354,0.98,4.69785886363742,95.6149,24.8,20.64,7904
5085,F004008__3,2021-03-01,58.08,2021,3,CO,Total Electric Power Industry,Petroleum (Barrels),2138,1.32,4.69785886363742,98.3856,35.8,20.64,7904
5086,F004008__3,2021-04-01,56.9,2021,4,CO,Total Electric Power Industry,Petroleum (Barrels),1824,1.52,4.69785886363742,98.5587,43.1,20.64,7904
5087,F004008__3,2021-05-01,60.62,2021,5,CO,Total Electric Power Industry,Petroleum (Barrels),6114,1.47,4.69785886363742,99.4333,52.9,20.64,7904
5088,F004008__3,2021-06-01,66.83,2021,6,CO,Total Electric Power Industry,Petroleum (Barrels),5582,1.46,4.69785886363742,99.7987,65.7,20.64,7904
5089,F004008__3,2021-07-01,67.39,2021,7,CO,Total Electric Power Industry,Petroleum (Barrels),5454,1.23,4.69785886363742,100.2519,70.0,20.64,7904
5090,F004008__3,2021-08-01,63.02,2021,8,CO,Total Electric Power Industry,Petroleum (Barrels),4148,1.03,4.69785886363742,100.0437,67.4,20.64,7904
5091,F004008__3,2021-09-01,66.93,2021,9,CO,Total Electric Power Industry,Petroleum (Barrels),4805,1.11,4.69785886363742,98.8579,62.4,20.64,7904
5092,F004008__3,2021-10-01,77.97,2021,10,CO,Total Electric Power Industry,Petroleum (Barrels),4420,1.21,4.69785886363742,100.1861,47.8,20.64,7904
5093,F004008__3,2021-11-01,74.95,2021,11,CO,Total Electric Power Industry,Petroleum (Barrels),8199,1.08,4.69785886363742,100.8654,40.7,20.64,7904
5094,F004008__3,2021-12-01,68.17,2021,12,CO,Total Electric Power Industry,Petroleum (Barrels),4602,0.87,4.69785886363742,100.5726,32.4,20.64,7904
5095,F004008__3,2022-01-01,79.36,2022,1,CO,Total Electric Power Industry,Petroleum (Barrels),6617,0.85,8.00279982052121,100.1856,26.7,25.85,8375
5096,F004008__3,2022-02-01,88.26,2022,2,CO,Total Electric Power Industry,Petroleum (Barrels),2581,0.63,8.00279982052121,100.8064,25.1,25.85,8375
5097,F004008__3,2022-03-01,105.16,2022,3,CO,Total Electric Power Industry,Petroleum (Barrels),3204,0.41,8.00279982052121,101.3907,35.1,25.85,8375
5098,F004008__3,2022-04-01,98.52,2022,4,CO,Total Electric Power Industry,Petroleum (Barrels),1678,-0.05,8.00279982052121,101.44,43.9,25.85,8375
5099,F004008__3,2022-05-01,105.51,2022,5,CO,Total Electric Power Industry,Petroleum (Barrels),3289,0.26,8.00279982052121,101.3335,53.4,25.85,8375
5100,F004008__3,2022-06-01,110.72,2022,6,CO,Total Electric Power Industry,Petroleum (Barrels),4296,0.28,8.00279982052121,101.018,64.4,25.85,8375
5101,F004008__3,2022-07-01,96.56,2022,7,CO,Total Electric Power Industry,Petroleum (Barrels),7319,0.04,8.00279982052121,101.223,70.4,25.85,8375
5102,F004008__3,2022-08-01,88.87,2022,8,CO,Total Electric Power Industry,Petroleum (Barrels),3726,-0.3,8.00279982052121,101.0963,67.8,25.85,8375
5103,F004008__3,2022-09-01,81.29,2022,9,CO,Total Electric Power Industry,Petroleum (Barrels),4423,-0.25,8.00279982052121,101.2918,62.5,25.85,8375
5104,F004008__3,2022-10-01,84.63,2022,10,CO,Total Electric Power Industry,Petroleum (Barrels),3006,-0.45,8.00279982052121,101.2529,47.7,25.85,8375
5105,F004008__3,2022-11-01,82.87,2022,11,CO,Total Electric Power Industry,Petroleum (Barrels),5455,-0.47,8.00279982052121,100.9552,31.6,25.85,8375
5106,F004008__3,2022-12-01,74.91,2022,12,CO,Total Electric Power Industry,Petroleum (Barrels),20963,-0.72,8.00279982052121,99.7664,25.7,25.85,8375
5107,F004008__3,2023-01-01,75.3,2023,1,CO,Total Electric Power Industry,Petroleum (Barrels),37585,,4.11633838374488,100.505,23.6,23.85,8607
5108,F004008__3,2023-02-01,73.72,2023,2,CO,Total Electric Power Industry,Petroleum (Barrels),37168,-0.7,4.11633838374488,100.6416,24.9,23.85,8607
5109,F004008__3,2023-03-01,70.84,2023,3,CO,Total Electric Power Industry,Petroleum (Barrels),35704,-0.88,4.11633838374488,101.0205,30.4,23.85,8607
5110,F004008__3,2023-04-01,76.58,2023,4,CO,Total Electric Power Industry,Petroleum (Barrels),45102,-0.54,4.11633838374488,101.253,41.2,23.85,8607
5111,F004008__3,2023-05-01,68.92,2023,5,CO,Total Electric Power Industry,Petroleum (Barrels),59971,-0.55,4.11633838374488,100.9286,54.4,23.85,8607
5112,F004008__3,2023-06-01,67.09,2023,6,CO,Total Electric Power Industry,Petroleum (Barrels),55846,-0.72,4.11633838374488,100.1196,59.9,23.85,8607
5113,F004008__3,2023-07-01,72.51,2023,7,CO,Total Electric Power Industry,Petroleum (Barrels),36831,-1.08,4.11633838374488,100.9067,69.4,23.85,8607
5114,F004008__3,2023-08-01,78.25,2023,8,CO,Total Electric Power Industry,Petroleum (Barrels),35672,-0.87,4.11633838374488,100.8393,67.7,23.85,8607
5115,F004008__3,2023-09-01,86.54,2023,9,CO,Total Electric Power Industry,Petroleum (Barrels),48303,-0.69,4.11633838374488,101.0211,60.5,23.85,8607
5116,F004008__3,2023-10-01,83.04,2023,10,CO,Total Electric Power Industry,Petroleum (Barrels),41530,-0.43,4.11633838374488,100.4689,47.8,23.85,8607
5117,F004008__3,2023-11-01,75.61,2023,11,CO,Total Electric Power Industry,Petroleum (Barrels),33208,-0.18,4.11633838374488,100.8639,37.0,23.85,8607
5118,F004008__3,2023-12-01,68.92,2023,12,CO,Total Electric Power Industry,Petroleum (Barrels),40664,-0.34,4.11633838374488,100.6031,30.3,23.85,8607
5119,F004030__3,2001-01-01,27.02,2001,1,MT,Total Electric Power Industry,Petroleum (Barrels),88535,,2.82617111885407,91.902,27.5,10.66,6111
5120,F004030__3,2001-02-01,26.95,2001,2,MT,Total Electric Power Industry,Petroleum (Barrels),75386,0.55,2.82617111885407,91.3034,22.0,10.66,6111
5121,F004030__3,2001-03-01,24.36,2001,3,MT,Total Electric Power Industry,Petroleum (Barrels),84365,0.46,2.82617111885407,91.1162,35.8,10.66,6111
5122,F004030__3,2001-04-01,24.61,2001,4,MT,Total Electric Power Industry,Petroleum (Barrels),82918,0.76,2.82617111885407,90.7891,50.6,10.66,6111
5123,F004030__3,2001-05-01,25.54,2001,5,MT,Total Electric Power Industry,Petroleum (Barrels),80076,1.07,2.82617111885407,90.3555,59.8,10.66,6111
5124,F004030__3,2001-06-01,24.59,2001,6,MT,Total Electric Power Industry,Petroleum (Barrels),74416,1.17,2.82617111885407,89.8784,68.5,10.66,6111
5125,F004030__3,2001-07-01,23.57,2001,7,MT,Total Electric Power Industry,Petroleum (Barrels),71909,1.16,2.82617111885407,89.3028,77.1,10.66,6111
5126,F004030__3,2001-08-01,24.61,2001,8,MT,Total Electric Power Industry,Petroleum (Barrels),53403,1.28,2.82617111885407,89.2003,73.9,10.66,6111
5127,F004030__3,2001-09-01,23.72,2001,9,MT,Total Electric Power Industry,Petroleum (Barrels),114593,,2.82617111885407,88.7485,63.6,10.66,6111
5128,F004030__3,2001-10-01,18.62,2001,10,MT,Total Electric Power Industry,Petroleum (Barrels),109545,1.73,2.82617111885407,88.5052,51.0,10.66,6111
5129,F004030__3,2001-11-01,17.65,2001,11,MT,Total Electric Power Industry,Petroleum (Barrels),135695,1.75,2.82617111885407,87.97,43.9,10.66,6111
5130,F004030__3,2001-12-01,16.33,2001,12,MT,Total Electric Power Industry,Petroleum (Barrels),110024,1.93,2.82617111885407,87.9324,30.3,10.66,6111
5131,F004030__3,2002-01-01,16.75,2002,1,MT,Total Electric Power Industry,Petroleum (Barrels),124083,,1.58603162650601,88.5176,29.5,9.28,6214
5132,F004030__3,2002-02-01,17.57,2002,2,MT,Total Electric Power Industry,Petroleum (Barrels),86598,1.94,1.58603162650601,88.5278,31.8,9.28,6214
5133,F004030__3,2002-03-01,18.04,2002,3,MT,Total Electric Power Industry,Petroleum (Barrels),126061,1.8,1.58603162650601,89.1686,30.1,9.28,6214
5134,F004030__3,2002-04-01,23.26,2002,4,MT,Total Electric Power Industry,Petroleum (Barrels),160900,1.7,1.58603162650601,89.604,49.9,9.28,6214
5135,F004030__3,2002-05-01,24.11,2002,5,MT,Total Electric Power Industry,Petroleum (Barrels),98594,1.87,1.58603162650601,89.964,56.0,9.28,6214
5136,F004030__3,2002-06-01,23.14,2002,6,MT,Total Electric Power Industry,Petroleum (Barrels),87561,1.87,1.58603162650601,90.7061,73.9,9.28,6214
5137,F004030__3,2002-07-01,24.3,2002,7,MT,Total Electric Power Industry,Petroleum (Barrels),99780,1.97,1.58603162650601,90.6769,78.3,9.28,6214
5138,F004030__3,2002-08-01,25.48,2002,8,MT,Total Electric Power Industry,Petroleum (Barrels),40893,2.32,1.58603162650601,90.5762,73.0,9.28,6214
5139,F004030__3,2002-09-01,27.2,2002,9,MT,Total Electric Power Industry,Petroleum (Barrels),2624,,1.58603162650601,90.6531,64.3,9.28,6214
5140,F004030__3,2002-10-01,26.09,2002,10,MT,Total Electric Power Industry,Petroleum (Barrels),58796,1.92,1.58603162650601,90.4643,44.4,9.28,6214
5141,F004030__3,2002-11-01,23.75,2002,11,MT,Total Electric Power Industry,Petroleum (Barrels),72118,2.25,1.58603162650601,90.9711,37.1,9.28,6214
5142,F004030__3,2002-12-01,27.1,2002,12,MT,Total Electric Power Industry,Petroleum (Barrels),99980,2.15,1.58603162650601,90.4652,31.8,9.28,6214
5143,F004030__3,2003-01-01,30.25,2003,1,MT,Total Electric Power Industry,Petroleum (Barrels),97358,,2.27009497336115,91.2361,26.9,10.79,6176
5144,F004030__3,2003-02-01,33.42,2003,2,MT,Total Electric Power Industry,Petroleum (Barrels),88916,2.29,2.27009497336115,91.3445,25.0,10.79,6176
5145,F004030__3,2003-03-01,31.11,2003,3,MT,Total Electric Power Industry,Petroleum (Barrels),96102,2.16,2.27009497336115,91.1044,38.7,10.79,6176
5146,F004030__3,2003-04-01,26.43,2003,4,MT,Total Electric Power Industry,Petroleum (Barrels),94023,2.34,2.27009497336115,90.5617,50.5,10.79,6176
5147,F004030__3,2003-05-01,26.21,2003,5,MT,Total Electric Power Industry,Petroleum (Barrels),106330,2.38,2.27009497336115,90.537,57.4,10.79,6176
5148,F004030__3,2003-06-01,28.42,2003,6,MT,Total Electric Power Industry,Petroleum (Barrels),90268,2.1,2.27009497336115,90.6527,66.1,10.79,6176
5149,F004030__3,2003-07-01,28.76,2003,7,MT,Total Electric Power Industry,Petroleum (Barrels),85773,2.26,2.27009497336115,91.1185,76.4,10.79,6176
5150,F004030__3,2003-08-01,29.38,2003,8,MT,Total Electric Power Industry,Petroleum (Barrels),91374,2.59,2.27009497336115,90.9197,75.5,10.79,6176
5151,F004030__3,2003-09-01,25.89,2003,9,MT,Total Electric Power Industry,Petroleum (Barrels),118154,,2.27009497336115,91.5059,61.1,10.79,6176
5152,F004030__3,2003-10-01,27.67,2003,10,MT,Total Electric Power Industry,Petroleum (Barrels),80880,2.49,2.27009497336115,91.6186,54.6,10.79,6176
5153,F004030__3,2003-11-01,28.12,2003,11,MT,Total Electric Power Industry,Petroleum (Barrels),7604,2.5,2.27009497336115,92.2329,34.7,10.79,6176
5154,F004030__3,2003-12-01,29.26,2003,12,MT,Total Electric Power Industry,Petroleum (Barrels),24350,2.28,2.27009497336115,92.2602,30.5,10.79,6176
5155,F004030__3,2004-01-01,30.94,2004,1,MT,Total Electric Power Industry,Petroleum (Barrels),64671,,2.67723669309172,92.4006,24.0,12.37,6283
5156,F004030__3,2004-02-01,31.46,2004,2,MT,Total Electric Power Industry,Petroleum (Barrels),61081,2.35,2.67723669309172,92.958,26.3,12.37,6283
5157,F004030__3,2004-03-01,33.64,2004,3,MT,Total Electric Power Industry,Petroleum (Barrels),63870,2.33,2.67723669309172,92.5861,43.1,12.37,6283
5158,F004030__3,2004-04-01,33.78,2004,4,MT,Total Electric Power Industry,Petroleum (Barrels),64383,2.26,2.67723669309172,92.93,50.5,12.37,6283
5159,F004030__3,2004-05-01,36.79,2004,5,MT,Total Electric Power Industry,Petroleum (Barrels),68390,2.19,2.67723669309172,93.6013,60.4,12.37,6283
5160,F004030__3,2004-06-01,35.0,2004,6,MT,Total Electric Power Industry,Petroleum (Barrels),55315,2.11,2.67723669309172,92.871,65.2,12.37,6283
5161,F004030__3,2004-07-01,37.48,2004,7,MT,Total Electric Power Industry,Petroleum (Barrels),62850,1.93,2.67723669309172,93.5649,71.7,12.37,6283
5162,F004030__3,2004-08-01,41.85,2004,8,MT,Total Electric Power Industry,Petroleum (Barrels),64456,1.82,2.67723669309172,93.6277,68.5,12.37,6283
5163,F004030__3,2004-09-01,43.01,2004,9,MT,Total Electric Power Industry,Petroleum (Barrels),65543,1.72,2.67723669309172,93.7467,66.2,12.37,6283
5164,F004030__3,2004-10-01,49.97,2004,10,MT,Total Electric Power Industry,Petroleum (Barrels),66058,1.58,2.67723669309172,94.5465,52.3,12.37,6283
5165,F004030__3,2004-11-01,45.7,2004,11,MT,Total Electric Power Industry,Petroleum (Barrels),47434,1.5,2.67723669309172,94.7813,38.7,12.37,6283
5166,F004030__3,2004-12-01,39.65,2004,12,MT,Total Electric Power Industry,Petroleum (Barrels),68061,1.37,2.67723669309172,95.5365,30.8,12.37,6283
5167,F004030__3,2005-01-01,42.45,2005,1,MT,Total Electric Power Industry,Petroleum (Barrels),66676,1.13,3.3927468454955,95.8801,23.1,14.89,6542
5168,F004030__3,2005-02-01,44.34,2005,2,MT,Total Electric Power Industry,Petroleum (Barrels),60988,0.86,3.3927468454955,96.5761,34.4,14.89,6542
5169,F004030__3,2005-03-01,51.38,2005,3,MT,Total Electric Power Industry,Petroleum (Barrels),68785,0.79,3.3927468454955,96.4456,39.4,14.89,6542
5170,F004030__3,2005-04-01,49.64,2005,4,MT,Total Electric Power Industry,Petroleum (Barrels),59770,0.71,3.3927468454955,96.6532,49.7,14.89,6542
5171,F004030__3,2005-05-01,44.87,2005,5,MT,Total Electric Power Industry,Petroleum (Barrels),58729,0.57,3.3927468454955,96.7402,57.8,14.89,6542
5172,F004030__3,2005-06-01,51.29,2005,6,MT,Total Electric Power Industry,Petroleum (Barrels),58102,0.41,3.3927468454955,97.1753,70.0,14.89,6542
5173,F004030__3,2005-07-01,54.62,2005,7,MT,Total Electric Power Industry,Petroleum (Barrels),46118,0.3,3.3927468454955,96.8676,75.9,14.89,6542
5174,F004030__3,2005-08-01,60.76,2005,8,MT,Total Electric Power Industry,Petroleum (Barrels),35130,0.28,3.3927468454955,97.1833,72.6,14.89,6542
5175,F004030__3,2005-09-01,60.83,2005,9,MT,Total Electric Power Industry,Petroleum (Barrels),59266,0.3,3.3927468454955,95.3005,67.5,14.89,6542
5176,F004030__3,2005-10-01,58.11,2005,10,MT,Total Electric Power Industry,Petroleum (Barrels),66480,0.18,3.3927468454955,96.4572,51.9,14.89,6542
5177,F004030__3,2005-11-01,54.04,2005,11,MT,Total Electric Power Industry,Petroleum (Barrels),64066,0.16,3.3927468454955,97.5414,41.1,14.89,6542
5178,F004030__3,2005-12-01,53.74,2005,12,MT,Total Electric Power Industry,Petroleum (Barrels),63932,0.07,3.3927468454955,98.0452,25.0,14.89,6542
5179,F004030__3,2006-01-01,57.9,2006,1,MT,Total Electric Power Industry,Petroleum (Barrels),68656,,3.22594410070404,98.1999,37.1,16.38,6377
5180,F004030__3,2006-02-01,50.66,2006,2,MT,Total Electric Power Industry,Petroleum (Barrels),59834,-0.02,3.22594410070404,98.2413,28.1,16.38,6377
5181,F004030__3,2006-03-01,48.47,2006,3,MT,Total Electric Power Industry,Petroleum (Barrels),64721,-0.12,3.22594410070404,98.4628,36.8,16.38,6377
5182,F004030__3,2006-04-01,57.12,2006,4,MT,Total Electric Power Industry,Petroleum (Barrels),63993,0.02,3.22594410070404,98.7618,53.3,16.38,6377
5183,F004030__3,2006-05-01,61.26,2006,5,MT,Total Electric Power Industry,Petroleum (Barrels),58387,0.2,3.22594410070404,98.7869,61.2,16.38,6377
5184,F004030__3,2006-06-01,63.06,2006,6,MT,Total Electric Power Industry,Petroleum (Barrels),62665,0.07,3.22594410070404,99.0997,71.8,16.38,6377
5185,F004030__3,2006-07-01,67.58,2006,7,MT,Total Electric Power Industry,Petroleum (Barrels),51178,-0.02,3.22594410070404,99.0489,77.4,16.38,6377
5186,F004030__3,2006-08-01,66.11,2006,8,MT,Total Electric Power Industry,Petroleum (Barrels),34442,0.02,3.22594410070404,99.4836,72.8,16.38,6377
5187,F004030__3,2006-09-01,57.01,2006,9,MT,Total Electric Power Industry,Petroleum (Barrels),61788,-0.04,3.22594410070404,99.3183,58.8,16.38,6377
5188,F004030__3,2006-10-01,49.98,2006,10,MT,Total Electric Power Industry,Petroleum (Barrels),68533,-0.04,3.22594410070404,99.2044,48.0,16.38,6377
5189,F004030__3,2006-11-01,48.47,2006,11,MT,Total Electric Power Industry,Petroleum (Barrels),62048,-0.09,3.22594410070404,99.1627,37.6,16.38,6377
5190,F004030__3,2006-12-01,51.42,2006,12,MT,Total Electric Power Industry,Petroleum (Barrels),70765,-0.09,3.22594410070404,100.1735,30.2,16.38,6377
5191,F004030__3,2007-01-01,46.69,2007,1,MT,Total Electric Power Industry,Petroleum (Barrels),80079,,2.85267248150138,99.8346,21.6,17.28,6306
5192,F004030__3,2007-02-01,51.97,2007,2,MT,Total Electric Power Industry,Petroleum (Barrels),73542,-0.12,2.85267248150138,100.7753,23.1,17.28,6306
5193,F004030__3,2007-03-01,53.7,2007,3,MT,Total Electric Power Industry,Petroleum (Barrels),78240,-0.07,2.85267248150138,100.9547,45.6,17.28,6306
5194,F004030__3,2007-04-01,57.32,2007,4,MT,Total Electric Power Industry,Petroleum (Barrels),69843,0.05,2.85267248150138,101.6334,46.4,17.28,6306
5195,F004030__3,2007-05-01,59.36,2007,5,MT,Total Electric Power Industry,Petroleum (Barrels),74275,0.01,2.85267248150138,101.7306,62.1,17.28,6306
5196,F004030__3,2007-06-01,64.23,2007,6,MT,Total Electric Power Industry,Petroleum (Barrels),65608,-0.02,2.85267248150138,101.7893,69.2,17.28,6306
5197,F004030__3,2007-07-01,71.11,2007,7,MT,Total Electric Power Industry,Petroleum (Barrels),44328,0.14,2.85267248150138,101.6672,76.1,17.28,6306
5198,F004030__3,2007-08-01,67.74,2007,8,MT,Total Electric Power Industry,Petroleum (Barrels),45434,0.2,2.85267248150138,101.863,75.6,17.28,6306
5199,F004030__3,2007-09-01,71.15,2007,9,MT,Total Electric Power Industry,Petroleum (Barrels),69060,,2.85267248150138,102.0894,64.7,17.28,6306
5200,F004030__3,2007-10-01,74.77,2007,10,MT,Total Electric Power Industry,Petroleum (Barrels),72574,0.54,2.85267248150138,101.8015,53.6,17.28,6306
5201,F004030__3,2007-11-01,83.81,2007,11,MT,Total Electric Power Industry,Petroleum (Barrels),71095,0.59,2.85267248150138,102.3446,39.5,17.28,6306
5202,F004030__3,2007-12-01,79.09,2007,12,MT,Total Electric Power Industry,Petroleum (Barrels),79999,0.99,2.85267248150138,102.3803,22.0,17.28,6306
5203,F004030__3,2008-01-01,83.43,2008,1,MT,Total Electric Power Industry,Petroleum (Barrels),79229,,3.839100296651,102.2448,21.3,20.47,6737
5204,F004030__3,2008-02-01,86.44,2008,2,MT,Total Electric Power Industry,Petroleum (Barrels),76098,1.53,3.839100296651,101.8438,26.2,20.47,6737
5205,F004030__3,2008-03-01,98.35,2008,3,MT,Total Electric Power Industry,Petroleum (Barrels),81731,1.93,3.839100296651,101.5336,37.4,20.47,6737
5206,F004030__3,2008-04-01,107.49,2008,4,MT,Total Electric Power Industry,Petroleum (Barrels),82556,1.77,3.839100296651,100.8785,44.6,20.47,6737
5207,F004030__3,2008-05-01,118.28,2008,5,MT,Total Electric Power Industry,Petroleum (Barrels),85643,1.41,3.839100296651,100.2674,56.3,20.47,6737
5208,F004030__3,2008-06-01,126.8,2008,6,MT,Total Electric Power Industry,Petroleum (Barrels),83411,1.47,3.839100296651,100.0335,67.5,20.47,6737
5209,F004030__3,2008-07-01,126.33,2008,7,MT,Total Electric Power Industry,Petroleum (Barrels),17892,1.38,3.839100296651,99.676,75.0,20.47,6737
5210,F004030__3,2008-08-01,105.27,2008,8,MT,Total Electric Power Industry,Petroleum (Barrels),3197,1.46,3.839100296651,98.1111,71.4,20.47,6737
5211,F004030__3,2008-09-01,92.49,2008,9,MT,Total Electric Power Industry,Petroleum (Barrels),58783,,3.839100296651,93.7895,62.2,20.47,6737
5212,F004030__3,2008-10-01,64.1,2008,10,MT,Total Electric Power Industry,Petroleum (Barrels),83406,1.95,3.839100296651,94.7219,50.2,20.47,6737
5213,F004030__3,2008-11-01,43.94,2008,11,MT,Total Electric Power Industry,Petroleum (Barrels),78290,2.51,3.839100296651,93.4715,38.9,20.47,6737
5214,F004030__3,2008-12-01,26.76,2008,12,MT,Total Electric Power Industry,Petroleum (Barrels),78936,1.82,3.839100296651,90.8357,21.3,20.47,6737
5215,F004030__3,2009-01-01,29.67,2009,1,MT,Total Electric Power Industry,Petroleum (Barrels),82669,,-0.355546266299747,88.57,25.5,16.14,6656
5216,F004030__3,2009-02-01,31.46,2009,2,MT,Total Electric Power Industry,Petroleum (Barrels),70864,1.87,-0.355546266299747,88.031,31.8,16.14,6656
5217,F004030__3,2009-03-01,42.51,2009,3,MT,Total Electric Power Industry,Petroleum (Barrels),83233,2.02,-0.355546266299747,86.6528,37.4,16.14,6656
5218,F004030__3,2009-04-01,44.77,2009,4,MT,Total Electric Power Industry,Petroleum (Barrels),74535,1.85,-0.355546266299747,85.9344,46.1,16.14,6656
5219,F004030__3,2009-05-01,51.52,2009,5,MT,Total Electric Power Industry,Petroleum (Barrels),79750,2.29,-0.355546266299747,85.0665,59.1,16.14,6656
5220,F004030__3,2009-06-01,60.82,2009,6,MT,Total Electric Power Industry,Petroleum (Barrels),81872,2.74,-0.355546266299747,84.7459,66.8,16.14,6656
5221,F004030__3,2009-07-01,55.72,2009,7,MT,Total Electric Power Industry,Petroleum (Barrels),71681,2.5,-0.355546266299747,85.7027,70.2,16.14,6656
5222,F004030__3,2009-08-01,62.44,2009,8,MT,Total Electric Power Industry,Petroleum (Barrels),70959,2.48,-0.355546266299747,86.6426,69.4,16.14,6656
5223,F004030__3,2009-09-01,60.88,2009,9,MT,Total Electric Power Industry,Petroleum (Barrels),76822,2.46,-0.355546266299747,87.4063,61.8,16.14,6656
5224,F004030__3,2009-10-01,67.02,2009,10,MT,Total Electric Power Industry,Petroleum (Barrels),70319,2.34,-0.355546266299747,87.6419,42.3,16.14,6656
5225,F004030__3,2009-11-01,68.65,2009,11,MT,Total Electric Power Industry,Petroleum (Barrels),80822,2.53,-0.355546266299747,88.0221,42.2,16.14,6656
5226,F004030__3,2009-12-01,65.46,2009,12,MT,Total Electric Power Industry,Petroleum (Barrels),84093,2.61,-0.355546266299747,88.3793,18.6,16.14,6656
5227,F004030__3,2010-01-01,70.04,2010,1,MT,Total Electric Power Industry,Petroleum (Barrels),84290,,1.6400434423899,89.3426,22.1,18.24,7130
5228,F004030__3,2010-02-01,69.7,2010,2,MT,Total Electric Power Industry,Petroleum (Barrels),73814,2.82,1.6400434423899,89.6779,23.0,18.24,7130
5229,F004030__3,2010-03-01,73.91,2010,3,MT,Total Electric Power Industry,Petroleum (Barrels),82832,2.81,1.6400434423899,90.2928,39.7,18.24,7130
5230,F004030__3,2010-04-01,75.83,2010,4,MT,Total Electric Power Industry,Petroleum (Barrels),73893,2.84,1.6400434423899,90.5991,51.7,18.24,7130
5231,F004030__3,2010-05-01,63.92,2010,5,MT,Total Electric Power Industry,Petroleum (Barrels),81383,2.72,1.6400434423899,91.823,56.3,18.24,7130
5232,F004030__3,2010-06-01,66.09,2010,6,MT,Total Electric Power Industry,Petroleum (Barrels),59864,2.51,1.6400434423899,91.9928,69.6,18.24,7130
5233,F004030__3,2010-07-01,66.84,2010,7,MT,Total Electric Power Industry,Petroleum (Barrels),77054,2.33,1.6400434423899,92.3421,74.5,18.24,7130
5234,F004030__3,2010-08-01,67.68,2010,8,MT,Total Electric Power Industry,Petroleum (Barrels),18592,2.43,1.6400434423899,92.6805,74.8,18.24,7130
5235,F004030__3,2010-09-01,66.51,2010,9,MT,Total Electric Power Industry,Petroleum (Barrels),19,2.08,1.6400434423899,92.9537,63.6,18.24,7130
5236,F004030__3,2010-10-01,69.87,2010,10,MT,Total Electric Power Industry,Petroleum (Barrels),62670,2.12,1.6400434423899,92.6903,54.0,18.24,7130
5237,F004030__3,2010-11-01,74.41,2010,11,MT,Total Electric Power Industry,Petroleum (Barrels),79182,2.32,1.6400434423899,92.7709,36.7,18.24,7130
5238,F004030__3,2010-12-01,79.1,2010,12,MT,Total Electric Power Industry,Petroleum (Barrels),84283,2.44,1.6400434423899,93.6787,26.1,18.24,7130
5239,F004030__3,2011-01-01,79.62,2011,1,MT,Total Electric Power Industry,Petroleum (Barrels),44551,2.75,3.156841568622,93.4814,20.4,21.78,7680
5240,F004030__3,2011-02-01,79.28,2011,2,MT,Total Electric Power Industry,Petroleum (Barrels),73264,2.87,3.156841568622,93.1102,24.5,21.78,7680
5241,F004030__3,2011-03-01,93.08,2011,3,MT,Total Electric Power Industry,Petroleum (Barrels),81437,2.75,3.156841568622,94.0788,37.1,21.78,7680
5242,F004030__3,2011-04-01,105.54,2011,4,MT,Total Electric Power Industry,Petroleum (Barrels),80382,2.66,3.156841568622,93.7749,47.5,21.78,7680
5243,F004030__3,2011-05-01,96.35,2011,5,MT,Total Electric Power Industry,Petroleum (Barrels),81770,2.7,3.156841568622,93.888,56.0,21.78,7680
5244,F004030__3,2011-06-01,91.6,2011,6,MT,Total Electric Power Industry,Petroleum (Barrels),78340,2.52,3.156841568622,94.172,68.2,21.78,7680
5245,F004030__3,2011-07-01,91.99,2011,7,MT,Total Electric Power Industry,Petroleum (Barrels),78288,2.72,3.156841568622,94.636,77.7,21.78,7680
5246,F004030__3,2011-08-01,81.24,2011,8,MT,Total Electric Power Industry,Petroleum (Barrels),77820,2.39,3.156841568622,95.2749,73.9,21.78,7680
5247,F004030__3,2011-09-01,81.82,2011,9,MT,Total Electric Power Industry,Petroleum (Barrels),73903,1.96,3.156841568622,95.1961,60.6,21.78,7680
5248,F004030__3,2011-10-01,82.36,2011,10,MT,Total Electric Power Industry,Petroleum (Barrels),43210,1.56,3.156841568622,95.8568,52.7,21.78,7680
5249,F004030__3,2011-11-01,91.02,2011,11,MT,Total Electric Power Industry,Petroleum (Barrels),77963,1.78,3.156841568622,95.8485,38.2,21.78,7680
5250,F004030__3,2011-12-01,89.08,2011,12,MT,Total Electric Power Industry,Petroleum (Barrels),87105,1.84,3.156841568622,96.3571,28.6,21.78,7680
5251,F004030__3,2012-01-01,90.12,2012,1,MT,Total Electric Power Industry,Petroleum (Barrels),77536,,2.06933726526067,96.9318,30.4,21.99,7703
5252,F004030__3,2012-02-01,90.33,2012,2,MT,Total Electric Power Industry,Petroleum (Barrels),75713,1.64,2.06933726526067,97.2435,29.3,21.99,7703
5253,F004030__3,2012-03-01,85.27,2012,3,MT,Total Electric Power Industry,Petroleum (Barrels),81169,1.73,2.06933726526067,96.74,50.8,21.99,7703
5254,F004030__3,2012-04-01,83.88,2012,4,MT,Total Electric Power Industry,Petroleum (Barrels),76173,1.89,2.06933726526067,97.4359,53.5,21.99,7703
5255,F004030__3,2012-05-01,81.17,2012,5,MT,Total Electric Power Industry,Petroleum (Barrels),83533,1.71,2.06933726526067,97.6609,62.3,21.99,7703
5256,F004030__3,2012-06-01,72.51,2012,6,MT,Total Electric Power Industry,Petroleum (Barrels),27846,1.22,2.06933726526067,97.6663,73.4,21.99,7703
5257,F004030__3,2012-07-01,72.37,2012,7,MT,Total Electric Power Industry,Petroleum (Barrels),61635,1.31,2.06933726526067,97.8713,80.0,21.99,7703
5258,F004030__3,2012-08-01,82.12,2012,8,MT,Total Electric Power Industry,Petroleum (Barrels),79063,1.32,2.06933726526067,97.4525,73.0,21.99,7703
5259,F004030__3,2012-09-01,87.25,2012,9,MT,Total Electric Power Industry,Petroleum (Barrels),79860,,2.06933726526067,97.381,64.0,21.99,7703
5260,F004030__3,2012-10-01,86.8,2012,10,MT,Total Electric Power Industry,Petroleum (Barrels),84891,1.39,2.06933726526067,97.7193,48.2,21.99,7703
5261,F004030__3,2012-11-01,82.93,2012,11,MT,Total Electric Power Industry,Petroleum (Barrels),80393,1.45,2.06933726526067,98.0777,40.0,21.99,7703
5262,F004030__3,2012-12-01,80.25,2012,12,MT,Total Electric Power Industry,Petroleum (Barrels),81760,1.38,2.06933726526067,98.3101,27.6,21.99,7703
5263,F004030__3,2013-01-01,88.92,2013,1,MT,Total Electric Power Industry,Petroleum (Barrels),79916,,1.46483265562717,98.3342,25.5,22.05,7707
5264,F004030__3,2013-02-01,87.79,2013,2,MT,Total Electric Power Industry,Petroleum (Barrels),68841,1.77,1.46483265562717,98.7941,28.8,22.05,7707
5265,F004030__3,2013-03-01,86.4,2013,3,MT,Total Electric Power Industry,Petroleum (Barrels),84334,1.61,1.46483265562717,99.1921,34.8,22.05,7707
5266,F004030__3,2013-04-01,86.18,2013,4,MT,Total Electric Power Industry,Petroleum (Barrels),79045,1.63,1.46483265562717,99.1065,42.5,22.05,7707
5267,F004030__3,2013-05-01,87.02,2013,5,MT,Total Electric Power Industry,Petroleum (Barrels),71385,1.46,1.46483265562717,99.1839,58.5,22.05,7707
5268,F004030__3,2013-06-01,85.58,2013,6,MT,Total Electric Power Industry,Petroleum (Barrels),47501,1.83,1.46483265562717,99.3897,68.8,22.05,7707
5269,F004030__3,2013-07-01,98.28,2013,7,MT,Total Electric Power Industry,Petroleum (Barrels),73413,2.16,1.46483265562717,99.0814,73.2,22.05,7707
5270,F004030__3,2013-08-01,98.25,2013,8,MT,Total Electric Power Industry,Petroleum (Barrels),71058,2.39,1.46483265562717,99.6543,73.8,22.05,7707
5271,F004030__3,2013-09-01,95.99,2013,9,MT,Total Electric Power Industry,Petroleum (Barrels),74257,,1.46483265562717,100.161,68.0,22.05,7707
5272,F004030__3,2013-10-01,87.6,2013,10,MT,Total Electric Power Industry,Petroleum (Barrels),85019,2.33,1.46483265562717,100.082,48.8,22.05,7707
5273,F004030__3,2013-11-01,78.32,2013,11,MT,Total Electric Power Industry,Petroleum (Barrels),76035,2.32,1.46483265562717,100.3158,36.0,22.05,7707
5274,F004030__3,2013-12-01,82.13,2013,12,MT,Total Electric Power Industry,Petroleum (Barrels),80997,2.51,1.46483265562717,100.5175,22.8,22.05,7707
5275,F004030__3,2014-01-01,80.27,2014,1,MT,Total Electric Power Industry,Petroleum (Barrels),73659,,1.62222297740817,100.1599,25.4,21.85,7981
5276,F004030__3,2014-02-01,91.29,2014,2,MT,Total Electric Power Industry,Petroleum (Barrels),62653,2.31,1.62222297740817,100.9168,20.8,21.85,7981
5277,F004030__3,2014-03-01,90.05,2014,3,MT,Total Electric Power Industry,Petroleum (Barrels),74412,2.28,1.62222297740817,101.8942,35.4,21.85,7981
5278,F004030__3,2014-04-01,90.15,2014,4,MT,Total Electric Power Industry,Petroleum (Barrels),80439,2.33,1.62222297740817,101.9928,48.3,21.85,7981
5279,F004030__3,2014-05-01,90.97,2014,5,MT,Total Electric Power Industry,Petroleum (Barrels),69062,2.22,1.62222297740817,102.3836,58.5,21.85,7981
5280,F004030__3,2014-06-01,92.82,2014,6,MT,Total Electric Power Industry,Petroleum (Barrels),671,2.15,1.62222297740817,102.735,68.1,21.85,7981
5281,F004030__3,2014-07-01,89.66,2014,7,MT,Total Electric Power Industry,Petroleum (Barrels),43071,2.11,1.62222297740817,102.9632,71.2,21.85,7981
5282,F004030__3,2014-08-01,82.98,2014,8,MT,Total Electric Power Industry,Petroleum (Barrels),83436,2.05,1.62222297740817,102.7688,72.2,21.85,7981
5283,F004030__3,2014-09-01,79.59,2014,9,MT,Total Electric Power Industry,Petroleum (Barrels),78789,,1.62222297740817,103.0641,62.9,21.85,7981
5284,F004030__3,2014-10-01,72.58,2014,10,MT,Total Electric Power Industry,Petroleum (Barrels),77149,1.89,1.62222297740817,103.0764,53.2,21.85,7981
5285,F004030__3,2014-11-01,65.46,2014,11,MT,Total Electric Power Industry,Petroleum (Barrels),80301,1.84,1.62222297740817,103.7126,32.2,21.85,7981
5286,F004030__3,2014-12-01,47.69,2014,12,MT,Total Electric Power Industry,Petroleum (Barrels),84769,1.73,1.62222297740817,103.7044,28.0,21.85,7981
5287,F004030__3,2015-01-01,36.91,2015,1,MT,Total Electric Power Industry,Petroleum (Barrels),79402,,0.118627135552451,102.8905,27.2,17.65,8068
5288,F004030__3,2015-02-01,39.99,2015,2,MT,Total Electric Power Industry,Petroleum (Barrels),72650,1.19,0.118627135552451,102.2335,26.1,17.65,8068
5289,F004030__3,2015-03-01,37.38,2015,3,MT,Total Electric Power Industry,Petroleum (Barrels),75543,1.42,0.118627135552451,101.8914,42.9,17.65,8068
5290,F004030__3,2015-04-01,45.26,2015,4,MT,Total Electric Power Industry,Petroleum (Barrels),77472,1.32,0.118627135552451,101.3355,50.5,17.65,8068
5291,F004030__3,2015-05-01,50.06,2015,5,MT,Total Electric Power Industry,Petroleum (Barrels),82747,1.52,0.118627135552451,100.8883,56.2,17.65,8068
5292,F004030__3,2015-06-01,52.07,2015,6,MT,Total Electric Power Industry,Petroleum (Barrels),80941,1.55,0.118627135552451,100.571,69.8,17.65,8068
5293,F004030__3,2015-07-01,44.21,2015,7,MT,Total Electric Power Industry,Petroleum (Barrels),79710,1.74,0.118627135552451,101.2228,73.3,17.65,8068
5294,F004030__3,2015-08-01,34.89,2015,8,MT,Total Electric Power Industry,Petroleum (Barrels),83528,1.48,0.118627135552451,101.0367,70.9,17.65,8068
5295,F004030__3,2015-09-01,36.88,2015,9,MT,Total Electric Power Industry,Petroleum (Barrels),77406,1.47,0.118627135552451,100.7547,68.6,17.65,8068
5296,F004030__3,2015-10-01,38.92,2015,10,MT,Total Electric Power Industry,Petroleum (Barrels),81798,1.41,0.118627135552451,100.2675,54.3,17.65,8068
5297,F004030__3,2015-11-01,36.08,2015,11,MT,Total Electric Power Industry,Petroleum (Barrels),75382,1.43,0.118627135552451,99.5298,40.1,17.65,8068
5298,F004030__3,2015-12-01,29.89,2015,12,MT,Total Electric Power Industry,Petroleum (Barrels),77451,1.24,0.118627135552451,99.0417,29.7,17.65,8068
5299,F004030__3,2016-01-01,23.92,2016,1,MT,Total Electric Power Industry,Petroleum (Barrels),77098,,1.26158320570536,99.5607,26.0,15.97,8356
5300,F004030__3,2016-02-01,22.16,2016,2,MT,Total Electric Power Industry,Petroleum (Barrels),69104,1.16,1.26158320570536,99.0445,35.0,15.97,8356
5301,F004030__3,2016-03-01,29.68,2016,3,MT,Total Electric Power Industry,Petroleum (Barrels),71804,0.98,1.26158320570536,98.3096,43.9,15.97,8356
5302,F004030__3,2016-04-01,33.38,2016,4,MT,Total Electric Power Industry,Petroleum (Barrels),51507,1.03,1.26158320570536,98.6421,49.9,15.97,8356
5303,F004030__3,2016-05-01,38.9,2016,5,MT,Total Electric Power Industry,Petroleum (Barrels),47424,1.08,1.26158320570536,98.4184,57.2,15.97,8356
5304,F004030__3,2016-06-01,41.9,2016,6,MT,Total Electric Power Industry,Petroleum (Barrels),65624,0.94,1.26158320570536,98.8833,73.3,15.97,8356
5305,F004030__3,2016-07-01,38.35,2016,7,MT,Total Electric Power Industry,Petroleum (Barrels),79878,0.87,1.26158320570536,98.9992,74.2,15.97,8356
5306,F004030__3,2016-08-01,37.45,2016,8,MT,Total Electric Power Industry,Petroleum (Barrels),76427,0.84,1.26158320570536,98.85,71.8,15.97,8356
5307,F004030__3,2016-09-01,37.5,2016,9,MT,Total Electric Power Industry,Petroleum (Barrels),68017,0.79,1.26158320570536,98.7457,65.0,15.97,8356
5308,F004030__3,2016-10-01,43.23,2016,10,MT,Total Electric Power Industry,Petroleum (Barrels),79420,0.83,1.26158320570536,98.7611,55.4,15.97,8356
5309,F004030__3,2016-11-01,38.77,2016,11,MT,Total Electric Power Industry,Petroleum (Barrels),75002,1.0,1.26158320570536,98.3491,44.3,15.97,8356
5310,F004030__3,2016-12-01,44.36,2016,12,MT,Total Electric Power Industry,Petroleum (Barrels),77710,1.31,1.26158320570536,99.0214,23.8,15.97,8356
5311,F004030__3,2017-01-01,44.74,2017,1,MT,Total Electric Power Industry,Petroleum (Barrels),79678,,2.13011000365961,98.7611,24.8,17.18,8541
5312,F004030__3,2017-02-01,46.75,2017,2,MT,Total Electric Power Industry,Petroleum (Barrels),59010,1.26,2.13011000365961,98.3646,35.4,17.18,8541
5313,F004030__3,2017-03-01,43.36,2017,3,MT,Total Electric Power Industry,Petroleum (Barrels),68510,1.17,2.13011000365961,99.0137,42.2,17.18,8541
5314,F004030__3,2017-04-01,44.17,2017,4,MT,Total Electric Power Industry,Petroleum (Barrels),62685,1.11,2.13011000365961,100.0224,49.7,17.18,8541
5315,F004030__3,2017-05-01,42.49,2017,5,MT,Total Electric Power Industry,Petroleum (Barrels),66738,1.05,2.13011000365961,100.1408,57.0,17.18,8541
5316,F004030__3,2017-06-01,38.95,2017,6,MT,Total Electric Power Industry,Petroleum (Barrels),67120,0.93,2.13011000365961,100.3471,70.7,17.18,8541
5317,F004030__3,2017-07-01,40.62,2017,7,MT,Total Electric Power Industry,Petroleum (Barrels),71694,0.94,2.13011000365961,100.1068,76.8,17.18,8541
5318,F004030__3,2017-08-01,42.49,2017,8,MT,Total Electric Power Industry,Petroleum (Barrels),75307,0.92,2.13011000365961,99.6925,69.0,17.18,8541
5319,F004030__3,2017-09-01,44.61,2017,9,MT,Total Electric Power Industry,Petroleum (Barrels),72839,0.81,2.13011000365961,99.7954,65.0,17.18,8541
5320,F004030__3,2017-10-01,46.83,2017,10,MT,Total Electric Power Industry,Petroleum (Barrels),75250,0.85,2.13011000365961,101.0247,50.9,17.18,8541
5321,F004030__3,2017-11-01,52.32,2017,11,MT,Total Electric Power Industry,Petroleum (Barrels),66901,0.76,2.13011000365961,101.2664,39.9,17.18,8541
5322,F004030__3,2017-12-01,53.29,2017,12,MT,Total Electric Power Industry,Petroleum (Barrels),74160,0.59,2.13011000365961,101.4644,26.6,17.18,8541
5323,F004030__3,2018-01-01,58.6,2018,1,MT,Total Electric Power Industry,Petroleum (Barrels),70253,,2.44258329692817,101.4625,23.0,18.56,8726
5324,F004030__3,2018-02-01,57.02,2018,2,MT,Total Electric Power Industry,Petroleum (Barrels),67828,0.62,2.44258329692817,101.7085,21.7,18.56,8726
5325,F004030__3,2018-03-01,57.01,2018,3,MT,Total Electric Power Industry,Petroleum (Barrels),77826,0.59,2.44258329692817,102.2067,38.5,18.56,8726
5326,F004030__3,2018-04-01,60.76,2018,4,MT,Total Electric Power Industry,Petroleum (Barrels),72185,0.48,2.44258329692817,103.3329,41.2,18.56,8726
5327,F004030__3,2018-05-01,64.02,2018,5,MT,Total Electric Power Industry,Petroleum (Barrels),45157,0.47,2.44258329692817,102.4024,63.8,18.56,8726
5328,F004030__3,2018-06-01,61.2,2018,6,MT,Total Electric Power Industry,Petroleum (Barrels),12612,0.42,2.44258329692817,103.198,72.2,18.56,8726
5329,F004030__3,2018-07-01,66.34,2018,7,MT,Total Electric Power Industry,Petroleum (Barrels),81236,0.3,2.44258329692817,103.3646,73.4,18.56,8726
5330,F004030__3,2018-08-01,63.19,2018,8,MT,Total Electric Power Industry,Petroleum (Barrels),75877,0.33,2.44258329692817,104.0327,70.8,18.56,8726
5331,F004030__3,2018-09-01,63.5,2018,9,MT,Total Electric Power Industry,Petroleum (Barrels),69988,,2.44258329692817,104.1004,65.7,18.56,8726
5332,F004030__3,2018-10-01,63.65,2018,10,MT,Total Electric Power Industry,Petroleum (Barrels),78245,0.27,2.44258329692817,103.9856,47.2,18.56,8726
5333,F004030__3,2018-11-01,46.26,2018,11,MT,Total Electric Power Industry,Petroleum (Barrels),75378,0.3,2.44258329692817,104.0681,33.5,18.56,8726
5334,F004030__3,2018-12-01,32.39,2018,12,MT,Total Electric Power Industry,Petroleum (Barrels),80124,0.15,2.44258329692817,104.0936,28.1,18.56,8726
5335,F004030__3,2019-01-01,42.1,2019,1,MT,Total Electric Power Industry,Petroleum (Barrels),78785,,1.81221007526021,103.4021,26.4,18.0,8445
5336,F004030__3,2019-02-01,49.85,2019,2,MT,Total Electric Power Industry,Petroleum (Barrels),70866,0.18,1.81221007526021,102.8371,17.3,18.0,8445
5337,F004030__3,2019-03-01,52.56,2019,3,MT,Total Electric Power Industry,Petroleum (Barrels),81073,0.21,1.81221007526021,102.8757,31.7,18.0,8445
5338,F004030__3,2019-04-01,58.12,2019,4,MT,Total Electric Power Industry,Petroleum (Barrels),76094,0.16,1.81221007526021,102.274,49.2,18.0,8445
5339,F004030__3,2019-05-01,54.65,2019,5,MT,Total Electric Power Industry,Petroleum (Barrels),80919,0.21,1.81221007526021,102.392,53.5,18.0,8445
5340,F004030__3,2019-06-01,48.18,2019,6,MT,Total Electric Power Industry,Petroleum (Barrels),58329,0.25,1.81221007526021,102.4375,68.0,18.0,8445
5341,F004030__3,2019-07-01,51.12,2019,7,MT,Total Electric Power Industry,Petroleum (Barrels),77023,0.25,1.81221007526021,101.9408,74.5,18.0,8445
5342,F004030__3,2019-08-01,48.5,2019,8,MT,Total Electric Power Industry,Petroleum (Barrels),74738,0.17,1.81221007526021,102.639,71.4,18.0,8445
5343,F004030__3,2019-09-01,50.34,2019,9,MT,Total Electric Power Industry,Petroleum (Barrels),66926,,1.81221007526021,102.2917,68.3,18.0,8445
5344,F004030__3,2019-10-01,45.82,2019,10,MT,Total Electric Power Industry,Petroleum (Barrels),24109,0.09,1.81221007526021,101.4281,44.2,18.0,8445
5345,F004030__3,2019-11-01,49.67,2019,11,MT,Total Electric Power Industry,Petroleum (Barrels),75935,0.17,1.81221007526021,101.9372,35.2,18.0,8445
5346,F004030__3,2019-12-01,52.43,2019,12,MT,Total Electric Power Industry,Petroleum (Barrels),82509,0.22,1.81221007526021,101.7003,30.2,18.0,8445
5347,F004030__3,2020-01-01,49.99,2020,1,MT,Total Electric Power Industry,Petroleum (Barrels),77334,,1.23358439630629,101.0338,27.2,16.27,7113
5348,F004030__3,2020-02-01,42.45,2020,2,MT,Total Electric Power Industry,Petroleum (Barrels),68299,0.18,1.23358439630629,101.3735,29.6,16.27,7113
5349,F004030__3,2020-03-01,23.69,2020,3,MT,Total Electric Power Industry,Petroleum (Barrels),80940,0.26,1.23358439630629,97.4078,41.1,16.27,7113
5350,F004030__3,2020-04-01,9.95,2020,4,MT,Total Electric Power Industry,Petroleum (Barrels),65450,0.39,1.23358439630629,84.5619,46.1,16.27,7113
5351,F004030__3,2020-05-01,16.52,2020,5,MT,Total Electric Power Industry,Petroleum (Barrels),76021,0.44,1.23358439630629,85.9604,56.8,16.27,7113
5352,F004030__3,2020-06-01,33.91,2020,6,MT,Total Electric Power Industry,Petroleum (Barrels),51451,0.52,1.23358439630629,91.5934,73.5,16.27,7113
5353,F004030__3,2020-07-01,33.81,2020,7,MT,Total Electric Power Industry,Petroleum (Barrels),68051,0.52,1.23358439630629,95.0256,75.3,16.27,7113
5354,F004030__3,2020-08-01,35.57,2020,8,MT,Total Electric Power Industry,Petroleum (Barrels),75509,0.45,1.23358439630629,95.9549,74.0,16.27,7113
5355,F004030__3,2020-09-01,32.85,2020,9,MT,Total Electric Power Industry,Petroleum (Barrels),64176,0.55,1.23358439630629,95.9669,62.7,16.27,7113
5356,F004030__3,2020-10-01,32.68,2020,10,MT,Total Electric Power Industry,Petroleum (Barrels),76982,0.54,1.23358439630629,96.7394,46.4,16.27,7113
5357,F004030__3,2020-11-01,34.62,2020,11,MT,Total Electric Power Industry,Petroleum (Barrels),79093,0.71,1.23358439630629,97.0816,42.6,16.27,7113
5358,F004030__3,2020-12-01,40.21,2020,12,MT,Total Electric Power Industry,Petroleum (Barrels),64090,0.75,1.23358439630629,98.363,31.3,16.27,7113
5359,F004030__3,2021-01-01,45.11,2021,1,MT,Total Electric Power Industry,Petroleum (Barrels),87264,,4.69785886363742,98.8822,29.3,20.62,7904
5360,F004030__3,2021-02-01,52.25,2021,2,MT,Total Electric Power Industry,Petroleum (Barrels),70520,0.98,4.69785886363742,95.6149,16.5,20.62,7904
5361,F004030__3,2021-03-01,56.51,2021,3,MT,Total Electric Power Industry,Petroleum (Barrels),72807,1.32,4.69785886363742,98.3856,42.6,20.62,7904
5362,F004030__3,2021-04-01,56.95,2021,4,MT,Total Electric Power Industry,Petroleum (Barrels),73219,1.52,4.69785886363742,98.5587,46.9,20.62,7904
5363,F004030__3,2021-05-01,59.65,2021,5,MT,Total Electric Power Industry,Petroleum (Barrels),77151,1.47,4.69785886363742,99.4333,57.9,20.62,7904
5364,F004030__3,2021-06-01,65.32,2021,6,MT,Total Electric Power Industry,Petroleum (Barrels),75417,1.46,4.69785886363742,99.7987,72.8,20.62,7904
5365,F004030__3,2021-07-01,66.52,2021,7,MT,Total Electric Power Industry,Petroleum (Barrels),71096,1.23,4.69785886363742,100.2519,75.0,20.62,7904
5366,F004030__3,2021-08-01,62.59,2021,8,MT,Total Electric Power Industry,Petroleum (Barrels),78214,1.03,4.69785886363742,100.0437,74.3,20.62,7904
5367,F004030__3,2021-09-01,66.06,2021,9,MT,Total Electric Power Industry,Petroleum (Barrels),66906,1.11,4.69785886363742,98.8579,67.6,20.62,7904
5368,F004030__3,2021-10-01,76.19,2021,10,MT,Total Electric Power Industry,Petroleum (Barrels),30723,1.21,4.69785886363742,100.1861,53.2,20.62,7904
5369,F004030__3,2021-11-01,74.09,2021,11,MT,Total Electric Power Industry,Petroleum (Barrels),77777,1.08,4.69785886363742,100.8654,42.6,20.62,7904
5370,F004030__3,2021-12-01,67.31,2021,12,MT,Total Electric Power Industry,Petroleum (Barrels),75345,0.87,4.69785886363742,100.5726,33.8,20.62,7904
5371,F004030__3,2022-01-01,77.74,2022,1,MT,Total Electric Power Industry,Petroleum (Barrels),78630,0.85,8.00279982052121,100.1856,25.6,25.59,8375
5372,F004030__3,2022-02-01,87.4,2022,2,MT,Total Electric Power Industry,Petroleum (Barrels),73486,0.63,8.00279982052121,100.8064,26.9,25.59,8375
5373,F004030__3,2022-03-01,104.64,2022,3,MT,Total Electric Power Industry,Petroleum (Barrels),80577,0.41,8.00279982052121,101.3907,38.1,25.59,8375
5374,F004030__3,2022-04-01,99.32,2022,4,MT,Total Electric Power Industry,Petroleum (Barrels),77289,-0.05,8.00279982052121,101.44,46.6,25.59,8375
5375,F004030__3,2022-05-01,105.47,2022,5,MT,Total Electric Power Industry,Petroleum (Barrels),83624,0.26,8.00279982052121,101.3335,58.7,25.59,8375
5376,F004030__3,2022-06-01,111.36,2022,6,MT,Total Electric Power Industry,Petroleum (Barrels),61296,0.28,8.00279982052121,101.018,71.4,25.59,8375
5377,F004030__3,2022-07-01,96.18,2022,7,MT,Total Electric Power Industry,Petroleum (Barrels),11002,0.04,8.00279982052121,101.223,76.5,25.59,8375
5378,F004030__3,2022-08-01,88.95,2022,8,MT,Total Electric Power Industry,Petroleum (Barrels),78451,-0.3,8.00279982052121,101.0963,75.0,25.59,8375
5379,F004030__3,2022-09-01,80.05,2022,9,MT,Total Electric Power Industry,Petroleum (Barrels),78489,-0.25,8.00279982052121,101.2918,67.5,25.59,8375
5380,F004030__3,2022-10-01,82.99,2022,10,MT,Total Electric Power Industry,Petroleum (Barrels),72657,-0.45,8.00279982052121,101.2529,52.2,25.59,8375
5381,F004030__3,2022-11-01,81.25,2022,11,MT,Total Electric Power Industry,Petroleum (Barrels),74289,-0.47,8.00279982052121,100.9552,34.6,25.59,8375
5382,F004030__3,2022-12-01,72.74,2022,12,MT,Total Electric Power Industry,Petroleum (Barrels),88598,-0.72,8.00279982052121,99.7664,22.7,25.59,8375
5383,F004030__3,2023-01-01,73.86,2023,1,MT,Total Electric Power Industry,Petroleum (Barrels),81934,,4.11633838374488,100.505,24.8,24.05,8607
5384,F004030__3,2023-02-01,72.44,2023,2,MT,Total Electric Power Industry,Petroleum (Barrels),71708,-0.7,4.11633838374488,100.6416,26.9,24.05,8607
5385,F004030__3,2023-03-01,70.35,2023,3,MT,Total Electric Power Industry,Petroleum (Barrels),79807,-0.88,4.11633838374488,101.0205,33.6,24.05,8607
5386,F004030__3,2023-04-01,75.52,2023,4,MT,Total Electric Power Industry,Petroleum (Barrels),79709,-0.54,4.11633838374488,101.253,48.2,24.05,8607
5387,F004030__3,2023-05-01,66.96,2023,5,MT,Total Electric Power Industry,Petroleum (Barrels),80024,-0.55,4.11633838374488,100.9286,62.0,24.05,8607
5388,F004030__3,2023-06-01,65.03,2023,6,MT,Total Electric Power Industry,Petroleum (Barrels),56405,-0.72,4.11633838374488,100.1196,69.8,24.05,8607
5389,F004030__3,2023-07-01,71.1,2023,7,MT,Total Electric Power Industry,Petroleum (Barrels),73935,-1.08,4.11633838374488,100.9067,72.8,24.05,8607
5390,F004030__3,2023-08-01,77.94,2023,8,MT,Total Electric Power Industry,Petroleum (Barrels),74465,-0.87,4.11633838374488,100.8393,73.8,24.05,8607
5391,F004030__3,2023-09-01,85.41,2023,9,MT,Total Electric Power Industry,Petroleum (Barrels),75230,-0.69,4.11633838374488,101.0211,67.2,24.05,8607
5392,F004030__3,2023-10-01,81.07,2023,10,MT,Total Electric Power Industry,Petroleum (Barrels),80200,-0.43,4.11633838374488,100.4689,51.2,24.05,8607
5393,F004030__3,2023-11-01,72.43,2023,11,MT,Total Electric Power Industry,Petroleum (Barrels),77631,-0.18,4.11633838374488,100.8639,40.8,24.05,8607
5394,F004030__3,2023-12-01,64.64,2023,12,MT,Total Electric Power Industry,Petroleum (Barrels),78051,-0.34,4.11633838374488,100.6031,34.1,24.05,8607
5395,F004049__3,2001-01-01,27.89,2001,1,UT,Total Electric Power Industry,Petroleum (Barrels),7059,,2.82617111885407,91.902,17.8,9.27,6111
5396,F004049__3,2001-02-01,27.88,2001,2,UT,Total Electric Power Industry,Petroleum (Barrels),7749,0.55,2.82617111885407,91.3034,19.5,9.27,6111
5397,F004049__3,2001-03-01,25.45,2001,3,UT,Total Electric Power Industry,Petroleum (Barrels),7290,0.46,2.82617111885407,91.1162,25.2,9.27,6111
5398,F004049__3,2001-04-01,25.51,2001,4,UT,Total Electric Power Industry,Petroleum (Barrels),8381,0.76,2.82617111885407,90.7891,39.9,9.27,6111
5399,F004049__3,2001-05-01,26.6,2001,5,UT,Total Electric Power Industry,Petroleum (Barrels),9123,1.07,2.82617111885407,90.3555,54.8,9.27,6111
5400,F004049__3,2001-06-01,25.62,2001,6,UT,Total Electric Power Industry,Petroleum (Barrels),12644,1.17,2.82617111885407,89.8784,63.2,9.27,6111
5401,F004049__3,2001-07-01,24.6,2001,7,UT,Total Electric Power Industry,Petroleum (Barrels),10381,1.16,2.82617111885407,89.3028,63.6,9.27,6111
5402,F004049__3,2001-08-01,25.4,2001,8,UT,Total Electric Power Industry,Petroleum (Barrels),8975,1.28,2.82617111885407,89.2003,67.9,9.27,6111
5403,F004049__3,2001-09-01,24.52,2001,9,UT,Total Electric Power Industry,Petroleum (Barrels),7267,,2.82617111885407,88.7485,57.4,9.27,6111
5404,F004049__3,2001-10-01,20.24,2001,10,UT,Total Electric Power Industry,Petroleum (Barrels),7339,1.73,2.82617111885407,88.5052,47.8,9.27,6111
5405,F004049__3,2001-11-01,18.02,2001,11,UT,Total Electric Power Industry,Petroleum (Barrels),8489,1.75,2.82617111885407,87.97,38.5,9.27,6111
5406,F004049__3,2001-12-01,17.46,2001,12,UT,Total Electric Power Industry,Petroleum (Barrels),14837,1.93,2.82617111885407,87.9324,29.8,9.27,6111
5407,F004049__3,2002-01-01,17.98,2002,1,UT,Total Electric Power Industry,Petroleum (Barrels),6314,,1.58603162650601,88.5176,25.2,9.18,6214
5408,F004049__3,2002-02-01,18.86,2002,2,UT,Total Electric Power Industry,Petroleum (Barrels),7105,1.94,1.58603162650601,88.5278,24.0,9.18,6214
5409,F004049__3,2002-03-01,22.5,2002,3,UT,Total Electric Power Industry,Petroleum (Barrels),8408,1.8,1.58603162650601,89.1686,29.7,9.18,6214
5410,F004049__3,2002-04-01,24.05,2002,4,UT,Total Electric Power Industry,Petroleum (Barrels),7713,1.7,1.58603162650601,89.604,43.4,9.18,6214
5411,F004049__3,2002-05-01,25.05,2002,5,UT,Total Electric Power Industry,Petroleum (Barrels),6770,1.87,1.58603162650601,89.964,49.4,9.18,6214
5412,F004049__3,2002-06-01,24.04,2002,6,UT,Total Electric Power Industry,Petroleum (Barrels),8316,1.87,1.58603162650601,90.7061,60.6,9.18,6214
5413,F004049__3,2002-07-01,24.9,2002,7,UT,Total Electric Power Industry,Petroleum (Barrels),8425,1.97,1.58603162650601,90.6769,66.5,9.18,6214
5414,F004049__3,2002-08-01,26.24,2002,8,UT,Total Electric Power Industry,Petroleum (Barrels),9978,2.32,1.58603162650601,90.5762,66.8,9.18,6214
5415,F004049__3,2002-09-01,27.48,2002,9,UT,Total Electric Power Industry,Petroleum (Barrels),7919,,1.58603162650601,90.6531,60.4,9.18,6214
5416,F004049__3,2002-10-01,26.64,2002,10,UT,Total Electric Power Industry,Petroleum (Barrels),6097,1.92,1.58603162650601,90.4643,42.9,9.18,6214
5417,F004049__3,2002-11-01,24.28,2002,11,UT,Total Electric Power Industry,Petroleum (Barrels),7426,2.25,1.58603162650601,90.9711,32.3,9.18,6214
5418,F004049__3,2002-12-01,27.14,2002,12,UT,Total Electric Power Industry,Petroleum (Barrels),11116,2.15,1.58603162650601,90.4652,21.6,9.18,6214
5419,F004049__3,2003-01-01,30.12,2003,1,UT,Total Electric Power Industry,Petroleum (Barrels),5672,,2.27009497336115,91.2361,9.5,10.19,6176
5420,F004049__3,2003-02-01,32.77,2003,2,UT,Total Electric Power Industry,Petroleum (Barrels),7768,2.29,2.27009497336115,91.3445,14.2,10.19,6176
5421,F004049__3,2003-03-01,31.62,2003,3,UT,Total Electric Power Industry,Petroleum (Barrels),7030,2.16,2.27009497336115,91.1044,27.8,10.19,6176
5422,F004049__3,2003-04-01,26.33,2003,4,UT,Total Electric Power Industry,Petroleum (Barrels),5477,2.34,2.27009497336115,90.5617,38.1,10.19,6176
5423,F004049__3,2003-05-01,25.63,2003,5,UT,Total Electric Power Industry,Petroleum (Barrels),4576,2.38,2.27009497336115,90.537,51.9,10.19,6176
5424,F004049__3,2003-06-01,28.41,2003,6,UT,Total Electric Power Industry,Petroleum (Barrels),4254,2.1,2.27009497336115,90.6527,61.7,10.19,6176
5425,F004049__3,2003-07-01,28.81,2003,7,UT,Total Electric Power Industry,Petroleum (Barrels),1871,2.26,2.27009497336115,91.1185,66.5,10.19,6176
5426,F004049__3,2003-08-01,29.57,2003,8,UT,Total Electric Power Industry,Petroleum (Barrels),3644,2.59,2.27009497336115,90.9197,67.3,10.19,6176
5427,F004049__3,2003-09-01,26.31,2003,9,UT,Total Electric Power Industry,Petroleum (Barrels),3561,,2.27009497336115,91.5059,58.4,10.19,6176
5428,F004049__3,2003-10-01,28.24,2003,10,UT,Total Electric Power Industry,Petroleum (Barrels),5351,2.49,2.27009497336115,91.6186,44.1,10.19,6176
5429,F004049__3,2003-11-01,28.77,2003,11,UT,Total Electric Power Industry,Petroleum (Barrels),3842,2.5,2.27009497336115,92.2329,36.5,10.19,6176
5430,F004049__3,2003-12-01,29.97,2003,12,UT,Total Electric Power Industry,Petroleum (Barrels),7086,2.28,2.27009497336115,92.2602,21.8,10.19,6176
5431,F004049__3,2004-01-01,31.82,2004,1,UT,Total Electric Power Industry,Petroleum (Barrels),4930,,2.67723669309172,92.4006,7.2,11.39,6283
5432,F004049__3,2004-02-01,32.23,2004,2,UT,Total Electric Power Industry,Petroleum (Barrels),7283,2.35,2.67723669309172,92.958,17.5,11.39,6283
5433,F004049__3,2004-03-01,34.41,2004,3,UT,Total Electric Power Industry,Petroleum (Barrels),6200,2.33,2.67723669309172,92.5861,31.6,11.39,6283
5434,F004049__3,2004-04-01,34.4,2004,4,UT,Total Electric Power Industry,Petroleum (Barrels),7111,2.26,2.67723669309172,92.93,41.4,11.39,6283
5435,F004049__3,2004-05-01,37.77,2004,5,UT,Total Electric Power Industry,Petroleum (Barrels),3719,2.19,2.67723669309172,93.6013,54.9,11.39,6283
5436,F004049__3,2004-06-01,35.95,2004,6,UT,Total Electric Power Industry,Petroleum (Barrels),2548,2.11,2.67723669309172,92.871,59.4,11.39,6283
5437,F004049__3,2004-07-01,38.36,2004,7,UT,Total Electric Power Industry,Petroleum (Barrels),4892,1.93,2.67723669309172,93.5649,65.7,11.39,6283
5438,F004049__3,2004-08-01,42.58,2004,8,UT,Total Electric Power Industry,Petroleum (Barrels),3764,1.82,2.67723669309172,93.6277,64.5,11.39,6283
5439,F004049__3,2004-09-01,43.64,2004,9,UT,Total Electric Power Industry,Petroleum (Barrels),4223,1.72,2.67723669309172,93.7467,58.3,11.39,6283
5440,F004049__3,2004-10-01,50.63,2004,10,UT,Total Electric Power Industry,Petroleum (Barrels),4859,1.58,2.67723669309172,94.5465,45.4,11.39,6283
5441,F004049__3,2004-11-01,46.77,2004,11,UT,Total Electric Power Industry,Petroleum (Barrels),5667,1.5,2.67723669309172,94.7813,34.8,11.39,6283
5442,F004049__3,2004-12-01,41.7,2004,12,UT,Total Electric Power Industry,Petroleum (Barrels),3449,1.37,2.67723669309172,95.5365,21.4,11.39,6283
5443,F004049__3,2005-01-01,44.03,2005,1,UT,Total Electric Power Industry,Petroleum (Barrels),5855,1.13,3.3927468454955,95.8801,13.9,13.73,6542
5444,F004049__3,2005-02-01,45.47,2005,2,UT,Total Electric Power Industry,Petroleum (Barrels),5841,0.86,3.3927468454955,96.5761,21.1,13.73,6542
5445,F004049__3,2005-03-01,51.77,2005,3,UT,Total Electric Power Industry,Petroleum (Barrels),4586,0.79,3.3927468454955,96.4456,25.1,13.73,6542
5446,F004049__3,2005-04-01,50.67,2005,4,UT,Total Electric Power Industry,Petroleum (Barrels),6352,0.71,3.3927468454955,96.6532,43.4,13.73,6542
5447,F004049__3,2005-05-01,47.37,2005,5,UT,Total Electric Power Industry,Petroleum (Barrels),7267,0.57,3.3927468454955,96.7402,48.7,13.73,6542
5448,F004049__3,2005-06-01,53.72,2005,6,UT,Total Electric Power Industry,Petroleum (Barrels),5764,0.41,3.3927468454955,97.1753,66.5,13.73,6542
5449,F004049__3,2005-07-01,56.48,2005,7,UT,Total Electric Power Industry,Petroleum (Barrels),5717,0.3,3.3927468454955,96.8676,68.6,13.73,6542
5450,F004049__3,2005-08-01,62.37,2005,8,UT,Total Electric Power Industry,Petroleum (Barrels),6695,0.28,3.3927468454955,97.1833,67.0,13.73,6542
5451,F004049__3,2005-09-01,62.75,2005,9,UT,Total Electric Power Industry,Petroleum (Barrels),6593,0.3,3.3927468454955,95.3005,60.6,13.73,6542
5452,F004049__3,2005-10-01,59.7,2005,10,UT,Total Electric Power Industry,Petroleum (Barrels),7237,0.18,3.3927468454955,96.4572,47.8,13.73,6542
5453,F004049__3,2005-11-01,55.72,2005,11,UT,Total Electric Power Industry,Petroleum (Barrels),6507,0.16,3.3927468454955,97.5414,37.0,13.73,6542
5454,F004049__3,2005-12-01,56.74,2005,12,UT,Total Electric Power Industry,Petroleum (Barrels),5731,0.07,3.3927468454955,98.0452,21.3,13.73,6542
5455,F004049__3,2006-01-01,61.77,2006,1,UT,Total Electric Power Industry,Petroleum (Barrels),8674,,3.22594410070404,98.1999,26.0,15.88,6377
5456,F004049__3,2006-02-01,56.78,2006,2,UT,Total Electric Power Industry,Petroleum (Barrels),8229,-0.02,3.22594410070404,98.2413,21.3,15.88,6377
5457,F004049__3,2006-03-01,57.75,2006,3,UT,Total Electric Power Industry,Petroleum (Barrels),9620,-0.12,3.22594410070404,98.4628,28.9,15.88,6377
5458,F004049__3,2006-04-01,64.8,2006,4,UT,Total Electric Power Industry,Petroleum (Barrels),11240,0.02,3.22594410070404,98.7618,43.0,15.88,6377
5459,F004049__3,2006-05-01,65.55,2006,5,UT,Total Electric Power Industry,Petroleum (Barrels),12837,0.2,3.22594410070404,98.7869,54.2,15.88,6377
5460,F004049__3,2006-06-01,64.93,2006,6,UT,Total Electric Power Industry,Petroleum (Barrels),11372,0.07,3.22594410070404,99.0997,62.9,15.88,6377
5461,F004049__3,2006-07-01,68.29,2006,7,UT,Total Electric Power Industry,Petroleum (Barrels),10856,-0.02,3.22594410070404,99.0489,69.2,15.88,6377
5462,F004049__3,2006-08-01,66.79,2006,8,UT,Total Electric Power Industry,Petroleum (Barrels),13988,0.02,3.22594410070404,99.4836,63.4,15.88,6377
5463,F004049__3,2006-09-01,56.84,2006,9,UT,Total Electric Power Industry,Petroleum (Barrels),9313,-0.04,3.22594410070404,99.3183,56.4,15.88,6377
5464,F004049__3,2006-10-01,50.83,2006,10,UT,Total Electric Power Industry,Petroleum (Barrels),9822,-0.04,3.22594410070404,99.2044,44.4,15.88,6377
5465,F004049__3,2006-11-01,50.33,2006,11,UT,Total Electric Power Industry,Petroleum (Barrels),10227,-0.09,3.22594410070404,99.1627,40.5,15.88,6377
5466,F004049__3,2006-12-01,53.1,2006,12,UT,Total Electric Power Industry,Petroleum (Barrels),8996,-0.09,3.22594410070404,100.1735,30.5,15.88,6377
5467,F004049__3,2007-01-01,45.1,2007,1,UT,Total Electric Power Industry,Petroleum (Barrels),5658,,2.85267248150138,99.8346,19.6,16.51,6306
5468,F004049__3,2007-02-01,49.98,2007,2,UT,Total Electric Power Industry,Petroleum (Barrels),2726,-0.12,2.85267248150138,100.7753,12.8,16.51,6306
5469,F004049__3,2007-03-01,51.39,2007,3,UT,Total Electric Power Industry,Petroleum (Barrels),5953,-0.07,2.85267248150138,100.9547,25.8,16.51,6306
5470,F004049__3,2007-04-01,54.75,2007,4,UT,Total Electric Power Industry,Petroleum (Barrels),4765,0.05,2.85267248150138,101.6334,38.7,16.51,6306
5471,F004049__3,2007-05-01,54.63,2007,5,UT,Total Electric Power Industry,Petroleum (Barrels),15923,0.01,2.85267248150138,101.7306,53.3,16.51,6306
5472,F004049__3,2007-06-01,58.04,2007,6,UT,Total Electric Power Industry,Petroleum (Barrels),10772,-0.02,2.85267248150138,101.7893,62.9,16.51,6306
5473,F004049__3,2007-07-01,64.52,2007,7,UT,Total Electric Power Industry,Petroleum (Barrels),2111,0.14,2.85267248150138,101.6672,64.6,16.51,6306
5474,F004049__3,2007-08-01,62.94,2007,8,UT,Total Electric Power Industry,Petroleum (Barrels),4214,0.2,2.85267248150138,101.863,64.6,16.51,6306
5475,F004049__3,2007-09-01,68.13,2007,9,UT,Total Electric Power Industry,Petroleum (Barrels),5138,,2.85267248150138,102.0894,58.8,16.51,6306
5476,F004049__3,2007-10-01,74.02,2007,10,UT,Total Electric Power Industry,Petroleum (Barrels),3883,0.54,2.85267248150138,101.8015,51.1,16.51,6306
5477,F004049__3,2007-11-01,83.21,2007,11,UT,Total Electric Power Industry,Petroleum (Barrels),7971,0.59,2.85267248150138,102.3446,32.4,16.51,6306
5478,F004049__3,2007-12-01,79.74,2007,12,UT,Total Electric Power Industry,Petroleum (Barrels),4373,0.99,2.85267248150138,102.3803,21.5,16.51,6306
5479,F004049__3,2008-01-01,80.84,2008,1,UT,Total Electric Power Industry,Petroleum (Barrels),6726,,3.839100296651,102.2448,21.5,18.7,6737
5480,F004049__3,2008-02-01,82.91,2008,2,UT,Total Electric Power Industry,Petroleum (Barrels),9821,1.53,3.839100296651,101.8438,20.5,18.7,6737
5481,F004049__3,2008-03-01,92.95,2008,3,UT,Total Electric Power Industry,Petroleum (Barrels),7282,1.93,3.839100296651,101.5336,25.8,18.7,6737
5482,F004049__3,2008-04-01,99.97,2008,4,UT,Total Electric Power Industry,Petroleum (Barrels),6867,1.77,3.839100296651,100.8785,44.8,18.7,6737
5483,F004049__3,2008-05-01,113.0,2008,5,UT,Total Electric Power Industry,Petroleum (Barrels),7789,1.41,3.839100296651,100.2674,50.0,18.7,6737
5484,F004049__3,2008-06-01,120.47,2008,6,UT,Total Electric Power Industry,Petroleum (Barrels),6103,1.47,3.839100296651,100.0335,63.7,18.7,6737
5485,F004049__3,2008-07-01,120.63,2008,7,UT,Total Electric Power Industry,Petroleum (Barrels),4442,1.38,3.839100296651,99.676,67.0,18.7,6737
5486,F004049__3,2008-08-01,103.07,2008,8,UT,Total Electric Power Industry,Petroleum (Barrels),4433,1.46,3.839100296651,98.1111,63.1,18.7,6737
5487,F004049__3,2008-09-01,89.1,2008,9,UT,Total Electric Power Industry,Petroleum (Barrels),5052,,3.839100296651,93.7895,58.5,18.7,6737
5488,F004049__3,2008-10-01,62.17,2008,10,UT,Total Electric Power Industry,Petroleum (Barrels),7530,1.95,3.839100296651,94.7219,44.1,18.7,6737
5489,F004049__3,2008-11-01,43.96,2008,11,UT,Total Electric Power Industry,Petroleum (Barrels),2717,2.51,3.839100296651,93.4715,34.7,18.7,6737
5490,F004049__3,2008-12-01,28.17,2008,12,UT,Total Electric Power Industry,Petroleum (Barrels),9123,1.82,3.839100296651,90.8357,22.9,18.7,6737
5491,F004049__3,2009-01-01,28.36,2009,1,UT,Total Electric Power Industry,Petroleum (Barrels),2338,,-0.355546266299747,88.57,10.9,15.03,6656
5492,F004049__3,2009-02-01,26.98,2009,2,UT,Total Electric Power Industry,Petroleum (Barrels),5242,1.87,-0.355546266299747,88.031,20.6,15.03,6656
5493,F004049__3,2009-03-01,36.9,2009,3,UT,Total Electric Power Industry,Petroleum (Barrels),6185,2.02,-0.355546266299747,86.6528,29.6,15.03,6656
5494,F004049__3,2009-04-01,40.5,2009,4,UT,Total Electric Power Industry,Petroleum (Barrels),4587,1.85,-0.355546266299747,85.9344,43.3,15.03,6656
5495,F004049__3,2009-05-01,48.47,2009,5,UT,Total Electric Power Industry,Petroleum (Barrels),5267,2.29,-0.355546266299747,85.0665,52.5,15.03,6656
5496,F004049__3,2009-06-01,58.46,2009,6,UT,Total Electric Power Industry,Petroleum (Barrels),5453,2.74,-0.355546266299747,84.7459,60.3,15.03,6656
5497,F004049__3,2009-07-01,54.01,2009,7,UT,Total Electric Power Industry,Petroleum (Barrels),6527,2.5,-0.355546266299747,85.7027,64.0,15.03,6656
5498,F004049__3,2009-08-01,60.33,2009,8,UT,Total Electric Power Industry,Petroleum (Barrels),4071,2.48,-0.355546266299747,86.6426,66.2,15.03,6656
5499,F004049__3,2009-09-01,59.08,2009,9,UT,Total Electric Power Industry,Petroleum (Barrels),5552,2.46,-0.355546266299747,87.4063,55.8,15.03,6656
5500,F004049__3,2009-10-01,64.91,2009,10,UT,Total Electric Power Industry,Petroleum (Barrels),6985,2.34,-0.355546266299747,87.6419,42.9,15.03,6656
5501,F004049__3,2009-11-01,66.73,2009,11,UT,Total Electric Power Industry,Petroleum (Barrels),4556,2.53,-0.355546266299747,88.0221,39.4,15.03,6656
5502,F004049__3,2009-12-01,64.79,2009,12,UT,Total Electric Power Industry,Petroleum (Barrels),6440,2.61,-0.355546266299747,88.3793,21.9,15.03,6656
5503,F004049__3,2010-01-01,67.85,2010,1,UT,Total Electric Power Industry,Petroleum (Barrels),3567,,1.6400434423899,89.3426,20.1,17.04,7130
5504,F004049__3,2010-02-01,65.55,2010,2,UT,Total Electric Power Industry,Petroleum (Barrels),7699,2.82,1.6400434423899,89.6779,23.5,17.04,7130
5505,F004049__3,2010-03-01,70.6,2010,3,UT,Total Electric Power Industry,Petroleum (Barrels),5844,2.81,1.6400434423899,90.2928,35.9,17.04,7130
5506,F004049__3,2010-04-01,73.09,2010,4,UT,Total Electric Power Industry,Petroleum (Barrels),7986,2.84,1.6400434423899,90.5991,46.2,17.04,7130
5507,F004049__3,2010-05-01,64.67,2010,5,UT,Total Electric Power Industry,Petroleum (Barrels),8641,2.72,1.6400434423899,91.823,56.0,17.04,7130
5508,F004049__3,2010-06-01,63.95,2010,6,UT,Total Electric Power Industry,Petroleum (Barrels),4775,2.51,1.6400434423899,91.9928,61.8,17.04,7130
5509,F004049__3,2010-07-01,64.25,2010,7,UT,Total Electric Power Industry,Petroleum (Barrels),5272,2.33,1.6400434423899,92.3421,69.4,17.04,7130
5510,F004049__3,2010-08-01,65.98,2010,8,UT,Total Electric Power Industry,Petroleum (Barrels),5044,2.43,1.6400434423899,92.6805,65.4,17.04,7130
5511,F004049__3,2010-09-01,63.96,2010,9,UT,Total Electric Power Industry,Petroleum (Barrels),6610,2.08,1.6400434423899,92.9537,59.2,17.04,7130
5512,F004049__3,2010-10-01,69.73,2010,10,UT,Total Electric Power Industry,Petroleum (Barrels),5877,2.12,1.6400434423899,92.6903,45.2,17.04,7130
5513,F004049__3,2010-11-01,71.79,2010,11,UT,Total Electric Power Industry,Petroleum (Barrels),10186,2.32,1.6400434423899,92.7709,35.0,17.04,7130
5514,F004049__3,2010-12-01,75.82,2010,12,UT,Total Electric Power Industry,Petroleum (Barrels),9282,2.44,1.6400434423899,93.6787,20.8,17.04,7130
5515,F004049__3,2011-01-01,76.45,2011,1,UT,Total Electric Power Industry,Petroleum (Barrels),6753,2.75,3.156841568622,93.4814,15.7,20.3,7680
5516,F004049__3,2011-02-01,76.86,2011,2,UT,Total Electric Power Industry,Petroleum (Barrels),6322,2.87,3.156841568622,93.1102,17.6,20.3,7680
5517,F004049__3,2011-03-01,89.94,2011,3,UT,Total Electric Power Industry,Petroleum (Barrels),8037,2.75,3.156841568622,94.0788,27.5,20.3,7680
5518,F004049__3,2011-04-01,96.4,2011,4,UT,Total Electric Power Industry,Petroleum (Barrels),8330,2.66,3.156841568622,93.7749,41.7,20.3,7680
5519,F004049__3,2011-05-01,90.49,2011,5,UT,Total Electric Power Industry,Petroleum (Barrels),11244,2.7,3.156841568622,93.888,56.2,20.3,7680
5520,F004049__3,2011-06-01,84.85,2011,6,UT,Total Electric Power Industry,Petroleum (Barrels),8244,2.52,3.156841568622,94.172,62.0,20.3,7680
5521,F004049__3,2011-07-01,84.33,2011,7,UT,Total Electric Power Industry,Petroleum (Barrels),5941,2.72,3.156841568622,94.636,68.5,20.3,7680
5522,F004049__3,2011-08-01,75.58,2011,8,UT,Total Electric Power Industry,Petroleum (Barrels),3068,2.39,3.156841568622,95.2749,65.8,20.3,7680
5523,F004049__3,2011-09-01,73.82,2011,9,UT,Total Electric Power Industry,Petroleum (Barrels),6623,1.96,3.156841568622,95.1961,60.8,20.3,7680
5524,F004049__3,2011-10-01,72.53,2011,10,UT,Total Electric Power Industry,Petroleum (Barrels),2808,1.56,3.156841568622,95.8568,47.7,20.3,7680
5525,F004049__3,2011-11-01,84.72,2011,11,UT,Total Electric Power Industry,Petroleum (Barrels),10337,1.78,3.156841568622,95.8485,40.2,20.3,7680
5526,F004049__3,2011-12-01,86.37,2011,12,UT,Total Electric Power Industry,Petroleum (Barrels),10506,1.84,3.156841568622,96.3571,27.9,20.3,7680
5527,F004049__3,2012-01-01,92.28,2012,1,UT,Total Electric Power Industry,Petroleum (Barrels),5712,,2.06933726526067,96.9318,21.4,21.17,7703
5528,F004049__3,2012-02-01,91.45,2012,2,UT,Total Electric Power Industry,Petroleum (Barrels),3964,1.64,2.06933726526067,97.2435,25.6,21.17,7703
5529,F004049__3,2012-03-01,93.9,2012,3,UT,Total Electric Power Industry,Petroleum (Barrels),2483,1.73,2.06933726526067,96.74,38.7,21.17,7703
5530,F004049__3,2012-04-01,90.95,2012,4,UT,Total Electric Power Industry,Petroleum (Barrels),9810,1.89,2.06933726526067,97.4359,42.7,21.17,7703
5531,F004049__3,2012-05-01,84.59,2012,5,UT,Total Electric Power Industry,Petroleum (Barrels),4518,1.71,2.06933726526067,97.6609,57.5,21.17,7703
5532,F004049__3,2012-06-01,71.49,2012,6,UT,Total Electric Power Industry,Petroleum (Barrels),5563,1.22,2.06933726526067,97.6663,62.2,21.17,7703
5533,F004049__3,2012-07-01,75.01,2012,7,UT,Total Electric Power Industry,Petroleum (Barrels),5302,1.31,2.06933726526067,97.8713,68.0,21.17,7703
5534,F004049__3,2012-08-01,80.95,2012,8,UT,Total Electric Power Industry,Petroleum (Barrels),8647,1.32,2.06933726526067,97.4525,67.1,21.17,7703
5535,F004049__3,2012-09-01,83.2,2012,9,UT,Total Electric Power Industry,Petroleum (Barrels),5699,,2.06933726526067,97.381,57.2,21.17,7703
5536,F004049__3,2012-10-01,78.66,2012,10,UT,Total Electric Power Industry,Petroleum (Barrels),6419,1.39,2.06933726526067,97.7193,49.3,21.17,7703
5537,F004049__3,2012-11-01,76.45,2012,11,UT,Total Electric Power Industry,Petroleum (Barrels),6239,1.45,2.06933726526067,98.0777,33.1,21.17,7703
5538,F004049__3,2012-12-01,76.67,2012,12,UT,Total Electric Power Industry,Petroleum (Barrels),6230,1.38,2.06933726526067,98.3101,27.4,21.17,7703
5539,F004049__3,2013-01-01,81.09,2013,1,UT,Total Electric Power Industry,Petroleum (Barrels),7318,,1.46483265562717,98.3342,18.6,20.67,7707
5540,F004049__3,2013-02-01,84.49,2013,2,UT,Total Electric Power Industry,Petroleum (Barrels),5294,1.77,1.46483265562717,98.7941,21.5,20.67,7707
5541,F004049__3,2013-03-01,81.47,2013,3,UT,Total Electric Power Industry,Petroleum (Barrels),1434,1.61,1.46483265562717,99.1921,29.5,20.67,7707
5542,F004049__3,2013-04-01,79.9,2013,4,UT,Total Electric Power Industry,Petroleum (Barrels),5858,1.63,1.46483265562717,99.1065,40.8,20.67,7707
5543,F004049__3,2013-05-01,82.2,2013,5,UT,Total Electric Power Industry,Petroleum (Barrels),5905,1.46,1.46483265562717,99.1839,55.1,20.67,7707
5544,F004049__3,2013-06-01,83.17,2013,6,UT,Total Electric Power Industry,Petroleum (Barrels),3564,1.83,1.46483265562717,99.3897,62.0,20.67,7707
5545,F004049__3,2013-07-01,89.46,2013,7,UT,Total Electric Power Industry,Petroleum (Barrels),1386,2.16,1.46483265562717,99.0814,69.7,20.67,7707
5546,F004049__3,2013-08-01,92.6,2013,8,UT,Total Electric Power Industry,Petroleum (Barrels),5086,2.39,1.46483265562717,99.6543,64.1,20.67,7707
5547,F004049__3,2013-09-01,91.19,2013,9,UT,Total Electric Power Industry,Petroleum (Barrels),1961,,1.46483265562717,100.161,56.5,20.67,7707
5548,F004049__3,2013-10-01,86.59,2013,10,UT,Total Electric Power Industry,Petroleum (Barrels),2647,2.33,1.46483265562717,100.082,47.8,20.67,7707
5549,F004049__3,2013-11-01,79.38,2013,11,UT,Total Electric Power Industry,Petroleum (Barrels),4102,2.32,1.46483265562717,100.3158,31.8,20.67,7707
5550,F004049__3,2013-12-01,84.89,2013,12,UT,Total Electric Power Industry,Petroleum (Barrels),954,2.51,1.46483265562717,100.5175,21.4,20.67,7707
5551,F004049__3,2014-01-01,81.32,2014,1,UT,Total Electric Power Industry,Petroleum (Barrels),2377,,1.62222297740817,100.1599,14.6,21.02,7981
5552,F004049__3,2014-02-01,85.73,2014,2,UT,Total Electric Power Industry,Petroleum (Barrels),4153,2.31,1.62222297740817,100.9168,16.6,21.02,7981
5553,F004049__3,2014-03-01,85.4,2014,3,UT,Total Electric Power Industry,Petroleum (Barrels),2486,2.28,1.62222297740817,101.8942,18.6,21.02,7981
5554,F004049__3,2014-04-01,86.28,2014,4,UT,Total Electric Power Industry,Petroleum (Barrels),7247,2.33,1.62222297740817,101.9928,40.5,21.02,7981
5555,F004049__3,2014-05-01,86.22,2014,5,UT,Total Electric Power Industry,Petroleum (Barrels),5694,2.22,1.62222297740817,102.3836,53.6,21.02,7981
5556,F004049__3,2014-06-01,89.45,2014,6,UT,Total Electric Power Industry,Petroleum (Barrels),3082,2.15,1.62222297740817,102.735,62.6,21.02,7981
5557,F004049__3,2014-07-01,86.34,2014,7,UT,Total Electric Power Industry,Petroleum (Barrels),3229,2.11,1.62222297740817,102.9632,66.5,21.02,7981
5558,F004049__3,2014-08-01,81.82,2014,8,UT,Total Electric Power Industry,Petroleum (Barrels),1363,2.05,1.62222297740817,102.7688,63.3,21.02,7981
5559,F004049__3,2014-09-01,78.25,2014,9,UT,Total Electric Power Industry,Petroleum (Barrels),2866,,1.62222297740817,103.0641,57.5,21.02,7981
5560,F004049__3,2014-10-01,70.79,2014,10,UT,Total Electric Power Industry,Petroleum (Barrels),2657,1.89,1.62222297740817,103.0764,49.3,21.02,7981
5561,F004049__3,2014-11-01,66.0,2014,11,UT,Total Electric Power Industry,Petroleum (Barrels),4692,1.84,1.62222297740817,103.7126,33.3,21.02,7981
5562,F004049__3,2014-12-01,51.72,2014,12,UT,Total Electric Power Industry,Petroleum (Barrels),3608,1.73,1.62222297740817,103.7044,27.0,21.02,7981
5563,F004049__3,2015-01-01,38.04,2015,1,UT,Total Electric Power Industry,Petroleum (Barrels),1776,,0.118627135552451,102.8905,12.2,17.24,8068
5564,F004049__3,2015-02-01,38.69,2015,2,UT,Total Electric Power Industry,Petroleum (Barrels),1398,1.19,0.118627135552451,102.2335,5.3,17.24,8068
5565,F004049__3,2015-03-01,46.04,2015,3,UT,Total Electric Power Industry,Petroleum (Barrels),1862,1.42,0.118627135552451,101.8914,22.3,17.24,8068
5566,F004049__3,2015-04-01,47.87,2015,4,UT,Total Electric Power Industry,Petroleum (Barrels),5972,1.32,0.118627135552451,101.3355,39.5,17.24,8068
5567,F004049__3,2015-05-01,47.65,2015,5,UT,Total Electric Power Industry,Petroleum (Barrels),2763,1.52,0.118627135552451,100.8883,58.6,17.24,8068
5568,F004049__3,2015-06-01,49.4,2015,6,UT,Total Electric Power Industry,Petroleum (Barrels),1892,1.55,0.118627135552451,100.571,59.9,17.24,8068
5569,F004049__3,2015-07-01,43.26,2015,7,UT,Total Electric Power Industry,Petroleum (Barrels),3748,1.74,0.118627135552451,101.2228,66.2,17.24,8068
5570,F004049__3,2015-08-01,33.78,2015,8,UT,Total Electric Power Industry,Petroleum (Barrels),3068,1.48,0.118627135552451,101.0367,66.6,17.24,8068
5571,F004049__3,2015-09-01,35.87,2015,9,UT,Total Electric Power Industry,Petroleum (Barrels),1664,1.47,0.118627135552451,100.7547,62.4,17.24,8068
5572,F004049__3,2015-10-01,36.71,2015,10,UT,Total Electric Power Industry,Petroleum (Barrels),3478,1.41,0.118627135552451,100.2675,44.3,17.24,8068
5573,F004049__3,2015-11-01,34.23,2015,11,UT,Total Electric Power Industry,Petroleum (Barrels),4628,1.43,0.118627135552451,99.5298,39.2,17.24,8068
5574,F004049__3,2015-12-01,29.88,2015,12,UT,Total Electric Power Industry,Petroleum (Barrels),2116,1.24,0.118627135552451,99.0417,35.1,17.24,8068
5575,F004049__3,2016-01-01,26.1,2016,1,UT,Total Electric Power Industry,Petroleum (Barrels),2057,,1.26158320570536,99.5607,20.9,15.79,8356
5576,F004049__3,2016-02-01,28.06,2016,2,UT,Total Electric Power Industry,Petroleum (Barrels),2681,1.16,1.26158320570536,99.0445,23.9,15.79,8356
5577,F004049__3,2016-03-01,32.68,2016,3,UT,Total Electric Power Industry,Petroleum (Barrels),3518,0.98,1.26158320570536,98.3096,33.6,15.79,8356
5578,F004049__3,2016-04-01,33.38,2016,4,UT,Total Electric Power Industry,Petroleum (Barrels),7191,1.03,1.26158320570536,98.6421,38.2,15.79,8356
5579,F004049__3,2016-05-01,38.42,2016,5,UT,Total Electric Power Industry,Petroleum (Barrels),6774,1.08,1.26158320570536,98.4184,54.0,15.79,8356
5580,F004049__3,2016-06-01,42.01,2016,6,UT,Total Electric Power Industry,Petroleum (Barrels),4191,0.94,1.26158320570536,98.8833,62.0,15.79,8356
5581,F004049__3,2016-07-01,38.29,2016,7,UT,Total Electric Power Industry,Petroleum (Barrels),3978,0.87,1.26158320570536,98.9992,67.4,15.79,8356
5582,F004049__3,2016-08-01,38.27,2016,8,UT,Total Electric Power Industry,Petroleum (Barrels),4318,0.84,1.26158320570536,98.85,67.5,15.79,8356
5583,F004049__3,2016-09-01,39.06,2016,9,UT,Total Electric Power Industry,Petroleum (Barrels),5462,0.79,1.26158320570536,98.7457,59.9,15.79,8356
5584,F004049__3,2016-10-01,43.3,2016,10,UT,Total Electric Power Industry,Petroleum (Barrels),6064,0.83,1.26158320570536,98.7611,47.7,15.79,8356
5585,F004049__3,2016-11-01,39.46,2016,11,UT,Total Electric Power Industry,Petroleum (Barrels),3303,1.0,1.26158320570536,98.3491,36.8,15.79,8356
5586,F004049__3,2016-12-01,44.93,2016,12,UT,Total Electric Power Industry,Petroleum (Barrels),4996,1.31,1.26158320570536,99.0214,23.9,15.79,8356
5587,F004049__3,2017-01-01,44.83,2017,1,UT,Total Electric Power Industry,Petroleum (Barrels),6154,,2.13011000365961,98.7611,24.8,16.93,8541
5588,F004049__3,2017-02-01,45.88,2017,2,UT,Total Electric Power Industry,Petroleum (Barrels),4201,1.26,2.13011000365961,98.3646,25.6,16.93,8541
5589,F004049__3,2017-03-01,43.79,2017,3,UT,Total Electric Power Industry,Petroleum (Barrels),7176,1.17,2.13011000365961,99.0137,23.5,16.93,8541
5590,F004049__3,2017-04-01,43.34,2017,4,UT,Total Electric Power Industry,Petroleum (Barrels),8939,1.11,2.13011000365961,100.0224,45.2,16.93,8541
5591,F004049__3,2017-05-01,42.76,2017,5,UT,Total Electric Power Industry,Petroleum (Barrels),8727,1.05,2.13011000365961,100.1408,51.8,16.93,8541
5592,F004049__3,2017-06-01,40.44,2017,6,UT,Total Electric Power Industry,Petroleum (Barrels),3565,0.93,2.13011000365961,100.3471,61.5,16.93,8541
5593,F004049__3,2017-07-01,40.23,2017,7,UT,Total Electric Power Industry,Petroleum (Barrels),3786,0.94,2.13011000365961,100.1068,65.2,16.93,8541
5594,F004049__3,2017-08-01,42.15,2017,8,UT,Total Electric Power Industry,Petroleum (Barrels),4383,0.92,2.13011000365961,99.6925,63.3,16.93,8541
5595,F004049__3,2017-09-01,43.69,2017,9,UT,Total Electric Power Industry,Petroleum (Barrels),4656,0.81,2.13011000365961,99.7954,60.8,16.93,8541
5596,F004049__3,2017-10-01,45.15,2017,10,UT,Total Electric Power Industry,Petroleum (Barrels),4984,0.85,2.13011000365961,101.0247,53.0,16.93,8541
5597,F004049__3,2017-11-01,49.36,2017,11,UT,Total Electric Power Industry,Petroleum (Barrels),4165,0.76,2.13011000365961,101.2664,33.0,16.93,8541
5598,F004049__3,2017-12-01,50.11,2017,12,UT,Total Electric Power Industry,Petroleum (Barrels),5073,0.59,2.13011000365961,101.4644,17.9,16.93,8541
5599,F004049__3,2018-01-01,56.49,2018,1,UT,Total Electric Power Industry,Petroleum (Barrels),6095,,2.44258329692817,101.4625,16.5,18.48,8726
5600,F004049__3,2018-02-01,55.27,2018,2,UT,Total Electric Power Industry,Petroleum (Barrels),5106,0.62,2.44258329692817,101.7085,25.5,18.48,8726
5601,F004049__3,2018-03-01,56.65,2018,3,UT,Total Electric Power Industry,Petroleum (Barrels),4682,0.59,2.44258329692817,102.2067,28.2,18.48,8726
5602,F004049__3,2018-04-01,59.27,2018,4,UT,Total Electric Power Industry,Petroleum (Barrels),8749,0.48,2.44258329692817,103.3329,36.1,18.48,8726
5603,F004049__3,2018-05-01,61.55,2018,5,UT,Total Electric Power Industry,Petroleum (Barrels),5340,0.47,2.44258329692817,102.4024,56.5,18.48,8726
5604,F004049__3,2018-06-01,58.87,2018,6,UT,Total Electric Power Industry,Petroleum (Barrels),4539,0.42,2.44258329692817,103.198,60.1,18.48,8726
5605,F004049__3,2018-07-01,61.19,2018,7,UT,Total Electric Power Industry,Petroleum (Barrels),2490,0.3,2.44258329692817,103.3646,69.2,18.48,8726
5606,F004049__3,2018-08-01,59.12,2018,8,UT,Total Electric Power Industry,Petroleum (Barrels),3774,0.33,2.44258329692817,104.0327,68.4,18.48,8726
5607,F004049__3,2018-09-01,60.89,2018,9,UT,Total Electric Power Industry,Petroleum (Barrels),4181,,2.44258329692817,104.1004,60.6,18.48,8726
5608,F004049__3,2018-10-01,61.59,2018,10,UT,Total Electric Power Industry,Petroleum (Barrels),7697,0.27,2.44258329692817,103.9856,44.5,18.48,8726
5609,F004049__3,2018-11-01,51.79,2018,11,UT,Total Electric Power Industry,Petroleum (Barrels),5606,0.3,2.44258329692817,104.0681,30.0,18.48,8726
5610,F004049__3,2018-12-01,40.76,2018,12,UT,Total Electric Power Industry,Petroleum (Barrels),5552,0.15,2.44258329692817,104.0936,23.0,18.48,8726
5611,F004049__3,2019-01-01,43.26,2019,1,UT,Total Electric Power Industry,Petroleum (Barrels),4623,,1.81221007526021,103.4021,14.9,17.48,8445
5612,F004049__3,2019-02-01,46.26,2019,2,UT,Total Electric Power Industry,Petroleum (Barrels),3633,0.18,1.81221007526021,102.8371,19.0,17.48,8445
5613,F004049__3,2019-03-01,47.97,2019,3,UT,Total Electric Power Industry,Petroleum (Barrels),4985,0.21,1.81221007526021,102.8757,25.9,17.48,8445
5614,F004049__3,2019-04-01,54.7,2019,4,UT,Total Electric Power Industry,Petroleum (Barrels),10407,0.16,1.81221007526021,102.274,41.2,17.48,8445
5615,F004049__3,2019-05-01,50.87,2019,5,UT,Total Electric Power Industry,Petroleum (Barrels),6557,0.21,1.81221007526021,102.392,50.8,17.48,8445
5616,F004049__3,2019-06-01,47.75,2019,6,UT,Total Electric Power Industry,Petroleum (Barrels),3476,0.25,1.81221007526021,102.4375,60.5,17.48,8445
5617,F004049__3,2019-07-01,48.43,2019,7,UT,Total Electric Power Industry,Petroleum (Barrels),3962,0.25,1.81221007526021,101.9408,68.9,17.48,8445
5618,F004049__3,2019-08-01,46.37,2019,8,UT,Total Electric Power Industry,Petroleum (Barrels),5700,0.17,1.81221007526021,102.639,64.6,17.48,8445
5619,F004049__3,2019-09-01,47.81,2019,9,UT,Total Electric Power Industry,Petroleum (Barrels),5559,,1.81221007526021,102.2917,56.8,17.48,8445
5620,F004049__3,2019-10-01,46.81,2019,10,UT,Total Electric Power Industry,Petroleum (Barrels),6225,0.09,1.81221007526021,101.4281,47.3,17.48,8445
5621,F004049__3,2019-11-01,49.59,2019,11,UT,Total Electric Power Industry,Petroleum (Barrels),7894,0.17,1.81221007526021,101.9372,29.3,17.48,8445
5622,F004049__3,2019-12-01,49.82,2019,12,UT,Total Electric Power Industry,Petroleum (Barrels),6850,0.22,1.81221007526021,101.7003,23.3,17.48,8445
5623,F004049__3,2020-01-01,49.02,2020,1,UT,Total Electric Power Industry,Petroleum (Barrels),5449,,1.23358439630629,101.0338,23.4,15.91,7113
5624,F004049__3,2020-02-01,44.19,2020,2,UT,Total Electric Power Industry,Petroleum (Barrels),3865,0.18,1.23358439630629,101.3735,22.4,15.91,7113
5625,F004049__3,2020-03-01,29.17,2020,3,UT,Total Electric Power Industry,Petroleum (Barrels),3443,0.26,1.23358439630629,97.4078,33.0,15.91,7113
5626,F004049__3,2020-04-01,18.69,2020,4,UT,Total Electric Power Industry,Petroleum (Barrels),9795,0.39,1.23358439630629,84.5619,38.8,15.91,7113
5627,F004049__3,2020-05-01,21.93,2020,5,UT,Total Electric Power Industry,Petroleum (Barrels),5710,0.44,1.23358439630629,85.9604,52.6,15.91,7113
5628,F004049__3,2020-06-01,31.48,2020,6,UT,Total Electric Power Industry,Petroleum (Barrels),4532,0.52,1.23358439630629,91.5934,62.8,15.91,7113
5629,F004049__3,2020-07-01,33.89,2020,7,UT,Total Electric Power Industry,Petroleum (Barrels),7015,0.52,1.23358439630629,95.0256,70.9,15.91,7113
5630,F004049__3,2020-08-01,37.49,2020,8,UT,Total Electric Power Industry,Petroleum (Barrels),5126,0.45,1.23358439630629,95.9549,65.2,15.91,7113
5631,F004049__3,2020-09-01,35.58,2020,9,UT,Total Electric Power Industry,Petroleum (Barrels),7814,0.55,1.23358439630629,95.9669,57.2,15.91,7113
5632,F004049__3,2020-10-01,35.32,2020,10,UT,Total Electric Power Industry,Petroleum (Barrels),6409,0.54,1.23358439630629,96.7394,46.4,15.91,7113
5633,F004049__3,2020-11-01,36.93,2020,11,UT,Total Electric Power Industry,Petroleum (Barrels),5443,0.71,1.23358439630629,97.0816,37.9,15.91,7113
5634,F004049__3,2020-12-01,41.96,2020,12,UT,Total Electric Power Industry,Petroleum (Barrels),5969,0.75,1.23358439630629,98.363,27.3,15.91,7113
5635,F004049__3,2021-01-01,47.76,2021,1,UT,Total Electric Power Industry,Petroleum (Barrels),7996,,4.69785886363742,98.8822,20.5,19.71,7904
5636,F004049__3,2021-02-01,53.08,2021,2,UT,Total Electric Power Industry,Petroleum (Barrels),4982,0.98,4.69785886363742,95.6149,18.8,19.71,7904
5637,F004049__3,2021-03-01,56.25,2021,3,UT,Total Electric Power Industry,Petroleum (Barrels),5211,1.32,4.69785886363742,98.3856,30.9,19.71,7904
5638,F004049__3,2021-04-01,54.73,2021,4,UT,Total Electric Power Industry,Petroleum (Barrels),7322,1.52,4.69785886363742,98.5587,43.2,19.71,7904
5639,F004049__3,2021-05-01,57.82,2021,5,UT,Total Electric Power Industry,Petroleum (Barrels),9824,1.47,4.69785886363742,99.4333,53.3,19.71,7904
5640,F004049__3,2021-06-01,63.08,2021,6,UT,Total Electric Power Industry,Petroleum (Barrels),5243,1.46,4.69785886363742,99.7987,65.4,19.71,7904
5641,F004049__3,2021-07-01,64.32,2021,7,UT,Total Electric Power Industry,Petroleum (Barrels),3768,1.23,4.69785886363742,100.2519,64.9,19.71,7904
5642,F004049__3,2021-08-01,60.71,2021,8,UT,Total Electric Power Industry,Petroleum (Barrels),5469,1.03,4.69785886363742,100.0437,68.8,19.71,7904
5643,F004049__3,2021-09-01,63.12,2021,9,UT,Total Electric Power Industry,Petroleum (Barrels),6189,1.11,4.69785886363742,98.8579,59.5,19.71,7904
5644,F004049__3,2021-10-01,70.89,2021,10,UT,Total Electric Power Industry,Petroleum (Barrels),5254,1.21,4.69785886363742,100.1861,51.6,19.71,7904
5645,F004049__3,2021-11-01,68.63,2021,11,UT,Total Electric Power Industry,Petroleum (Barrels),2506,1.08,4.69785886363742,100.8654,34.3,19.71,7904
5646,F004049__3,2021-12-01,62.6,2021,12,UT,Total Electric Power Industry,Petroleum (Barrels),4562,0.87,4.69785886363742,100.5726,28.2,19.71,7904
5647,F004049__3,2022-01-01,73.0,2022,1,UT,Total Electric Power Industry,Petroleum (Barrels),2839,0.85,8.00279982052121,100.1856,11.8,25.03,8375
5648,F004049__3,2022-02-01,79.01,2022,2,UT,Total Electric Power Industry,Petroleum (Barrels),3330,0.63,8.00279982052121,100.8064,21.0,25.03,8375
5649,F004049__3,2022-03-01,93.16,2022,3,UT,Total Electric Power Industry,Petroleum (Barrels),5727,0.41,8.00279982052121,101.3907,30.7,25.03,8375
5650,F004049__3,2022-04-01,87.78,2022,4,UT,Total Electric Power Industry,Petroleum (Barrels),5753,-0.05,8.00279982052121,101.44,41.3,25.03,8375
5651,F004049__3,2022-05-01,94.78,2022,5,UT,Total Electric Power Industry,Petroleum (Barrels),3456,0.26,8.00279982052121,101.3335,56.9,25.03,8375
5652,F004049__3,2022-06-01,99.58,2022,6,UT,Total Electric Power Industry,Petroleum (Barrels),3849,0.28,8.00279982052121,101.018,61.4,25.03,8375
5653,F004049__3,2022-07-01,85.4,2022,7,UT,Total Electric Power Industry,Petroleum (Barrels),3703,0.04,8.00279982052121,101.223,67.4,25.03,8375
5654,F004049__3,2022-08-01,77.8,2022,8,UT,Total Electric Power Industry,Petroleum (Barrels),3688,-0.3,8.00279982052121,101.0963,68.4,25.03,8375
5655,F004049__3,2022-09-01,71.53,2022,9,UT,Total Electric Power Industry,Petroleum (Barrels),4711,-0.25,8.00279982052121,101.2918,57.8,25.03,8375
5656,F004049__3,2022-10-01,74.25,2022,10,UT,Total Electric Power Industry,Petroleum (Barrels),6517,-0.45,8.00279982052121,101.2529,48.0,25.03,8375
5657,F004049__3,2022-11-01,71.95,2022,11,UT,Total Electric Power Industry,Petroleum (Barrels),5658,-0.47,8.00279982052121,100.9552,38.6,25.03,8375
5658,F004049__3,2022-12-01,65.45,2022,12,UT,Total Electric Power Industry,Petroleum (Barrels),6240,-0.72,8.00279982052121,99.7664,27.2,25.03,8375
5659,F004049__3,2023-01-01,67.99,2023,1,UT,Total Electric Power Industry,Petroleum (Barrels),6185,,4.11633838374488,100.505,27.3,23.79,8607
5660,F004049__3,2023-02-01,66.52,2023,2,UT,Total Electric Power Industry,Petroleum (Barrels),2848,-0.7,4.11633838374488,100.6416,22.9,23.79,8607
5661,F004049__3,2023-03-01,63.15,2023,3,UT,Total Electric Power Industry,Petroleum (Barrels),3700,-0.88,4.11633838374488,101.0205,30.2,23.79,8607
5662,F004049__3,2023-04-01,67.72,2023,4,UT,Total Electric Power Industry,Petroleum (Barrels),9498,-0.54,4.11633838374488,101.253,45.1,23.79,8607
5663,F004049__3,2023-05-01,61.36,2023,5,UT,Total Electric Power Industry,Petroleum (Barrels),2464,-0.55,4.11633838374488,100.9286,51.7,23.79,8607
5664,F004049__3,2023-06-01,59.83,2023,6,UT,Total Electric Power Industry,Petroleum (Barrels),4892,-0.72,4.11633838374488,100.1196,61.7,23.79,8607
5665,F004049__3,2023-07-01,64.98,2023,7,UT,Total Electric Power Industry,Petroleum (Barrels),5480,-1.08,4.11633838374488,100.9067,69.7,23.79,8607
5666,F004049__3,2023-08-01,69.68,2023,8,UT,Total Electric Power Industry,Petroleum (Barrels),4110,-0.87,4.11633838374488,100.8393,64.0,23.79,8607
5667,F004049__3,2023-09-01,76.5,2023,9,UT,Total Electric Power Industry,Petroleum (Barrels),4180,-0.69,4.11633838374488,101.0211,61.0,23.79,8607
5668,F004049__3,2023-10-01,73.11,2023,10,UT,Total Electric Power Industry,Petroleum (Barrels),5012,-0.43,4.11633838374488,100.4689,51.7,23.79,8607
5669,F004049__3,2023-11-01,66.1,2023,11,UT,Total Electric Power Industry,Petroleum (Barrels),3400,-0.18,4.11633838374488,100.8639,32.9,23.79,8607
5670,F004049__3,2023-12-01,61.27,2023,12,UT,Total Electric Power Industry,Petroleum (Barrels),3990,-0.34,4.11633838374488,100.6031,31.2,23.79,8607
5671,F005006__3,2001-01-01,21.45,2001,1,CA,Total Electric Power Industry,Petroleum (Barrels),960824,,2.82617111885407,91.902,42.3,13.0,6111
5672,F005006__3,2001-02-01,22.73,2001,2,CA,Total Electric Power Industry,Petroleum (Barrels),746165,0.55,2.82617111885407,91.3034,43.1,13.0,6111
5673,F005006__3,2001-03-01,21.77,2001,3,CA,Total Electric Power Industry,Petroleum (Barrels),598567,0.46,2.82617111885407,91.1162,52.6,13.0,6111
5674,F005006__3,2001-04-01,22.41,2001,4,CA,Total Electric Power Industry,Petroleum (Barrels),515397,0.76,2.82617111885407,90.7891,52.0,13.0,6111
5675,F005006__3,2001-05-01,23.07,2001,5,CA,Total Electric Power Industry,Petroleum (Barrels),546829,1.07,2.82617111885407,90.3555,68.6,13.0,6111
5676,F005006__3,2001-06-01,22.4,2001,6,CA,Total Electric Power Industry,Petroleum (Barrels),434632,1.17,2.82617111885407,89.8784,71.4,13.0,6111
5677,F005006__3,2001-07-01,21.07,2001,7,CA,Total Electric Power Industry,Petroleum (Barrels),452381,1.16,2.82617111885407,89.3028,74.2,13.0,6111
5678,F005006__3,2001-08-01,21.12,2001,8,CA,Total Electric Power Industry,Petroleum (Barrels),362710,1.28,2.82617111885407,89.2003,76.0,13.0,6111
5679,F005006__3,2001-09-01,20.29,2001,9,CA,Total Electric Power Industry,Petroleum (Barrels),319513,,2.82617111885407,88.7485,71.3,13.0,6111
5680,F005006__3,2001-10-01,16.47,2001,10,CA,Total Electric Power Industry,Petroleum (Barrels),403787,1.73,2.82617111885407,88.5052,63.6,13.0,6111
5681,F005006__3,2001-11-01,15.11,2001,11,CA,Total Electric Power Industry,Petroleum (Barrels),359581,1.75,2.82617111885407,87.97,51.6,13.0,6111
5682,F005006__3,2001-12-01,13.85,2001,12,CA,Total Electric Power Industry,Petroleum (Barrels),385919,1.93,2.82617111885407,87.9324,42.8,13.0,6111
5683,F005006__3,2002-01-01,14.49,2002,1,CA,Total Electric Power Industry,Petroleum (Barrels),527108,,1.58603162650601,88.5176,42.4,12.07,6214
5684,F005006__3,2002-02-01,15.67,2002,2,CA,Total Electric Power Industry,Petroleum (Barrels),460479,1.94,1.58603162650601,88.5278,48.2,12.07,6214
5685,F005006__3,2002-03-01,19.87,2002,3,CA,Total Electric Power Industry,Petroleum (Barrels),567154,1.8,1.58603162650601,89.1686,48.5,12.07,6214
5686,F005006__3,2002-04-01,22.11,2002,4,CA,Total Electric Power Industry,Petroleum (Barrels),484370,1.7,1.58603162650601,89.604,56.0,12.07,6214
5687,F005006__3,2002-05-01,23.24,2002,5,CA,Total Electric Power Industry,Petroleum (Barrels),499723,1.87,1.58603162650601,89.964,61.5,12.07,6214
5688,F005006__3,2002-06-01,21.35,2002,6,CA,Total Electric Power Industry,Petroleum (Barrels),616239,1.87,1.58603162650601,90.7061,71.2,12.07,6214
5689,F005006__3,2002-07-01,23.42,2002,7,CA,Total Electric Power Industry,Petroleum (Barrels),714491,1.97,1.58603162650601,90.6769,77.4,12.07,6214
5690,F005006__3,2002-08-01,24.63,2002,8,CA,Total Electric Power Industry,Petroleum (Barrels),700527,2.32,1.58603162650601,90.5762,74.4,12.07,6214
5691,F005006__3,2002-09-01,25.45,2002,9,CA,Total Electric Power Industry,Petroleum (Barrels),657423,,1.58603162650601,90.6531,70.9,12.07,6214
5692,F005006__3,2002-10-01,24.82,2002,10,CA,Total Electric Power Industry,Petroleum (Barrels),573185,1.92,1.58603162650601,90.4643,59.4,12.07,6214
5693,F005006__3,2002-11-01,21.98,2002,11,CA,Total Electric Power Industry,Petroleum (Barrels),569082,2.25,1.58603162650601,90.9711,52.3,12.07,6214
5694,F005006__3,2002-12-01,24.31,2002,12,CA,Total Electric Power Industry,Petroleum (Barrels),585959,2.15,1.58603162650601,90.4652,44.0,12.07,6214
5695,F005006__3,2003-01-01,27.4,2003,1,CA,Total Electric Power Industry,Petroleum (Barrels),334826,,2.27009497336115,91.2361,50.0,13.83,6176
5696,F005006__3,2003-02-01,30.81,2003,2,CA,Total Electric Power Industry,Petroleum (Barrels),294002,2.29,2.27009497336115,91.3445,45.7,13.83,6176
5697,F005006__3,2003-03-01,28.99,2003,3,CA,Total Electric Power Industry,Petroleum (Barrels),377723,2.16,2.27009497336115,91.1044,51.4,13.83,6176
5698,F005006__3,2003-04-01,23.03,2003,4,CA,Total Electric Power Industry,Petroleum (Barrels),298195,2.34,2.27009497336115,90.5617,50.0,13.83,6176
5699,F005006__3,2003-05-01,23.3,2003,5,CA,Total Electric Power Industry,Petroleum (Barrels),368124,2.38,2.27009497336115,90.537,62.0,13.83,6176
5700,F005006__3,2003-06-01,26.44,2003,6,CA,Total Electric Power Industry,Petroleum (Barrels),465392,2.1,2.27009497336115,90.6527,71.2,13.83,6176
5701,F005006__3,2003-07-01,26.44,2003,7,CA,Total Electric Power Industry,Petroleum (Barrels),550882,2.26,2.27009497336115,91.1185,78.7,13.83,6176
5702,F005006__3,2003-08-01,27.55,2003,8,CA,Total Electric Power Industry,Petroleum (Barrels),566226,2.59,2.27009497336115,90.9197,75.0,13.83,6176
5703,F005006__3,2003-09-01,24.31,2003,9,CA,Total Electric Power Industry,Petroleum (Barrels),475289,,2.27009497336115,91.5059,72.9,13.83,6176
5704,F005006__3,2003-10-01,25.68,2003,10,CA,Total Electric Power Industry,Petroleum (Barrels),422359,2.49,2.27009497336115,91.6186,65.4,13.83,6176
5705,F005006__3,2003-11-01,25.97,2003,11,CA,Total Electric Power Industry,Petroleum (Barrels),323525,2.5,2.27009497336115,92.2329,46.8,13.83,6176
5706,F005006__3,2003-12-01,27.35,2003,12,CA,Total Electric Power Industry,Petroleum (Barrels),340274,2.28,2.27009497336115,92.2602,44.0,13.83,6176
5707,F005006__3,2004-01-01,29.71,2004,1,CA,Total Electric Power Industry,Petroleum (Barrels),362124,,2.67723669309172,92.4006,43.5,15.17,6283
5708,F005006__3,2004-02-01,30.25,2004,2,CA,Total Electric Power Industry,Petroleum (Barrels),310431,2.35,2.67723669309172,92.958,44.2,15.17,6283
5709,F005006__3,2004-03-01,31.9,2004,3,CA,Total Electric Power Industry,Petroleum (Barrels),405841,2.33,2.67723669309172,92.5861,56.9,15.17,6283
5710,F005006__3,2004-04-01,31.75,2004,4,CA,Total Electric Power Industry,Petroleum (Barrels),317044,2.26,2.67723669309172,92.93,57.3,15.17,6283
5711,F005006__3,2004-05-01,34.78,2004,5,CA,Total Electric Power Industry,Petroleum (Barrels),336088,2.19,2.67723669309172,93.6013,63.2,15.17,6283
5712,F005006__3,2004-06-01,32.97,2004,6,CA,Total Electric Power Industry,Petroleum (Barrels),415289,2.11,2.67723669309172,92.871,70.4,15.17,6283
5713,F005006__3,2004-07-01,34.84,2004,7,CA,Total Electric Power Industry,Petroleum (Barrels),432389,1.93,2.67723669309172,93.5649,76.1,15.17,6283
5714,F005006__3,2004-08-01,37.9,2004,8,CA,Total Electric Power Industry,Petroleum (Barrels),433537,1.82,2.67723669309172,93.6277,74.8,15.17,6283
5715,F005006__3,2004-09-01,36.98,2004,9,CA,Total Electric Power Industry,Petroleum (Barrels),402851,1.72,2.67723669309172,93.7467,69.4,15.17,6283
5716,F005006__3,2004-10-01,41.68,2004,10,CA,Total Electric Power Industry,Petroleum (Barrels),306704,1.58,2.67723669309172,94.5465,58.2,15.17,6283
5717,F005006__3,2004-11-01,37.71,2004,11,CA,Total Electric Power Industry,Petroleum (Barrels),358661,1.5,2.67723669309172,94.7813,47.7,15.17,6283
5718,F005006__3,2004-12-01,33.03,2004,12,CA,Total Electric Power Industry,Petroleum (Barrels),385455,1.37,2.67723669309172,95.5365,44.6,15.17,6283
5719,F005006__3,2005-01-01,35.66,2005,1,CA,Total Electric Power Industry,Petroleum (Barrels),428782,1.13,3.3927468454955,95.8801,44.1,17.46,6542
5720,F005006__3,2005-02-01,37.19,2005,2,CA,Total Electric Power Industry,Petroleum (Barrels),364775,0.86,3.3927468454955,96.5761,47.1,17.46,6542
5721,F005006__3,2005-03-01,42.82,2005,3,CA,Total Electric Power Industry,Petroleum (Barrels),420866,0.79,3.3927468454955,96.4456,51.1,17.46,6542
5722,F005006__3,2005-04-01,42.84,2005,4,CA,Total Electric Power Industry,Petroleum (Barrels),360629,0.71,3.3927468454955,96.6532,53.0,17.46,6542
5723,F005006__3,2005-05-01,40.11,2005,5,CA,Total Electric Power Industry,Petroleum (Barrels),409839,0.57,3.3927468454955,96.7402,62.2,17.46,6542
5724,F005006__3,2005-06-01,47.1,2005,6,CA,Total Electric Power Industry,Petroleum (Barrels),406022,0.41,3.3927468454955,97.1753,66.2,17.46,6542
5725,F005006__3,2005-07-01,50.41,2005,7,CA,Total Electric Power Industry,Petroleum (Barrels),456533,0.3,3.3927468454955,96.8676,78.4,17.46,6542
5726,F005006__3,2005-08-01,56.72,2005,8,CA,Total Electric Power Industry,Petroleum (Barrels),501466,0.28,3.3927468454955,97.1833,75.8,17.46,6542
5727,F005006__3,2005-09-01,57.41,2005,9,CA,Total Electric Power Industry,Petroleum (Barrels),429904,0.3,3.3927468454955,95.3005,66.9,17.46,6542
5728,F005006__3,2005-10-01,54.54,2005,10,CA,Total Electric Power Industry,Petroleum (Barrels),367301,0.18,3.3927468454955,96.4572,59.9,17.46,6542
5729,F005006__3,2005-11-01,50.08,2005,11,CA,Total Electric Power Industry,Petroleum (Barrels),366813,0.16,3.3927468454955,97.5414,52.4,17.46,6542
5730,F005006__3,2005-12-01,50.8,2005,12,CA,Total Electric Power Industry,Petroleum (Barrels),408906,0.07,3.3927468454955,98.0452,46.1,17.46,6542
5731,F005006__3,2006-01-01,56.51,2006,1,CA,Total Electric Power Industry,Petroleum (Barrels),391958,,3.22594410070404,98.1999,44.6,19.4,6377
5732,F005006__3,2006-02-01,52.73,2006,2,CA,Total Electric Power Industry,Petroleum (Barrels),343375,-0.02,3.22594410070404,98.2413,47.7,19.4,6377
5733,F005006__3,2006-03-01,53.58,2006,3,CA,Total Electric Power Industry,Petroleum (Barrels),365497,-0.12,3.22594410070404,98.4628,44.0,19.4,6377
5734,F005006__3,2006-04-01,60.76,2006,4,CA,Total Electric Power Industry,Petroleum (Barrels),374952,0.02,3.22594410070404,98.7618,53.0,19.4,6377
5735,F005006__3,2006-05-01,61.77,2006,5,CA,Total Electric Power Industry,Petroleum (Barrels),365258,0.2,3.22594410070404,98.7869,64.6,19.4,6377
5736,F005006__3,2006-06-01,62.22,2006,6,CA,Total Electric Power Industry,Petroleum (Barrels),395063,0.07,3.22594410070404,99.0997,73.2,19.4,6377
5737,F005006__3,2006-07-01,65.71,2006,7,CA,Total Electric Power Industry,Petroleum (Barrels),448918,-0.02,3.22594410070404,99.0489,79.3,19.4,6377
5738,F005006__3,2006-08-01,64.27,2006,8,CA,Total Electric Power Industry,Petroleum (Barrels),438775,0.02,3.22594410070404,99.4836,73.8,19.4,6377
5739,F005006__3,2006-09-01,55.63,2006,9,CA,Total Electric Power Industry,Petroleum (Barrels),394054,-0.04,3.22594410070404,99.3183,69.5,19.4,6377
5740,F005006__3,2006-10-01,50.54,2006,10,CA,Total Electric Power Industry,Petroleum (Barrels),329902,-0.04,3.22594410070404,99.2044,58.8,19.4,6377
5741,F005006__3,2006-11-01,50.46,2006,11,CA,Total Electric Power Industry,Petroleum (Barrels),331121,-0.09,3.22594410070404,99.1627,51.3,19.4,6377
5742,F005006__3,2006-12-01,53.62,2006,12,CA,Total Electric Power Industry,Petroleum (Barrels),353375,-0.09,3.22594410070404,100.1735,43.9,19.4,6377
5743,F005006__3,2007-01-01,46.42,2007,1,CA,Total Electric Power Industry,Petroleum (Barrels),378406,,2.85267248150138,99.8346,41.5,20.15,6306
5744,F005006__3,2007-02-01,51.41,2007,2,CA,Total Electric Power Industry,Petroleum (Barrels),310575,-0.12,2.85267248150138,100.7753,46.7,20.15,6306
5745,F005006__3,2007-03-01,53.03,2007,3,CA,Total Electric Power Industry,Petroleum (Barrels),333927,-0.07,2.85267248150138,100.9547,54.4,20.15,6306
5746,F005006__3,2007-04-01,56.85,2007,4,CA,Total Electric Power Industry,Petroleum (Barrels),419210,0.05,2.85267248150138,101.6334,56.3,20.15,6306
5747,F005006__3,2007-05-01,57.12,2007,5,CA,Total Electric Power Industry,Petroleum (Barrels),389442,0.01,2.85267248150138,101.7306,64.1,20.15,6306
5748,F005006__3,2007-06-01,61.28,2007,6,CA,Total Electric Power Industry,Petroleum (Barrels),418638,-0.02,2.85267248150138,101.7893,70.5,20.15,6306
5749,F005006__3,2007-07-01,68.15,2007,7,CA,Total Electric Power Industry,Petroleum (Barrels),415713,0.14,2.85267248150138,101.6672,76.9,20.15,6306
5750,F005006__3,2007-08-01,66.22,2007,8,CA,Total Electric Power Industry,Petroleum (Barrels),431154,0.2,2.85267248150138,101.863,76.1,20.15,6306
5751,F005006__3,2007-09-01,71.97,2007,9,CA,Total Electric Power Industry,Petroleum (Barrels),352601,,2.85267248150138,102.0894,67.5,20.15,6306
5752,F005006__3,2007-10-01,78.05,2007,10,CA,Total Electric Power Industry,Petroleum (Barrels),327048,0.54,2.85267248150138,101.8015,58.6,20.15,6306
5753,F005006__3,2007-11-01,86.44,2007,11,CA,Total Electric Power Industry,Petroleum (Barrels),350753,0.59,2.85267248150138,102.3446,53.3,20.15,6306
5754,F005006__3,2007-12-01,83.06,2007,12,CA,Total Electric Power Industry,Petroleum (Barrels),359186,0.99,2.85267248150138,102.3803,41.2,20.15,6306
5755,F005006__3,2008-01-01,84.26,2008,1,CA,Total Electric Power Industry,Petroleum (Barrels),318418,,3.839100296651,102.2448,41.1,23.25,6737
5756,F005006__3,2008-02-01,86.17,2008,2,CA,Total Electric Power Industry,Petroleum (Barrels),302004,1.53,3.839100296651,101.8438,45.8,23.25,6737
5757,F005006__3,2008-03-01,96.39,2008,3,CA,Total Electric Power Industry,Petroleum (Barrels),320942,1.93,3.839100296651,101.5336,50.3,23.25,6737
5758,F005006__3,2008-04-01,103.78,2008,4,CA,Total Electric Power Industry,Petroleum (Barrels),341172,1.77,3.839100296651,100.8785,54.4,23.25,6737
5759,F005006__3,2008-05-01,116.16,2008,5,CA,Total Electric Power Industry,Petroleum (Barrels),250639,1.41,3.839100296651,100.2674,61.7,23.25,6737
5760,F005006__3,2008-06-01,123.89,2008,6,CA,Total Electric Power Industry,Petroleum (Barrels),281778,1.47,3.839100296651,100.0335,71.1,23.25,6737
5761,F005006__3,2008-07-01,123.72,2008,7,CA,Total Electric Power Industry,Petroleum (Barrels),295469,1.38,3.839100296651,99.676,76.5,23.25,6737
5762,F005006__3,2008-08-01,107.14,2008,8,CA,Total Electric Power Industry,Petroleum (Barrels),278029,1.46,3.839100296651,98.1111,76.6,23.25,6737
5763,F005006__3,2008-09-01,95.19,2008,9,CA,Total Electric Power Industry,Petroleum (Barrels),300465,,3.839100296651,93.7895,71.8,23.25,6737
5764,F005006__3,2008-10-01,67.48,2008,10,CA,Total Electric Power Industry,Petroleum (Barrels),269624,1.95,3.839100296651,94.7219,61.8,23.25,6737
5765,F005006__3,2008-11-01,47.84,2008,11,CA,Total Electric Power Industry,Petroleum (Barrels),312141,2.51,3.839100296651,93.4715,53.9,23.25,6737
5766,F005006__3,2008-12-01,31.68,2008,12,CA,Total Electric Power Industry,Petroleum (Barrels),391538,1.82,3.839100296651,90.8357,42.0,23.25,6737
5767,F005006__3,2009-01-01,32.78,2009,1,CA,Total Electric Power Industry,Petroleum (Barrels),265481,,-0.355546266299747,88.57,46.9,18.68,6656
5768,F005006__3,2009-02-01,32.98,2009,2,CA,Total Electric Power Industry,Petroleum (Barrels),236063,1.87,-0.355546266299747,88.031,45.2,18.68,6656
5769,F005006__3,2009-03-01,44.93,2009,3,CA,Total Electric Power Industry,Petroleum (Barrels),255029,2.02,-0.355546266299747,86.6528,49.2,18.68,6656
5770,F005006__3,2009-04-01,46.1,2009,4,CA,Total Electric Power Industry,Petroleum (Barrels),251911,1.85,-0.355546266299747,85.9344,54.3,18.68,6656
5771,F005006__3,2009-05-01,54.69,2009,5,CA,Total Electric Power Industry,Petroleum (Barrels),226600,2.29,-0.355546266299747,85.0665,66.7,18.68,6656
5772,F005006__3,2009-06-01,64.24,2009,6,CA,Total Electric Power Industry,Petroleum (Barrels),255186,2.74,-0.355546266299747,84.7459,67.5,18.68,6656
5773,F005006__3,2009-07-01,58.79,2009,7,CA,Total Electric Power Industry,Petroleum (Barrels),268433,2.5,-0.355546266299747,85.7027,77.6,18.68,6656
5774,F005006__3,2009-08-01,64.98,2009,8,CA,Total Electric Power Industry,Petroleum (Barrels),255637,2.48,-0.355546266299747,86.6426,74.8,18.68,6656
5775,F005006__3,2009-09-01,63.67,2009,9,CA,Total Electric Power Industry,Petroleum (Barrels),259879,2.46,-0.355546266299747,87.4063,73.0,18.68,6656
5776,F005006__3,2009-10-01,69.58,2009,10,CA,Total Electric Power Industry,Petroleum (Barrels),242302,2.34,-0.355546266299747,87.6419,58.1,18.68,6656
5777,F005006__3,2009-11-01,71.81,2009,11,CA,Total Electric Power Industry,Petroleum (Barrels),242773,2.53,-0.355546266299747,88.0221,50.9,18.68,6656
5778,F005006__3,2009-12-01,69.06,2009,12,CA,Total Electric Power Industry,Petroleum (Barrels),251640,2.61,-0.355546266299747,88.3793,41.8,18.68,6656
5779,F005006__3,2010-01-01,72.84,2010,1,CA,Total Electric Power Industry,Petroleum (Barrels),189761,,1.6400434423899,89.3426,45.2,21.23,7130
5780,F005006__3,2010-02-01,72.26,2010,2,CA,Total Electric Power Industry,Petroleum (Barrels),172922,2.82,1.6400434423899,89.6779,46.8,21.23,7130
5781,F005006__3,2010-03-01,75.94,2010,3,CA,Total Electric Power Industry,Petroleum (Barrels),195820,2.81,1.6400434423899,90.2928,49.0,21.23,7130
5782,F005006__3,2010-04-01,78.35,2010,4,CA,Total Electric Power Industry,Petroleum (Barrels),174572,2.84,1.6400434423899,90.5991,50.9,21.23,7130
5783,F005006__3,2010-05-01,69.06,2010,5,CA,Total Electric Power Industry,Petroleum (Barrels),174040,2.72,1.6400434423899,91.823,56.9,21.23,7130
5784,F005006__3,2010-06-01,70.17,2010,6,CA,Total Electric Power Industry,Petroleum (Barrels),204668,2.51,1.6400434423899,91.9928,69.1,21.23,7130
5785,F005006__3,2010-07-01,71.59,2010,7,CA,Total Electric Power Industry,Petroleum (Barrels),171589,2.33,1.6400434423899,92.3421,76.1,21.23,7130
5786,F005006__3,2010-08-01,71.75,2010,8,CA,Total Electric Power Industry,Petroleum (Barrels),178505,2.43,1.6400434423899,92.6805,73.4,21.23,7130
5787,F005006__3,2010-09-01,70.95,2010,9,CA,Total Electric Power Industry,Petroleum (Barrels),175000,2.08,1.6400434423899,92.9537,70.4,21.23,7130
5788,F005006__3,2010-10-01,77.68,2010,10,CA,Total Electric Power Industry,Petroleum (Barrels),180132,2.12,1.6400434423899,92.6903,60.5,21.23,7130
5789,F005006__3,2010-11-01,79.89,2010,11,CA,Total Electric Power Industry,Petroleum (Barrels),190416,2.32,1.6400434423899,92.7709,48.6,21.23,7130
5790,F005006__3,2010-12-01,84.16,2010,12,CA,Total Electric Power Industry,Petroleum (Barrels),172265,2.44,1.6400434423899,93.6787,45.8,21.23,7130
5791,F005006__3,2011-01-01,85.89,2011,1,CA,Total Electric Power Industry,Petroleum (Barrels),135251,2.75,3.156841568622,93.4814,45.2,24.55,7680
5792,F005006__3,2011-02-01,89.16,2011,2,CA,Total Electric Power Industry,Petroleum (Barrels),151027,2.87,3.156841568622,93.1102,43.4,24.55,7680
5793,F005006__3,2011-03-01,105.2,2011,3,CA,Total Electric Power Industry,Petroleum (Barrels),187939,2.75,3.156841568622,94.0788,48.7,24.55,7680
5794,F005006__3,2011-04-01,114.11,2011,4,CA,Total Electric Power Industry,Petroleum (Barrels),161905,2.66,3.156841568622,93.7749,53.4,24.55,7680
5795,F005006__3,2011-05-01,105.84,2011,5,CA,Total Electric Power Industry,Petroleum (Barrels),166902,2.7,3.156841568622,93.888,57.6,24.55,7680
5796,F005006__3,2011-06-01,101.46,2011,6,CA,Total Electric Power Industry,Petroleum (Barrels),162364,2.52,3.156841568622,94.172,66.9,24.55,7680
5797,F005006__3,2011-07-01,103.58,2011,7,CA,Total Electric Power Industry,Petroleum (Barrels),188275,2.72,3.156841568622,94.636,74.2,24.55,7680
5798,F005006__3,2011-08-01,95.56,2011,8,CA,Total Electric Power Industry,Petroleum (Barrels),179489,2.39,3.156841568622,95.2749,75.2,24.55,7680
5799,F005006__3,2011-09-01,105.58,2011,9,CA,Total Electric Power Industry,Petroleum (Barrels),156430,1.96,3.156841568622,95.1961,72.2,24.55,7680
5800,F005006__3,2011-10-01,107.25,2011,10,CA,Total Electric Power Industry,Petroleum (Barrels),149162,1.56,3.156841568622,95.8568,61.4,24.55,7680
5801,F005006__3,2011-11-01,113.46,2011,11,CA,Total Electric Power Industry,Petroleum (Barrels),112939,1.78,3.156841568622,95.8485,48.2,24.55,7680
5802,F005006__3,2011-12-01,104.06,2011,12,CA,Total Electric Power Industry,Petroleum (Barrels),113693,1.84,3.156841568622,96.3571,42.8,24.55,7680
5803,F005006__3,2012-01-01,105.0,2012,1,CA,Total Electric Power Industry,Petroleum (Barrels),126235,,2.06933726526067,96.9318,46.5,25.18,7703
5804,F005006__3,2012-02-01,112.02,2012,2,CA,Total Electric Power Industry,Petroleum (Barrels),77696,1.64,2.06933726526067,97.2435,46.5,25.18,7703
5805,F005006__3,2012-03-01,116.47,2012,3,CA,Total Electric Power Industry,Petroleum (Barrels),19246,1.73,2.06933726526067,96.74,48.8,25.18,7703
5806,F005006__3,2012-04-01,114.91,2012,4,CA,Total Electric Power Industry,Petroleum (Barrels),18055,1.89,2.06933726526067,97.4359,55.8,25.18,7703
5807,F005006__3,2012-05-01,104.45,2012,5,CA,Total Electric Power Industry,Petroleum (Barrels),17773,1.71,2.06933726526067,97.6609,63.9,25.18,7703
5808,F005006__3,2012-06-01,92.8,2012,6,CA,Total Electric Power Industry,Petroleum (Barrels),24628,1.22,2.06933726526067,97.6663,69.3,25.18,7703
5809,F005006__3,2012-07-01,97.09,2012,7,CA,Total Electric Power Industry,Petroleum (Barrels),16997,1.31,2.06933726526067,97.8713,74.7,25.18,7703
5810,F005006__3,2012-08-01,103.25,2012,8,CA,Total Electric Power Industry,Petroleum (Barrels),18991,1.32,2.06933726526067,97.4525,77.8,25.18,7703
5811,F005006__3,2012-09-01,105.32,2012,9,CA,Total Electric Power Industry,Petroleum (Barrels),20005,,2.06933726526067,97.381,73.1,25.18,7703
5812,F005006__3,2012-10-01,100.82,2012,10,CA,Total Electric Power Industry,Petroleum (Barrels),22388,1.39,2.06933726526067,97.7193,62.2,25.18,7703
5813,F005006__3,2012-11-01,97.72,2012,11,CA,Total Electric Power Industry,Petroleum (Barrels),10998,1.45,2.06933726526067,98.0777,52.5,25.18,7703
5814,F005006__3,2012-12-01,99.99,2012,12,CA,Total Electric Power Industry,Petroleum (Barrels),12940,1.38,2.06933726526067,98.3101,43.0,25.18,7703
5815,F005006__3,2013-01-01,106.23,2013,1,CA,Total Electric Power Industry,Petroleum (Barrels),5715,,1.46483265562717,98.3342,42.1,25.16,7707
5816,F005006__3,2013-02-01,106.86,2013,2,CA,Total Electric Power Industry,Petroleum (Barrels),5337,1.77,1.46483265562717,98.7941,45.3,25.16,7707
5817,F005006__3,2013-03-01,105.21,2013,3,CA,Total Electric Power Industry,Petroleum (Barrels),6071,1.61,1.46483265562717,99.1921,53.8,25.16,7707
5818,F005006__3,2013-04-01,101.41,2013,4,CA,Total Electric Power Industry,Petroleum (Barrels),10296,1.63,1.46483265562717,99.1065,58.2,25.16,7707
5819,F005006__3,2013-05-01,101.73,2013,5,CA,Total Electric Power Industry,Petroleum (Barrels),20773,1.46,1.46483265562717,99.1839,63.8,25.16,7707
5820,F005006__3,2013-06-01,99.98,2013,6,CA,Total Electric Power Industry,Petroleum (Barrels),18097,1.83,1.46483265562717,99.3897,72.4,25.16,7707
5821,F005006__3,2013-07-01,105.72,2013,7,CA,Total Electric Power Industry,Petroleum (Barrels),15039,2.16,1.46483265562717,99.0814,78.0,25.16,7707
5822,F005006__3,2013-08-01,105.36,2013,8,CA,Total Electric Power Industry,Petroleum (Barrels),18269,2.39,1.46483265562717,99.6543,74.4,25.16,7707
5823,F005006__3,2013-09-01,105.24,2013,9,CA,Total Electric Power Industry,Petroleum (Barrels),17244,,1.46483265562717,100.161,69.3,25.16,7707
5824,F005006__3,2013-10-01,98.54,2013,10,CA,Total Electric Power Industry,Petroleum (Barrels),7747,2.33,1.46483265562717,100.082,58.5,25.16,7707
5825,F005006__3,2013-11-01,94.26,2013,11,CA,Total Electric Power Industry,Petroleum (Barrels),6436,2.32,1.46483265562717,100.3158,51.9,25.16,7707
5826,F005006__3,2013-12-01,100.03,2013,12,CA,Total Electric Power Industry,Petroleum (Barrels),9766,2.51,1.46483265562717,100.5175,44.1,25.16,7707
5827,F005006__3,2014-01-01,97.41,2014,1,CA,Total Electric Power Industry,Petroleum (Barrels),14066,,1.62222297740817,100.1599,50.1,25.65,7981
5828,F005006__3,2014-02-01,102.16,2014,2,CA,Total Electric Power Industry,Petroleum (Barrels),6383,2.31,1.62222297740817,100.9168,49.8,25.65,7981
5829,F005006__3,2014-03-01,101.99,2014,3,CA,Total Electric Power Industry,Petroleum (Barrels),8477,2.28,1.62222297740817,101.8942,53.5,25.65,7981
5830,F005006__3,2014-04-01,102.27,2014,4,CA,Total Electric Power Industry,Petroleum (Barrels),6369,2.33,1.62222297740817,101.9928,57.7,25.65,7981
5831,F005006__3,2014-05-01,102.01,2014,5,CA,Total Electric Power Industry,Petroleum (Barrels),16564,2.22,1.62222297740817,102.3836,64.6,25.65,7981
5832,F005006__3,2014-06-01,104.08,2014,6,CA,Total Electric Power Industry,Petroleum (Barrels),16214,2.15,1.62222297740817,102.735,71.9,25.65,7981
5833,F005006__3,2014-07-01,100.58,2014,7,CA,Total Electric Power Industry,Petroleum (Barrels),13853,2.11,1.62222297740817,102.9632,78.4,25.65,7981
5834,F005006__3,2014-08-01,94.62,2014,8,CA,Total Electric Power Industry,Petroleum (Barrels),16491,2.05,1.62222297740817,102.7688,74.9,25.65,7981
5835,F005006__3,2014-09-01,89.84,2014,9,CA,Total Electric Power Industry,Petroleum (Barrels),18160,,1.62222297740817,103.0641,72.2,25.65,7981
5836,F005006__3,2014-10-01,79.17,2014,10,CA,Total Electric Power Industry,Petroleum (Barrels),9349,1.89,1.62222297740817,103.0764,64.4,25.65,7981
5837,F005006__3,2014-11-01,70.11,2014,11,CA,Total Electric Power Industry,Petroleum (Barrels),6108,1.84,1.62222297740817,103.7126,53.1,25.65,7981
5838,F005006__3,2014-12-01,53.77,2014,12,CA,Total Electric Power Industry,Petroleum (Barrels),8086,1.73,1.62222297740817,103.7044,46.8,25.65,7981
5839,F005006__3,2015-01-01,42.93,2015,1,CA,Total Electric Power Industry,Petroleum (Barrels),10587,,0.118627135552451,102.8905,48.6,22.16,8068
5840,F005006__3,2015-02-01,47.02,2015,2,CA,Total Electric Power Industry,Petroleum (Barrels),5462,1.19,0.118627135552451,102.2335,53.2,22.16,8068
5841,F005006__3,2015-03-01,44.95,2015,3,CA,Total Electric Power Industry,Petroleum (Barrels),5079,1.42,0.118627135552451,101.8914,56.9,22.16,8068
5842,F005006__3,2015-04-01,50.81,2015,4,CA,Total Electric Power Industry,Petroleum (Barrels),9994,1.32,0.118627135552451,101.3355,56.7,22.16,8068
5843,F005006__3,2015-05-01,56.91,2015,5,CA,Total Electric Power Industry,Petroleum (Barrels),33548,1.52,0.118627135552451,100.8883,60.8,22.16,8068
5844,F005006__3,2015-06-01,57.25,2015,6,CA,Total Electric Power Industry,Petroleum (Barrels),30158,1.55,0.118627135552451,100.571,74.4,22.16,8068
5845,F005006__3,2015-07-01,49.17,2015,7,CA,Total Electric Power Industry,Petroleum (Barrels),9822,1.74,0.118627135552451,101.2228,75.0,22.16,8068
5846,F005006__3,2015-08-01,41.66,2015,8,CA,Total Electric Power Industry,Petroleum (Barrels),10191,1.48,0.118627135552451,101.0367,76.5,22.16,8068
5847,F005006__3,2015-09-01,42.87,2015,9,CA,Total Electric Power Industry,Petroleum (Barrels),16378,1.47,0.118627135552451,100.7547,72.1,22.16,8068
5848,F005006__3,2015-10-01,42.2,2015,10,CA,Total Electric Power Industry,Petroleum (Barrels),13584,1.41,0.118627135552451,100.2675,65.0,22.16,8068
5849,F005006__3,2015-11-01,38.38,2015,11,CA,Total Electric Power Industry,Petroleum (Barrels),6950,1.43,0.118627135552451,99.5298,47.6,22.16,8068
5850,F005006__3,2015-12-01,32.95,2015,12,CA,Total Electric Power Industry,Petroleum (Barrels),12670,1.24,0.118627135552451,99.0417,42.3,22.16,8068
5851,F005006__3,2016-01-01,27.15,2016,1,CA,Total Electric Power Industry,Petroleum (Barrels),14340,,1.26158320570536,99.5607,44.5,20.17,8356
5852,F005006__3,2016-02-01,25.75,2016,2,CA,Total Electric Power Industry,Petroleum (Barrels),9647,1.16,1.26158320570536,99.0445,51.8,20.17,8356
5853,F005006__3,2016-03-01,32.89,2016,3,CA,Total Electric Power Industry,Petroleum (Barrels),10857,0.98,1.26158320570536,98.3096,52.5,20.17,8356
5854,F005006__3,2016-04-01,35.69,2016,4,CA,Total Electric Power Industry,Petroleum (Barrels),13410,1.03,1.26158320570536,98.6421,57.9,20.17,8356
5855,F005006__3,2016-05-01,41.31,2016,5,CA,Total Electric Power Industry,Petroleum (Barrels),35988,1.08,1.26158320570536,98.4184,62.2,20.17,8356
5856,F005006__3,2016-06-01,42.12,2016,6,CA,Total Electric Power Industry,Petroleum (Barrels),27116,0.94,1.26158320570536,98.8833,73.5,20.17,8356
5857,F005006__3,2016-07-01,38.76,2016,7,CA,Total Electric Power Industry,Petroleum (Barrels),28057,0.87,1.26158320570536,98.9992,76.8,20.17,8356
5858,F005006__3,2016-08-01,40.05,2016,8,CA,Total Electric Power Industry,Petroleum (Barrels),15051,0.84,1.26158320570536,98.85,76.2,20.17,8356
5859,F005006__3,2016-09-01,40.47,2016,9,CA,Total Electric Power Industry,Petroleum (Barrels),24878,0.79,1.26158320570536,98.7457,69.5,20.17,8356
5860,F005006__3,2016-10-01,45.21,2016,10,CA,Total Electric Power Industry,Petroleum (Barrels),17289,0.83,1.26158320570536,98.7611,60.5,20.17,8356
5861,F005006__3,2016-11-01,40.49,2016,11,CA,Total Electric Power Industry,Petroleum (Barrels),12293,1.0,1.26158320570536,98.3491,52.8,20.17,8356
5862,F005006__3,2016-12-01,47.41,2016,12,CA,Total Electric Power Industry,Petroleum (Barrels),18966,1.31,1.26158320570536,99.0214,43.4,20.17,8356
5863,F005006__3,2017-01-01,49.0,2017,1,CA,Total Electric Power Industry,Petroleum (Barrels),7647,,2.13011000365961,98.7611,42.2,21.99,8541
5864,F005006__3,2017-02-01,49.73,2017,2,CA,Total Electric Power Industry,Petroleum (Barrels),12175,1.26,2.13011000365961,98.3646,47.3,21.99,8541
5865,F005006__3,2017-03-01,46.52,2017,3,CA,Total Electric Power Industry,Petroleum (Barrels),6613,1.17,2.13011000365961,99.0137,53.4,21.99,8541
5866,F005006__3,2017-04-01,48.1,2017,4,CA,Total Electric Power Industry,Petroleum (Barrels),7197,1.11,2.13011000365961,100.0224,55.6,21.99,8541
5867,F005006__3,2017-05-01,45.65,2017,5,CA,Total Electric Power Industry,Petroleum (Barrels),6699,1.05,2.13011000365961,100.1408,63.4,21.99,8541
5868,F005006__3,2017-06-01,42.32,2017,6,CA,Total Electric Power Industry,Petroleum (Barrels),6900,0.93,2.13011000365961,100.3471,72.8,21.99,8541
5869,F005006__3,2017-07-01,44.04,2017,7,CA,Total Electric Power Industry,Petroleum (Barrels),6297,0.94,2.13011000365961,100.1068,78.8,21.99,8541
5870,F005006__3,2017-08-01,46.94,2017,8,CA,Total Electric Power Industry,Petroleum (Barrels),7130,0.92,2.13011000365961,99.6925,77.9,21.99,8541
5871,F005006__3,2017-09-01,50.1,2017,9,CA,Total Electric Power Industry,Petroleum (Barrels),13131,0.81,2.13011000365961,99.7954,69.8,21.99,8541
5872,F005006__3,2017-10-01,53.08,2017,10,CA,Total Electric Power Industry,Petroleum (Barrels),7481,0.85,2.13011000365961,101.0247,62.0,21.99,8541
5873,F005006__3,2017-11-01,59.2,2017,11,CA,Total Electric Power Industry,Petroleum (Barrels),5776,0.76,2.13011000365961,101.2664,53.4,21.99,8541
5874,F005006__3,2017-12-01,60.87,2017,12,CA,Total Electric Power Industry,Petroleum (Barrels),6639,0.59,2.13011000365961,101.4644,47.5,21.99,8541
5875,F005006__3,2018-01-01,66.66,2018,1,CA,Total Electric Power Industry,Petroleum (Barrels),5384,,2.44258329692817,101.4625,48.9,24.47,8726
5876,F005006__3,2018-02-01,63.89,2018,2,CA,Total Electric Power Industry,Petroleum (Barrels),13977,0.62,2.44258329692817,101.7085,46.6,24.47,8726
5877,F005006__3,2018-03-01,64.23,2018,3,CA,Total Electric Power Industry,Petroleum (Barrels),5700,0.59,2.44258329692817,102.2067,49.0,24.47,8726
5878,F005006__3,2018-04-01,68.19,2018,4,CA,Total Electric Power Industry,Petroleum (Barrels),5026,0.48,2.44258329692817,103.3329,57.2,24.47,8726
5879,F005006__3,2018-05-01,73.12,2018,5,CA,Total Electric Power Industry,Petroleum (Barrels),10726,0.47,2.44258329692817,102.4024,63.0,24.47,8726
5880,F005006__3,2018-06-01,71.66,2018,6,CA,Total Electric Power Industry,Petroleum (Barrels),9447,0.42,2.44258329692817,103.198,71.4,24.47,8726
5881,F005006__3,2018-07-01,72.78,2018,7,CA,Total Electric Power Industry,Petroleum (Barrels),36760,0.3,2.44258329692817,103.3646,79.6,24.47,8726
5882,F005006__3,2018-08-01,69.34,2018,8,CA,Total Electric Power Industry,Petroleum (Barrels),7513,0.33,2.44258329692817,104.0327,76.4,24.47,8726
5883,F005006__3,2018-09-01,73.67,2018,9,CA,Total Electric Power Industry,Petroleum (Barrels),5583,,2.44258329692817,104.1004,71.1,24.47,8726
5884,F005006__3,2018-10-01,76.27,2018,10,CA,Total Electric Power Industry,Petroleum (Barrels),7107,0.27,2.44258329692817,103.9856,60.9,24.47,8726
5885,F005006__3,2018-11-01,62.96,2018,11,CA,Total Electric Power Industry,Petroleum (Barrels),5282,0.3,2.44258329692817,104.0681,52.6,24.47,8726
5886,F005006__3,2018-12-01,54.45,2018,12,CA,Total Electric Power Industry,Petroleum (Barrels),7378,0.15,2.44258329692817,104.0936,44.8,24.47,8726
5887,F005006__3,2019-01-01,57.72,2019,1,CA,Total Electric Power Industry,Petroleum (Barrels),6247,,1.81221007526021,103.4021,46.1,24.69,8445
5888,F005006__3,2019-02-01,63.29,2019,2,CA,Total Electric Power Industry,Petroleum (Barrels),7875,0.18,1.81221007526021,102.8371,40.6,24.69,8445
5889,F005006__3,2019-03-01,65.34,2019,3,CA,Total Electric Power Industry,Petroleum (Barrels),6584,0.21,1.81221007526021,102.8757,48.9,24.69,8445
5890,F005006__3,2019-04-01,69.74,2019,4,CA,Total Electric Power Industry,Petroleum (Barrels),15137,0.16,1.81221007526021,102.274,58.2,24.69,8445
5891,F005006__3,2019-05-01,68.42,2019,5,CA,Total Electric Power Industry,Petroleum (Barrels),5733,0.21,1.81221007526021,102.392,58.6,24.69,8445
5892,F005006__3,2019-06-01,61.87,2019,6,CA,Total Electric Power Industry,Petroleum (Barrels),6193,0.25,1.81221007526021,102.4375,71.1,24.69,8445
5893,F005006__3,2019-07-01,63.17,2019,7,CA,Total Electric Power Industry,Petroleum (Barrels),6707,0.25,1.81221007526021,101.9408,75.5,24.69,8445
5894,F005006__3,2019-08-01,58.53,2019,8,CA,Total Electric Power Industry,Petroleum (Barrels),7750,0.17,1.81221007526021,102.639,76.8,24.69,8445
5895,F005006__3,2019-09-01,61.24,2019,9,CA,Total Electric Power Industry,Petroleum (Barrels),6203,,1.81221007526021,102.2917,68.9,24.69,8445
5896,F005006__3,2019-10-01,59.55,2019,10,CA,Total Electric Power Industry,Petroleum (Barrels),17985,0.09,1.81221007526021,101.4281,58.8,24.69,8445
5897,F005006__3,2019-11-01,62.1,2019,11,CA,Total Electric Power Industry,Petroleum (Barrels),6289,0.17,1.81221007526021,101.9372,53.0,24.69,8445
5898,F005006__3,2019-12-01,64.51,2019,12,CA,Total Electric Power Industry,Petroleum (Barrels),8283,0.22,1.81221007526021,101.7003,44.4,24.69,8445
5899,F005006__3,2020-01-01,63.03,2020,1,CA,Total Electric Power Industry,Petroleum (Barrels),8304,,1.23358439630629,101.0338,45.3,23.66,7113
5900,F005006__3,2020-02-01,53.68,2020,2,CA,Total Electric Power Industry,Petroleum (Barrels),5850,0.18,1.23358439630629,101.3735,49.2,23.66,7113
5901,F005006__3,2020-03-01,31.47,2020,3,CA,Total Electric Power Industry,Petroleum (Barrels),6931,0.26,1.23358439630629,97.4078,48.0,23.66,7113
5902,F005006__3,2020-04-01,19.5,2020,4,CA,Total Electric Power Industry,Petroleum (Barrels),4359,0.39,1.23358439630629,84.5619,56.6,23.66,7113
5903,F005006__3,2020-05-01,27.94,2020,5,CA,Total Electric Power Industry,Petroleum (Barrels),5800,0.44,1.23358439630629,85.9604,64.6,23.66,7113
5904,F005006__3,2020-06-01,38.39,2020,6,CA,Total Electric Power Industry,Petroleum (Barrels),6335,0.52,1.23358439630629,91.5934,70.4,23.66,7113
5905,F005006__3,2020-07-01,40.37,2020,7,CA,Total Electric Power Industry,Petroleum (Barrels),9279,0.52,1.23358439630629,95.0256,76.6,23.66,7113
5906,F005006__3,2020-08-01,41.65,2020,8,CA,Total Electric Power Industry,Petroleum (Barrels),13606,0.45,1.23358439630629,95.9549,78.9,23.66,7113
5907,F005006__3,2020-09-01,39.16,2020,9,CA,Total Electric Power Industry,Petroleum (Barrels),7585,0.55,1.23358439630629,95.9669,74.0,23.66,7113
5908,F005006__3,2020-10-01,38.77,2020,10,CA,Total Electric Power Industry,Petroleum (Barrels),7062,0.54,1.23358439630629,96.7394,66.2,23.66,7113
5909,F005006__3,2020-11-01,40.93,2020,11,CA,Total Electric Power Industry,Petroleum (Barrels),8514,0.71,1.23358439630629,97.0816,50.9,23.66,7113
5910,F005006__3,2020-12-01,47.61,2020,12,CA,Total Electric Power Industry,Petroleum (Barrels),5223,0.75,1.23358439630629,98.363,45.5,23.66,7113
5911,F005006__3,2021-01-01,52.85,2021,1,CA,Total Electric Power Industry,Petroleum (Barrels),6136,,4.69785886363742,98.8822,45.5,28.44,7904
5912,F005006__3,2021-02-01,60.28,2021,2,CA,Total Electric Power Industry,Petroleum (Barrels),39909,0.98,4.69785886363742,95.6149,47.4,28.44,7904
5913,F005006__3,2021-03-01,63.87,2021,3,CA,Total Electric Power Industry,Petroleum (Barrels),7934,1.32,4.69785886363742,98.3856,48.2,28.44,7904
5914,F005006__3,2021-04-01,62.95,2021,4,CA,Total Electric Power Industry,Petroleum (Barrels),6109,1.52,4.69785886363742,98.5587,58.2,28.44,7904
5915,F005006__3,2021-05-01,66.26,2021,5,CA,Total Electric Power Industry,Petroleum (Barrels),11960,1.47,4.69785886363742,99.4333,64.5,28.44,7904
5916,F005006__3,2021-06-01,71.54,2021,6,CA,Total Electric Power Industry,Petroleum (Barrels),6920,1.46,4.69785886363742,99.7987,74.9,28.44,7904
5917,F005006__3,2021-07-01,72.21,2021,7,CA,Total Electric Power Industry,Petroleum (Barrels),7946,1.23,4.69785886363742,100.2519,79.8,28.44,7904
5918,F005006__3,2021-08-01,68.08,2021,8,CA,Total Electric Power Industry,Petroleum (Barrels),7870,1.03,4.69785886363742,100.0437,77.0,28.44,7904
5919,F005006__3,2021-09-01,72.14,2021,9,CA,Total Electric Power Industry,Petroleum (Barrels),6059,1.11,4.69785886363742,98.8579,72.2,28.44,7904
5920,F005006__3,2021-10-01,81.21,2021,10,CA,Total Electric Power Industry,Petroleum (Barrels),21216,1.21,4.69785886363742,100.1861,58.2,28.44,7904
5921,F005006__3,2021-11-01,77.01,2021,11,CA,Total Electric Power Industry,Petroleum (Barrels),8676,1.08,4.69785886363742,100.8654,54.8,28.44,7904
5922,F005006__3,2021-12-01,71.55,2021,12,CA,Total Electric Power Industry,Petroleum (Barrels),5898,0.87,4.69785886363742,100.5726,43.5,28.44,7904
5923,F005006__3,2022-01-01,81.62,2022,1,CA,Total Electric Power Industry,Petroleum (Barrels),9455,0.85,8.00279982052121,100.1856,46.2,37.35,8375
5924,F005006__3,2022-02-01,90.18,2022,2,CA,Total Electric Power Industry,Petroleum (Barrels),26188,0.63,8.00279982052121,100.8064,47.4,37.35,8375
5925,F005006__3,2022-03-01,111.02,2022,3,CA,Total Electric Power Industry,Petroleum (Barrels),30974,0.41,8.00279982052121,101.3907,52.9,37.35,8375
5926,F005006__3,2022-04-01,106.07,2022,4,CA,Total Electric Power Industry,Petroleum (Barrels),19513,-0.05,8.00279982052121,101.44,55.9,37.35,8375
5927,F005006__3,2022-05-01,110.44,2022,5,CA,Total Electric Power Industry,Petroleum (Barrels),13443,0.26,8.00279982052121,101.3335,62.4,37.35,8375
5928,F005006__3,2022-06-01,114.91,2022,6,CA,Total Electric Power Industry,Petroleum (Barrels),17470,0.28,8.00279982052121,101.018,72.0,37.35,8375
5929,F005006__3,2022-07-01,103.04,2022,7,CA,Total Electric Power Industry,Petroleum (Barrels),7311,0.04,8.00279982052121,101.223,77.6,37.35,8375
5930,F005006__3,2022-08-01,96.04,2022,8,CA,Total Electric Power Industry,Petroleum (Barrels),6271,-0.3,8.00279982052121,101.0963,78.4,37.35,8375
5931,F005006__3,2022-09-01,87.95,2022,9,CA,Total Electric Power Industry,Petroleum (Barrels),18354,-0.25,8.00279982052121,101.2918,73.8,37.35,8375
5932,F005006__3,2022-10-01,89.84,2022,10,CA,Total Electric Power Industry,Petroleum (Barrels),7245,-0.45,8.00279982052121,101.2529,63.7,37.35,8375
5933,F005006__3,2022-11-01,87.7,2022,11,CA,Total Electric Power Industry,Petroleum (Barrels),6482,-0.47,8.00279982052121,100.9552,46.8,37.35,8375
5934,F005006__3,2022-12-01,76.61,2022,12,CA,Total Electric Power Industry,Petroleum (Barrels),106204,-0.72,8.00279982052121,99.7664,43.5,37.35,8375
5935,F005006__3,2023-01-01,76.2,2023,1,CA,Total Electric Power Industry,Petroleum (Barrels),23727,,4.11633838374488,100.505,42.6,35.72,8607
5936,F005006__3,2023-02-01,76.43,2023,2,CA,Total Electric Power Industry,Petroleum (Barrels),8427,-0.7,4.11633838374488,100.6416,42.7,35.72,8607
5937,F005006__3,2023-03-01,73.9,2023,3,CA,Total Electric Power Industry,Petroleum (Barrels),12056,-0.88,4.11633838374488,101.0205,44.2,35.72,8607
5938,F005006__3,2023-04-01,78.74,2023,4,CA,Total Electric Power Industry,Petroleum (Barrels),7186,-0.54,4.11633838374488,101.253,55.3,35.72,8607
5939,F005006__3,2023-05-01,71.66,2023,5,CA,Total Electric Power Industry,Petroleum (Barrels),10305,-0.55,4.11633838374488,100.9286,62.0,35.72,8607
5940,F005006__3,2023-06-01,71.07,2023,6,CA,Total Electric Power Industry,Petroleum (Barrels),12570,-0.72,4.11633838374488,100.1196,67.0,35.72,8607
5941,F005006__3,2023-07-01,76.51,2023,7,CA,Total Electric Power Industry,Petroleum (Barrels),17250,-1.08,4.11633838374488,100.9067,79.0,35.72,8607
5942,F005006__3,2023-08-01,82.46,2023,8,CA,Total Electric Power Industry,Petroleum (Barrels),9411,-0.87,4.11633838374488,100.8393,75.9,35.72,8607
5943,F005006__3,2023-09-01,89.8,2023,9,CA,Total Electric Power Industry,Petroleum (Barrels),6156,-0.69,4.11633838374488,101.0211,68.1,35.72,8607
5944,F005006__3,2023-10-01,87.1,2023,10,CA,Total Electric Power Industry,Petroleum (Barrels),16341,-0.43,4.11633838374488,100.4689,62.2,35.72,8607
5945,F005006__3,2023-11-01,78.91,2023,11,CA,Total Electric Power Industry,Petroleum (Barrels),10606,-0.18,4.11633838374488,100.8639,51.9,35.72,8607
5946,F005006__3,2023-12-01,73.6,2023,12,CA,Total Electric Power Industry,Petroleum (Barrels),7749,-0.34,4.11633838374488,100.6031,48.1,35.72,8607
