,County FIPS,Plant county name,Plant state abbreviation,Plant latitude,Plant longitude,has_plant,Total Population,People of Color (%),Low Income (%),Less Than High School Education (%),Limited English Speaking (%),Unemployment Rate (%),Limited Life Expectancy (%),Plant primary fuel category_x,Plant annual net generation (MWh),Over Age 64 (%),Under Age 5 (%),EPA Region
1,02261,Valdez Cordova,AK,61.084444,-146.353333,1,32,35,13,4,0,5,15,HYDRO,"20,961",19,0,10
2,02188,Northwest Arctic,AK,67.08798,-157.856719,1,238,93,60,19,2,19,23,OIL,"1,239",12,11,10
4,02050,Bethel,AK,61.580678,-159.535643,1,473,85,48,16,0,16,24,OIL,"2,017",9,9,10
6,02110,Juneau,AK,58.3875,-134.6446,1,12811,32,11,6,3,6,17,OIL, (236),13,5,10
7,02090,Fairbanks North Star,AK,64.847743,-147.735063,1,33854,43,27,6,4,6,17,COAL,"143,360",12,7,10
8,02185,North Slope,AK,71.292,-156.7786,1,4805,92,23,14,9,11,18,GAS,"46,662",10,6,10
9,02090,Fairbanks North Star,AK,64.8167,-147.725,1,27852,43,29,5,4,6,16,OTHF," (2,443)",12,8,10
12,02122,Kenai Peninsula,AK,60.6935,-151.3874,1,1597,24,41,7,0,4,18,GAS,0,22,8,10
13,02050,Bethel,AK,60.7897,-161.787778,1,5829,84,27,10,4,9,18,OIL,"43,935",7,9,10
15,02220,Sitka,AK,57.0516,-135.2297,1,1628,40,13,5,0,5,19,HYDRO,"80,294",7,3,10
16,02122,Kenai Peninsula,AK,59.77862,-150.94015,1,3,54,28,6,1,1,19,HYDRO,"395,080",25,5,10
17,02180,Nome,AK,65.331716,-166.479506,1,425,94,63,15,1,24,13,OIL,"1,352",8,9,10
23,02240,Southeast Fairbanks,AK,64.028056,-145.719444,1,768,16,28,3,1,7,19,OIL,103,12,7,10
24,02240,Southeast Fairbanks,AK,64.013889,-145.596667,1,478,17,24,5,4,3,19,WIND,"3,983",11,8,10
25,02070,Dillingham,AK,59.042914,-158.468597,1,1271,76,24,9,1,7,18,OIL,"18,686",8,8,10
26,02016,Aleutians West,AK,53.892459,-166.538185,1,2592,79,24,13,5,4,18,OIL,"43,381",7,4,10
27,02150,Kodiak Island,AK,57.799167,-152.404167,1,9221,61,27,10,8,6,17,OTHF, (217),14,6,10
28,02090,Fairbanks North Star,AK,64.67141,-147.075988,1,3225,34,26,5,2,14,0,COAL,"86,880",1,13,10
29,02020,Anchorage,AK,61.457778,-149.351389,1,245,25,9,3,0,13,17,GAS,"716,969",13,2,10
30,02170,Matanuska Susitna,AK,61.475211,-149.15009,1,219,17,15,13,0,2,17,HYDRO,"197,787",16,6,10
31,02180,Nome,AK,64.616558,-162.263717,1,364,94,63,15,1,24,13,OIL,"1,294",8,9,10
34,02261,Valdez Cordova,AK,60.54047,-145.74079,1,1767,34,10,9,1,12,17,OTHF, (75),16,5,10
35,02090,Fairbanks North Star,AK,64.854171,-147.719351,1,31728,42,27,6,4,7,17,OIL,"6,275",12,7,10
38,02150,Kodiak Island,AK,57.780114,-152.443783,1,6003,63,30,12,11,5,15,OTHF, (395),14,5,10
39,02240,Southeast Fairbanks,AK,63.973572,-145.716581,1,152,55,23,0,0,0,19,OIL,98,9,3,10
41,02180,Nome,AK,63.777058,-171.712439,1,636,94,63,15,1,24,13,OIL,"2,463",8,9,10
42,02020,Anchorage,AK,61.229713,-149.716744,1,50930,60,36,9,4,8,17,GAS,"911,296",10,9,10
43,02261,Valdez Cordova,AK,62.110415,-145.532529,1,419,45,31,8,0,7,19,OIL,"5,685",19,7,10
45,02110,Juneau,AK,58.3107,-134.4174,1,8746,34,20,4,3,4,13,HYDRO,"9,097",20,4,10
46,02220,Sitka,AK,56.986284,-135.12275,1,0,100,0,0,0,0,19,HYDRO,"41,779",0,0,10
48,02290,Yukon Koyukuk,AK,66.566287,-145.253052,1,456,78,40,19,7,21,23,OIL,"2,463",23,4,10
49,02100,Haines,AK,59.235931,-135.446228,1,1762,31,19,3,0,5,15,OIL,242,19,4,10
50,02020,Anchorage,AK,61.2221,-149.8661,1,64279,56,34,9,5,6,21,GAS,"37,067",12,8,10
55,02170,Matanuska Susitna,AK,61.59,-149.79,1,3405,17,34,7,1,10,20,SOLAR,46,13,6,10
56,02261,Valdez Cordova,AK,60.612822,-145.679411,1,535,37,16,2,5,13,17,HYDRO,"2,950",14,8,10
58,02110,Juneau,AK,58.367635,-134.60802,1,15549,36,14,6,4,6,17,OIL, (121),13,6,10
59,02020,Anchorage,AK,61.168972,-149.911038,1,93654,47,21,6,4,4,20,GAS,0,12,5,10
60,02020,Anchorage,AK,61.286,-149.61,1,8169,25,14,5,0,2,11,BIOMASS,"38,920",10,9,10
61,02220,Sitka,AK,57.0497,-135.3128,1,7186,41,18,5,1,5,19,OIL, (835),14,5,10
64,02050,Bethel,AK,60.8731,-162.5197,1,948,100,78,28,2,20,16,OIL,"2,949",8,14,10
65,02130,Ketchikan Gateway,AK,55.344641,-131.633425,1,9046,46,29,6,3,5,19,HYDRO,"22,423",15,5,10
66,02188,Northwest Arctic,AK,66.973889,-160.428592,1,405,97,53,22,0,32,23,OIL,"1,790",9,10,10
67,02013,Aleutians East,AK,55.061683,-162.3103,1,1135,88,34,18,10,6,11,HYDRO,"4,479",13,3,10
68,02188,Northwest Arctic,AK,67.726644,-164.538447,1,552,89,49,15,0,21,23,OIL,"1,682",7,9,10
70,02150,Kodiak Island,AK,57.789956,-152.396982,1,9082,62,27,10,8,6,17,OIL,0,14,6,10
73,02180,Nome,AK,64.932089,-161.167103,1,310,94,63,15,1,24,13,OIL,"1,321",8,9,10
75,02110,Juneau,AK,58.3536,-134.4953,1,5777,61,26,5,5,3,20,OIL, (817),11,7,10
77,02290,Yukon Koyukuk,AK,62.95699,-155.594997,1,195,89,58,17,0,14,20,OIL,"2,022",14,7,10
79,02185,North Slope,AK,68.13795,-151.741017,1,332,89,38,22,6,20,21,OIL,"3,744",8,14,10
80,02185,North Slope,AK,70.4826,-157.4252,1,226,81,23,13,7,8,21,OIL,"2,033",8,6,10
81,02185,North Slope,AK,70.125617,-143.619033,1,221,89,38,22,6,20,21,OIL,"4,889",8,14,10
82,02185,North Slope,AK,70.220565,-150.993492,1,400,89,38,22,6,20,21,GAS,"7,410",8,14,10
83,02185,North Slope,AK,68.348424,-166.737211,1,578,98,45,20,2,22,21,OIL,"6,725",8,13,10
84,02185,North Slope,AK,69.740833,-163.005833,1,159,98,45,20,2,22,21,OIL,"3,572",8,13,10
85,02185,North Slope,AK,70.642877,-160.020461,1,514,81,23,13,7,8,21,OIL,"6,839",8,6,10
86,02060,Bristol Bay,AK,58.730417,-157.007222,1,175,56,19,5,1,3,18,OIL,"23,478",13,8,10
87,02070,Dillingham,AK,59.448358,-157.325528,1,232,94,64,15,3,16,11,OIL,"1,871",15,9,10
89,02122,Kenai Peninsula,AK,60.676539,-151.377713,1,1832,23,38,6,0,6,18,GAS,"416,835",21,7,10
90,02188,Northwest Arctic,AK,67.570931,-162.965728,1,344,89,49,15,0,21,23,OIL,"1,912",7,9,10
91,02188,Northwest Arctic,AK,66.834519,-161.038717,1,626,97,53,22,0,32,23,OIL,"2,181",9,10,10
92,02090,Fairbanks North Star,AK,64.7356,-147.3481,1,10144,29,12,7,0,8,20,OIL,"444,703",10,7,10
93,02240,Southeast Fairbanks,AK,62.9617,-141.9372,1,154,65,42,14,1,11,21,OIL,"1,131",17,11,10
96,02150,Kodiak Island,AK,57.731608,-152.507044,1,2113,30,19,1,0,0,0,OIL,0,2,9,10
97,02261,Valdez Cordova,AK,60.555889,-145.752983,1,1707,34,10,9,1,12,17,OIL,"6,290",16,5,10
100,02150,Kodiak Island,AK,57.7869,-152.4406,1,6488,61,30,11,11,5,16,WIND,"24,073",15,6,10
103,02261,Valdez Cordova,AK,60.588686,-145.604539,1,535,37,16,2,5,13,17,HYDRO,"19,154",14,8,10
105,02050,Bethel,AK,59.747436,-161.910647,1,1029,99,68,27,3,29,16,OIL,"2,409",8,11,10
106,02130,Ketchikan Gateway,AK,55.357397,-131.69696,1,7883,47,30,7,4,5,19,OIL, (140),15,5,10
107,02110,Juneau,AK,58.3269,-134.4631,1,7582,42,19,4,4,3,17,HYDRO,"28,811",19,4,10
108,02013,Aleutians East,AK,55.339722,-160.497222,1,1046,88,29,19,1,3,11,OIL,"3,301",17,2,10
109,02180,Nome,AK,63.695267,-170.475661,1,830,94,63,15,1,24,13,OIL,"2,410",8,9,10
111,02188,Northwest Arctic,AK,66.606778,-160.014808,1,556,94,73,35,0,33,23,OIL,"2,790",6,15,10
112,02122,Kenai Peninsula,AK,59.439542,-151.713439,1,357,54,28,6,1,1,19,OIL,17,25,5,10
113,02122,Kenai Peninsula,AK,60.130922,-149.43501,1,2957,30,16,5,0,4,16,OIL,507,17,4,10
114,02180,Nome,AK,66.255072,-166.073589,1,572,94,63,15,1,24,13,OIL,"1,766",8,9,10
115,02188,Northwest Arctic,AK,66.888114,-157.140206,1,236,93,60,19,2,19,23,OIL,"1,746",12,11,10
116,02130,Ketchikan Gateway,AK,55.381402,-131.517758,1,5,6,11,0,0,5,17,HYDRO,"11,460",22,4,10
118,02240,Southeast Fairbanks,AK,62.592756,-143.588869,1,9,45,31,8,0,7,19,OIL,"1,287",19,7,10
121,02122,Kenai Peninsula,AK,60.499444,-150.997222,1,5303,14,27,5,0,9,19,GAS,"21,614",19,5,10
122,02261,Valdez Cordova,AK,61.0828,-146.3033,1,77,31,31,3,0,9,15,HYDRO,"33,930",3,6,10
124,02020,Anchorage,AK,61.167417,-149.905304,1,98197,48,21,6,4,4,20,GAS,"905,296",12,5,10
127,02180,Nome,AK,63.521047,-162.286322,1,388,94,63,15,1,24,13,OIL,"3,531",8,9,10
128,02150,Kodiak Island,AK,57.77556,-152.48028,1,2582,36,22,3,4,2,4,OIL,0,6,8,10
129,02130,Ketchikan Gateway,AK,55.615208,-131.356111,1,20,6,11,0,0,5,17,HYDRO,"70,593",22,4,10
133,02122,Kenai Peninsula,AK,60.677,-151.3815,1,1804,23,38,6,0,6,18,GAS,"69,211",21,7,10
135,02070,Dillingham,AK,59.059744,-160.380278,1,258,94,64,15,3,16,11,OIL,"3,159",15,9,10
136,02240,Southeast Fairbanks,AK,63.33552,-142.99997,1,951,28,44,9,0,9,21,OIL,"11,287",20,3,10
137,02050,Bethel,AK,60.530142,-165.108575,1,643,99,61,18,1,22,16,OIL,"3,855",9,14,10
139,02180,Nome,AK,63.876789,-160.790414,1,792,94,63,15,1,24,13,OIL,"3,037",8,9,10
140,02016,Aleutians West,AK,53.863993,-166.512591,1,2592,79,24,13,5,4,18,OIL,33,7,4,10
141,02016,Aleutians West,AK,53.8796,-166.5532,1,2592,79,24,13,5,4,18,OIL,"29,613",7,4,10
142,02090,Fairbanks North Star,AK,64.854171,-147.822075,1,24431,40,21,6,3,4,19,COAL,"68,557",18,7,10
143,02050,Bethel,AK,61.526858,-160.348128,1,457,85,48,16,0,16,24,OIL,"1,515",9,9,10
144,02090,Fairbanks North Star,AK,64.825601,-147.648627,1,23719,41,32,5,3,6,13,COAL,"64,020",9,10,10
145,02261,Valdez Cordova,AK,61.1303,-146.3647,1,1900,29,16,6,0,3,15,OIL,"8,704",19,7,10
146,02261,Valdez Cordova,AK,61.0839,-146.2529,1,1322,20,22,2,0,10,15,OIL,"24,008",4,5,10
148,02016,Aleutians West,AK,53.858508,-166.55288,1,2011,79,23,12,5,4,18,OIL,"18,574",6,4,10
149,02130,Ketchikan Gateway,AK,55.328056,-131.530833,1,2363,30,12,3,0,4,17,HYDRO,"10,557",17,6,10
152,01073,Jefferson,AL,33.582793,-86.779866,1,23354,77,52,17,3,9,27,GAS,83,17,6,4
153,01121,Talladega,AL,33.1661,-86.2825,1,11410,36,47,17,0,8,27,GAS,"46,300",18,5,4
154,01015,Calhoun,AL,33.626728,-85.969481,1,4434,38,46,18,4,9,25,SOLAR,"10,742",15,6,4
155,01099,Monroe,AL,31.5825,-87.4889,1,96,45,58,24,0,10,23,BIOMASS,"388,270",21,4,4
156,01099,Monroe,AL,31.5825,-87.4889,1,96,45,58,24,0,10,23,BIOMASS,"302,916",21,4,4
157,01095,Marshall,AL,34.363389,-86.223889,1,2385,17,46,28,2,7,23,OIL,0,22,3,4
158,01125,Tuscaloosa,AL,33.458665,-87.356823,1,114,2,25,12,0,2,26,HYDRO,"138,682",19,3,4
159,01097,Mobile,AL,31.0069,-88.0103,1,264,33,23,15,0,2,23,GAS,"8,675,796",22,5,4
160,01081,Lee,AL,32.663,-85.0908,1,2125,7,17,5,0,2,19,HYDRO,"396,970",21,1,4
162,01101,Montgomery,AL,32.196971,-86.327341,1,1267,55,20,8,1,1,22,SOLAR,"201,925",22,4,4
163,01083,Limestone,AL,34.7042,-87.1189,1,887,23,36,26,0,9,18,NUCLEAR,"30,820,510",30,3,4
164,01015,Calhoun,AL,33.5883,-85.9731,1,5275,35,48,19,4,9,25,GAS,"25,537",14,6,4
166,01129,Washington,AL,31.488019,-87.910747,1,2790,47,40,14,1,22,18,GAS,"1,341,342",28,4,4
167,01033,Colbert,AL,34.7439,-87.8486,1,424,9,32,15,0,4,23,GAS,"78,686",42,2,4
169,01083,Limestone,AL,34.94974,-86.868053,1,4843,8,38,19,0,2,22,SOLAR,"28,614",16,6,4
170,01103,Morgan,AL,34.6292,-87.0214,1,10838,64,55,29,4,5,25,GAS,"2,124,846",18,6,4
171,01103,Morgan,AL,34.623611,-87.101111,1,2826,26,26,9,0,4,19,BIOMASS,"10,736",14,4,4
173,01117,Shelby,AL,33.244211,-86.458056,1,2371,17,23,12,0,8,22,COAL,"3,399,765",17,8,4
174,01045,Dale,AL,31.331148,-85.73019,1,10866,38,34,10,2,10,11,SOLAR,"13,869",8,10,4
175,01039,Covington,AL,31.4033,-86.479469,1,1768,17,37,16,0,1,22,HYDRO,"4,518",31,7,4
176,01053,Escambia,AL,31.077,-87.1116,1,2462,48,66,22,1,5,27,BIOMASS,"490,545",13,6,4
177,01023,Choctaw,AL,32.2268,-88.0252,1,394,63,53,27,0,4,25,BIOMASS,"283,727",20,8,4
178,01081,Lee,AL,32.6096,-85.0795,1,2047,21,22,7,0,4,19,HYDRO,"99,370",24,5,4
179,01063,Greene,AL,32.6017,-87.7811,1,255,90,61,2,0,1,22,GAS,"1,396,260",9,3,4
180,01095,Marshall,AL,34.421272,-86.393931,1,1105,3,25,2,0,18,23,HYDRO,"453,373",20,3,4
181,01015,Calhoun,AL,33.7845,-86.0524,1,2373,5,39,15,0,7,6,HYDRO,"196,724",24,3,4
182,01111,Randolph,AL,33.258281,-85.616047,1,410,22,39,13,0,3,21,HYDRO,"128,932",20,4,4
183,01123,Tallapoosa,AL,33.000669,-85.903278,1,1936,17,42,10,0,16,24,GAS,"4,078,887",27,6,4
184,01097,Mobile,AL,30.7478,-88.0575,1,20137,84,61,17,0,11,26,GAS,"1,510,597",17,7,4
185,01125,Tuscaloosa,AL,33.2553,-87.4495,1,6447,37,32,10,1,3,23,HYDRO,"154,493",13,8,4
188,01047,Dallas,AL,32.426016,-86.870912,1,529,25,22,9,0,0,25,GAS,"462,678",44,1,4
189,01073,Jefferson,AL,33.6319,-87.0597,1,1504,5,31,11,0,6,24,COAL,"15,846,086",34,4,4
191,01051,Elmore,AL,32.6189,-86.2548,1,4066,32,40,9,0,3,24,HYDRO,"263,302",12,5,4
192,01069,Houston,AL,31.2231,-85.1116,1,107,29,47,21,0,12,25,NUCLEAR,"14,758,529",25,4,4
193,01097,Mobile,AL,30.737741,-88.04977,1,19892,88,62,16,0,11,25,GAS,"365,515",17,7,4
194,01017,Chambers,AL,32.876313,-85.38821,1,2858,60,49,18,0,8,22,SOLAR,"164,839",27,3,4
195,01021,Chilton,AL,32.9633,-86.5187,1,398,10,35,17,0,4,22,HYDRO,"454,677",16,7,4
196,01127,Walker,AL,33.9406,-87.1077,1,1265,10,39,9,0,3,26,HYDRO,"233,391",23,5,4
197,01121,Talladega,AL,33.425878,-86.337547,1,1518,50,33,20,0,4,23,HYDRO,"343,509",26,0,4
198,01051,Elmore,AL,32.680394,-85.911442,1,893,11,25,7,0,5,5,HYDRO,"326,570",24,2,4
199,01129,Washington,AL,31.2546,-88.0299,1,1486,91,49,3,0,2,22,GAS,"745,691",12,8,4
200,01039,Covington,AL,31.400255,-86.476449,1,1887,18,38,16,0,1,22,GAS,"3,342,941",30,7,4
201,01113,Russell,AL,32.1761,-85.0272,1,173,43,36,20,0,7,23,BIOMASS,"705,660",46,0,4
202,01131,Wilcox,AL,32.100881,-87.399767,1,144,85,53,27,0,9,14,HYDRO,"315,281",24,3,4
203,01037,Coosa,AL,32.806025,-86.444892,1,544,13,41,12,1,15,22,HYDRO,"409,418",22,3,4
204,01103,Morgan,AL,34.6397,-87.0639,1,1390,44,34,17,4,3,22,GAS,"5,422,456",16,3,4
205,01033,Colbert,AL,34.76973,-87.90454,1,944,13,45,14,0,8,26,SOLAR,"448,853",19,7,4
206,01039,Covington,AL,31.007777,-86.59194,1,245,2,33,5,0,3,21,SOLAR,"163,033",17,2,4
207,01025,Clarke,AL,31.4894,-87.8989,1,3337,47,39,14,1,20,18,BIOMASS,"158,421",28,5,4
208,01081,Lee,AL,32.6078,-85.0975,1,3084,16,35,16,0,3,21,GAS,"13,682,165",24,7,4
209,01039,Covington,AL,31.361146,-86.518307,1,1857,37,47,16,0,6,16,HYDRO,"16,133",21,5,4
210,01089,Madison,AL,34.610987,-86.611551,1,9784,18,16,5,1,3,18,SOLAR,"15,523",17,5,4
211,01077,Lauderdale,AL,34.831511,-87.842204,1,749,11,39,16,0,1,22,SOLAR,"153,231",32,3,4
212,01085,Lowndes,AL,32.310226,-86.52542,1,156,41,37,9,0,0,24,GAS,"514,101",24,8,4
214,01073,Jefferson,AL,33.568164,-86.79873,1,29548,83,58,18,3,11,28,GAS,0,17,6,4
216,01097,Mobile,AL,30.525445,-88.128477,1,4260,31,32,12,0,8,25,GAS,"1,584,807",25,4,4
217,01051,Elmore,AL,32.535436,-85.887614,1,5911,31,38,14,1,10,13,HYDRO,"222,194",21,5,4
218,01121,Talladega,AL,33.328107,-86.356825,1,2188,30,29,13,0,7,25,BIOMASS,"139,284",24,1,4
219,01097,Mobile,AL,30.43203,-88.18241,1,2713,12,44,23,1,6,22,GAS,"47,637",16,5,4
220,01051,Elmore,AL,32.583889,-86.283056,1,5230,26,41,9,0,1,23,HYDRO,"514,504",14,4,4
222,01129,Washington,AL,31.26423,-88.00267,1,1323,93,47,2,0,1,22,GAS,"862,164",12,8,4
223,01019,Cherokee,AL,34.172142,-85.753806,1,2313,15,36,19,1,4,24,HYDRO,"183,203",26,3,4
224,01091,Marengo,AL,32.4541,-87.9759,1,340,51,33,8,0,9,19,BIOMASS,"290,730",24,3,4
225,01065,Hale,AL,32.960714,-87.655419,1,2110,57,35,18,0,3,22,BIOMASS,"29,510",15,7,4
226,01079,Lawrence,AL,34.8069,-87.3819,1,1645,19,24,18,0,2,23,HYDRO,"1,072,652",23,7,4
227,01077,Lauderdale,AL,34.79782,-87.62537,1,14487,32,49,15,4,5,24,HYDRO,"2,115,836",17,7,4
228,01051,Elmore,AL,32.5743,-85.8901,1,6101,23,34,14,1,11,11,HYDRO,"118,777",21,7,4
229,01055,Etowah,AL,34.0128,-85.9708,1,21448,56,51,18,1,7,24,GAS,0,15,6,4
230,05145,White,AR,33.926859,-93.860136,1,5076,53,49,13,4,7,25,SOLAR,0,18,9,6
231,05115,Pope,AR,35.311,-93.2351,1,3513,11,31,11,0,6,21,NUCLEAR,"14,972,481",26,6,6
232,05081,Little River,AR,33.6417,-94.1083,1,3590,43,40,7,1,10,24,BIOMASS,"496,212",22,5,6
233,05003,Ashley,AR,33.250828,-91.922427,1,747,5,32,2,0,11,23,SOLAR,"2,213",37,12,6
234,05015,Carroll,AR,36.421507,-93.847373,1,1272,4,26,11,0,8,20,HYDRO,"117,665",40,2,6
235,05015,Carroll,AR,36.37342,-93.58618,1,7388,40,42,19,7,5,23,SOLAR,"1,837",22,6,6
236,05035,Crittenden,AR,35.3446,-90.3075,1,164,43,40,15,0,13,1,SOLAR,"9,687",22,6,6
237,05051,Garland,AR,34.570984,-93.194425,1,2062,15,36,9,0,5,24,HYDRO,"234,890",21,3,6
238,05047,Franklin,AR,35.306183,-93.925758,1,1270,29,51,12,0,9,21,SOLAR,"9,911",24,13,6
239,05089,Marion,AR,36.3635,-92.5763,1,3808,9,35,11,1,5,24,HYDRO,"750,451",41,3,6
240,05079,Lincoln,AR,34.075486,-91.828323,1,262,34,36,15,0,2,26,SOLAR,"2,200",28,6,6
242,05051,Garland,AR,34.4425,-93.0262,1,14412,21,21,10,3,5,22,HYDRO,"150,636",25,4,6
243,05017,Chicot,AR,33.479,-91.349,1,176,42,61,25,0,0,20,SOLAR,"205,053",10,1,6
244,05031,Craighead,AR,35.848561,-90.725377,1,36108,39,52,10,2,7,23,GAS,"84,733",14,6,6
245,05015,Carroll,AR,36.367396,-93.542849,1,7369,40,43,19,6,6,23,SOLAR,0,23,6,6
246,05083,Logan,AR,35.301,-93.734,1,4215,10,42,9,0,6,24,SOLAR,"2,835",24,6,6
247,05021,Clay,AR,36.419308,-90.64251,1,1617,9,35,20,0,5,24,SOLAR,"2,290",24,6,6
249,05031,Craighead,AR,35.922262,-90.567226,1,5323,7,26,12,0,4,21,SOLAR,"2,315",9,8,6
250,05003,Ashley,AR,33.131191,-91.941101,1,7477,38,48,12,1,4,19,SOLAR,0,23,6,6
251,05041,Desha,AR,33.986501,-91.315788,1,36,20,45,22,0,2,17,HYDRO,"342,284",30,4,6
252,05115,Pope,AR,35.2503,-93.1686,1,18780,27,46,15,3,6,20,HYDRO,"426,200",18,7,6
253,05019,Clark,AR,34.211913,-93.110963,1,546,23,39,14,0,4,21,HYDRO,"201,064",15,3,6
254,05093,Mississippi,AR,35.8619,-90.0253,1,529,4,35,16,0,7,17,GAS,"4,087,322",22,4,6
255,05143,Washington,AR,35.9714,-94.0014,1,1828,9,38,7,0,6,20,GAS,"25,202",19,2,6
256,05033,Crawford,AR,35.351361,-94.294349,1,12088,20,31,5,4,4,21,HYDRO,"123,756",23,6,6
257,05125,Saline,AR,34.638429,-92.578347,1,13911,12,18,5,2,4,20,SOLAR,"1,296",13,5,6
258,05067,Jackson,AR,35.629554,-91.230511,1,8274,30,49,14,0,11,25,SOLAR,"2,225",18,4,6
259,05143,Washington,AR,36.004934,-94.020522,1,5018,16,31,7,1,3,18,SOLAR,0,13,4,6
260,05083,Logan,AR,35.147412,-93.870856,1,2586,6,34,11,0,10,25,SOLAR,0,14,6,6
261,05007,Benton,AR,36.2561,-94.5241,1,5752,34,37,10,5,1,17,COAL,"2,065,083",17,7,6
262,05123,St Francis,AR,35.03789,-90.80707,1,10381,72,63,18,7,6,23,SOLAR,"2,110",13,7,6
263,05123,St Francis,AR,34.97953,-90.80602,1,9524,76,69,17,6,7,22,SOLAR,"2,066",10,7,6
264,05119,Pulaski,AR,34.6968,-92.165,1,1541,54,39,10,0,3,25,BIOMASS,0,20,2,6
265,05057,Hempstead,AR,33.6094,-93.7924,1,340,27,47,14,3,5,18,GAS,"148,802",27,5,6
266,05103,Ouachita,AR,33.602,-92.541,1,220,27,30,11,0,12,23,SOLAR,"3,373",9,2,6
267,05003,Ashley,AR,33.1421,-91.975,1,7927,39,47,12,1,4,19,GAS,"6,407",23,6,6
268,05023,Cleburne,AR,35.5207,-91.9953,1,5778,7,35,10,0,6,23,HYDRO,"209,665",29,5,6
269,05145,White,AR,35.167715,-91.660279,1,419,21,48,19,0,7,22,SOLAR,"34,851",13,6,6
270,05143,Washington,AR,36.1855,-94.2841,1,3901,28,15,10,2,2,16,GAS,"177,190",17,6,6
271,05059,Hot Spring,AR,34.29759,-92.868344,1,905,23,27,14,0,1,22,GAS,"2,172,773",19,2,6
272,05051,Garland,AR,34.421,-93.19485,1,6213,10,31,8,1,5,21,SOLAR,"1,683",18,7,6
273,05063,Independence,AR,35.678442,-91.408761,1,1338,5,60,31,0,3,19,COAL,"4,743,250",17,2,6
274,05057,Hempstead,AR,33.649722,-93.811944,1,422,33,48,13,3,2,17,COAL,"3,112,401",31,5,6
275,05031,Craighead,AR,35.814274,-90.578666,1,992,17,39,6,0,6,23,SOLAR,0,17,7,6
276,05083,Logan,AR,35.147412,-93.870856,1,2586,6,34,11,0,10,25,SOLAR,0,14,6,6
277,05059,Hot Spring,AR,34.4341,-92.9049,1,2576,5,29,5,0,3,24,GAS,"169,122",25,5,6
278,05033,Crawford,AR,35.484488,-94.392858,1,12943,19,32,11,0,8,21,HYDRO,0,18,6,6
279,05059,Hot Spring,AR,34.4297,-92.8317,1,2591,7,32,8,0,8,25,GAS,"3,377,782",19,5,6
280,05103,Ouachita,AR,33.5648,-92.7917,1,2539,66,65,16,0,7,26,GAS,"41,108",19,10,6
281,05021,Clay,AR,36.3858,-90.1867,1,3788,4,47,10,0,3,25,OIL,0,22,8,6
282,05119,Pulaski,AR,34.7956,-92.3569,1,40113,31,24,3,1,3,16,HYDRO,"142,385",18,6,6
283,05109,Pike,AR,34.148427,-93.715168,1,143,7,34,8,0,1,24,HYDRO,"46,682",23,2,6
284,05067,Jackson,AR,35.668902,-91.187108,1,2216,27,32,17,0,6,19,SOLAR,"80,876",11,0,6
285,05143,Washington,AR,36.082301,-94.067149,1,10595,20,18,3,0,6,20,SOLAR,"8,381",16,6,6
286,05005,Baxter,AR,36.2491,-92.2401,1,1198,6,40,9,0,4,21,HYDRO,"99,274",31,4,6
287,05093,Mississippi,AR,35.705381,-89.9689,1,6861,66,45,19,0,13,27,OIL,0,14,6,6
288,05119,Pulaski,AR,34.5923,-92.2166,1,3054,64,49,20,1,5,21,GAS,"941,018",13,4,6
289,05047,Franklin,AR,35.4693,-93.8175,1,4748,9,48,15,0,10,26,HYDRO,"253,118",19,7,6
290,05143,Washington,AR,36.164296,-94.082269,1,33756,71,45,32,16,4,21,SOLAR,"1,340",8,7,6
291,05055,Greene,AR,36.0242,-90.5094,1,16518,11,38,9,0,11,23,GAS,649,17,5,6
292,05055,Greene,AR,36.025675,-90.48805,1,17108,13,47,11,0,10,25,SOLAR,"3,258",13,6,6
293,05055,Greene,AR,36.024272,-90.509229,1,16564,11,38,9,0,11,23,GAS,161,17,5,6
294,05069,Jefferson,AR,34.2181,-91.9025,1,240,60,51,13,0,5,25,GAS,"1,213,353",33,6,6
295,05069,Jefferson,AR,34.221213,-91.907365,1,238,60,51,13,0,5,25,BIOMASS,"289,037",32,6,6
296,05093,Mississippi,AR,35.6644,-89.9489,1,2265,72,52,16,0,15,28,COAL,"3,381,761",8,8,6
297,05059,Hot Spring,AR,34.4272,-92.8941,1,1633,5,30,5,0,5,24,HYDRO,"39,661",25,4,6
298,05093,Mississippi,AR,35.618068,-90.104916,1,136,12,63,33,0,13,18,SOLAR,0,17,2,6
299,05013,Calhoun,AR,33.631538,-92.703611,1,1453,44,45,10,0,8,23,SOLAR,"22,053",14,3,6
300,05071,Johnson,AR,35.46715,-93.51517,1,7462,34,54,26,5,3,21,SOLAR,"9,146",16,6,6
301,05071,Johnson,AR,35.47056,-93.4464,1,9504,33,57,22,4,4,21,SOLAR,"3,952",15,7,6
302,05145,White,AR,35.233,-91.69,1,13987,27,56,15,1,7,17,SOLAR,"209,271",18,4,6
303,05145,White,AR,35.265897,-91.715889,1,18544,24,52,14,0,6,18,SOLAR,0,16,6,6
304,05145,White,AR,35.207905,-91.722163,1,11128,22,51,13,0,8,22,SOLAR,0,12,5,6
305,05119,Pulaski,AR,34.724417,-92.196797,1,7025,80,60,17,0,9,27,SOLAR,0,14,9,6
306,05001,Arkansas,AR,34.439722,-91.44,1,224,13,28,14,0,4,20,SOLAR,"163,168",15,9,6
307,05047,Franklin,AR,35.462382,-93.804926,1,4125,10,46,14,0,10,26,GAS,"404,531",19,6,6
308,05119,Pulaski,AR,34.8332,-92.157103,1,20559,46,31,8,0,7,24,BIOMASS,"26,514",18,5,6
309,05143,Washington,AR,36.066336,-94.172254,1,61860,27,51,7,2,6,14,GAS,"37,461",8,5,6
310,05061,Howard,AR,33.926582,-93.858865,1,5085,53,49,13,4,7,25,SOLAR,0,18,9,6
311,05139,Union,AR,33.296146,-92.589364,1,552,19,33,10,0,3,19,GAS,"13,416,477",22,3,6
312,05143,Washington,AR,36.140849,-94.259713,1,6511,23,13,14,2,2,17,GAS,"6,910",17,6,6
313,05143,Washington,AR,36.04135,-94.140079,1,36221,25,52,7,2,7,14,SOLAR,"9,638",8,3,6
314,05029,Conway,AR,35.127591,-92.790273,1,2882,22,55,12,0,9,24,HYDRO,"135,278",19,4,6
315,05069,Jefferson,AR,34.4228,-92.1406,1,2074,12,33,7,0,3,23,COAL,"3,560,853",20,4,6
316,05063,Independence,AR,35.757401,-91.636887,1,14528,25,39,12,2,5,22,HYDRO,"14,073",18,8,6
317,05063,Independence,AR,35.744036,-91.765418,1,727,3,37,17,0,5,22,HYDRO,"14,074",18,3,6
318,05137,Stone,AR,35.84361,-91.850521,1,184,7,36,16,0,8,22,HYDRO,"28,154",24,2,6
319,05067,Jackson,AR,35.609774,-91.257038,1,7008,35,53,13,0,13,28,SOLAR,0,20,5,6
320,04013,Maricopa,AZ,33.446804,-111.956261,1,111131,50,36,10,4,5,14,OTHF,0,8,4,9
321,04021,Pinal,AZ,32.5517,-111.3,1,3017,31,30,12,5,7,22,GAS,"175,612",16,9,9
322,04013,Maricopa,AZ,33.4417,-112.1583,1,110255,92,56,39,14,6,19,GAS,"3,053,387",7,8,9
323,04013,Maricopa,AZ,33.424279,-111.92822,1,129352,48,39,7,4,6,16,SOLAR,"2,633",9,4,9
324,04019,Pima,AZ,32.1825,-110.863333,1,73377,52,44,11,3,6,21,SOLAR,"3,029",15,7,9
326,04013,Maricopa,AZ,33.5561,-112.2153,1,160947,64,41,18,6,6,21,GAS,"152,080",11,7,9
327,04019,Pima,AZ,32.129416,-110.838888,1,23561,56,25,8,3,8,7,SOLAR,"5,282",17,6,9
328,04019,Pima,AZ,32.269,-110.975,1,117319,53,53,14,6,7,20,SOLAR,"2,030",15,4,9
329,04003,Cochise,AZ,32.068141,-109.890379,1,137,30,30,13,20,1,22,SOLAR,"55,339",27,4,9
330,04003,Cochise,AZ,32.0603,-109.8931,1,114,29,31,13,19,2,22,COAL,"1,982,377",28,4,9
331,04013,Maricopa,AZ,33.417222,-111.928333,1,135718,49,39,8,4,6,16,GAS,"41,294",8,4,9
332,04027,Yuma,AZ,32.687778,-114.49611,1,24541,54,32,13,4,9,17,SOLAR,"5,559",25,6,9
333,04013,Maricopa,AZ,33.3417,-112.8897,1,53,42,13,32,5,2,20,GAS,"3,496,839",11,5,9
334,04013,Maricopa,AZ,33.305,-112.833888,1,26,33,12,20,11,4,24,SOLAR,"348,546",11,1,9
335,04019,Pima,AZ,32.001389,-110.960556,1,17229,49,24,6,1,6,18,SOLAR,"70,859",8,7,9
336,04019,Pima,AZ,32.000854,-110.958427,1,17229,49,24,6,1,6,18,SOLAR,"43,863",8,7,9
337,04019,Pima,AZ,32.371667,-111.282777,1,1496,42,39,8,0,1,22,SOLAR,"64,758",14,5,9
338,04013,Maricopa,AZ,33.498003,-112.813458,1,1119,43,41,23,6,4,19,SOLAR,"33,216",15,3,9
339,04015,Mohave,AZ,35.0361,-114.1594,1,2016,52,63,21,0,0,13,GAS,"94,899",20,0,9
340,04015,Mohave,AZ,35.0227,-114.1627,1,1857,52,63,21,0,0,13,SOLAR,"20,270",20,0,9
341,04021,Pinal,AZ,33.053,-111.34,1,15186,62,41,31,1,1,1,SOLAR,"118,710",12,0,9
342,04019,Pima,AZ,32.24817,-111.2611,1,508,17,36,4,0,0,21,SOLAR,"6,265",31,1,9
343,04019,Pima,AZ,32.24817,-111.26111,1,508,17,36,4,0,0,21,SOLAR,"1,702",31,1,9
344,04013,Maricopa,AZ,33.419167,-112.576111,1,35873,61,30,15,3,5,19,SOLAR,"6,322",12,7,9
345,04019,Pima,AZ,32.374,-110.974,1,36026,24,16,4,1,4,17,SOLAR,"2,718",34,3,9
346,04021,Pinal,AZ,32.834322,-111.56803,1,5976,63,41,23,5,3,7,SOLAR,"263,726",10,3,9
348,04025,Yavapai,AZ,34.71843,-112.42899,1,8533,20,30,10,0,4,20,SOLAR,"26,269",25,7,9
349,04017,Navajo,AZ,34.9394,-110.3033,1,1745,37,37,1,0,5,13,COAL,"1,787,705",10,11,9
350,04019,Pima,AZ,32.229922,-110.952797,1,127812,55,54,15,5,8,19,GAS,"54,148",13,4,9
351,04019,Pima,AZ,32.240833,-110.948333,1,137629,51,53,12,5,8,19,GAS,"35,719",13,4,9
352,04019,Pima,AZ,32.101944,-110.813333,1,22827,42,18,4,1,5,12,SOLAR,"2,090",17,6,9
353,04021,Pinal,AZ,32.917399,-111.503327,1,1404,46,43,20,7,14,20,GAS,"422,113",29,9,9
354,04001,Apache,AZ,34.5789,-109.2708,1,3,22,30,4,0,5,22,COAL,"3,082,129",24,0,9
355,04013,Maricopa,AZ,33.034722,-112.661667,1,35,88,59,45,21,7,21,SOLAR,"41,151",6,11,9
357,04015,Mohave,AZ,35.197044,-114.570669,1,3380,17,39,10,2,2,21,HYDRO,"908,942",34,3,9
358,04019,Pima,AZ,32.17356,-110.899734,1,69006,76,55,22,8,7,21,SOLAR,"31,454",11,8,9
359,04019,Pima,AZ,32.252273,-110.992148,1,110464,57,57,16,6,7,19,GAS,"1,310",13,4,9
360,04021,Pinal,AZ,32.9042,-111.7889,1,20933,62,46,16,6,8,20,GAS,"2,994,698",17,7,9
361,04013,Maricopa,AZ,33.145,-112.66,1,49,68,59,28,20,13,6,SOLAR,"29,978",3,3,9
362,04003,Cochise,AZ,31.364122,-109.5538,1,16327,95,60,28,21,13,24,OIL,90,16,9,9
364,04021,Pinal,AZ,32.84703,-111.565072,1,2521,53,41,14,5,9,17,SOLAR,"253,726",19,7,9
366,04013,Maricopa,AZ,33.409803,-112.340297,1,45510,80,37,22,8,5,16,SOLAR,"4,162",8,8,9
367,04019,Pima,AZ,32.108147,-110.824662,1,24758,48,20,6,2,7,9,SOLAR,"4,103",17,6,9
368,04027,Yuma,AZ,32.64856,-114.428741,1,28236,34,32,13,1,9,17,SOLAR,"101,512",46,4,9
369,04003,Cochise,AZ,31.555278,-110.35,1,6950,46,40,9,4,3,8,SOLAR,"37,208",5,8,9
370,04019,Pima,AZ,32.102778,-110.819722,1,23404,45,19,5,1,5,11,SOLAR,"6,215",17,6,9
371,04013,Maricopa,AZ,32.940833,-112.881389,1,162,88,59,45,21,7,21,SOLAR,"80,032",6,11,9
372,04013,Maricopa,AZ,32.975,-112.694444,1,2097,79,53,35,21,2,21,GAS,"2,813,817",14,6,9
373,04013,Maricopa,AZ,32.975,-112.6944,1,2097,79,53,35,21,2,21,GAS,"7,390,743",14,6,9
374,04013,Maricopa,AZ,33.355862,-111.802355,1,129697,40,19,6,3,4,18,SOLAR,"3,565",12,7,9
375,04005,Coconino,AZ,36.936614,-111.483872,1,6853,61,30,6,0,10,18,HYDRO,"3,363,155",12,8,9
376,04015,Mohave,AZ,35.3635,-113.8978,1,474,19,33,8,0,10,22,SOLAR,"137,974",38,3,9
377,04015,Mohave,AZ,35.054029,-114.133272,1,170,52,63,21,0,0,13,GAS,"3,670,670",20,0,9
378,04012,La Paz,AZ,34.168264,-114.277356,1,5310,69,39,16,6,5,25,HYDRO,"32,271",19,7,9
381,04027,Yuma,AZ,33.027,-113.3489,1,57,62,35,27,16,1,5,SOLAR,"30,261",17,6,9
382,04027,Yuma,AZ,33.02566,-113.34397,1,77,64,37,26,17,1,3,SOLAR,"40,223",18,7,9
383,04013,Maricopa,AZ,33.243261,-111.892354,1,44197,34,15,3,2,4,12,SOLAR,"10,667",31,4,9
384,04019,Pima,AZ,32.098492,-110.819119,1,22429,44,18,5,1,5,12,SOLAR,"4,588",18,6,9
385,04019,Pima,AZ,32.16,-110.9047,1,61218,85,51,25,11,7,18,GAS,"1,390,938",10,8,9
386,04015,Mohave,AZ,35.304528,-114.01183,1,6394,22,42,14,4,2,23,SOLAR,"8,346",32,6,9
387,04013,Maricopa,AZ,33.603056,-111.924722,1,67688,20,14,2,1,3,14,SOLAR,"2,010",24,5,9
388,04017,Navajo,AZ,36.771944,-110.263889,1,491,100,81,18,8,7,22,SOLAR,"102,294",15,8,9
389,04015,Mohave,AZ,35.145833,-114.0675,1,869,37,75,23,0,2,24,WIND,"18,074",12,3,9
390,04013,Maricopa,AZ,33.3556,-111.9353,1,123505,45,24,6,3,5,16,GAS,"1,258,511",13,5,9
391,04015,Mohave,AZ,35.241675,-114.004591,1,36829,23,44,13,2,6,24,SOLAR,931,25,5,9
392,04013,Maricopa,AZ,33.820556,-112.24,1,3,11,89,0,0,0,14,SOLAR,"14,390",6,0,9
393,04013,Maricopa,AZ,33.526111,-112.37944,1,38440,48,20,8,3,5,12,SOLAR,"32,767",17,5,9
394,04013,Maricopa,AZ,33.409063,-112.414596,1,32948,61,22,8,3,6,17,SOLAR,0,10,8,9
396,04013,Maricopa,AZ,33.347,-111.602,1,57051,30,10,4,0,3,11,SOLAR,"8,058",17,6,9
397,04013,Maricopa,AZ,33.345047,-112.864227,1,83,42,13,33,5,2,19,GAS,"7,613,036",12,5,9
398,04013,Maricopa,AZ,33.341833,-112.904028,1,58,42,13,32,5,2,20,SOLAR,"403,905",11,5,9
399,04013,Maricopa,AZ,33.332777,-112.911388,1,58,42,13,32,5,2,20,SOLAR,"274,398",11,5,9
400,04013,Maricopa,AZ,33.347583,-112.936805,1,38,42,10,34,5,1,19,SOLAR,"461,621",11,5,9
401,04013,Maricopa,AZ,33.3252,-112.918,1,42,41,14,31,5,2,20,SOLAR,"54,872",12,5,9
403,04015,Mohave,AZ,34.9843,-114.5565,1,11645,25,23,10,0,8,21,SOLAR,"17,110",36,3,9
404,04015,Mohave,AZ,34.9843,-114.5565,1,11645,25,23,10,0,8,21,SOLAR,"8,183",36,3,9
407,04013,Maricopa,AZ,33.47596,-113.113434,1,58,39,43,32,9,5,19,GAS,"2,326,465",24,0,9
408,04019,Pima,AZ,32.401,-111.1262,1,19144,41,12,3,1,3,15,GAS,"3,648",19,5,9
409,04013,Maricopa,AZ,33.681944,-112.476666,1,5361,26,20,7,1,7,14,BIOMASS,"17,570",35,5,9
410,04017,Navajo,AZ,34.503158,-110.334953,1,20,31,56,13,4,6,21,BIOMASS,"175,580",8,9,9
411,04012,La Paz,AZ,33.776667,-113.656111,1,567,10,32,15,2,4,19,SOLAR,"81,879",86,0,9
412,04013,Maricopa,AZ,33.4225,-111.9122,1,144858,48,39,8,4,5,16,GAS,"640,869",10,4,9
413,04013,Maricopa,AZ,33.3881,-112.8617,1,1179,39,18,22,4,12,19,NUCLEAR,"31,522,590",8,5,9
414,04013,Maricopa,AZ,33.021111,-112.661389,1,32,88,59,45,21,7,21,SOLAR,"38,964",6,11,9
415,04013,Maricopa,AZ,33.6416,-111.9997,1,129071,37,24,9,3,4,19,SOLAR,"2,049",15,6,9
417,04013,Maricopa,AZ,33.4345,-111.9842,1,80299,69,45,21,7,5,12,SOLAR,848,5,6,9
418,04013,Maricopa,AZ,33.43042,-112.04484,1,96153,79,53,28,8,7,17,SOLAR,"2,706",9,7,9
419,04019,Pima,AZ,32.369722,-111.242778,1,2103,24,40,11,0,3,22,SOLAR,"48,986",23,2,9
420,04019,Pima,AZ,32.166494,-110.816669,1,57848,45,35,8,2,6,21,SOLAR,"2,404",18,6,9
421,04019,Pima,AZ,32.146142,-110.990639,1,97233,90,52,27,12,7,21,SOLAR,"1,556",13,7,9
422,04019,Pima,AZ,32.343491,-111.02786,1,65352,39,24,7,2,5,19,SOLAR,"3,050",21,5,9
423,04019,Pima,AZ,32.251647,-110.991333,1,111167,57,57,16,6,7,19,OTHF, (341),13,4,9
424,04021,Pinal,AZ,32.875697,-111.551111,1,1764,44,42,16,7,13,20,SOLAR,"55,171",26,8,9
427,04019,Pima,AZ,32.116389,-110.82,1,24690,47,19,5,2,5,10,SOLAR,"7,535",17,6,9
428,04025,Yavapai,AZ,34.6584,-112.4008,1,1417,15,18,6,0,2,19,SOLAR,"2,627",38,3,9
429,04025,Yavapai,AZ,34.649444,-112.4275,1,4528,19,21,4,0,9,18,SOLAR,"22,875",33,1,9
431,04013,Maricopa,AZ,33.2675,-111.612222,1,43605,28,13,3,0,4,13,SOLAR,"46,444",12,7,9
434,04013,Maricopa,AZ,33.026389,-112.665833,1,32,88,59,45,21,7,21,SOLAR,"38,509",6,11,9
435,04019,Pima,AZ,32.146944,-110.878056,1,38005,74,43,19,8,9,12,SOLAR,"33,506",8,9,9
438,04013,Maricopa,AZ,32.551026,-111.289232,1,1105,34,28,12,3,13,21,SOLAR,"25,977",17,7,9
439,04013,Maricopa,AZ,33.334562,-112.840641,1,261,41,18,27,4,3,21,GAS,"4,430,509",12,5,9
440,04023,Santa Cruz,AZ,31.5,-111.008056,1,10280,88,50,19,10,9,16,SOLAR,"4,282",12,10,9
441,04019,Pima,AZ,32.2894,-111.0331,1,57059,53,40,13,4,6,20,SOLAR,"1,132",19,5,9
442,04013,Maricopa,AZ,33.671104,-111.161786,1,27,29,50,11,2,35,16,HYDRO,"98,825",47,3,9
443,04003,Cochise,AZ,31.5551,-109.7013,1,227,23,44,14,4,11,13,OTHF,0,37,2,9
444,04013,Maricopa,AZ,33.378333,-113.180833,1,158,42,11,34,6,2,19,SOLAR,"30,904",11,5,9
445,04021,Pinal,AZ,32.86951,-111.514226,1,1075,43,44,20,7,13,19,OTHF," (2,948)",30,8,9
446,04021,Pinal,AZ,32.866276,-111.502402,1,592,43,44,20,7,13,19,SOLAR,"263,275",30,9,9
447,04021,Pinal,AZ,33.035556,-111.430278,1,6723,47,26,10,1,9,13,SOLAR,"111,105",20,4,9
448,04013,Maricopa,AZ,33.3325,-111.7503,1,123210,32,13,4,1,4,12,GAS,"5,697,255",9,7,9
449,04013,Maricopa,AZ,32.922294,-112.95594,1,2,88,59,45,21,7,21,SOLAR,"774,723",6,11,9
450,04013,Maricopa,AZ,33.248767,-112.542402,1,55,57,37,30,11,5,20,SOLAR,"90,865",11,22,9
451,04013,Maricopa,AZ,33.466477,-111.781064,1,56413,33,22,6,2,6,19,HYDRO,0,14,6,9
452,04015,Mohave,AZ,34.8678,-114.5317,1,1359,33,27,16,0,4,27,GAS,"2,671,767",28,2,9
453,04001,Apache,AZ,34.3186,-109.1639,1,7,45,52,16,0,0,21,COAL,"6,733,670",9,3,9
454,04013,Maricopa,AZ,33.5661,-111.536,1,46,30,31,8,0,3,17,HYDRO,"34,978",9,12,9
455,04021,Pinal,AZ,32.8882,-111.4978,1,675,43,45,21,8,14,20,SOLAR,"29,839",31,9,9
456,04003,Cochise,AZ,32.0628,-109.919283,1,291,29,31,13,19,2,22,SOLAR,"53,285",28,4,9
457,04013,Maricopa,AZ,33.320406,-112.816771,1,401,38,15,25,7,3,22,SOLAR,"366,292",12,3,9
458,04013,Maricopa,AZ,33.34884,-112.8348,1,427,41,21,24,4,4,21,SOLAR,"380,637",13,5,9
459,04021,Pinal,AZ,32.9285,-111.5899,1,1167,45,38,11,6,12,20,GAS,"522,679",21,7,9
460,04013,Maricopa,AZ,33.447225,-112.217664,1,128982,90,47,29,10,5,14,SOLAR,618,6,8,9
463,04019,Pima,AZ,32.097884,-110.815696,1,22295,42,18,4,1,5,12,SOLAR,"13,711",18,6,9
464,04019,Pima,AZ,32.096973,-110.8106,1,22080,41,18,4,0,4,12,SOLAR,403,18,6,9
465,04021,Pinal,AZ,32.936944,-111.738611,1,27704,55,33,9,3,6,19,SOLAR,"2,573",16,6,9
466,04021,Pinal,AZ,32.578011,-110.852608,1,1809,6,10,1,0,2,0,GAS,118,86,0,9
467,04023,Santa Cruz,AZ,31.363472,-110.931343,1,20258,97,56,32,41,13,17,GAS,"5,650",19,6,9
468,04019,Pima,AZ,32.145833,-110.866944,1,39742,68,37,15,5,8,12,SOLAR,"26,220",8,8,9
469,04021,Pinal,AZ,32.891389,-111.713056,1,43030,58,38,11,3,7,20,SOLAR,"2,742",21,6,9
470,04013,Maricopa,AZ,33.8447,-112.2714,1,116,10,80,0,0,0,15,HYDRO," (19,561)",5,0,9
471,04021,Pinal,AZ,32.866837,-111.771751,1,24095,68,46,16,6,9,22,SOLAR,"1,793",15,7,9
472,04021,Pinal,AZ,32.7559,-111.5548,1,5332,86,53,32,13,7,21,SOLAR,"276,469",14,6,9
474,04019,Pima,AZ,32.043502,-110.892676,1,6239,70,59,31,20,1,3,SOLAR,"269,179",5,1,9
475,04027,Yuma,AZ,32.7214,-114.7106,1,14580,82,46,31,13,10,19,GAS,"236,544",14,8,9
476,04027,Yuma,AZ,32.728822,-114.654053,1,50350,76,47,24,12,10,20,GAS,"149,275",16,7,9
477,06037,Los Angeles,CA,33.84614,-118.30019,1,205436,84,23,13,12,6,16,SOLAR,"3,790",18,5,9
478,06037,Los Angeles,CA,34.243444,-118.58517,1,180479,70,29,17,12,6,16,SOLAR,"2,381",15,6,9
479,06019,Fresno,CA,36.67,-119.415833,1,1597,78,39,22,8,5,15,SOLAR,"2,025",13,4,9
480,06047,Merced,CA,37.352222,-120.506944,1,37638,72,39,20,7,12,19,SOLAR,"2,554",10,6,9
481,06007,Butte,CA,39.291667,-121.669722,1,10805,63,39,28,10,8,21,SOLAR,"1,512",15,9,9
483,06029,Kern,CA,35.095797,-118.324772,1,165,20,39,13,2,7,21,WIND,"62,927",31,1,9
484,06029,Kern,CA,35.102577,-118.332533,1,166,20,39,13,2,7,21,WIND,"86,927",32,1,9
485,06037,Los Angeles,CA,34.22379,-118.49974,1,285113,77,38,23,17,7,16,SOLAR,"5,415",12,6,9
486,06071,San Bernardino,CA,34.0878,-117.5872,1,130415,78,30,16,8,6,17,SOLAR,"2,941",11,7,9
487,06039,Madera,CA,37.15105,-119.504724,1,155,29,21,8,0,16,20,HYDRO,"16,124",28,5,9
488,06029,Kern,CA,35.472113,-119.432866,1,182,79,55,36,16,8,19,BIOMASS,"8,473",7,8,9
489,06029,Kern,CA,35.21426,-119.202974,1,51,70,58,29,5,25,16,BIOMASS,"7,848",21,7,9
490,06029,Kern,CA,35.17306,-119.116384,1,65,70,58,29,5,25,16,BIOMASS,"8,463",21,7,9
491,06029,Kern,CA,35.169722,-119.105556,1,73,70,58,29,5,25,16,BIOMASS,"15,983",21,7,9
492,06037,Los Angeles,CA,33.7688,-118.1009,1,124558,40,16,5,3,4,14,GAS,"3,302,287",22,4,9
493,06037,Los Angeles,CA,33.770202,-118.099665,1,126460,41,16,5,3,4,14,OTHF," (14,091)",22,4,9
494,06059,Orange,CA,33.6439,-117.9792,1,105348,39,18,7,3,5,15,GAS,"3,212,590",18,4,9
495,06037,Los Angeles,CA,33.8504,-118.395,1,166611,46,12,4,5,5,15,GAS,"256,221",15,6,9
496,06085,Santa Clara,CA,37.32489,-121.99894,1,258026,72,11,5,10,4,14,GAS,"6,316",13,6,9
497,06065,Riverside,CA,33.74,-117.010556,1,82795,66,41,21,6,9,21,SOLAR,"27,622",22,6,9
498,06085,Santa Clara,CA,37.331666,-122.006686,1,257181,73,10,5,10,4,14,GAS,"27,115",13,6,9
499,06097,Sonoma,CA,38.761389,-122.975278,1,2669,24,11,8,0,3,16,SOLAR,"1,348",29,3,9
500,06037,Los Angeles,CA,33.874969,-118.289798,1,181759,91,28,19,12,6,17,GAS,"8,700",16,5,9
501,06037,Los Angeles,CA,33.92429,-118.320597,1,359225,94,39,26,13,8,19,GAS,"5,844",11,6,9
502,06001,Alameda,CA,37.659879,-122.09685,1,222768,83,24,18,11,6,18,GAS,"7,082",14,6,9
503,06081,San Mateo,CA,37.480769,-122.200408,1,124013,60,19,13,7,5,15,GAS,"6,962",13,6,9
504,06073,San Diego,CA,32.88758,-117.16682,1,75155,68,19,10,8,5,14,GAS,"6,510",13,6,9
505,06059,Orange,CA,33.836439,-117.916893,1,265439,82,34,25,12,6,18,GAS,"8,302",11,7,9
506,06085,Santa Clara,CA,37.417638,-121.94453,1,102644,85,13,8,10,4,11,GAS,"7,181",8,7,9
507,06073,San Diego,CA,32.904775,-117.1986,1,68196,61,19,5,7,5,12,GAS,"3,514",10,5,9
508,06059,Orange,CA,33.684675,-117.836821,1,167433,65,27,8,8,6,14,GAS,"6,985",11,6,9
509,06095,Solano,CA,38.236257,-122.077759,1,40360,71,32,16,8,7,20,GAS,"6,608",13,7,9
510,06037,Los Angeles,CA,34.196324,-118.448225,1,327770,72,40,24,18,8,17,GAS,"7,208",12,6,9
511,06037,Los Angeles,CA,34.152191,-118.456078,1,165343,45,25,11,8,8,16,GAS,"7,311",15,6,9
512,06037,Los Angeles,CA,34.780278,-118.42444,1,105,53,34,12,12,5,23,SOLAR,"567,726",21,3,9
513,06037,Los Angeles,CA,34.748894,-117.973571,1,401,69,56,42,7,20,20,SOLAR,"8,205",10,4,9
514,06011,Colusa,CA,39.145608,-122.118591,1,6039,84,38,37,8,14,15,BIOMASS,"17,314",11,9,9
515,06111,Ventura,CA,34.196505,-118.931898,1,51245,36,14,6,5,4,12,OTHF, (154),19,5,9
516,06021,Glenn,CA,39.69898,-122.175583,1,3895,57,40,23,3,4,20,SOLAR,"3,076",17,9,9
517,06071,San Bernardino,CA,34.557222,-117.3775,1,34927,87,46,27,3,8,19,SOLAR,"17,018",7,8,9
518,06071,San Bernardino,CA,34.550833,-117.435277,1,34764,91,49,28,6,11,20,SOLAR,"3,530",7,9,9
519,06071,San Bernardino,CA,34.557222,-117.3775,1,34927,87,46,27,3,8,19,SOLAR,"54,867",7,8,9
520,06039,Madera,CA,37.120586,-120.32488,1,5720,50,40,23,4,8,19,SOLAR,"27,369",9,8,9
521,06085,Santa Clara,CA,37.330556,-121.893056,1,239307,73,26,17,13,5,16,GAS,0,12,5,9
523,06053,Monterey,CA,35.953293,-120.859952,1,71,47,33,14,2,12,11,GAS,"23,649",21,6,9
524,06067,Sacramento,CA,38.613508,-121.162879,1,14401,48,14,2,3,5,14,SOLAR,"5,891",10,6,9
525,06067,Sacramento,CA,38.6086,-121.1703,1,7368,45,15,2,3,5,14,SOLAR,"3,739",11,6,9
527,06085,Santa Clara,CA,37.4058,-121.9272,1,125934,86,13,9,12,5,11,GAS,"35,748",9,7,9
528,06107,Tulare,CA,36.49466,-119.46698,1,4544,78,65,31,11,15,16,SOLAR,"1,519",9,10,9
529,06071,San Bernardino,CA,34.0414,-117.3603,1,71749,85,36,27,7,8,19,GAS,"10,221",10,6,9
530,06097,Sonoma,CA,38.8339,-122.881,1,13,52,39,24,7,16,14,GEOTHERMAL,"77,312",20,5,9
531,06001,Alameda,CA,37.7886,-122.2889,1,163647,67,29,11,9,6,18,GAS,"3,906",14,5,9
532,06037,Los Angeles,CA,34.8158,-118.6867,1,26,32,34,9,7,2,21,HYDRO,"91,319",23,3,9
533,06071,San Bernardino,CA,34.682222,-117.3475,1,630,60,56,24,6,6,21,SOLAR,"43,709",22,4,9
534,06019,Fresno,CA,36.6842,-119.5522,1,29146,82,40,27,13,8,18,GAS,"14,879",11,8,9
535,06029,Kern,CA,35.126111,-119.243361,1,3,72,24,37,15,8,22,SOLAR,"17,690",8,3,9
536,06029,Kern,CA,35.126111,-119.243333,1,3,72,24,37,15,8,22,SOLAR,"45,473",8,3,9
538,06031,Kings,CA,36.21222,-119.91,1,5,95,61,59,40,7,22,SOLAR,"9,556",12,8,9
539,06099,Stanislaus,CA,37.5744,-120.985,1,57328,81,45,31,13,11,21,GAS,"188,375",9,9,9
540,06107,Tulare,CA,35.898333,-119.435278,1,485,92,70,52,61,20,20,SOLAR,"71,663",5,13,9
541,06107,Tulare,CA,35.9025,-119.442778,1,1005,92,70,53,61,20,20,SOLAR,"22,384",5,14,9
542,06037,Los Angeles,CA,34.7892,-118.5047,1,116,52,33,12,11,6,23,SOLAR,"160,957",20,3,9
543,06061,Placer,CA,39.215979,-120.80355,1,1309,11,20,5,0,5,16,HYDRO,"2,524",21,2,9
544,06037,Los Angeles,CA,33.719111,-118.272621,1,75477,70,32,17,10,6,18,SOLAR,0,15,5,9
545,06029,Kern,CA,35.033725,-118.353422,1,39,20,47,11,0,5,20,WIND,"360,984",24,1,9
546,06029,Kern,CA,35.023889,-118.295278,1,18,20,47,11,0,5,20,WIND,"299,672",24,1,9
547,06029,Kern,CA,35.023889,-118.295278,1,18,20,47,11,0,5,20,WIND,"302,613",24,1,9
548,06029,Kern,CA,35.008611,-118.242222,1,123,62,49,18,8,11,22,WIND,"147,808",15,6,9
549,06029,Kern,CA,35.008611,-118.242222,1,123,62,49,18,8,11,22,WIND,"238,061",15,6,9
550,06029,Kern,CA,35.026683,-118.234811,1,609,84,41,15,5,10,27,WIND,"186,410",11,8,9
551,06029,Kern,CA,35.06,-118.2,1,3568,80,49,20,11,7,27,WIND,"336,516",12,7,9
552,06029,Kern,CA,35.065,-118.39,1,241,20,44,10,0,6,20,WIND,"247,648",23,3,9
553,06077,San Joaquin,CA,37.732533,-121.116006,1,31349,50,22,13,2,7,18,GAS,"3,090",14,7,9
554,06001,Alameda,CA,37.749308,-121.649866,1,88,37,2,3,0,3,17,BIOMASS,"39,367",9,9,9
555,06059,Orange,CA,33.878585,-117.99608,1,182170,78,23,12,11,5,16,SOLAR,"1,560",16,5,9
556,06099,Stanislaus,CA,37.468888,-121.166326,1,24466,82,28,24,12,7,19,SOLAR,"2,197",9,9,9
557,06077,San Joaquin,CA,37.911715,-121.19865,1,14189,81,42,36,16,5,21,SOLAR,"3,635",14,5,9
558,06065,Riverside,CA,33.92624,-116.99442,1,49158,66,23,11,4,6,18,SOLAR,"7,514",17,8,9
559,06071,San Bernardino,CA,34.088408,-117.245839,1,80588,83,51,29,10,7,22,GAS,0,10,7,9
561,06007,Butte,CA,39.674,-121.73,1,1878,9,7,1,0,2,15,BIOMASS,"16,031",19,5,9
562,06037,Los Angeles,CA,34.431664,-118.642855,1,12165,62,14,11,4,4,17,BIOMASS,"32,615",11,6,9
563,06077,San Joaquin,CA,37.883406,-121.185104,1,4934,69,40,36,6,7,22,BIOMASS,"32,098",17,1,9
564,06053,Monterey,CA,36.534167,-121.408611,1,8893,92,34,39,15,4,17,BIOMASS,"9,302",7,8,9
565,06013,Contra Costa,CA,38.003928,-121.934491,1,75044,84,28,23,9,7,19,BIOMASS,"28,699",12,7,9
566,06081,San Mateo,CA,37.5,-122.4,1,3746,33,19,7,2,2,14,BIOMASS,"87,043",21,4,9
567,06077,San Joaquin,CA,38.029722,-120.929722,1,217,49,37,25,2,18,17,BIOMASS,"30,903",10,7,9
568,06087,Santa Cruz,CA,36.9178,-121.8156,1,34579,81,32,32,16,7,17,BIOMASS,"18,779",14,7,9
569,06001,Alameda,CA,37.754444,-121.728889,1,10998,48,12,4,1,3,18,BIOMASS,"31,473",11,8,9
570,06055,Napa,CA,38.160858,-122.214014,1,63135,82,21,14,8,6,18,SOLAR,"6,642",17,5,9
571,06031,Kings,CA,36.24,-119.898,1,6397,54,43,3,5,9,0,SOLAR,"270,014",0,14,9
572,06039,Madera,CA,37.106668,-120.248504,1,14800,57,41,21,4,10,19,BIOMASS,"10,501",11,9,9
573,06059,Orange,CA,33.8025,-117.919722,1,275385,84,32,26,13,5,17,SOLAR,"2,914",11,6,9
574,06009,Calaveras,CA,38.071944,-120.539444,1,4136,18,32,9,2,7,19,HYDRO,"7,241",32,2,9
575,06095,Solano,CA,38.235224,-122.092666,1,28953,67,24,12,8,6,19,GAS,"21,588",14,7,9
576,06095,Solano,CA,38.233611,-122.0925,1,27451,66,23,12,8,6,18,WIND,"3,511",14,7,9
577,06037,Los Angeles,CA,34.694839,-118.28769,1,3671,44,16,4,2,3,21,SOLAR,"45,762",9,6,9
578,06037,Los Angeles,CA,34.655556,-118.280722,1,16478,51,16,7,2,6,20,SOLAR,"106,646",16,7,9
579,06037,Los Angeles,CA,34.686944,-118.311722,1,513,34,14,9,2,11,21,SOLAR,"12,569",12,10,9
580,06037,Los Angeles,CA,34.736859,-118.304071,1,1434,34,23,17,8,10,22,SOLAR,"36,182",12,9,9
581,06037,Los Angeles,CA,34.71611,-118.259161,1,9059,68,15,28,2,3,12,SOLAR,"46,916",6,4,9
582,06037,Los Angeles,CA,34.744977,-118.309153,1,1427,34,25,18,8,9,22,SOLAR,"234,151",13,8,9
583,06037,Los Angeles,CA,34.728902,-118.322051,1,815,34,20,16,8,12,22,SOLAR,"34,735",12,10,9
584,06037,Los Angeles,CA,34.720162,-118.322532,1,638,35,18,14,7,12,22,SOLAR,"11,400",12,10,9
585,06085,Santa Clara,CA,37.33,-122.01,1,254383,74,10,5,10,4,13,BIOMASS,"25,933",13,6,9
586,06085,Santa Clara,CA,37.33,-122.01,1,254383,74,10,5,10,4,13,SOLAR,"15,622",13,6,9
587,06031,Kings,CA,36.189722,-119.904166,1,25,95,61,59,40,7,22,SOLAR,"560,174",12,8,9
588,06071,San Bernardino,CA,35.765,-117.3833,1,1727,27,54,14,0,8,23,COAL,"244,809",17,6,9
589,06065,Riverside,CA,33.69088,-114.774944,1,2,24,21,0,0,0,20,SOLAR,"332,463",16,0,9
590,06065,Riverside,CA,33.69088,-114.774944,1,2,24,21,0,0,0,20,SOLAR,"290,149",16,0,9
591,06037,Los Angeles,CA,34.655,-118.051111,1,13881,79,42,17,3,8,22,SOLAR,"2,396",8,7,9
592,06037,Los Angeles,CA,34.650556,-118.051944,1,10753,78,43,17,3,7,22,SOLAR,"1,383",8,7,9
593,06037,Los Angeles,CA,34.647778,-118.061111,1,14066,79,41,16,3,8,22,SOLAR,"3,157",8,7,9
594,06019,Fresno,CA,36.552186,-120.352481,1,118,91,38,57,20,16,17,SOLAR,"20,112",18,8,9
595,06079,San Luis Obispo,CA,35.463333,-120.634011,1,21052,31,25,6,3,6,17,SOLAR,"2,820",16,5,9
596,06065,Riverside,CA,33.751283,-115.35499,1,276,53,63,19,2,31,20,SOLAR,"707,034",29,14,9
597,06107,Tulare,CA,35.895,-119.510833,1,1076,92,70,53,61,20,20,SOLAR,"33,446",5,14,9
598,06107,Tulare,CA,35.815,-119.459722,1,76,92,69,53,61,19,20,SOLAR,"46,543",5,14,9
599,06031,Kings,CA,35.989722,-120.11,1,13031,91,53,51,28,9,15,SOLAR,"10,585",5,7,9
600,06099,Stanislaus,CA,37.734167,-120.995556,1,29014,51,26,13,6,5,19,SOLAR,"53,738",15,5,9
601,06037,Los Angeles,CA,34.1548,-117.9093,1,76740,78,27,17,8,6,18,HYDRO,0,13,5,9
602,06059,Orange,CA,33.688721,-117.834793,1,173201,67,26,9,9,6,14,GAS,"27,194",11,6,9
603,06071,San Bernardino,CA,34.267795,-116.815428,1,12332,29,40,8,1,8,18,SOLAR,"3,169",19,8,9
604,06059,Orange,CA,33.7899,-118.0639,1,144182,53,16,9,5,5,15,SOLAR,"3,616",21,5,9
605,06059,Orange,CA,33.7841,-118.0509,1,134764,53,18,9,7,5,15,SOLAR,"3,391",21,5,9
606,06037,Los Angeles,CA,33.8153,-118.2358,1,179250,91,32,23,10,7,18,OFSL,0,15,5,9
607,06029,Kern,CA,35.483736,-119.029856,1,2632,44,52,19,0,7,23,GAS,"24,812",26,4,9
609,06023,Humboldt,CA,40.526389,-123.725556,1,25,26,60,23,0,13,19,HYDRO,"3,283",30,7,9
610,06029,Kern,CA,35.317551,-118.989894,1,89143,90,58,39,12,9,22,SOLAR,"2,309",8,8,9
612,06029,Kern,CA,35.330032,-118.993119,1,115307,89,60,39,11,11,23,SOLAR,"1,974",8,9,9
613,06029,Kern,CA,35.324982,-118.981522,1,95051,91,61,41,12,10,23,SOLAR,"6,725",8,8,9
616,06059,Orange,CA,33.8073,-117.9832,1,284030,79,32,22,15,6,17,GAS,"20,405",15,6,9
617,06037,Los Angeles,CA,34.667817,-118.298089,1,4855,43,15,7,2,8,20,SOLAR,"47,358",18,7,9
618,06037,Los Angeles,CA,34.678305,-118.302649,1,845,34,12,8,1,11,21,SOLAR,"44,864",12,10,9
619,06037,Los Angeles,CA,34.681338,-118.314087,1,640,34,13,9,1,11,21,SOLAR,"45,578",13,10,9
620,06029,Kern,CA,35.256526,-118.027519,1,39,83,36,40,0,9,17,OTHF," (1,269)",6,0,9
621,06029,Kern,CA,35.265833,-117.999167,1,39,83,36,40,0,9,17,SOLAR,"119,893",6,0,9
622,06029,Kern,CA,35.248889,-118.034444,1,7,83,36,40,0,9,17,SOLAR,"97,186",6,0,9
623,06089,Shasta,CA,40.534454,-121.959109,1,934,17,22,5,0,7,20,HYDRO,"5,562",39,3,9
624,06077,San Joaquin,CA,38.136389,-121.148889,1,5963,39,24,14,3,5,19,SOLAR,"3,873",22,6,9
625,06029,Kern,CA,35.419181,-118.926643,1,40141,71,36,16,6,6,19,GAS,"47,775",14,6,9
626,06073,San Diego,CA,33.166246,-117.016566,1,29504,65,25,18,8,5,18,HYDRO,"2,713",13,5,9
627,06071,San Bernardino,CA,34.2506,-116.9025,1,7297,33,35,9,3,6,19,GAS,"1,865",21,6,9
628,06109,Tuolumne,CA,38.202569,-120.076983,1,8,19,83,1,0,25,12,HYDRO,"82,660",40,0,9
629,06085,Santa Clara,CA,37.39789,-121.88594,1,184209,88,16,13,15,5,13,GAS,"5,825",13,6,9
630,06063,Plumas,CA,40.007445,-121.249438,1,29,45,44,0,0,10,24,HYDRO,"227,786",21,0,9
631,06097,Sonoma,CA,38.510833,-122.479722,1,7434,28,19,9,4,3,15,SOLAR,"1,325",32,4,9
633,06029,Kern,CA,35.093046,-119.443617,1,1848,72,73,53,24,14,25,GAS,"24,008",5,9,9
634,06029,Kern,CA,35.089829,-119.440881,1,852,57,59,38,13,12,29,GAS,"124,671",11,7,9
635,06029,Kern,CA,35.307555,-119.611551,1,142,28,46,18,0,15,22,GAS,"71,742",11,12,9
636,06037,Los Angeles,CA,34.38407,-118.494882,1,61618,68,28,16,5,6,16,GAS,"14,822",12,8,9
637,06089,Shasta,CA,40.8014,-121.4481,1,21,3,26,3,0,9,16,HYDRO,"11,189",35,4,9
638,06037,Los Angeles,CA,34.015287,-118.192851,1,280366,98,48,45,22,8,18,SOLAR,"7,855",11,6,9
639,06019,Fresno,CA,37.2042,-119.2396,1,97,20,30,0,0,11,18,HYDRO,"393,801",24,0,9
640,06019,Fresno,CA,37.2,-119.3069,1,15,33,47,19,0,15,20,HYDRO,"296,174",29,5,9
641,06019,Fresno,CA,37.200062,-119.30681,1,15,33,47,19,0,15,20,HYDRO,"506,047",29,5,9
642,06019,Fresno,CA,37.148517,-119.386623,1,33,21,37,15,0,14,20,HYDRO,"377,227",35,3,9
643,06039,Madera,CA,37.139,-119.4898,1,230,13,29,11,0,14,20,HYDRO,"450,605",37,3,9
644,06019,Fresno,CA,37.2096,-119.3289,1,19,35,50,22,0,16,20,HYDRO,"152,879",30,6,9
645,06105,Trinity,CA,40.646733,-123.498008,1,264,24,63,3,11,35,0,HYDRO,"10,056",15,0,9
646,06027,Inyo,CA,37.142795,-118.324075,1,1546,38,26,6,0,3,18,HYDRO,"8,980",23,5,9
648,06029,Kern,CA,34.907041,-118.344077,1,126,49,22,15,0,9,20,SOLAR,"242,957",20,4,9
649,06013,Contra Costa,CA,38.022486,-122.273663,1,57632,75,15,10,5,5,16,SOLAR,"3,344",19,5,9
650,06037,Los Angeles,CA,33.906953,-118.013105,1,183332,80,22,12,10,5,16,GAS,"11,153",15,5,9
651,06027,Inyo,CA,37.273581,-118.573339,1,174,33,37,7,1,2,15,HYDRO,"35,633",21,10,9
652,06027,Inyo,CA,37.301962,-118.531957,1,219,33,38,8,1,2,15,HYDRO,"26,216",22,10,9
653,06027,Inyo,CA,37.323035,-118.501714,1,340,33,38,8,1,2,15,HYDRO,"49,822",22,10,9
654,06027,Inyo,CA,37.3344,-118.4797,1,1071,18,26,2,0,5,15,HYDRO,"13,702",25,5,9
655,06027,Inyo,CA,37.3499,-118.4628,1,4452,50,26,5,0,7,17,HYDRO,"9,624",22,4,9
656,06013,Contra Costa,CA,37.76217,-121.9579,1,84932,57,8,3,5,5,11,SOLAR,"1,609",14,5,9
658,06103,Tehama,CA,39.814905,-122.332335,1,51,34,29,11,0,4,17,HYDRO,"20,217",20,4,9
659,06053,Monterey,CA,36.181538,-121.026685,1,50,87,76,21,7,0,19,SOLAR,"6,887",2,5,9
660,06059,Orange,CA,33.9328,-117.855,1,72088,61,15,6,7,5,15,GAS,"45,092",16,6,9
661,06029,Kern,CA,35.612,-119.845,1,111,93,54,52,48,12,24,SOLAR,"40,102",5,7,9
663,06017,El Dorado,CA,38.650627,-121.074115,1,44288,38,10,3,2,4,12,SOLAR,"2,988",16,5,9
664,06029,Kern,CA,34.98809,-118.908812,1,34,23,13,3,1,8,20,SOLAR,"1,864",37,2,9
665,06065,Riverside,CA,33.6157,-114.6865,1,1227,73,62,30,1,8,21,GAS,"1,546,542",10,15,9
666,06065,Riverside,CA,33.640813,-114.680261,1,303,47,33,9,2,4,21,SOLAR,"590,179",19,5,9
667,06065,Riverside,CA,33.68,-114.742,1,2,24,21,0,0,0,20,SOLAR,"584,190",16,0,9
668,06065,Riverside,CA,33.68,-114.73,1,3,24,21,0,0,0,20,SOLAR,"311,914",16,0,9
669,06065,Riverside,CA,33.656,-114.742,1,2,24,21,0,0,0,20,SOLAR,"296,116",16,0,9
670,06065,Riverside,CA,33.682,-114.768,1,2,24,21,0,0,0,20,SOLAR,"296,782",16,0,9
671,06097,Sonoma,CA,38.26147,-122.7373,1,4319,24,18,6,4,5,14,SOLAR,"4,075",21,4,9
672,06037,Los Angeles,CA,34.5644,-117.6933,1,52,53,42,23,7,15,5,SOLAR,93,24,10,9
673,06039,Madera,CA,36.941111,-119.96,1,1527,55,12,19,4,3,18,SOLAR,"119,939",16,8,9
674,06073,San Diego,CA,33.27011,-116.3496,1,1829,39,31,12,4,8,19,OTHF, (44),39,4,9
676,06059,Orange,CA,33.718889,-117.702222,1,48704,73,14,4,12,5,10,BIOMASS,"161,144",7,9,9
678,06093,Siskiyou,CA,41.2792,-122.3292,1,4126,17,30,4,1,2,0,HYDRO,"17,315",33,0,9
679,06059,Orange,CA,33.932022,-117.840233,1,56765,60,13,6,8,5,15,BIOMASS,"247,015",17,5,9
680,06017,El Dorado,CA,38.6183,-121.0564,1,13650,37,14,4,2,3,12,GAS,"19,346",23,5,9
681,06065,Riverside,CA,33.97034,-117.33101,1,85854,71,37,15,6,8,16,SOLAR,"3,714",9,5,9
682,06047,Merced,CA,37.36448,-120.43108,1,14839,70,35,9,4,19,16,SOLAR,"1,220",8,5,9
683,06083,Santa Barbara,CA,34.41974,-119.85637,1,59624,52,40,12,5,10,9,SOLAR,"2,547",9,3,9
684,06029,Kern,CA,35.46331,-119.18912,1,206,70,22,33,17,5,21,SOLAR,"3,079",3,4,9
685,06029,Kern,CA,35.008333,-118.241389,1,123,62,49,18,8,11,22,WIND,"220,358",15,6,9
686,06063,Plumas,CA,39.91062,-121.327692,1,14,45,44,0,0,10,24,HYDRO,"72,217",21,0,9
687,06013,Contra Costa,CA,37.805,-121.6672,1,48,44,20,14,7,8,20,WIND,"90,890",17,2,9
688,06037,Los Angeles,CA,33.912917,-118.041944,1,196946,85,24,17,9,5,16,SOLAR,899,15,6,9
689,06037,Los Angeles,CA,33.914356,-118.050189,1,202932,86,25,18,9,5,16,SOLAR,"2,230",14,6,9
690,06037,Los Angeles,CA,33.912917,-118.050561,1,203003,86,25,18,9,5,16,SOLAR,"2,074",14,6,9
691,06089,Shasta,CA,40.8579,-121.7225,1,369,20,24,14,0,14,25,HYDRO,"6,200",27,7,9
692,06089,Shasta,CA,40.879719,-121.720342,1,1302,22,23,16,0,15,25,BIOMASS,"186,654",28,6,9
694,06007,Butte,CA,39.648056,-121.644167,1,916,34,38,8,0,4,20,SOLAR,"6,671",31,8,9
695,06013,Contra Costa,CA,37.847114,-121.617308,1,1795,42,19,13,7,8,19,SOLAR,"12,752",18,2,9
696,06013,Contra Costa,CA,38.057222,-122.218889,1,48162,65,24,12,5,7,19,OTHF,"36,388",16,4,9
697,06019,Fresno,CA,36.661113,-119.725975,1,5332,84,39,35,16,8,21,SOLAR,"5,399",11,5,9
698,06039,Madera,CA,36.95,-120.05,1,72629,88,53,40,18,13,21,SOLAR,462,9,8,9
699,06111,Ventura,CA,34.299721,-118.833462,1,20940,49,13,11,4,6,16,SOLAR,"1,825",14,6,9
700,06013,Contra Costa,CA,37.92,-122.344,1,138950,78,30,20,11,7,19,SOLAR,"3,772",14,6,9
701,06079,San Luis Obispo,CA,35.615573,-120.404352,1,366,63,25,17,4,7,17,SOLAR,"257,214",12,5,9
702,06079,San Luis Obispo,CA,35.615573,-120.404352,1,366,63,25,17,4,7,17,SOLAR,"304,852",12,5,9
703,06071,San Bernardino,CA,33.949722,-117.636427,1,58168,78,15,11,11,5,17,SOLAR,"2,353",9,9,9
704,06053,Monterey,CA,36.467471,-121.384486,1,7175,82,53,38,36,0,1,SOLAR,"1,109",4,0,9
706,06111,Ventura,CA,34.165905,-119.156765,1,133215,91,41,39,17,6,18,SOLAR,"2,783",10,7,9
707,06037,Los Angeles,CA,34.145,-118.390833,1,194662,42,24,7,6,8,17,GAS,"4,522",14,5,9
708,06037,Los Angeles,CA,34.075,-118.36,1,339951,51,28,10,10,8,15,GAS,"7,744",15,4,9
709,06013,Contra Costa,CA,37.9978,-122.0697,1,83418,53,19,10,6,5,18,GAS,"21,709",15,7,9
710,06051,Mono,CA,37.646053,-118.915794,1,2316,43,21,14,8,2,0,GEOTHERMAL,"272,311",6,4,9
711,06031,Kings,CA,36.06502,-119.55756,1,20562,87,54,42,26,7,13,SOLAR,"8,728",10,5,9
712,06019,Fresno,CA,36.137219,-120.224445,1,4126,75,52,36,3,2,15,SOLAR,"2,063",11,1,9
713,06095,Solano,CA,38.32272,-121.97062,1,79261,58,18,10,3,5,13,SOLAR,"2,343",12,6,9
714,06029,Kern,CA,35.60053,-119.40366,1,9049,87,52,32,27,4,9,SOLAR,"3,552",5,5,9
715,06025,Imperial,CA,33.1779,-115.565,1,21,84,86,28,10,1,21,GEOTHERMAL,"335,023",8,12,9
716,06025,Imperial,CA,33.1669,-115.5114,1,4750,92,55,41,32,5,8,GEOTHERMAL,"37,858",8,2,9
717,06031,Kings,CA,35.996324,-120.15146,1,13386,91,53,51,27,9,15,SOLAR,"8,585",5,7,9
718,06107,Tulare,CA,35.856278,-119.068414,1,601,90,67,37,28,11,19,SOLAR,"47,722",14,11,9
719,06107,Tulare,CA,35.844167,-119.068069,1,110,52,44,46,28,8,19,SOLAR,"47,153",14,1,9
720,06107,Tulare,CA,35.845378,-119.056992,1,106,50,43,45,27,7,19,SOLAR,"36,143",15,1,9
721,06107,Tulare,CA,35.850403,-119.026992,1,292,73,56,38,23,10,19,SOLAR,"46,909",15,8,9
722,06025,Imperial,CA,32.729364,-115.718589,1,171,63,25,19,7,0,20,OTHF," (6,203)",17,0,9
724,06037,Los Angeles,CA,34.277355,-118.429836,1,226982,93,36,35,14,6,17,SOLAR,"1,048",13,6,9
725,06031,Kings,CA,36.140764,-119.566896,1,8906,88,53,36,24,12,21,SOLAR,"2,563",12,8,9
726,06031,Kings,CA,36.138056,-119.564722,1,10595,88,53,37,24,12,21,SOLAR,"38,963",13,8,9
727,06073,San Diego,CA,32.6947,-117.1436,1,173855,66,35,17,8,7,15,GAS,"110,486",12,5,9
728,06013,Contra Costa,CA,37.921944,-121.755556,1,50283,56,16,7,4,8,15,SOLAR,"1,904",18,4,9
729,06013,Contra Costa,CA,37.969722,-121.719444,1,106697,61,18,10,4,7,18,SOLAR,"1,444",11,6,9
730,06037,Los Angeles,CA,34.694314,-118.227759,1,41296,66,21,17,3,5,17,SOLAR,"5,552",12,6,9
731,06085,Santa Clara,CA,37.40553,-121.91676,1,156110,86,14,10,13,5,11,GAS,"8,311",10,6,9
732,06019,Fresno,CA,36.809841,-119.741665,1,152181,65,43,16,7,9,20,SOLAR,"1,094",14,7,9
734,06037,Los Angeles,CA,33.78104,-118.11357,1,183264,49,20,9,4,5,16,SOLAR,"6,901",19,5,9
735,06037,Los Angeles,CA,34.243333,-118.530556,1,192696,66,27,15,11,7,15,SOLAR,819,16,5,9
736,06067,Sacramento,CA,38.553,-121.422,1,146944,57,37,12,6,6,18,SOLAR,0,15,5,9
737,06085,Santa Clara,CA,37.334,-121.884,1,258552,79,27,20,15,5,16,SOLAR,"4,460",12,5,9
738,06111,Ventura,CA,34.161951,-119.047916,1,4216,49,12,5,0,9,3,GAS,482,7,7,9
739,06059,Orange,CA,33.87912,-117.8887,1,195807,68,27,15,8,6,16,SOLAR,"2,588",13,6,9
740,06059,Orange,CA,33.87912,-117.8887,1,195807,68,27,15,8,6,16,SOLAR,"1,514",13,6,9
741,06059,Orange,CA,33.880638,-117.88656,1,192646,67,26,14,8,6,16,GAS,"37,365",13,6,9
743,06065,Riverside,CA,33.9172,-116.735,1,2642,53,35,19,3,4,20,WIND,"118,043",21,8,9
744,06087,Santa Cruz,CA,36.987452,-121.922414,1,42401,29,16,5,1,4,17,SOLAR,13,23,4,9
745,06073,San Diego,CA,33.140507,-117.333916,1,54574,34,18,4,4,6,15,GAS,"296,369",18,4,9
746,06053,Monterey,CA,35.866665,-120.329439,1,10,47,33,14,2,12,11,OTHF," (12,670)",21,6,9
747,06071,San Bernardino,CA,34.185833,-117.324167,1,65522,84,36,22,5,8,20,GAS,0,8,8,9
748,06029,Kern,CA,35.141374,-117.965748,1,12712,67,47,18,5,17,22,SOLAR,"7,421",13,7,9
749,06073,San Diego,CA,32.562448,-116.943869,1,5485,70,22,30,2,0,18,GAS,"13,236",7,1,9
750,06073,San Diego,CA,33.121943,-117.117441,1,115069,62,31,18,8,4,18,GAS,"5,467",14,7,9
751,06019,Fresno,CA,36.652905,-120.580609,1,61,86,77,35,28,16,14,GAS,"27,993",1,3,9
752,06095,Solano,CA,38.398867,-121.923973,1,18179,46,10,7,3,3,15,GAS,"7,208",22,6,9
753,06019,Fresno,CA,36.7575,-120.3658,1,13668,97,74,60,43,11,17,SOLAR,"6,326",6,9,9
754,06037,Los Angeles,CA,34.138719,-118.12833,1,204429,67,23,9,10,5,15,GAS,"6,819",17,5,9
755,06037,Los Angeles,CA,34.139368,-118.121488,1,199789,67,23,9,10,5,15,GAS,"5,565",17,5,9
756,06037,Los Angeles,CA,34.13818,-118.12841,1,204842,67,23,9,10,5,15,GAS,"8,271",17,5,9
757,06037,Los Angeles,CA,34.1511,-118.7236,1,30723,33,13,2,4,8,15,BIOMASS,"47,398",15,4,9
758,06029,Kern,CA,35.442085,-119.093214,1,41919,43,21,8,2,6,16,SOLAR,"2,354",12,7,9
759,06029,Kern,CA,35.157,-117.981,1,9095,65,52,17,5,19,22,SOLAR,"5,320",16,6,9
760,06037,Los Angeles,CA,34.138467,-118.1256,1,202910,67,23,9,10,5,15,GAS,"15,825",17,5,9
761,06013,Contra Costa,CA,38.001111,-121.703889,1,46809,55,17,11,3,6,18,SOLAR,"1,976",11,7,9
762,06111,Ventura,CA,34.162058,-119.043375,1,4464,48,11,4,1,9,4,SOLAR,"7,681",7,6,9
763,06079,San Luis Obispo,CA,35.323739,-119.91663,1,46,17,21,2,2,5,15,SOLAR,"623,763",32,0,9
764,06025,Imperial,CA,33.165833,-115.532222,1,4223,91,51,41,31,4,7,SOLAR,"37,200",8,1,9
765,06025,Imperial,CA,33.163055,-115.484805,1,4296,92,59,42,33,5,7,SOLAR,"17,816",7,1,9
766,06033,Lake,CA,38.7879,-122.7434,1,558,10,19,7,0,12,18,GEOTHERMAL,"472,942",36,0,9
767,06085,Santa Clara,CA,37.0001,-121.5367,1,32554,79,23,20,10,6,18,GAS,"59,471",12,8,9
768,06101,Sutter,CA,39.053139,-121.695873,1,745,38,25,9,8,17,20,GAS,"2,135,122",16,2,9
769,06037,Los Angeles,CA,34.1358,-118.1267,1,211235,69,23,9,11,5,15,GAS,401,17,5,9
770,06077,San Joaquin,CA,38.2268,-121.0245,1,474,24,20,13,4,5,15,HYDRO,"58,080",20,3,9
771,06029,Kern,CA,35.075,-118.3158,1,84,20,47,11,0,5,20,WIND,"125,098",24,1,9
772,06017,El Dorado,CA,38.82881,-120.537089,1,1,44,2,6,0,0,17,HYDRO,"481,810",22,20,9
773,06067,Sacramento,CA,38.511,-121.4735,1,190078,77,41,19,10,8,21,GAS,"616,298",14,7,9
774,06025,Imperial,CA,32.753333,-115.726389,1,346,62,25,19,7,0,20,SOLAR,"328,579",17,0,9
775,06031,Kings,CA,36.1761,-119.5604,1,181,59,41,20,18,5,20,SOLAR,"7,243",9,4,9
776,06019,Fresno,CA,36.425085,-120.343543,1,35,96,67,58,31,11,17,SOLAR,"33,903",8,8,9
777,06073,San Diego,CA,32.95907,-117.191622,1,74337,50,11,3,10,4,14,OTHF, (16),11,5,9
778,06059,Orange,CA,33.858056,-117.861667,1,184712,69,25,16,8,6,16,GAS,"102,533",12,6,9
779,06063,Plumas,CA,40.085476,-121.148241,1,14,45,44,0,0,10,24,HYDRO,"197,944",21,0,9
780,06063,Plumas,CA,40.085997,-121.149373,1,14,45,44,0,0,10,24,HYDRO,"434,023",21,0,9
781,06037,Los Angeles,CA,33.8759,-118.2491,1,174560,97,35,27,8,7,18,GAS,"34,839",13,6,9
782,06067,Sacramento,CA,38.445681,-121.462387,1,127128,79,32,16,9,8,19,GAS,"152,406",12,6,9
783,06071,San Bernardino,CA,34.157222,-116.234444,1,1010,35,49,15,2,6,23,SOLAR,"52,965",25,6,9
784,06107,Tulare,CA,35.972788,-119.394323,1,143,94,69,43,38,25,20,SOLAR, (145),13,4,9
785,06037,Los Angeles,CA,34.587237,-118.656638,1,299,48,17,8,6,4,16,HYDRO,"136,341",14,5,9
786,06037,Los Angeles,CA,34.433332,-118.510837,1,108035,51,16,7,2,5,14,SOLAR,"7,776",13,6,9
787,06107,Tulare,CA,35.801111,-119.110556,1,2152,95,75,60,55,19,20,SOLAR,"1,675",7,4,9
788,06029,Kern,CA,35.211044,-119.387258,1,1102,35,45,31,5,15,22,SOLAR,917,11,8,9
789,06037,Los Angeles,CA,33.749947,-118.278469,1,138735,75,34,21,12,6,18,SOLAR,"1,763",14,6,9
790,06029,Kern,CA,34.812222,-118.352778,1,142,47,25,13,2,11,21,SOLAR,"44,991",15,4,9
791,06029,Kern,CA,34.938261,-118.334492,1,88,49,22,19,0,4,20,SOLAR,"262,670",26,4,9
792,06029,Kern,CA,35.049,-119.1812,1,25,66,52,17,7,1,17,SOLAR,927,20,2,9
793,06037,Los Angeles,CA,33.9296,-118.1046,1,249965,88,27,21,10,6,18,GAS,"4,275",13,6,9
795,06025,Imperial,CA,32.686944,-115.647778,1,22,79,80,20,33,0,18,SOLAR,"491,597",38,20,9
796,06025,Imperial,CA,32.825833,-115.782916,1,3383,88,47,42,10,32,0,SOLAR,"18,147",4,2,9
797,06099,Stanislaus,CA,37.246,-121.104,1,157,53,29,32,32,11,21,SOLAR,"70,027",10,5,9
798,06037,Los Angeles,CA,34.705549,-118.301417,1,655,34,15,12,4,12,21,SOLAR,"7,231",12,10,9
799,06037,Los Angeles,CA,34.720499,-118.30046,1,1119,34,19,15,8,12,22,SOLAR,"28,840",12,11,9
800,06107,Tulare,CA,36.18347,-119.374348,1,36914,83,53,31,21,10,23,GAS,"18,015",8,10,9
801,06037,Los Angeles,CA,33.943889,-118.404167,1,153145,63,23,12,5,6,16,GAS,"38,888",13,5,9
802,06099,Stanislaus,CA,37.719722,-120.898611,1,26493,62,31,18,7,6,19,BIOMASS,0,12,8,9
803,06071,San Bernardino,CA,34.0606,-117.3533,1,106298,90,40,30,9,8,19,GAS,651,10,5,9
804,06071,San Bernardino,CA,34.148139,-117.570404,1,104852,64,18,6,5,6,16,SOLAR,"6,584",14,6,9
805,06029,Kern,CA,35.0968,-119.4299,1,2283,68,62,45,20,11,26,GAS,"43,797",7,7,9
806,06065,Riverside,CA,33.99347,-117.55391,1,91870,80,19,15,7,5,15,SOLAR,0,9,7,9
807,06065,Riverside,CA,33.99848,-117.55289,1,87908,80,20,16,7,5,14,SOLAR,"3,777",10,6,9
808,06071,San Bernardino,CA,34.08041,-117.20138,1,80418,68,30,14,5,7,20,SOLAR,0,12,6,9
809,06071,San Bernardino,CA,34.12937,-117.40554,1,145088,89,32,23,7,8,19,SOLAR,"3,491",9,6,9
810,06065,Riverside,CA,33.88102,-117.30036,1,46553,68,17,14,5,5,17,SOLAR,0,11,6,9
811,06067,Sacramento,CA,38.68251,-121.57434,1,23720,74,17,7,5,3,11,SOLAR,"4,160",13,6,9
812,06071,San Bernardino,CA,34.07752,-117.27257,1,82946,82,48,25,11,7,21,SOLAR,0,14,6,9
814,06029,Kern,CA,35.62,-119.69,1,1866,94,65,58,63,6,24,SOLAR,"68,896",5,7,9
815,06057,Nevada,CA,39.177903,-120.890856,1,1005,8,32,9,0,5,16,HYDRO,"134,674",28,1,9
816,06073,San Diego,CA,32.7992,-117.1517,1,161281,52,23,7,4,6,16,GAS,"26,713",12,6,9
817,06017,El Dorado,CA,38.771764,-120.813239,1,10060,26,32,12,5,4,19,HYDRO,"43,492",21,4,9
818,06039,Madera,CA,37.1073,-120.2485,1,14806,57,41,21,4,10,19,GAS,"13,571",11,9,9
819,06065,Riverside,CA,33.568333,-114.918056,1,5654,85,0,37,0,0,0,SOLAR,"6,804",2,0,9
820,06065,Riverside,CA,33.565329,-114.903629,1,5654,85,0,37,0,0,0,SOLAR,"1,152",2,0,9
821,06073,San Diego,CA,32.591667,-117.058611,1,208790,88,31,24,14,10,17,GAS,"1,732",14,6,9
822,06019,Fresno,CA,36.723806,-120.432139,1,1349,87,83,38,34,16,14,SOLAR,"6,617",2,3,9
823,06025,Imperial,CA,33.191661,-115.433783,1,11,92,93,44,5,0,0,SOLAR,"64,581",2,0,9
824,06001,Alameda,CA,37.633526,-122.139717,1,60945,85,21,17,11,7,17,BIOMASS,"10,284",15,6,9
825,06039,Madera,CA,36.9408,-120.1572,1,801,79,51,43,17,8,19,SOLAR,"1,549",15,8,9
826,06085,Santa Clara,CA,37.4383,-122.1094,1,130671,60,15,8,9,4,12,GAS,21,14,5,9
827,06029,Kern,CA,34.835677,-118.146832,1,13746,67,36,19,6,11,15,SOLAR,"1,199",12,7,9
828,06053,Monterey,CA,36.421111,-121.340278,1,18160,95,42,46,15,3,14,WIND,"4,323",8,6,9
832,06065,Riverside,CA,33.8912,-117.6085,1,79089,71,26,18,6,5,17,GAS,"13,111",11,7,9
833,06097,Sonoma,CA,38.769581,-123.020724,1,9196,37,16,15,3,3,18,SOLAR,"2,258",20,3,9
834,06097,Sonoma,CA,38.773056,-123.017778,1,10229,38,18,16,4,3,18,SOLAR,"1,569",21,3,9
835,06019,Fresno,CA,36.799669,-119.640598,1,70093,57,17,8,2,5,14,SOLAR,"1,425",12,8,9
836,06019,Fresno,CA,36.817101,-119.681918,1,120744,57,25,10,4,6,17,SOLAR,"1,260",13,7,9
837,06019,Fresno,CA,36.890115,-119.736674,1,55914,48,14,4,4,3,15,SOLAR,"1,434",15,5,9
838,06065,Riverside,CA,33.6758,-116.1714,1,49052,96,41,40,47,12,16,GAS,754,12,5,9
839,06065,Riverside,CA,33.9077,-116.5797,1,2100,72,56,18,8,3,19,WIND,"155,367",11,5,9
840,06019,Fresno,CA,36.1556,-120.3972,1,11248,71,41,25,9,13,19,GAS,"67,039",12,6,9
843,06019,Fresno,CA,36.170317,-120.364084,1,13199,73,43,26,10,13,19,GAS,"44,357",11,6,9
844,06079,San Luis Obispo,CA,35.186667,-120.599444,1,3804,21,10,1,0,4,16,BIOMASS,"10,025",32,4,9
845,06089,Shasta,CA,40.404645,-122.121904,1,67,21,15,8,0,1,22,HYDRO,"34,108",20,0,9
846,06115,Yuba,CA,39.330833,-121.191666,1,429,7,26,4,2,3,19,HYDRO,"1,695,199",39,4,9
847,06065,Riverside,CA,33.540124,-115.974771,1,2264,99,53,65,58,9,20,SOLAR,"156,281",13,2,9
848,06009,Calaveras,CA,38.144636,-120.380497,1,1646,7,16,2,0,8,17,HYDRO,"978,198",33,6,9
849,06063,Plumas,CA,40.303422,-121.244431,1,2253,18,18,9,0,2,21,BIOMASS,"5,997",36,3,9
850,06037,Los Angeles,CA,33.792694,-118.252407,1,156290,92,35,26,13,7,17,SOLAR,"1,433",14,5,9
851,06071,San Bernardino,CA,34.093333,-117.319444,1,143763,93,50,33,13,7,21,SOLAR,"2,289",10,6,9
852,06071,San Bernardino,CA,34.042222,-117.361667,1,72691,85,37,28,7,8,19,SOLAR,"1,148",10,6,9
853,06013,Contra Costa,CA,38.019671,-121.86506,1,86159,78,31,22,8,8,21,SOLAR,"19,736",13,7,9
854,06011,Colusa,CA,39.3661,-122.27,1,14,44,34,20,8,5,14,GAS,"2,946,217",24,3,9
855,06057,Nevada,CA,39.0096,-121.0591,1,13613,14,14,5,0,3,15,HYDRO,"6,785",32,2,9
856,06037,Los Angeles,CA,34.137717,-118.36082,1,178567,41,22,6,6,8,17,GAS,"7,758",14,4,9
857,06025,Imperial,CA,32.982778,-115.481944,1,10785,97,62,39,33,26,20,SOLAR,"13,339",13,7,9
858,06027,Inyo,CA,37.437921,-118.556988,1,607,32,37,7,1,2,15,HYDRO,"91,032",21,10,9
859,06093,Siskiyou,CA,41.978914,-122.335317,1,104,17,33,5,1,5,22,HYDRO,"71,412",22,5,9
860,06093,Siskiyou,CA,41.975716,-122.358127,1,107,17,32,5,1,5,21,HYDRO,"42,481",21,5,9
861,06029,Kern,CA,35.075,-118.3417,1,110,20,47,11,0,5,20,WIND,"36,260",24,1,9
862,06029,Kern,CA,35.0583,-118.3417,1,99,20,47,11,0,5,20,WIND,"31,951",24,1,9
863,06029,Kern,CA,35.0663,-118.339444,1,110,20,47,11,0,5,20,WIND,"4,309",24,1,9
864,06031,Kings,CA,36.102307,-119.566516,1,18636,88,53,39,25,9,18,SOLAR,"1,997",12,7,9
865,06031,Kings,CA,36.138333,-119.573333,1,10456,89,55,37,24,14,21,SOLAR,"34,716",13,8,9
866,06031,Kings,CA,36.141944,-119.581667,1,7856,89,53,35,24,13,21,SOLAR,"46,806",12,8,9
867,06031,Kings,CA,36.15042,-119.58542,1,1525,84,48,24,23,8,21,SOLAR,"49,200",10,7,9
868,06085,Santa Clara,CA,37.405727,-121.916248,1,157839,86,14,10,13,5,11,OIL,0,10,6,9
869,06085,Santa Clara,CA,37.375089,-121.971728,1,195405,73,14,7,9,4,14,OIL,0,11,6,9
870,06085,Santa Clara,CA,37.376248,-121.970706,1,195454,74,14,7,9,4,14,OIL,0,10,6,9
871,06085,Santa Clara,CA,37.376181,-121.973097,1,198599,74,14,7,9,4,14,OIL,0,10,7,9
872,06085,Santa Clara,CA,37.334151,-121.891622,1,243683,75,26,18,14,5,16,OIL,0,12,5,9
873,06065,Riverside,CA,33.85895,-117.6106,1,77365,68,22,14,5,5,18,HYDRO,"4,115",10,6,9
874,06029,Kern,CA,35.726667,-119.905833,1,3,93,54,52,48,12,24,SOLAR,"28,554",5,7,9
875,06071,San Bernardino,CA,34.548056,-117.464444,1,11355,89,48,28,9,10,20,SOLAR,"3,356",5,8,9
876,06071,San Bernardino,CA,34.548056,-117.464444,1,11355,89,48,28,9,10,20,SOLAR,"3,430",5,8,9
881,06067,Sacramento,CA,38.338475,-121.123978,1,906,32,10,2,0,8,18,OFSL,"2,914,550",17,6,9
882,06027,Inyo,CA,36.443421,-118.04389,1,11,40,19,14,3,2,19,HYDRO,"1,288",35,0,9
883,06031,Kings,CA,36.134444,-119.554444,1,11458,88,53,37,24,11,21,SOLAR,"21,124",13,8,9
884,06029,Kern,CA,35.593611,-119.58,1,14,93,54,52,48,12,24,SOLAR,"25,325",5,7,9
885,06041,Marin,CA,38.129759,-122.568158,1,33004,34,19,7,5,7,16,SOLAR,"1,383",26,4,9
886,06073,San Diego,CA,32.833645,-117.131123,1,76526,52,22,6,4,6,16,SOLAR,"3,134",13,8,9
887,06073,San Diego,CA,32.63266,-117.07775,1,160911,85,33,22,13,11,18,SOLAR,"2,283",14,6,9
890,06099,Stanislaus,CA,37.3853,-121.141,1,88,58,20,34,39,16,20,BIOMASS,"93,226",13,2,9
891,06089,Shasta,CA,40.8713,-121.9487,1,266,34,46,11,1,21,19,HYDRO,"14,365",23,2,9
892,06089,Shasta,CA,40.570817,-122.02093,1,31,14,19,5,0,7,17,HYDRO,"1,680",25,6,9
893,06059,Orange,CA,33.92493,-117.95517,1,152046,71,20,10,10,6,15,HYDRO,0,18,5,9
894,06071,San Bernardino,CA,34.043056,-117.098889,1,40767,47,25,11,1,7,20,SOLAR,0,16,6,9
895,06095,Solano,CA,38.242158,-121.854722,1,57,70,19,46,43,28,18,GAS,"8,188",49,3,9
896,06007,Butte,CA,39.825907,-121.409687,1,15,24,39,7,0,6,21,HYDRO,"121,710",29,2,9
898,06013,Contra Costa,CA,38.0569,-122.2161,1,47857,64,24,11,4,7,19,GAS,"1,479,637",16,4,9
899,06025,Imperial,CA,32.967222,-115.5325,1,26673,87,48,25,22,18,17,SOLAR,537,12,9,9
900,06019,Fresno,CA,36.633807,-120.177104,1,3891,99,73,52,34,18,20,SOLAR,932,6,11,9
901,06083,Santa Barbara,CA,34.901,-119.596,1,135,44,41,10,11,8,18,SOLAR,"75,270",23,8,9
902,06073,San Diego,CA,32.796491,-116.972071,1,168922,43,35,12,8,8,20,GAS,"12,085",15,7,9
903,06029,Kern,CA,35.3639,-119.6592,1,3,28,46,18,0,15,22,GAS,"37,208",11,12,9
904,06029,Kern,CA,35.3633,-119.6756,1,3,28,46,18,0,15,22,GAS,"54,372",11,12,9
905,06029,Kern,CA,35.346102,-119.643431,1,14,28,46,18,0,15,22,GAS,"37,094",11,12,9
906,06053,Monterey,CA,36.616,-121.636,1,6832,43,20,8,3,3,16,SOLAR,"4,065",26,4,9
908,06059,Orange,CA,33.799248,-117.873371,1,225951,75,28,21,8,5,16,OTHF,0,11,6,9
910,06039,Madera,CA,37.089701,-120.149966,1,6690,75,61,31,16,9,0,SOLAR,"3,235",7,1,9
911,06067,Sacramento,CA,38.573889,-121.501389,1,138454,52,31,10,5,6,18,GAS,0,13,5,9
912,06039,Madera,CA,37.10117,-120.153072,1,6737,75,61,31,16,9,0,SOLAR,"3,952",7,2,9
913,06029,Kern,CA,35.593903,-119.407215,1,7974,86,51,32,25,3,8,SOLAR,"4,844",4,4,9
914,06019,Fresno,CA,36.13726,-120.218453,1,4093,75,51,36,3,2,15,SOLAR,"4,246",11,1,9
915,06077,San Joaquin,CA,37.943633,-121.330433,1,95905,80,43,25,11,6,22,BIOMASS,"326,252",12,7,9
916,06071,San Bernardino,CA,34.860918,-116.855281,1,573,40,58,20,0,32,20,SOLAR,"23,762",19,1,9
917,06071,San Bernardino,CA,34.860918,-116.855281,1,573,40,58,20,0,32,20,SOLAR,"316,546",19,1,9
918,06031,Kings,CA,36.267574,-119.631577,1,4614,83,52,37,23,8,21,SOLAR,"5,807",12,10,9
919,06007,Butte,CA,39.869265,-121.631819,1,6928,26,26,10,2,7,20,HYDRO,"47,198",21,6,9
920,06115,Yuba,CA,39.53,-121.095833,1,81,39,53,9,1,14,20,HYDRO,"3,111",27,7,9
922,06017,El Dorado,CA,38.628,-120.984,1,11788,22,14,5,1,5,16,SOLAR,"2,705",22,4,9
923,06057,Nevada,CA,39.29807,-120.8443,1,214,10,29,2,0,5,16,HYDRO,"10,203",28,4,9
924,06025,Imperial,CA,33.1646,-115.616,1,35,84,86,28,10,1,21,GEOTHERMAL,"311,215",8,12,9
925,06107,Tulare,CA,35.790864,-119.294469,1,26430,96,55,42,25,7,14,GAS,"2,050",5,6,9
926,06029,Kern,CA,35.761217,-119.344408,1,6694,87,67,40,37,1,1,SOLAR,990,1,0,9
928,06013,Contra Costa,CA,38.0169,-121.8439,1,93288,77,33,20,8,8,21,GAS,"4,200,083",14,7,9
929,06067,Sacramento,CA,38.548056,-121.44855,1,172158,56,35,13,6,6,18,SOLAR,"4,139",15,5,9
930,06067,Sacramento,CA,38.515,-121.398333,1,112974,77,44,22,12,9,20,SOLAR,"2,368",14,6,9
931,06067,Sacramento,CA,38.565,-121.343,1,99736,49,27,8,5,5,19,SOLAR,"5,286",16,6,9
932,06073,San Diego,CA,33.27055,-116.34805,1,1829,39,31,12,4,8,19,SOLAR,"8,614",39,4,9
933,06065,Riverside,CA,33.8,-115.38,1,16,53,63,19,2,31,20,SOLAR,"121,391",29,14,9
934,06065,Riverside,CA,33.8,-115.38,1,16,53,63,19,2,31,20,SOLAR,"191,073",29,14,9
935,06065,Riverside,CA,33.923056,-116.53,1,21026,82,47,31,13,8,23,SOLAR,"5,897",12,9,9
936,06065,Riverside,CA,33.9311,-116.5719,1,2280,79,39,27,9,12,20,OTHF, (197),10,6,9
937,06065,Riverside,CA,33.9311,-116.5719,1,2280,79,39,27,9,12,20,OTHF," (1,430)",10,6,9
938,06065,Riverside,CA,33.8055,-115.3947,1,2,53,63,19,2,31,20,SOLAR,"543,525",29,14,9
939,06065,Riverside,CA,33.823056,-115.393889,1,2,53,63,19,2,31,20,SOLAR,"659,431",29,14,9
940,06065,Riverside,CA,33.586,-116.0873,1,7078,100,49,67,65,11,20,BIOMASS,"201,906",11,2,9
941,06071,San Bernardino,CA,34.2056,-117.3344,1,33851,80,30,17,3,8,20,HYDRO,"1,159,756",8,8,9
943,06013,Contra Costa,CA,38.028792,-121.900596,1,75847,82,29,24,9,7,20,OTHF," (35,799)",13,7,9
944,06001,Alameda,CA,37.763653,-121.614392,1,181,40,5,3,2,4,18,WIND,"35,763",11,8,9
945,06039,Madera,CA,37.01618,-120.37279,1,435,63,40,31,7,16,15,BIOMASS,"10,903",8,6,9
946,06065,Riverside,CA,33.6808,-117.0698,1,2541,69,43,36,1,5,11,HYDRO,0,13,7,9
947,06065,Riverside,CA,33.713056,-117.0725,1,14718,66,34,20,4,5,18,SOLAR,"2,343",19,6,9
948,06029,Kern,CA,35.0506,-118.1714,1,3579,80,49,20,11,7,27,WIND,"15,317",12,7,9
949,06065,Riverside,CA,33.9393,-116.5527,1,10910,78,41,25,11,9,22,WIND,"151,356",15,9,9
950,06047,Merced,CA,37.0478,-121.1708,1,16,49,11,4,4,4,19,WIND,"7,868",27,4,9
951,06107,Tulare,CA,36.571485,-119.419176,1,41788,88,46,31,13,10,17,BIOMASS,0,10,8,9
952,06107,Tulare,CA,36.538056,-119.426388,1,28336,89,52,28,11,11,19,SOLAR,"1,560",9,8,9
953,06109,Tuolumne,CA,37.896649,-119.9675,1,16,14,21,0,0,0,17,HYDRO,"586,820",42,0,9
954,06037,Los Angeles,CA,33.983377,-118.42517,1,231908,49,17,6,4,6,15,GAS,"6,979",15,5,9
955,06037,Los Angeles,CA,34.083387,-118.43378,1,158189,36,23,3,7,8,9,GAS,"7,573",18,3,9
956,06097,Sonoma,CA,38.584405,-122.866189,1,13310,32,21,8,2,4,15,SOLAR,"5,858",23,4,9
957,06037,Los Angeles,CA,34.708333,-118.130556,1,96730,80,46,21,6,8,22,SOLAR,"2,705",11,6,9
958,06037,Los Angeles,CA,34.708333,-118.130556,1,96730,80,46,21,6,8,22,SOLAR,"1,137",11,6,9
959,06037,Los Angeles,CA,34.708333,-118.130556,1,96730,80,46,21,6,8,22,SOLAR,"1,465",11,6,9
960,06029,Kern,CA,35.220833,-119.583056,1,349,28,46,18,0,15,22,GAS,"48,694",11,12,9
961,06037,Los Angeles,CA,33.8431,-118.2347,1,154541,91,31,21,8,7,19,OTHF,"13,738",15,5,9
962,06109,Tuolumne,CA,37.695994,-120.420152,1,274,33,23,13,2,8,1,HYDRO,"538,261",21,4,9
963,06077,San Joaquin,CA,37.909523,-121.194893,1,9484,79,31,32,10,4,21,SOLAR,"2,297",15,3,9
964,06085,Santa Clara,CA,37.3767,-121.9508,1,156034,73,15,7,9,4,13,GAS,"862,095",9,6,9
965,06109,Tuolumne,CA,38.246656,-120.034072,1,1,19,83,1,0,25,12,HYDRO,"347,749",40,0,9
966,06047,Merced,CA,36.981755,-120.625358,1,8345,85,39,35,24,12,18,SOLAR,"1,614",17,6,9
967,06029,Kern,CA,35.5005,-119.046,1,102,59,18,30,8,2,23,GAS,"22,926",16,2,9
968,06107,Tulare,CA,36.362673,-119.426019,1,6036,85,48,40,7,6,20,SOLAR,354,5,6,9
969,06031,Kings,CA,36.415526,-119.553653,1,381,42,38,29,19,4,19,SOLAR,"2,747",14,9,9
971,06025,Imperial,CA,32.687195,-115.665593,1,27,75,64,22,25,3,17,SOLAR,"294,012",30,13,9
972,06071,San Bernardino,CA,34.0609,-117.3532,1,106249,90,40,30,9,8,19,GAS,606,11,5,9
976,06025,Imperial,CA,32.705341,-115.219067,1,6,23,69,8,12,0,23,HYDRO,"79,843",39,0,9
977,06025,Imperial,CA,32.673097,-115.392026,1,486,99,21,22,22,6,18,HYDRO,"9,236",5,10,9
978,06061,Placer,CA,39.256873,-120.767437,1,264,11,14,3,0,6,16,HYDRO,"88,194",22,3,9
979,06061,Placer,CA,39.257388,-120.767046,1,242,11,14,3,0,6,16,HYDRO,"271,031",22,3,9
980,06065,Riverside,CA,34.030119,-117.517753,1,49703,84,27,26,7,7,19,SOLAR,"2,245",10,6,9
981,06061,Placer,CA,39.216985,-120.835587,1,1294,11,21,5,0,5,16,HYDRO,"112,054",21,2,9
982,06057,Nevada,CA,39.2184,-120.8352,1,1286,11,21,5,0,5,16,HYDRO,"46,717",21,2,9
983,06001,Alameda,CA,37.79675,-122.28185,1,212424,65,28,11,9,6,18,OIL,"6,031",14,5,9
984,06029,Kern,CA,35.534584,-119.060029,1,97,36,26,14,1,1,22,SOLAR,"2,281",31,6,9
985,06111,Ventura,CA,34.1958,-119.1664,1,188244,89,35,31,13,6,17,GAS,"5,687",11,6,9
988,06095,Solano,CA,38.1167,-121.8333,1,108,52,25,14,0,0,18,WIND,"21,005",14,7,9
990,06065,Riverside,CA,33.868252,-117.214055,1,80925,92,32,24,7,8,16,SOLAR,"5,270",8,7,9
991,06065,Riverside,CA,33.75998,-117.18766,1,36484,77,36,26,9,7,21,SOLAR,"8,014",15,6,9
992,06065,Riverside,CA,33.802869,-117.023567,1,29212,70,33,18,4,5,17,SOLAR,"2,811",12,7,9
993,06065,Riverside,CA,33.798547,-117.016588,1,37769,71,35,19,4,6,18,SOLAR,"9,470",13,7,9
994,06065,Riverside,CA,33.696146,-117.218621,1,76052,54,25,12,3,7,18,SOLAR,"3,570",20,7,9
995,06085,Santa Clara,CA,37.24212,-121.78308,1,102491,72,16,12,9,4,15,GAS,"16,503",12,6,9
996,06085,Santa Clara,CA,37.37816,-121.95495,1,158408,73,15,6,10,4,13,GAS,"20,627",10,6,9
997,06085,Santa Clara,CA,37.24187,-121.7816,1,100149,73,16,12,9,4,15,GAS,"29,237",12,6,9
998,06071,San Bernardino,CA,34.03925,-117.36056,1,68039,84,36,27,7,8,19,SOLAR,"4,574",10,6,9
999,06029,Kern,CA,35.214023,-119.39522,1,1102,35,45,31,5,15,22,SOLAR,"7,568",11,8,9
1000,06025,Imperial,CA,32.699451,-115.28245,1,36,71,33,17,15,4,18,HYDRO,"3,014",11,8,9
1001,06037,Los Angeles,CA,34.2619,-118.6242,1,68949,59,21,11,8,5,15,HYDRO,"4,028",17,5,9
1002,06065,Riverside,CA,33.890913,-116.541515,1,11295,52,40,12,4,8,20,WIND,"4,704",27,2,9
1003,06065,Riverside,CA,33.881667,-116.460278,1,11565,59,33,11,6,4,19,WIND,"10,787",20,5,9
1004,06007,Butte,CA,39.542985,-121.492188,1,8077,19,23,9,0,6,21,HYDRO,"1,454,102",28,6,9
1006,06029,Kern,CA,34.961922,-118.124208,1,570,41,51,21,10,10,18,SOLAR,"297,643",21,4,9
1007,06029,Kern,CA,34.964033,-118.094144,1,355,39,57,20,12,12,17,SOLAR,"327,808",19,4,9
1008,06029,Kern,CA,34.941507,-118.129025,1,595,42,48,21,9,9,18,SOLAR,"282,885",22,4,9
1009,06029,Kern,CA,34.946324,-118.126489,1,588,42,49,21,9,9,18,SOLAR,"51,827",22,4,9
1010,06029,Kern,CA,34.943575,-118.087989,1,138,39,57,20,12,12,17,SOLAR,"226,948",19,4,9
1011,06029,Kern,CA,34.965275,-118.0773,1,182,39,57,20,12,12,17,SOLAR,"144,215",19,4,9
1012,06029,Kern,CA,35.02769,-118.13284,1,1435,71,61,27,20,2,27,SOLAR,"97,038",15,7,9
1013,06029,Kern,CA,35.01644,-118.1225,1,673,67,74,35,29,5,24,SOLAR,"80,251",16,8,9
1014,06029,Kern,CA,35.012467,-118.119264,1,469,51,64,26,19,9,20,SOLAR,"68,662",18,6,9
1015,06073,San Diego,CA,32.796106,-116.972073,1,168154,43,35,12,8,8,20,GAS,"7,588",15,7,9
1016,06073,San Diego,CA,32.8115,-117.050546,1,102237,38,20,5,3,6,15,OTHF, (563),18,6,9
1017,06025,Imperial,CA,32.802222,-115.54,1,48362,92,48,28,18,11,18,GAS,"1,086,938",14,6,9
1018,06017,El Dorado,CA,38.793574,-120.619152,1,2665,19,39,10,0,4,22,HYDRO,"100,957",18,5,9
1019,06017,El Dorado,CA,38.698145,-120.828256,1,21144,23,26,7,1,6,19,SOLAR,"3,767",23,5,9
1020,06017,El Dorado,CA,38.637,-121.059,1,27637,37,11,3,2,4,11,SOLAR,"3,338",18,4,9
1021,06047,Merced,CA,37.1867,-120.4903,1,853,59,39,31,9,6,19,BIOMASS,"1,025",11,6,9
1022,06037,Los Angeles,CA,33.910556,-118.425,1,55278,33,7,2,1,5,13,GAS,"147,297",15,5,9
1023,06037,Los Angeles,CA,33.9058,-118.4031,1,126233,51,13,8,3,5,15,GAS,"1,154,659",14,6,9
1024,06005,Amador,CA,38.330985,-120.669901,1,1092,11,20,9,2,3,21,HYDRO,"393,529",48,4,9
1025,06037,Los Angeles,CA,34.730263,-118.30425,1,1286,34,21,16,8,11,22,SOLAR,"98,911",12,10,9
1026,06029,Kern,CA,35.479146,-119.737464,1,46,93,54,52,48,12,24,GAS,"7,968",5,7,9
1028,06053,Monterey,CA,36.808039,-121.781788,1,4432,88,46,41,21,2,17,OTHF," (19,382)",16,7,9
1029,06107,Tulare,CA,36.47229,-119.346653,1,2890,63,44,44,16,1,19,SOLAR," (3,151)",7,3,9
1030,06083,Santa Barbara,CA,34.431419,-119.900055,1,40648,51,47,9,4,11,8,GAS,"3,785",6,3,9
1031,06025,Imperial,CA,33.1777,-115.6033,1,30,84,86,28,10,1,21,GEOTHERMAL,"359,388",8,12,9
1032,06073,San Diego,CA,33.1165,-117.3215,1,42449,35,18,5,4,5,12,BIOMASS,"14,356",19,3,9
1033,06071,San Bernardino,CA,34.063056,-117.163889,1,77836,58,24,10,3,6,18,GAS,"4,747",15,6,9
1034,06069,San Benito,CA,36.831667,-121.404167,1,50607,75,24,18,8,7,17,SOLAR,"2,495",11,6,9
1035,06007,Butte,CA,39.742597,-121.849688,1,94872,31,39,7,2,7,18,GAS,"13,456",14,5,9
1036,06037,Los Angeles,CA,33.791667,-118.234722,1,186333,91,41,29,13,8,17,OFSL,"334,633",11,6,9
1037,06085,Santa Clara,CA,37.415092,-122.05211,1,113931,68,16,7,10,3,15,GAS,"35,870",11,7,9
1038,06037,Los Angeles,CA,33.9212,-118.38453,1,214016,75,29,20,8,7,17,GAS,"8,050",11,6,9
1039,06085,Santa Clara,CA,37.24097,-121.78259,1,100873,72,16,12,9,4,15,GAS,"28,182",12,6,9
1040,06085,Santa Clara,CA,37.38846,-121.88896,1,195470,88,18,14,15,5,13,GAS,"27,819",13,6,9
1041,06037,Los Angeles,CA,33.92542,-118.39463,1,161397,68,25,18,7,6,16,GAS,"7,801",13,6,9
1042,06085,Santa Clara,CA,37.241713,-121.781363,1,99817,73,16,12,9,4,15,GAS,"7,644",12,6,9
1043,06073,San Diego,CA,33.1261,-117.1172,1,119312,62,31,18,8,4,18,GAS,"23,340",14,7,9
1044,06073,San Diego,CA,33.124446,-117.114274,1,120303,62,32,18,8,4,18,OTHF," (2,168)",14,7,9
1045,06037,Los Angeles,CA,34.807789,-118.316504,1,795,40,27,15,2,7,22,SOLAR,519,14,5,9
1046,06071,San Bernardino,CA,34.10345,-117.5257,1,97643,77,20,10,6,5,17,HYDRO,"16,728",9,7,9
1047,06043,Mariposa,CA,37.584345,-120.26859,1,21,21,38,11,1,1,20,HYDRO,"250,621",19,0,9
1048,06107,Tulare,CA,36.2675,-119.128581,1,12210,64,42,17,10,12,20,SOLAR,"3,805",13,5,9
1049,06071,San Bernardino,CA,34.582222,-117.341667,1,11558,85,31,30,2,4,16,SOLAR,"3,827",6,10,9
1050,06071,San Bernardino,CA,34.583333,-117.340278,1,11177,85,30,30,2,4,16,SOLAR,"4,060",6,10,9
1051,06071,San Bernardino,CA,34.584444,-117.341389,1,10725,85,30,30,2,4,15,SOLAR,"3,483",6,10,9
1052,06085,Santa Clara,CA,37.237,-121.78532,1,97730,72,17,12,9,4,16,GAS,"5,980",12,7,9
1053,06085,Santa Clara,CA,37.23811,-121.78532,1,100309,72,17,12,9,4,16,GAS,"8,460",12,7,9
1055,06067,Sacramento,CA,38.559533,-121.257556,1,34829,57,17,7,5,5,18,SOLAR,"1,196",11,7,9
1056,06085,Santa Clara,CA,37.417288,-121.894109,1,169620,88,13,11,14,5,12,GAS,"8,704",12,6,9
1057,06095,Solano,CA,38.163581,-121.79661,1,57,56,24,23,12,7,18,WIND,"97,526",23,6,9
1058,06067,Sacramento,CA,38.4869,-121.3911,1,134532,84,40,22,14,8,19,SOLAR,"1,310",13,6,9
1059,06107,Tulare,CA,36.546901,-119.430179,1,29197,88,49,28,11,11,19,SOLAR,"1,065",10,8,9
1060,06023,Humboldt,CA,40.7995,-124.2028,1,25616,35,46,12,3,10,23,BIOMASS,0,15,5,9
1061,06093,Siskiyou,CA,41.985605,-122.360455,1,102,17,32,4,0,5,21,HYDRO,"6,668",21,4,9
1062,06073,San Diego,CA,33.384244,-117.235322,1,33733,62,37,16,5,7,16,OTHF," (5,427)",16,8,9
1063,06107,Tulare,CA,36.19,-119.12,1,14785,87,55,40,26,16,21,SOLAR,"5,658",11,6,9
1064,06101,Sutter,CA,39.109344,-121.60931,1,68959,64,40,25,7,10,19,GAS,"45,241",12,7,9
1065,06019,Fresno,CA,36.153193,-120.104476,1,456,99,67,56,45,3,19,SOLAR,"61,424",5,6,9
1066,06019,Fresno,CA,36.734667,-120.612773,1,38,86,77,35,28,16,14,SOLAR,"1,616",1,3,9
1067,06079,San Luis Obispo,CA,35.595877,-120.694306,1,29018,40,23,9,4,5,18,SOLAR,"3,894",21,5,9
1068,06047,Merced,CA,37.120446,-120.292797,1,12157,56,44,23,5,9,21,SOLAR,"2,307",11,10,9
1069,06019,Fresno,CA,36.386944,-120.236667,1,277,95,68,56,16,16,15,SOLAR,"101,956",10,9,9
1070,06019,Fresno,CA,36.400278,-120.103333,1,353,94,54,81,50,4,20,SOLAR,"18,872",9,3,9
1071,06067,Sacramento,CA,38.70675,-121.158443,1,57405,38,16,7,2,4,15,HYDRO,"895,140",18,5,9
1072,06067,Sacramento,CA,38.687,-121.16,1,80769,40,15,6,2,4,16,SOLAR,611,15,6,9
1073,06071,San Bernardino,CA,34.155162,-117.397119,1,80168,87,27,21,6,8,19,HYDRO,"6,185",10,6,9
1074,06037,Los Angeles,CA,34.318248,-118.494449,1,60613,74,24,22,9,6,17,HYDRO,"32,154",15,6,9
1075,06037,Los Angeles,CA,34.5148,-118.6092,1,10560,49,17,6,3,7,15,HYDRO,"19,634",11,8,9
1077,06007,Butte,CA,39.551012,-121.278784,1,653,27,62,15,0,9,21,HYDRO,"155,030",24,16,9
1078,06037,Los Angeles,CA,34.071389,-118.196111,1,299003,90,40,32,19,8,16,SOLAR,"1,737",14,5,9
1079,06007,Butte,CA,39.869284,-121.631865,1,6928,26,26,10,2,7,20,HYDRO,"41,945",21,6,9
1080,06095,Solano,CA,38.232222,-122.092778,1,26558,67,22,12,8,6,18,WIND,"2,867",14,7,9
1081,06037,Los Angeles,CA,34.691,-118.221,1,50447,64,22,16,3,5,17,WIND,"4,216",12,6,9
1082,06053,Monterey,CA,36.464,-121.382,1,7160,82,52,38,34,0,1,WIND,"5,981",4,0,9
1083,06071,San Bernardino,CA,34.623056,-117.1125,1,11,43,35,13,7,10,22,WIND,"3,542",22,7,9
1084,06113,Yolo,CA,38.692778,-121.9325,1,1160,60,36,27,10,1,14,WIND,"1,600",24,6,9
1085,06071,San Bernardino,CA,34.561944,-117.307222,1,28517,79,45,20,5,10,23,WIND,"3,268",10,10,9
1086,06053,Monterey,CA,36.459294,-121.350083,1,21662,90,40,41,15,1,9,WIND,"18,074",6,4,9
1087,06071,San Bernardino,CA,34.084722,-117.529444,1,70870,82,24,13,6,5,17,WIND,391,8,7,9
1088,06053,Monterey,CA,36.504,-121.454,1,9095,92,35,39,15,4,17,WIND,"5,914",7,8,9
1089,06065,Riverside,CA,33.914167,-116.749167,1,2560,55,30,21,3,2,20,WIND,"23,004",21,9,9
1090,06065,Riverside,CA,33.917222,-116.815,1,3930,81,37,26,3,5,21,WIND,"9,575",11,5,9
1091,06077,San Joaquin,CA,37.714167,-121.521666,1,2874,81,9,14,10,8,18,WIND,"1,806",10,6,9
1092,06053,Monterey,CA,36.474,-121.371,1,7132,82,52,38,35,0,1,WIND,"5,372",4,0,9
1093,06053,Monterey,CA,36.274508,-121.191589,1,175,73,29,41,22,1,18,WIND,"4,018",8,5,9
1094,06095,Solano,CA,38.42,-121.818056,1,18635,52,18,14,5,4,18,WIND,"1,365",13,7,9
1095,06103,Tehama,CA,40.111111,-122.193889,1,1348,27,35,11,3,6,21,WIND,"1,774",23,6,9
1096,06037,Los Angeles,CA,33.8482,-118.3055,1,208677,83,23,13,12,6,16,SOLAR,"1,848",18,5,9
1097,06099,Stanislaus,CA,37.830378,-120.806972,1,1043,32,15,13,1,3,21,HYDRO,"2,500",30,2,9
1098,06037,Los Angeles,CA,34.103931,-118.413377,1,96756,25,17,4,6,8,12,HYDRO,0,22,3,9
1099,06081,San Mateo,CA,37.5425,-122.292778,1,174555,60,13,6,7,5,14,GAS,"3,829",16,6,9
1100,06037,Los Angeles,CA,33.892614,-118.037564,1,193902,85,24,15,10,5,16,SOLAR,"1,641",16,5,9
1101,06001,Alameda,CA,37.479188,-121.932263,1,53878,88,11,8,12,5,14,SOLAR,"2,342",14,5,9
1102,06001,Alameda,CA,37.49254,-121.94458,1,62671,85,9,6,12,5,13,SOLAR,532,14,5,9
1104,06019,Fresno,CA,36.818646,-119.810408,1,144502,63,39,14,5,9,19,SOLAR,"2,153",16,7,9
1105,06019,Fresno,CA,36.617022,-120.099846,1,149,91,11,33,10,6,20,GAS,"2,761",7,1,9
1106,06019,Fresno,CA,36.817816,-119.770709,1,150042,62,39,13,6,8,19,SOLAR,"2,090",15,7,9
1107,06019,Fresno,CA,36.616846,-120.105144,1,139,91,12,32,10,6,20,SOLAR,"3,813",7,1,9
1108,06019,Fresno,CA,36.734014,-119.717809,1,134136,88,51,30,14,10,21,SOLAR,"2,512",10,8,9
1109,06019,Fresno,CA,36.997694,-119.703451,1,1556,30,8,6,2,2,17,HYDRO,"106,187",15,3,9
1110,06029,Kern,CA,35.41824,-119.14888,1,59432,44,18,8,1,6,14,SOLAR,"2,623",8,8,9
1111,06099,Stanislaus,CA,37.379919,-121.130661,1,103,58,20,34,39,16,20,SOLAR,"40,134",13,2,9
1112,06095,Solano,CA,38.314722,-121.833611,1,275,40,13,23,7,5,17,BIOMASS,"10,840",25,4,9
1113,06115,Yuba,CA,39.0728,-121.3992,1,952,31,24,3,0,10,8,BIOMASS,"25,154",6,4,9
1114,06073,San Diego,CA,33.21086,-117.299,1,149106,59,24,14,6,6,17,GAS,"16,341",14,6,9
1115,06019,Fresno,CA,36.806476,-121.7745,1,7366,90,47,42,20,3,17,SOLAR,"5,746",12,9,9
1116,06065,Riverside,CA,33.8906,-116.5431,1,11273,52,40,12,4,8,20,SOLAR,"6,139",27,2,9
1117,06065,Riverside,CA,33.9053,-116.5825,1,2446,68,50,15,7,2,19,WIND,"14,829",12,4,9
1118,06073,San Diego,CA,32.679172,-117.246698,1,8416,28,17,2,0,4,11,BIOMASS,"27,927",22,2,9
1119,06029,Kern,CA,34.832786,-118.563578,1,199,48,33,12,10,5,22,SOLAR,"26,191",21,3,9
1120,06019,Fresno,CA,36.176389,-120.114167,1,6193,98,64,62,44,11,20,SOLAR,"37,517",3,8,9
1121,06073,San Diego,CA,32.570556,-116.910556,1,5930,71,21,29,3,1,18,OTHF," (29,209)",7,1,9
1122,06013,Contra Costa,CA,38.0175,-121.7587,1,50156,63,22,12,4,6,21,GAS,"3,085,208",13,6,9
1124,06095,Solano,CA,38.390756,-121.94777,1,41959,52,15,8,3,4,15,SOLAR,"12,403",17,5,9
1125,06073,San Diego,CA,33.211095,-117.299593,1,148705,58,24,14,6,6,17,SOLAR,"4,970",14,6,9
1128,06097,Sonoma,CA,38.752,-122.7195,1,120,24,15,20,0,2,18,GEOTHERMAL,"334,834",42,0,9
1129,06097,Sonoma,CA,38.7492,-122.7117,1,120,24,15,20,0,2,18,GEOTHERMAL,"198,851",42,0,9
1130,06097,Sonoma,CA,38.777,-122.745,1,219,12,16,9,0,11,18,GEOTHERMAL,"4,499,612",39,0,9
1131,06085,Santa Clara,CA,37.401,-121.96867,1,117366,78,13,7,9,4,12,GAS,"9,873",9,7,9
1132,06019,Fresno,CA,36.530278,-120.316111,1,408,100,66,62,55,0,20,SOLAR,"13,360",3,7,9
1133,06019,Fresno,CA,36.544722,-120.316111,1,244,100,65,62,54,0,20,SOLAR,"21,925",3,7,9
1134,06081,San Mateo,CA,37.568597,-122.27797,1,126716,65,14,8,9,5,15,SOLAR,"1,478",16,6,9
1135,06073,San Diego,CA,33.213138,-117.304166,1,142574,57,24,13,6,6,17,SOLAR,"2,293",15,6,9
1137,06085,Santa Clara,CA,36.999,-121.5363,1,32139,79,23,20,10,6,18,GAS,"24,175",12,8,9
1138,06111,Ventura,CA,34.179722,-119.083056,1,7079,56,20,8,4,6,8,GAS,"45,387",12,7,9
1139,06037,Los Angeles,CA,34.126,-118.1494,1,232483,73,25,12,11,6,15,GAS,"40,910",16,5,9
1140,06037,Los Angeles,CA,34.162327,-118.283684,1,196087,39,32,11,21,8,16,OTHF, (13),18,4,9
1141,06073,San Diego,CA,33.1185,-117.0995,1,132132,65,34,20,10,4,18,GAS,"13,623",14,7,9
1142,06073,San Diego,CA,32.702107,-116.354587,1,617,43,29,11,1,7,18,WIND,"4,846",22,3,9
1143,06029,Kern,CA,34.847,-118.395,1,178,49,23,11,0,13,20,SOLAR,"516,092",15,4,9
1144,06029,Kern,CA,34.839012,-118.386843,1,155,49,23,11,0,13,20,SOLAR,"144,653",15,4,9
1145,06001,Alameda,CA,37.769189,-121.630163,1,90,39,5,5,2,4,18,WIND,"143,373",11,8,9
1146,06001,Alameda,CA,37.713311,-121.640353,1,93,49,9,1,6,5,17,WIND,"247,776",14,7,9
1147,06037,Los Angeles,CA,33.914167,-118.053611,1,205154,87,25,19,9,5,16,SOLAR,"1,749",14,6,9
1148,06037,Los Angeles,CA,33.911944,-118.052222,1,204406,87,25,18,9,5,16,SOLAR,"1,907",14,6,9
1150,06085,Santa Clara,CA,37.405313,-122.017498,1,110488,75,14,7,9,4,15,SOLAR,"2,650",10,7,9
1151,06095,Solano,CA,38.226752,-121.843271,1,61,70,19,46,43,28,18,GAS,"15,736",49,3,9
1153,06069,San Benito,CA,36.878164,-121.6028,1,4485,42,9,10,1,3,13,SOLAR,"9,076",19,4,9
1154,06071,San Bernardino,CA,34.0903,-117.5343,1,84017,79,23,10,7,5,16,GAS,"3,998",8,7,9
1155,06113,Yolo,CA,38.500278,-121.694167,1,4008,47,43,3,9,5,6,SOLAR,"1,889",15,3,9
1156,06113,Yolo,CA,38.500278,-121.694167,1,4008,47,43,3,9,5,6,SOLAR,"1,503",15,3,9
1157,06037,Los Angeles,CA,34.1556,-118.2782,1,209314,40,32,11,21,8,16,GAS,"32,724",18,5,9
1158,06019,Fresno,CA,36.581182,-120.37957,1,114,90,37,57,18,17,17,SOLAR,"561,409",18,8,9
1159,06067,Sacramento,CA,38.282021,-121.464676,1,1384,62,40,24,12,2,17,SOLAR,"4,830",7,1,9
1160,06067,Sacramento,CA,38.28357,-121.461264,1,1341,62,41,24,12,2,17,SOLAR,"1,538",7,1,9
1161,06037,Los Angeles,CA,34.688042,-117.989541,1,719,70,56,42,7,20,20,SOLAR,"6,246",10,4,9
1162,06037,Los Angeles,CA,34.597,-117.931,1,5414,90,47,35,9,8,23,SOLAR,"7,194",14,6,9
1163,06037,Los Angeles,CA,34.654976,-118.08215,1,37073,82,42,18,5,8,22,SOLAR,"6,316",9,6,9
1164,06065,Riverside,CA,33.9014,-116.7167,1,2206,46,39,18,4,5,21,WIND,0,23,8,9
1165,06007,Butte,CA,39.373333,-121.684167,1,12113,38,37,15,5,10,21,SOLAR,"1,582",14,7,9
1166,06007,Butte,CA,39.373333,-121.681667,1,12023,38,38,15,5,10,21,SOLAR,"3,990",14,7,9
1168,06073,San Diego,CA,32.816578,-117.006302,1,120000,40,24,8,3,7,18,SOLAR,0,16,7,9
1169,06073,San Diego,CA,32.816542,-116.999589,1,130340,41,26,9,4,7,18,SOLAR,"2,079",16,7,9
1170,06073,San Diego,CA,32.77973,-117.006397,1,156049,46,27,8,4,7,18,GAS,"27,453",15,7,9
1171,06085,Santa Clara,CA,37.269039,-121.861079,1,228883,68,18,14,11,4,16,SOLAR,"2,272",14,6,9
1172,06031,Kings,CA,36.163889,-119.650556,1,96,61,44,14,13,13,20,SOLAR,"24,216",11,5,9
1173,06037,Los Angeles,CA,33.9986,-118.2219,1,365043,98,54,50,25,9,19,GAS,298,9,6,9
1174,06059,Orange,CA,33.713489,-117.852086,1,252984,85,34,27,11,5,16,OTHF, (316),10,6,9
1175,06059,Orange,CA,33.665246,-117.768222,1,140683,61,18,4,10,6,10,OTHF, (256),12,7,9
1176,06059,Orange,CA,33.669266,-117.646846,1,93184,46,12,5,4,5,15,OTHF, (49),14,6,9
1177,06035,Lassen,CA,40.368338,-120.264848,1,15,26,39,4,0,8,8,BIOMASS,"205,097",17,6,9
1178,06035,Lassen,CA,40.373,-120.262,1,10,27,46,2,0,11,12,SOLAR,"10,946",18,4,9
1180,06027,Inyo,CA,36.109722,-117.956667,1,9,40,19,14,3,2,19,HYDRO,0,35,0,9
1181,06061,Placer,CA,38.956985,-121.041932,1,14449,20,20,6,0,2,18,HYDRO,0,27,4,9
1183,06031,Kings,CA,36.306667,-119.629167,1,37350,75,50,26,16,10,21,SOLAR,"4,577",12,7,9
1184,06031,Kings,CA,36.270072,-119.648055,1,9547,83,46,34,23,10,21,GAS,"4,050",9,9,9
1185,06037,Los Angeles,CA,33.7771,-118.2303,1,162215,89,45,30,13,8,17,GAS,"25,557",10,6,9
1186,06037,Los Angeles,CA,33.7706,-118.2656,1,138143,86,39,27,14,8,18,GAS,"154,676",13,6,9
1187,06089,Shasta,CA,40.929297,-121.544462,1,269,3,26,3,0,9,16,HYDRO,"22,767",35,4,9
1188,06089,Shasta,CA,40.960675,-121.548657,1,205,5,27,4,0,9,18,HYDRO,"6,946",32,7,9
1189,06089,Shasta,CA,40.874144,-121.920428,1,400,34,47,11,1,22,19,HYDRO,"17,789",24,2,9
1190,06089,Shasta,CA,40.8981,-121.8036,1,4,34,48,11,1,23,19,WIND,"248,469",24,2,9
1191,06037,Los Angeles,CA,33.764741,-118.09913,1,111157,38,15,5,3,4,14,GAS,"2,549,667",23,4,9
1192,06091,Sierra,CA,39.565677,-120.581684,1,173,8,19,7,0,25,13,HYDRO,"18,534",33,0,9
1193,06029,Kern,CA,35.325278,-118.878611,1,5487,79,46,43,9,10,20,SOLAR,"58,358",8,6,9
1194,06025,Imperial,CA,32.7146,-115.518,1,29148,99,48,32,40,14,14,GEOTHERMAL,"250,142",15,8,9
1195,06025,Imperial,CA,32.7125,-115.540556,1,14752,99,52,30,38,10,11,SOLAR,"25,521",13,9,9
1196,06029,Kern,CA,35.269444,-118.014444,1,39,83,36,40,0,9,17,SOLAR,"134,945",6,0,9
1197,06029,Kern,CA,35.253056,-118.014722,1,39,83,36,40,0,9,17,SOLAR,"134,444",6,0,9
1198,06029,Kern,CA,35.253611,-118.026944,1,18,83,36,40,0,9,17,SOLAR,"116,347",6,0,9
1200,06037,Los Angeles,CA,34.65434,-117.971004,1,491,73,54,41,8,18,21,SOLAR,"2,517",10,5,9
1201,06085,Santa Clara,CA,37.286958,-121.81508,1,215185,86,21,20,15,5,16,SOLAR,"3,620",14,5,9
1202,06019,Fresno,CA,37.029304,-118.968252,1,11,35,22,9,0,4,18,HYDRO," (359,320)",26,6,9
1203,06029,Kern,CA,35.0925,-118.3952,1,1405,30,22,6,2,5,21,WIND,"2,676",21,7,9
1205,06031,Kings,CA,36.2397,-119.9044,1,6339,54,43,2,5,9,0,GAS,"3,536",0,14,9
1206,06031,Kings,CA,36.218806,-119.805833,1,1787,73,51,40,9,13,22,SOLAR,"234,221",4,10,9
1207,06047,Merced,CA,37.0543,-120.63523,1,853,73,42,37,24,11,21,SOLAR,"3,272",11,8,9
1208,06071,San Bernardino,CA,34.435,-117.378056,1,44119,75,35,23,6,9,20,SOLAR,"3,272",10,7,9
1209,06099,Stanislaus,CA,37.621536,-120.746247,1,11313,57,38,29,6,6,20,HYDRO,"2,998",9,6,9
1210,06071,San Bernardino,CA,34.5953,-117.3647,1,8628,88,83,42,6,7,13,GAS,"4,075,232",7,6,9
1211,06035,Lassen,CA,40.4128,-120.4774,1,6630,77,32,47,0,0,0,GAS,"35,660",1,0,9
1212,06029,Kern,CA,35.509041,-119.030546,1,60,39,4,19,0,0,24,GAS,"23,323",34,0,9
1213,06095,Solano,CA,38.1381,-121.8053,1,60,52,25,14,0,0,18,WIND,"237,719",14,7,9
1214,06059,Orange,CA,33.622778,-117.936389,1,104830,41,21,10,4,4,16,GAS,"5,266",17,4,9
1215,06069,San Benito,CA,36.8625,-121.428889,1,33486,81,26,22,10,8,17,SOLAR,"3,518",11,6,9
1216,06037,Los Angeles,CA,33.838056,-118.315,1,210250,79,21,11,12,5,16,GAS,762,18,5,9
1217,06037,Los Angeles,CA,34.708889,-118.274167,1,7883,66,16,27,2,2,11,SOLAR,"2,924",6,3,9
1218,06071,San Bernardino,CA,34.6365,-117.3724,1,437,62,57,25,6,7,21,SOLAR,"277,143",21,4,9
1219,06023,Humboldt,CA,40.7415,-124.2103,1,11463,29,40,14,1,8,22,GAS,"425,970",22,7,9
1220,06023,Humboldt,CA,40.4728,-124.1014,1,4135,30,46,7,0,10,23,BIOMASS,"119,959",17,7,9
1221,06019,Fresno,CA,36.181389,-120.030555,1,175,99,54,47,35,3,19,SOLAR,"31,300",6,4,9
1222,06037,Los Angeles,CA,33.9254,-118.4298,1,58135,35,11,2,2,6,13,BIOMASS,"142,430",14,4,9
1223,06071,San Bernardino,CA,34.10535,-117.23477,1,106805,84,49,31,9,7,22,SOLAR,"9,021",10,7,9
1224,06071,San Bernardino,CA,34.038735,-117.38485,1,54243,89,35,31,8,8,19,SOLAR,"4,955",9,6,9
1225,06071,San Bernardino,CA,34.073555,-117.281419,1,89744,83,46,24,11,7,20,SOLAR,"4,198",14,6,9
1226,06029,Kern,CA,34.975278,-118.946944,1,28,23,13,3,1,8,20,SOLAR,"2,490",37,2,9
1227,06071,San Bernardino,CA,34.09,-117.45,1,168051,90,36,28,9,7,19,SOLAR,"7,479",9,6,9
1230,06025,Imperial,CA,32.83186,-115.506629,1,4966,85,28,18,13,11,17,SOLAR,"3,708",10,7,9
1231,06073,San Diego,CA,32.87302,-117.19968,1,82098,50,27,5,6,6,11,GAS,"25,303",13,4,9
1232,06025,Imperial,CA,32.663289,-115.658284,1,12,80,83,20,34,0,18,SOLAR,"277,188",39,21,9
1233,06025,Imperial,CA,32.772225,-115.779311,1,3394,88,45,42,9,32,0,SOLAR,"388,297",4,2,9
1234,06025,Imperial,CA,33.252222,-115.4975,1,987,86,86,34,10,1,15,SOLAR,"38,305",7,8,9
1235,06025,Imperial,CA,33.245833,-115.496667,1,990,86,86,34,10,1,15,SOLAR,"32,879",7,8,9
1236,06025,Imperial,CA,32.671099,-115.587265,1,27,80,83,20,34,0,18,SOLAR,"346,390",39,21,9
1237,06029,Kern,CA,35.402778,-119.038611,1,83570,51,50,18,5,10,23,SOLAR,0,13,7,9
1238,06033,Lake,CA,39.0788,-122.535556,1,305,24,48,11,0,0,22,HYDRO,"5,909",30,8,9
1239,06065,Riverside,CA,33.910873,-116.552994,1,2161,75,44,24,16,9,20,GAS,"26,249",15,7,9
1240,06037,Los Angeles,CA,34.008661,-117.845603,1,100303,89,21,10,20,5,14,SOLAR,860,19,4,9
1241,06071,San Bernardino,CA,34.553056,-117.456944,1,15263,90,50,27,8,11,20,SOLAR,"4,210",6,8,9
1243,06067,Sacramento,CA,38.645119,-121.172999,1,55480,37,19,4,2,5,17,SOLAR,"1,418",15,6,9
1244,06067,Sacramento,CA,38.643611,-121.163889,1,50766,40,17,4,2,5,16,SOLAR,"1,709",14,6,9
1245,06067,Sacramento,CA,38.645961,-121.162623,1,53951,39,17,3,2,5,16,SOLAR,"8,681",14,6,9
1246,06085,Santa Clara,CA,37.384745,-121.963808,1,157328,75,14,6,10,4,12,GAS,"7,279",10,6,9
1247,06093,Siskiyou,CA,41.932981,-122.43678,1,252,26,36,7,1,9,19,HYDRO,"81,505",22,6,9
1248,06065,Riverside,CA,33.565,-114.918056,1,5654,85,0,37,0,0,0,SOLAR,"8,239",2,0,9
1249,06037,Los Angeles,CA,34.121667,-117.938333,1,145861,88,31,23,12,6,19,SOLAR,"2,757",14,5,9
1250,06029,Kern,CA,35.64414,-118.48199,1,3563,29,77,9,4,11,29,HYDRO,"1,492",17,6,9
1251,06107,Tulare,CA,36.3875,-119.255,1,11317,79,34,29,15,4,17,SOLAR,"5,136",15,8,9
1255,06019,Fresno,CA,37.147926,-119.2567,1,14,8,19,0,0,4,18,HYDRO," (1,140)",40,0,9
1257,06077,San Joaquin,CA,37.806944,-121.2775,1,71172,70,23,17,6,8,18,OTHF,"8,893",13,8,9
1258,06085,Santa Clara,CA,37.4124,-122.024,1,92935,74,15,8,9,4,15,GAS,"8,815",10,7,9
1259,06073,San Diego,CA,32.6212,-116.12896,1,220,50,49,0,0,15,18,SOLAR,"43,190",16,3,9
1260,06089,Shasta,CA,40.992295,-121.975182,1,51,34,48,11,1,23,19,HYDRO,"390,129",24,2,9
1261,06031,Kings,CA,36.233522,-119.81634,1,1044,73,51,37,10,14,22,SOLAR,"28,632",6,10,9
1264,06025,Imperial,CA,33.204635,-115.573303,1,36,84,86,28,10,1,21,GEOTHERMAL,"381,186",8,12,9
1266,06089,Shasta,CA,40.646934,-122.626973,1,4,9,35,5,0,12,17,HYDRO,"111,388",27,4,9
1267,06085,Santa Clara,CA,37.406944,-122.026944,1,114403,72,14,7,9,4,15,GAS,"5,613",11,7,9
1268,06001,Alameda,CA,37.70649,-122.16471,1,158701,83,26,18,12,5,18,GAS,"14,380",15,5,9
1269,06037,Los Angeles,CA,33.7902,-118.29431,1,213087,82,30,19,12,6,17,GAS,"5,286",16,6,9
1270,06037,Los Angeles,CA,33.788034,-118.295496,1,207752,81,30,19,12,6,17,GAS,"16,351",16,6,9
1271,06037,Los Angeles,CA,34.099359,-118.29571,1,407995,69,38,18,20,8,16,GAS,"33,073",13,4,9
1272,06037,Los Angeles,CA,34.173105,-118.590273,1,189241,56,26,13,10,8,15,GAS,"17,655",15,6,9
1273,06013,Contra Costa,CA,37.95169,-121.77182,1,78865,70,20,9,5,7,18,GAS,"10,438",13,5,9
1274,06037,Los Angeles,CA,33.919167,-118.128611,1,272383,89,29,23,10,6,18,GAS,"5,343",12,6,9
1275,06059,Orange,CA,33.85098,-117.84531,1,159116,65,22,13,7,5,16,GAS,"16,354",14,6,9
1276,06055,Napa,CA,38.25477,-122.27305,1,23132,54,28,20,8,7,17,GAS,"37,353",14,6,9
1277,06071,San Bernardino,CA,34.0325,-117.608889,1,90833,87,29,24,9,5,15,GAS,"2,628",11,6,9
1278,06001,Alameda,CA,37.69923,-121.89419,1,121247,66,8,4,7,4,13,GAS,"7,599",12,6,9
1279,06065,Riverside,CA,33.92194,-116.56222,1,2207,79,40,27,11,11,20,WIND,"29,219",11,6,9
1280,06107,Tulare,CA,36.465066,-118.862023,1,987,21,24,2,0,4,19,HYDRO, (93),31,1,9
1281,06107,Tulare,CA,36.461326,-118.87988,1,1202,22,24,3,0,4,19,HYDRO,693,31,1,9
1282,06107,Tulare,CA,36.486059,-118.835645,1,454,22,24,2,0,4,19,HYDRO, (86),31,1,9
1283,06107,Tulare,CA,36.3275,-119.2947,1,119945,65,35,15,7,6,20,GAS,"21,025",13,8,9
1287,06105,Trinity,CA,40.0941,-123.508983,1,5,13,50,2,0,9,0,HYDRO,0,32,3,9
1288,06085,Santa Clara,CA,37.356389,-121.871944,1,272700,87,27,22,18,6,15,GAS,"3,827",13,5,9
1289,06007,Butte,CA,39.531784,-121.491247,1,12285,22,22,9,0,5,21,HYDRO,"64,970",29,6,9
1291,06019,Fresno,CA,37.071846,-119.558008,1,1266,21,13,2,0,3,20,HYDRO,0,22,3,9
1293,06029,Kern,CA,35.51647,-119.040128,1,53,45,6,22,2,1,23,GAS,"21,964",30,0,9
1294,06029,Kern,CA,35.295556,-118.918333,1,15962,93,69,57,34,10,22,GAS,"35,031",9,8,9
1295,06029,Kern,CA,35.460303,-118.77959,1,62,11,17,0,0,22,17,HYDRO,"166,997",43,4,9
1296,06029,Kern,CA,35.776185,-118.436233,1,825,12,61,0,0,19,21,HYDRO,"184,529",42,10,9
1297,06029,Kern,CA,35.4515,-118.9849,1,12292,36,43,13,0,6,23,GAS,"195,429",14,5,9
1298,06029,Kern,CA,35.4406,-118.9617,1,19184,68,34,15,5,5,21,GAS,"236,287",14,5,9
1299,06029,Kern,CA,35.764049,-119.313756,1,11656,92,39,39,10,3,9,SOLAR,619,2,2,9
1300,06089,Shasta,CA,40.611858,-122.446441,1,13704,21,29,10,1,6,21,HYDRO,"336,163",22,7,9
1301,06037,Los Angeles,CA,34.700278,-118.123611,1,106928,80,46,21,6,8,22,SOLAR,"1,568",11,6,9
1302,06037,Los Angeles,CA,34.700278,-118.123611,1,106928,80,46,21,6,8,22,SOLAR,"1,650",11,6,9
1303,06031,Kings,CA,36.050833,-119.9475,1,927,95,61,59,40,7,22,SOLAR,"37,659",12,8,9
1304,06077,San Joaquin,CA,38.12139,-121.14122,1,5388,39,21,15,3,4,19,SOLAR,"2,700",20,5,9
1305,06097,Sonoma,CA,38.481931,-122.711104,1,77451,41,23,11,5,5,19,GAS,"34,355",19,4,9
1306,06067,Sacramento,CA,38.5136,-121.1944,1,5350,63,11,4,4,5,17,BIOMASS,"66,639",14,5,9
1307,06089,Shasta,CA,40.677827,-121.873253,1,288,17,26,6,0,8,19,HYDRO,0,31,4,9
1308,06073,San Diego,CA,32.936137,-117.234157,1,58338,44,8,1,8,5,14,SOLAR,"6,743",14,5,9
1309,06053,Monterey,CA,36.224758,-121.124633,1,13875,88,50,43,23,5,18,GAS,"12,198",8,11,9
1310,06053,Monterey,CA,36.225,-121.1278,1,13852,88,50,43,23,5,18,GAS,"56,381",8,11,9
1311,06029,Kern,CA,34.819,-118.432,1,88,50,26,12,4,11,21,SOLAR,"56,170",16,4,9
1312,06029,Kern,CA,34.824206,-118.438547,1,69,50,27,12,5,10,21,SOLAR,"55,582",17,3,9
1313,06061,Placer,CA,39.245833,-120.027222,1,5075,37,29,16,10,0,4,OIL,0,21,2,9
1315,06019,Fresno,CA,36.764491,-119.441856,1,1266,36,35,13,1,2,17,HYDRO,561,21,4,9
1316,06019,Fresno,CA,36.5397,-119.5794,1,24528,71,44,23,10,7,19,GAS,"4,576",14,6,9
1317,06107,Tulare,CA,36.505278,-119.540278,1,15094,56,41,15,4,5,18,SOLAR,"2,790",16,5,9
1318,06071,San Bernardino,CA,34.094695,-117.266831,1,109888,88,56,33,13,7,23,SOLAR,"1,049",10,6,9
1319,06059,Orange,CA,33.922141,-117.939096,1,151157,68,20,10,9,6,15,SOLAR,"1,621",17,5,9
1320,06073,San Diego,CA,32.705556,-116.3425,1,721,42,29,11,1,7,18,WIND,"145,053",23,3,9
1321,06073,San Diego,CA,32.819675,-117.140548,1,114822,54,23,8,5,6,16,GAS,"8,762",12,7,9
1322,06037,Los Angeles,CA,34.654347,-117.973103,1,491,73,54,41,8,18,21,SOLAR,"2,687",10,5,9
1324,06099,Stanislaus,CA,37.6697,-120.4436,1,418,38,26,12,2,13,11,HYDRO,"8,213",16,6,9
1325,06019,Fresno,CA,36.678611,-119.7975,1,22378,93,70,38,16,16,23,SOLAR,80,9,8,9
1326,06029,Kern,CA,35.2956,-119.5919,1,168,28,46,18,0,15,22,GAS,"2,285,796",11,12,9
1327,06037,Los Angeles,CA,34.05,-118.18,1,320964,95,44,37,20,8,17,SOLAR,"2,730",13,5,9
1328,06037,Los Angeles,CA,33.92,-118.24,1,372273,99,47,41,15,10,20,SOLAR,"2,396",9,7,9
1329,06097,Sonoma,CA,38.368889,-122.765833,1,14101,39,24,10,4,4,16,BIOMASS,"14,190",21,5,9
1330,06037,Los Angeles,CA,34.1772,-118.3147,1,159235,42,25,8,11,7,16,GAS,"9,571",16,5,9
1331,06065,Riverside,CA,33.668,-117.383,1,38126,72,37,19,5,6,18,SOLAR,"1,958",10,6,9
1332,06095,Solano,CA,38.0971,-122.1417,1,24639,47,13,5,3,3,17,SOLAR,"13,109",20,5,9
1333,06073,San Diego,CA,33.058611,-117.119444,1,37464,44,11,4,4,5,16,HYDRO," (5,963)",16,7,9
1334,06065,Riverside,CA,33.8553,-117.4537,1,22086,61,14,8,4,3,17,HYDRO,"3,768",12,4,9
1335,06045,Mendocino,CA,39.197222,-123.185556,1,11432,51,29,21,3,10,21,HYDRO,"11,060",17,6,9
1336,06095,Solano,CA,38.221577,-121.868333,1,68,69,17,42,39,28,18,GAS,"14,257",45,3,9
1337,06037,Los Angeles,CA,34.743383,-117.972222,1,425,69,56,42,7,20,20,SOLAR,"8,470",10,4,9
1338,06037,Los Angeles,CA,34.6864,-118.3045,1,661,34,13,9,1,11,21,OTHF," (21,115)",12,10,9
1339,06037,Los Angeles,CA,34.695833,-118.058889,1,45333,84,46,23,6,8,22,SOLAR,957,9,6,9
1340,06037,Los Angeles,CA,34.716944,-118.289444,1,1198,34,18,15,8,12,22,SOLAR,"9,385",12,11,9
1341,06037,Los Angeles,CA,34.599444,-117.932778,1,5225,90,47,35,10,8,23,SOLAR,"7,925",14,6,9
1342,06037,Los Angeles,CA,34.715,-118.095,1,70806,83,47,22,6,9,23,SOLAR,"1,650",10,6,9
1343,06037,Los Angeles,CA,34.710556,-118.166111,1,70311,72,43,18,5,8,22,SOLAR,"2,619",13,6,9
1344,06037,Los Angeles,CA,34.780192,-118.19333,1,306,39,40,5,0,18,22,SOLAR,"5,045",64,3,9
1345,06029,Kern,CA,35.510942,-119.109941,1,1218,76,43,42,42,4,22,SOLAR,"9,175",3,2,9
1346,06073,San Diego,CA,32.567041,-116.944197,1,5934,70,21,28,2,1,18,GAS,"38,726",7,1,9
1347,06037,Los Angeles,CA,34.1265,-118.70404,1,21210,31,16,2,7,8,14,SOLAR,"6,653",14,4,9
1348,06037,Los Angeles,CA,34.136111,-118.701944,1,22304,31,15,2,7,8,14,SOLAR,"1,562",15,4,9
1349,06097,Sonoma,CA,38.194599,-122.663388,1,12814,25,14,9,6,4,18,SOLAR,"1,782",21,3,9
1350,06025,Imperial,CA,32.677208,-115.670203,1,19,81,82,23,34,5,16,OTHF," (12,096)",35,19,9
1351,06031,Kings,CA,36.257938,-119.798139,1,9738,58,35,18,6,14,18,SOLAR,232,14,7,9
1352,06029,Kern,CA,35.364408,-119.127496,1,77905,47,18,8,3,5,16,SOLAR,"2,335",14,7,9
1353,06001,Alameda,CA,37.487027,-121.93942,1,59704,87,10,8,12,5,14,GAS,"9,932",14,5,9
1354,06001,Alameda,CA,37.643889,-121.884167,1,52292,54,8,4,6,3,13,GAS,"7,966",17,4,9
1355,06073,San Diego,CA,33.137222,-117.286944,1,71204,36,17,5,4,5,13,GAS,"7,575",21,4,9
1357,06061,Placer,CA,38.838056,-121.341944,1,26845,41,9,2,2,3,10,BIOMASS,"28,844",11,8,9
1358,06061,Placer,CA,38.859,-121.346,1,19876,41,17,5,0,5,11,SOLAR,"6,431",11,7,9
1359,06073,San Diego,CA,32.729238,-117.207718,1,125201,34,20,4,2,5,14,SOLAR,"4,641",17,4,9
1360,06073,San Diego,CA,32.729444,-117.205083,1,133354,34,21,4,2,5,15,SOLAR,"3,464",17,4,9
1361,06037,Los Angeles,CA,33.78856,-118.229392,1,195708,90,43,30,12,8,17,GAS,0,11,6,9
1362,06107,Tulare,CA,36.211944,-119.133889,1,11760,87,54,39,26,16,21,SOLAR,"5,333",11,7,9
1363,06019,Fresno,CA,36.716,-120.415,1,2019,92,83,46,40,14,14,SOLAR,"27,048",5,4,9
1364,06019,Fresno,CA,36.716,-120.415,1,2019,92,83,46,40,14,14,SOLAR,"60,331",5,4,9
1365,06019,Fresno,CA,36.716,-120.415,1,2019,92,83,46,40,14,14,SOLAR,"112,518",5,4,9
1366,06019,Fresno,CA,36.716,-120.415,1,2019,92,83,46,40,14,14,SOLAR,"70,527",5,4,9
1367,06037,Los Angeles,CA,34.600231,-117.94751,1,5610,90,47,35,10,8,23,SOLAR,"8,264",14,6,9
1368,06029,Kern,CA,35.4837,-119.0298,1,2632,44,52,19,0,7,23,GAS,"28,401",26,4,9
1369,06071,San Bernardino,CA,35.04351,-117.3489,1,12,20,22,9,0,33,14,SOLAR,"97,343",19,1,9
1370,06071,San Bernardino,CA,35.0308,-117.3563,1,36,20,22,9,0,33,14,SOLAR,"100,820",19,1,9
1371,06077,San Joaquin,CA,38.146571,-121.300541,1,63646,53,32,17,7,9,20,GAS,546,16,6,9
1372,06077,San Joaquin,CA,38.088056,-121.3875,1,9723,73,15,12,3,6,17,GAS,"1,112,510",12,4,9
1373,06071,San Bernardino,CA,34.050391,-117.248417,1,54989,68,31,11,5,8,19,GAS,"46,005",17,5,9
1374,06031,Kings,CA,36.270566,-119.518202,1,317,59,42,31,22,1,19,SOLAR,0,9,6,9
1375,06071,San Bernardino,CA,34.398059,-116.865517,1,867,42,53,20,3,15,2,SOLAR,"23,773",11,8,9
1376,06071,San Bernardino,CA,34.408333,-116.8625,1,1452,43,53,20,3,20,7,SOLAR,"49,828",14,8,9
1378,06037,Los Angeles,CA,33.7641,-118.2248,1,125239,86,47,29,12,8,16,GAS,"10,112",10,5,9
1379,06071,San Bernardino,CA,34.541,-117.061,1,212,40,29,12,4,8,22,SOLAR,"25,102",17,7,9
1381,06037,Los Angeles,CA,33.783102,-118.28493,1,193267,82,32,21,12,6,17,SOLAR,"2,259",15,6,9
1382,06037,Los Angeles,CA,33.7686,-118.2867,1,180596,79,34,22,12,7,17,OTHF,"384,088",15,6,9
1383,06085,Santa Clara,CA,37.425,-121.9319,1,126062,86,13,9,11,4,11,GAS,"179,539",9,6,9
1384,06013,Contra Costa,CA,38.030071,-121.873004,1,71206,80,30,24,8,8,20,GAS,"3,062,096",13,7,9
1385,06089,Shasta,CA,40.7576,-121.4145,1,15,3,26,3,0,9,16,HYDRO,"5,474",35,4,9
1386,06029,Kern,CA,35.666111,-119.766944,1,6,93,54,52,48,12,24,GAS,"2,623",5,7,9
1387,06029,Kern,CA,35.65,-119.85,1,109,93,54,52,48,12,24,SOLAR,"4,425",5,7,9
1388,06029,Kern,CA,35.62,-119.85,1,111,93,54,52,48,12,24,SOLAR,"77,113",5,7,9
1390,06107,Tulare,CA,35.823716,-119.062255,1,896,88,71,58,47,19,20,SOLAR,"127,211",8,4,9
1391,06037,Los Angeles,CA,34.68325,-118.3053,1,675,34,13,9,1,11,21,OTHF," (22,999)",12,10,9
1392,06051,Mono,CA,38.042729,-119.172015,1,368,34,8,0,0,9,16,HYDRO,"11,343",13,0,9
1393,06071,San Bernardino,CA,34.237222,-116.054167,1,11147,48,48,3,2,2,0,GAS,"41,290",0,14,9
1394,06037,Los Angeles,CA,34.2925,-118.389444,1,105448,91,36,35,13,7,18,BIOMASS,"26,372",13,6,9
1395,06073,San Diego,CA,32.844845,-117.162747,1,76745,47,20,7,5,5,16,BIOMASS,"35,880",16,5,9
1396,06107,Tulare,CA,36.388,-119.394,1,3815,81,41,29,3,4,19,BIOMASS,"9,741",6,8,9
1397,06037,Los Angeles,CA,34.033206,-117.906129,1,163188,92,26,19,13,7,16,BIOMASS,"39,940",16,5,9
1398,06113,Yolo,CA,38.596283,-121.687518,1,7287,51,19,4,6,4,16,BIOMASS,"17,945",10,6,9
1399,06037,Los Angeles,CA,34.695278,-118.0625,1,49434,84,45,22,6,8,22,SOLAR,"4,165",10,6,9
1400,06037,Los Angeles,CA,34.319722,-118.430833,1,114514,91,33,33,11,7,18,SOLAR,901,12,6,9
1401,06071,San Bernardino,CA,34.768333,-117.323611,1,5214,53,19,8,2,3,14,SOLAR,"2,454",20,3,9
1402,06039,Madera,CA,37.056468,-120.167021,1,4204,75,57,33,18,9,2,SOLAR,"2,714",9,3,9
1403,06039,Madera,CA,36.941111,-120.046667,1,64014,88,53,41,19,13,21,SOLAR,"1,126",9,8,9
1404,06037,Los Angeles,CA,34.1786,-118.3153,1,157805,42,25,9,11,7,16,GAS,"1,475,713",16,5,9
1405,06019,Fresno,CA,36.68957,-119.73989,1,47420,90,53,33,14,10,21,GAS,"9,921",10,8,9
1406,06037,Los Angeles,CA,33.9986,-118.2219,1,365043,98,54,50,25,9,19,GAS,"315,797",9,6,9
1407,06085,Santa Clara,CA,37.228736,-121.738616,1,21995,75,19,9,8,4,13,SOLAR,"5,297",13,7,9
1408,06051,Mono,CA,37.6451,-118.9143,1,1516,37,21,13,5,2,0,GEOTHERMAL,"57,681",7,4,9
1409,06051,Mono,CA,37.6464,-118.9092,1,216,29,12,8,0,0,1,GEOTHERMAL,"62,321",9,3,9
1410,06051,Mono,CA,37.6455,-118.9096,1,216,29,12,8,0,0,1,GEOTHERMAL,"104,045",9,3,9
1411,06039,Madera,CA,37.220302,-119.337983,1,19,35,50,22,0,16,20,HYDRO,"449,030",30,6,9
1412,06077,San Joaquin,CA,37.84013,-121.216191,1,46615,57,29,14,5,7,19,SOLAR,444,17,6,9
1413,06029,Kern,CA,34.9349,-118.4612,1,2,20,47,11,0,5,20,WIND,"468,485",24,1,9
1414,06013,Contra Costa,CA,38.0244,-122.0589,1,30452,52,14,10,4,5,18,GAS,"624,226",15,9,9
1415,06095,Solano,CA,38.40008,-121.96366,1,34239,49,15,8,4,4,15,SOLAR,891,19,5,9
1416,06029,Kern,CA,35.115278,-119.317778,1,11,72,24,37,15,8,22,SOLAR,"40,581",8,3,9
1417,06013,Contra Costa,CA,37.945296,-122.377202,1,109378,88,35,27,13,8,20,SOLAR,"19,949",12,5,9
1418,06053,Monterey,CA,36.7131,-121.7686,1,16947,60,30,13,8,5,18,BIOMASS,"34,022",16,6,9
1419,06037,Los Angeles,CA,33.717993,-118.275617,1,76461,69,32,17,10,6,18,SOLAR,"1,846",15,5,9
1420,06001,Alameda,CA,37.789167,-121.601944,1,7426,71,5,6,2,5,19,GAS,"87,728",9,4,9
1421,06013,Contra Costa,CA,38.016944,-121.765,1,56083,66,24,13,5,6,21,GAS,"189,674",14,6,9
1422,06013,Contra Costa,CA,38.0169,-122.1117,1,42355,41,12,5,2,5,18,GAS,"731,479",16,7,9
1423,06013,Contra Costa,CA,38.0314,-122.1139,1,36742,41,14,6,3,6,18,OTHF,"15,612",17,8,9
1424,06065,Riverside,CA,33.7,-115.38,1,66,53,63,19,2,31,20,SOLAR,"275,883",29,14,9
1425,06065,Riverside,CA,33.7,-115.38,1,66,53,63,19,2,31,20,SOLAR,"276,098",29,14,9
1426,06065,Riverside,CA,33.7,-115.38,1,66,53,63,19,2,31,20,SOLAR,"365,394",29,14,9
1427,06065,Riverside,CA,33.7,-115.38,1,66,53,63,19,2,31,20,SOLAR,"296,850",29,14,9
1428,06085,Santa Clara,CA,37.405689,-121.949416,1,98539,82,13,8,9,4,10,GAS,"6,557",8,7,9
1429,06067,Sacramento,CA,38.652731,-121.393336,1,114568,56,42,15,8,8,22,GAS,"2,524",15,7,9
1430,06099,Stanislaus,CA,37.62936,-120.93139,1,94690,65,37,20,9,9,19,GAS,"1,254",14,6,9
1431,06065,Riverside,CA,33.694722,-114.739722,1,3,24,21,0,0,0,20,SOLAR,"524,679",16,0,9
1432,06111,Ventura,CA,34.205556,-119.246944,1,34035,64,24,12,6,6,18,GAS,"11,351",18,5,9
1433,06029,Kern,CA,35.3161,-119.6597,1,134,28,46,18,0,15,22,GAS,"58,510",11,12,9
1434,06029,Kern,CA,35.319503,-119.661992,1,134,28,46,18,0,15,22,GAS,"36,889",11,12,9
1435,06043,Mariposa,CA,37.522065,-120.31009,1,69,55,31,38,7,11,15,HYDRO,"44,028",16,5,9
1436,06077,San Joaquin,CA,37.734761,-121.508945,1,26480,80,17,12,8,5,18,SOLAR,"2,041",9,6,9
1437,06047,Merced,CA,36.989475,-120.878081,1,300,63,32,28,14,10,20,SOLAR,"7,250",12,5,9
1438,06047,Merced,CA,37.52301,-120.329905,1,69,55,31,38,7,11,15,HYDRO,"11,694",16,5,9
1439,06047,Merced,CA,37.267778,-120.484444,1,42096,84,59,34,14,14,22,SOLAR,"4,062",10,8,9
1440,06079,San Luis Obispo,CA,35.670278,-120.566944,1,2888,29,9,5,1,4,17,SOLAR,"1,418",16,6,9
1442,06085,Santa Clara,CA,37.2207,-121.7457,1,23707,74,19,9,8,4,13,GAS,"2,338,618",13,7,9
1443,06037,Los Angeles,CA,34.0578,-118.229722,1,394107,88,50,33,21,9,17,SOLAR,479,12,5,9
1444,06085,Santa Clara,CA,37.378422,-121.899969,1,190433,84,20,13,15,5,13,GAS,"14,679",12,6,9
1447,06051,Mono,CA,37.51,-118.569167,1,234,33,10,1,1,1,18,HYDRO,"98,886",28,4,9
1448,06019,Fresno,CA,36.654114,-120.579727,1,61,86,77,35,28,16,14,GAS,"20,267",1,3,9
1449,06025,Imperial,CA,33.176627,-115.572788,1,32,84,86,28,10,1,21,SOLAR,"123,238",8,12,9
1450,06025,Imperial,CA,33.162056,-115.531694,1,5667,91,55,39,27,6,11,SOLAR,"67,849",8,3,9
1451,06025,Imperial,CA,33.154761,-115.544918,1,3081,90,54,33,27,13,21,SOLAR,"48,889",13,7,9
1452,06029,Kern,CA,35.2269,-119.6294,1,360,28,46,18,0,15,22,GAS,"160,741",11,12,9
1453,06071,San Bernardino,CA,34.088019,-117.039539,1,5864,28,18,5,0,4,19,HYDRO,"10,549",17,5,9
1454,06065,Riverside,CA,34.013056,-117.5375,1,65151,81,22,21,6,6,16,SOLAR,"2,672",10,6,9
1455,06071,San Bernardino,CA,34.006125,-117.560934,1,75152,79,20,15,6,5,14,OTHF,0,10,7,9
1456,06071,San Bernardino,CA,34.0053,-117.5604,1,76366,79,20,15,6,6,14,GAS,"11,172",10,7,9
1457,06073,San Diego,CA,32.8769,-117.166389,1,63294,60,22,8,7,6,12,GAS,"22,965",14,5,9
1458,06085,Santa Clara,CA,37.38633,-121.96238,1,146915,75,14,6,10,4,12,GAS,"38,155",10,6,9
1459,06047,Merced,CA,37.267778,-120.4825,1,41998,84,59,34,14,14,22,SOLAR,"4,136",10,8,9
1460,06071,San Bernardino,CA,34.765,-117.323611,1,5715,55,18,8,2,3,14,SOLAR,"2,581",19,4,9
1461,06109,Tuolumne,CA,37.809388,-120.299254,1,193,23,24,5,1,3,16,HYDRO,"304,671",38,3,9
1462,06109,Tuolumne,CA,37.816447,-120.312033,1,94,20,23,4,1,2,16,HYDRO,0,39,2,9
1463,06029,Kern,CA,35.045,-118.2642,1,17,20,47,11,0,5,20,WIND,"53,936",24,1,9
1465,06029,Kern,CA,35.0506,-118.2572,1,17,20,47,11,0,5,20,WIND,"83,205",24,1,9
1466,06071,San Bernardino,CA,34.307444,-117.323548,1,135,54,22,6,3,8,20,HYDRO,"69,573",13,1,9
1467,06071,San Bernardino,CA,35.017717,-117.339144,1,36,20,22,9,0,33,14,SOLAR,"612,402",19,1,9
1468,06053,Monterey,CA,36.7056,-121.7714,1,20366,62,31,13,8,6,18,BIOMASS,"7,838",16,6,9
1469,06053,Monterey,CA,36.721111,-121.787778,1,13440,60,29,13,8,5,18,SOLAR,"1,117",16,6,9
1470,06095,Solano,CA,38.116667,-121.821944,1,89,52,25,14,0,0,18,WIND,"196,635",14,7,9
1471,06089,Shasta,CA,40.846806,-121.956446,1,363,34,42,10,1,19,19,HYDRO,"8,431",22,3,9
1472,06095,Solano,CA,38.513056,-122.104444,1,65,23,18,9,1,1,16,HYDRO,"32,377",34,4,9
1473,06019,Fresno,CA,36.585794,-119.469986,1,27251,84,45,32,13,10,16,SOLAR,"2,722",11,9,9
1474,06029,Kern,CA,35.731362,-119.818712,1,40,93,54,52,48,12,24,SOLAR,"29,528",5,7,9
1475,06037,Los Angeles,CA,34.6608,-118.0836,1,50452,84,40,19,5,8,22,SOLAR,688,10,5,9
1476,06053,Monterey,CA,36.804837,-121.782241,1,5574,89,47,41,20,2,17,GAS,"5,336,838",14,7,9
1477,06025,Imperial,CA,32.6685,-115.6292,1,18,80,83,20,34,0,18,SOLAR,"297,717",39,21,9
1478,06025,Imperial,CA,32.678805,-115.56721,1,3538,99,48,35,51,16,12,SOLAR,"639,582",17,7,9
1479,06065,Riverside,CA,33.9211,-116.5642,1,1955,78,41,27,12,10,20,WIND,"266,539",12,6,9
1480,06065,Riverside,CA,33.9141,-116.5914,1,2045,72,57,19,9,3,19,WIND,"68,739",10,5,9
1481,06065,Riverside,CA,33.8816,-116.5527,1,14992,49,38,10,4,8,20,WIND,"175,096",27,2,9
1482,06071,San Bernardino,CA,34.0818,-117.2418,1,73888,79,46,24,9,8,21,GAS,"2,552,465",12,6,9
1483,06029,Kern,CA,35.576323,-119.006245,1,3,24,39,4,0,0,22,BIOMASS,"212,068",37,11,9
1485,06065,Riverside,CA,33.8247,-116.5106,1,70279,55,34,13,5,7,19,GAS,"5,651",24,4,9
1486,06027,Inyo,CA,36.2647,-117.9955,1,173,40,19,14,3,2,19,SOLAR,"8,485",35,0,9
1487,06009,Calaveras,CA,38.147093,-120.446396,1,3393,11,25,5,1,4,13,HYDRO,"17,758",38,4,9
1488,06029,Kern,CA,35.030855,-118.293188,1,18,20,47,11,0,5,20,WIND,"248,109",24,1,9
1489,06031,Kings,CA,36.216806,-119.896389,1,923,55,44,6,7,9,1,SOLAR,"381,404",1,14,9
1490,06077,San Joaquin,CA,38.088138,-121.386944,1,9784,73,15,12,3,6,17,GAS,"6,615",12,4,9
1491,06073,San Diego,CA,33.2704,-117.0588,1,7510,44,22,8,0,2,16,SOLAR,"6,126",26,6,9
1492,06079,San Luis Obispo,CA,35.798576,-120.883331,1,182,21,16,6,1,4,13,HYDRO,"18,601",18,6,9
1493,06115,Yuba,CA,39.238996,-121.270409,1,1269,17,18,7,1,3,19,HYDRO,"276,742",39,1,9
1494,06057,Nevada,CA,39.2364,-121.271741,1,1275,17,18,7,1,3,19,HYDRO,"73,450",39,1,9
1495,06019,Fresno,CA,36.624512,-119.673088,1,8763,81,41,25,9,9,19,SOLAR,"4,771",14,7,9
1496,06071,San Bernardino,CA,34.551111,-117.191111,1,19391,59,46,17,3,11,24,SOLAR,"4,224",13,8,9
1497,06029,Kern,CA,35.68771,-117.68137,1,2672,46,35,12,2,16,0,SOLAR,"23,304",16,3,9
1498,06073,San Diego,CA,32.7261,-117.1464,1,244814,58,31,13,6,7,17,GAS,"17,860",12,4,9
1499,06089,Shasta,CA,41.028893,-121.892351,1,180,34,48,11,1,22,19,HYDRO,"2,582",24,2,9
1500,06009,Calaveras,CA,38.149582,-120.814942,1,6377,22,19,7,0,5,15,HYDRO,"10,821",24,7,9
1501,06109,Tuolumne,CA,37.946927,-120.528211,1,161,37,58,17,0,45,0,HYDRO,"467,451",26,1,9
1502,06071,San Bernardino,CA,34.045361,-117.540193,1,33779,82,27,19,5,7,17,GAS,"246,430",9,6,9
1503,06071,San Bernardino,CA,34.853581,-116.683108,1,841,52,41,6,0,26,24,SOLAR,"1,294",24,8,9
1504,06061,Placer,CA,38.835182,-121.092982,1,8529,17,11,4,1,6,16,HYDRO,"17,253",25,2,9
1505,06019,Fresno,CA,36.381775,-120.134486,1,339,94,54,82,49,5,20,SOLAR,"47,653",10,3,9
1506,06071,San Bernardino,CA,34.126094,-117.418451,1,170218,89,33,23,7,7,19,SOLAR,"7,896",9,7,9
1507,06077,San Joaquin,CA,37.894817,-121.24891,1,34196,90,45,35,16,7,20,SOLAR,"1,717",10,6,9
1508,06029,Kern,CA,35.647295,-119.716512,1,1512,95,68,59,66,5,24,SOLAR,"2,817",5,6,9
1509,06107,Tulare,CA,35.835833,-119.056111,1,128,49,41,44,25,7,19,SOLAR,"43,830",15,1,9
1510,06025,Imperial,CA,33.238842,-115.504456,1,965,86,86,34,10,1,16,GAS,"88,423",7,9,9
1511,06067,Sacramento,CA,38.63735,-121.220198,1,50818,27,15,4,2,4,17,HYDRO,"69,866",23,5,9
1512,06037,Los Angeles,CA,34.236667,-118.565833,1,235847,72,31,18,13,7,16,SOLAR,"1,320",14,6,9
1513,06095,Solano,CA,38.300556,-121.966389,1,59510,63,18,10,3,5,13,SOLAR,"1,623",12,7,9
1514,06025,Imperial,CA,33.0139,-115.5439,1,20000,86,47,26,22,18,17,GEOTHERMAL,"28,203",12,8,9
1515,06077,San Joaquin,CA,38.015291,-121.017836,1,795,52,39,28,2,22,16,OTHF," (9,883)",7,8,9
1516,06073,San Diego,CA,32.877822,-117.197788,1,79666,51,25,5,6,6,11,BIOMASS,0,12,5,9
1517,06037,Los Angeles,CA,34.194444,-118.39028,1,285169,64,36,20,14,8,18,HYDRO,0,13,5,9
1518,06029,Kern,CA,35.780407,-119.30875,1,16847,95,49,41,17,6,13,SOLAR,"7,450",4,4,9
1519,06037,Los Angeles,CA,34.719538,-118.31301,1,848,34,19,15,8,12,22,SOLAR,"28,872",12,10,9
1521,06065,Riverside,CA,33.924167,-116.593333,1,1780,73,53,21,10,4,18,SOLAR,"4,742",12,4,9
1522,06065,Riverside,CA,33.909722,-116.5625,1,1340,73,40,23,12,7,19,SOLAR,"7,918",15,4,9
1523,06029,Kern,CA,34.862,-118.38,1,161,49,23,12,0,13,20,SOLAR,"339,753",15,4,9
1525,06019,Fresno,CA,36.73,-120.41,1,13195,97,74,60,43,11,17,SOLAR,"135,878",6,9,9
1526,06013,Contra Costa,CA,37.9676,-122.382,1,85437,92,35,29,15,8,19,BIOMASS,0,11,5,9
1527,06071,San Bernardino,CA,34.509167,-117.154444,1,20997,58,47,18,5,10,23,SOLAR,"2,117",12,9,9
1529,06019,Fresno,CA,36.723488,-119.774411,1,132469,90,66,38,17,13,23,SOLAR,"3,063",10,7,9
1530,06071,San Bernardino,CA,33.989626,-117.680911,1,100209,80,22,15,8,5,18,GAS,"10,654",13,6,9
1531,06047,Merced,CA,37.098671,-121.047718,1,2175,88,43,31,23,12,20,HYDRO," (86,926)",6,9,9
1532,06029,Kern,CA,35.043889,-118.276388,1,22,20,47,11,0,5,20,WIND,"37,804",24,1,9
1533,06063,Plumas,CA,40.07531,-121.16143,1,18,45,44,0,0,10,24,HYDRO,0,21,0,9
1534,06013,Contra Costa,CA,38.001667,-121.747778,1,73877,63,19,10,4,6,20,SOLAR,"2,387",12,7,9
1535,06029,Kern,CA,35.059166,-118.291944,1,39,20,47,11,0,5,20,WIND,"45,402",24,1,9
1536,06029,Kern,CA,35.06094,-118.292406,1,39,20,47,11,0,5,20,WIND,"205,390",24,1,9
1537,06065,Riverside,CA,33.72899,-115.38238,1,293,53,63,19,2,31,20,SOLAR,"164,342",29,14,9
1538,06065,Riverside,CA,33.72899,-115.38238,1,293,53,63,19,2,31,20,SOLAR,"173,721",29,14,9
1539,06037,Los Angeles,CA,34.1283,-118.206903,1,236072,63,29,16,15,8,15,SOLAR,"1,563",17,5,9
1541,06073,San Diego,CA,33.074673,-116.091228,1,36,16,45,20,5,38,19,SOLAR,"12,021",38,4,9
1542,06037,Los Angeles,CA,34.1764,-118.3147,1,160480,42,25,8,11,7,16,GAS,0,16,5,9
1543,06037,Los Angeles,CA,34.326242,-118.44477,1,98869,90,32,31,11,7,18,GAS,"14,480",12,6,9
1544,06089,Shasta,CA,40.63722,-121.92805,1,343,15,22,5,0,5,18,HYDRO,"18,448",33,5,9
1545,06071,San Bernardino,CA,34.043889,-117.531111,1,36939,84,29,24,6,7,19,SOLAR,"1,234",9,6,9
1546,06071,San Bernardino,CA,34.05,-117.596111,1,97804,87,31,24,9,6,14,SOLAR,"1,714",9,6,9
1547,06075,San Francisco,CA,37.793333,-122.394167,1,336498,55,24,10,11,6,16,GAS,993,15,4,9
1548,06037,Los Angeles,CA,34.615622,-117.936594,1,1159,90,48,31,10,7,23,SOLAR,"5,373",13,5,9
1549,06059,Orange,CA,33.672565,-117.91246,1,180212,54,22,12,5,5,17,SOLAR,"4,582",13,5,9
1552,06073,San Diego,CA,33.3594,-117.1114,1,4803,56,15,12,2,4,17,GAS,"18,135",12,9,9
1553,06029,Kern,CA,35.150694,-118.875,1,90,80,56,27,11,15,3,SOLAR,"28,907",13,7,9
1554,06029,Kern,CA,35.150694,-118.875278,1,90,80,56,27,11,15,3,SOLAR,"18,267",13,7,9
1555,06025,Imperial,CA,32.8156,-115.2568,1,20,14,51,7,0,0,18,GEOTHERMAL,"101,667",15,6,9
1556,06025,Imperial,CA,32.7881,-115.2481,1,25,14,51,7,0,0,18,GEOTHERMAL,"95,037",15,6,9
1557,06025,Imperial,CA,32.7757,-115.2637,1,34,14,51,7,0,0,18,GEOTHERMAL,"68,515",15,6,9
1558,06111,Ventura,CA,34.1292,-119.1689,1,60924,89,41,37,15,8,17,GAS,"256,738",10,8,9
1559,06019,Fresno,CA,36.876847,-120.667608,1,182,92,77,36,22,4,20,SOLAR,"25,329",10,4,9
1560,06007,Butte,CA,39.492,-121.5628,1,31554,41,48,17,3,8,24,GAS,235,16,7,9
1561,06059,Orange,CA,33.562061,-117.543777,1,6447,32,6,2,2,4,16,OTHF, (441),11,3,9
1562,06073,San Diego,CA,32.581481,-116.914969,1,6360,72,20,28,3,1,18,GAS,"2,179,145",7,2,9
1563,06071,San Bernardino,CA,34.545,-117.191944,1,22113,57,45,16,3,11,23,SOLAR,"3,524",14,8,9
1564,06027,Inyo,CA,36.275144,-118.012151,1,173,40,19,14,3,2,19,SOLAR,"2,312",35,0,9
1565,06061,Placer,CA,39.003372,-120.746651,1,145,8,51,3,1,13,15,HYDRO,"13,801",44,2,9
1566,06111,Ventura,CA,34.196,-119.1667,1,188165,89,35,31,13,6,17,GAS,"484,219",11,6,9
1567,06111,Ventura,CA,34.1414,-119.1831,1,94492,89,40,37,14,7,18,GAS,"203,885",10,7,9
1568,06111,Ventura,CA,34.140501,-119.184529,1,90405,89,40,37,14,7,17,BIOMASS,"5,833",10,7,9
1569,06073,San Diego,CA,32.894722,-117.198056,1,81529,58,23,5,7,5,12,GAS,"32,718",11,5,9
1570,06001,Alameda,CA,37.870331,-122.26337,1,215396,49,22,4,4,5,14,GAS,"168,185",15,4,9
1571,06073,San Diego,CA,32.753281,-117.035241,1,200771,62,32,12,6,8,17,SOLAR,"2,039",13,6,9
1572,06019,Fresno,CA,36.39026,-119.35792,1,8306,47,19,3,1,3,17,SOLAR,"4,111",10,8,9
1573,06019,Fresno,CA,36.392479,-119.351133,1,9160,48,21,4,1,2,17,SOLAR,352,10,9,9
1574,06019,Fresno,CA,36.657094,-119.585697,1,7644,85,48,25,12,10,18,SOLAR,"2,093",10,7,9
1575,06019,Fresno,CA,36.656664,-119.592219,1,6462,86,48,25,11,10,18,SOLAR,292,10,8,9
1576,06059,Orange,CA,33.691,-117.833,1,183045,68,27,10,9,6,15,OTHF, (181),11,6,9
1578,06035,Lassen,CA,40.15006,-120.123352,1,1792,58,56,34,0,10,21,SOLAR,"5,160",8,1,9
1579,06071,San Bernardino,CA,34.038433,-117.565802,1,41053,82,24,11,5,6,10,SOLAR,"4,682",9,7,9
1580,06037,Los Angeles,CA,33.7331,-118.27722,1,97849,68,30,16,9,6,18,SOLAR,0,16,5,9
1581,06039,Madera,CA,36.916111,-119.97138,1,618,63,13,33,7,6,20,SOLAR,"1,445",13,16,9
1583,06029,Kern,CA,34.891389,-118.4325,1,55,50,22,15,0,9,20,WIND,"263,952",20,4,9
1584,06109,Tuolumne,CA,37.874056,-120.477556,1,431,25,36,12,0,33,11,BIOMASS,"132,757",28,2,9
1585,06065,Riverside,CA,33.9369,-116.6183,1,445,69,45,19,8,9,21,WIND,"177,258",15,4,9
1587,06065,Riverside,CA,33.661667,-114.651667,1,321,43,31,8,2,3,21,SOLAR,"2,004",18,4,9
1588,06073,San Diego,CA,33.1197,-117.117778,1,112728,62,32,18,8,4,18,GAS,"1,279,412",14,7,9
1589,06019,Fresno,CA,36.6514,-120.5833,1,61,86,77,35,28,16,14,GAS,"654,274",1,3,9
1590,06069,San Benito,CA,36.627,-120.879,1,28,27,22,9,3,2,11,SOLAR,"315,939",20,5,9
1592,06009,Calaveras,CA,38.2569,-120.8507,1,286,16,27,6,0,3,17,HYDRO,"181,616",21,6,9
1593,06065,Riverside,CA,33.896111,-117.283611,1,70331,79,29,19,7,7,18,SOLAR,"2,407",9,7,9
1594,06047,Merced,CA,37.477838,-120.444492,1,263,56,32,42,8,12,15,HYDRO,"3,526",15,5,9
1595,06071,San Bernardino,CA,34.295334,-114.140222,1,839,20,29,14,4,13,0,HYDRO,"392,219",65,3,9
1596,06075,San Francisco,CA,37.762524,-122.456747,1,575837,56,18,9,9,5,15,GAS,"68,500",17,4,9
1598,06037,Los Angeles,CA,33.333056,-118.310278,1,3533,58,25,19,4,0,18,OIL,"29,287",17,5,9
1599,06065,Riverside,CA,33.8361,-117.1831,1,49503,93,33,27,6,6,18,HYDRO,"5,188",7,8,9
1600,06071,San Bernardino,CA,34.57654,-117.58281,1,456,81,66,41,5,9,22,SOLAR,"2,514",13,4,9
1601,06013,Contra Costa,CA,38.018056,-122.2344,1,42786,75,16,10,5,5,16,OTHF,"3,369",19,4,9
1602,06013,Contra Costa,CA,38.0417,-122.2583,1,40202,76,17,10,5,6,16,OTHF,"368,758",17,4,9
1603,06109,Tuolumne,CA,38.032103,-120.326537,1,5159,15,28,9,0,8,16,HYDRO,"6,673",31,4,9
1605,06037,Los Angeles,CA,34.183611,-118.574722,1,244085,63,30,16,12,7,15,SOLAR,"2,743",15,6,9
1606,06025,Imperial,CA,32.736642,-114.713858,1,4102,81,42,28,20,8,19,HYDRO,"14,173",21,8,9
1607,06019,Fresno,CA,36.8326,-119.327,1,426,36,41,12,1,11,19,HYDRO,"782,055",11,5,9
1610,06029,Kern,CA,35.043411,-118.211835,1,3423,80,47,19,10,7,27,WIND,"248,319",12,7,9
1611,06029,Kern,CA,35.026759,-118.223333,1,1815,85,41,15,5,10,27,WIND,"188,896",11,8,9
1612,06073,San Diego,CA,32.573889,-116.917777,1,5930,71,21,29,3,1,18,GAS,"100,070",7,1,9
1613,06089,Shasta,CA,40.99084,-121.498243,1,226,41,43,14,0,13,16,HYDRO,"195,269",22,11,9
1615,06089,Shasta,CA,40.986361,-121.84944,1,8,34,48,11,1,23,19,HYDRO,"404,188",24,2,9
1617,06089,Shasta,CA,40.922568,-121.992906,1,70,34,48,11,1,23,19,HYDRO,"256,093",24,2,9
1618,06089,Shasta,CA,40.847462,-121.990798,1,66,35,29,6,0,9,19,HYDRO,"274,702",18,6,9
1619,06001,Alameda,CA,37.83286,-122.284003,1,249067,56,27,7,6,6,15,GAS,"7,076",14,4,9
1620,06059,Orange,CA,33.6942,-117.9381,1,186847,59,19,12,7,5,16,BIOMASS,"39,273",17,5,9
1621,06059,Orange,CA,33.6433,-117.9556,1,143692,41,20,9,4,5,16,BIOMASS,"58,988",17,4,9
1622,06027,Inyo,CA,37.41416,-118.523889,1,592,32,37,7,1,2,15,HYDRO,"9,202",21,10,9
1623,06007,Butte,CA,39.722892,-121.469814,1,278,32,46,6,0,6,21,HYDRO,"648,672",32,3,9
1624,06029,Kern,CA,35.080833,-118.361389,1,228,20,40,11,2,8,21,WIND,"215,351",27,2,9
1625,06103,Tehama,CA,40.4579,-121.8427,1,564,16,29,11,0,9,22,HYDRO,"3,034",40,1,9
1626,06051,Mono,CA,37.944237,-119.2161,1,10,34,8,0,0,9,16,HYDRO,"35,702",13,0,9
1627,06037,Los Angeles,CA,33.727977,-118.280032,1,90298,67,29,15,9,6,18,SOLAR,"1,613",16,5,9
1628,06019,Fresno,CA,37.257045,-119.158936,1,3,20,30,0,0,11,18,HYDRO,"21,161",24,0,9
1629,06037,Los Angeles,CA,34.71647,-118.2821,1,1311,36,19,13,7,11,22,SOLAR,"38,631",11,10,9
1630,06037,Los Angeles,CA,34.71412,-118.2739,1,3428,46,17,8,3,5,21,SOLAR,"17,097",9,7,9
1631,06107,Tulare,CA,36.05,-119.02,1,56354,80,52,34,17,12,22,SOLAR,"3,222",11,7,9
1632,06107,Tulare,CA,36.102778,-119.039722,1,48840,78,47,29,12,9,22,SOLAR,"6,014",12,6,9
1633,06095,Solano,CA,38.216973,-121.979452,1,16472,77,14,10,5,6,19,BIOMASS,"58,713",14,4,9
1634,06045,Mendocino,CA,39.361786,-123.127934,1,708,22,36,3,1,4,20,HYDRO,0,25,2,9
1635,06001,Alameda,CA,37.825833,-122.296111,1,189982,59,26,7,7,6,17,BIOMASS,"20,419",14,4,9
1636,06071,San Bernardino,CA,34.496944,-117.145,1,15519,58,48,18,6,10,23,SOLAR,"3,932",11,8,9
1637,06037,Los Angeles,CA,34.239244,-118.583575,1,194135,71,29,18,12,7,16,SOLAR,"2,888",15,6,9
1638,06001,Alameda,CA,37.711995,-122.150665,1,185280,83,27,18,12,5,18,SOLAR,"3,159",15,5,9
1639,06067,Sacramento,CA,38.530943,-121.400128,1,116924,66,40,17,9,7,18,GAS,"627,825",15,5,9
1640,06077,San Joaquin,CA,37.725044,-121.529783,1,7537,89,15,10,6,4,19,SOLAR,"2,686",6,10,9
1641,06037,Los Angeles,CA,34.0233,-118.0241,1,111790,92,34,28,15,7,15,BIOMASS,"164,119",15,6,9
1642,06029,Kern,CA,35.305556,-119.6225,1,142,28,46,18,0,15,22,SOLAR,"43,754",11,12,9
1645,06073,San Diego,CA,32.904167,-117.201111,1,70973,60,20,5,7,5,12,GAS,"10,082",10,5,9
1646,06047,Merced,CA,37.130278,-121.052222,1,1234,82,43,32,25,14,20,SOLAR,"213,547",8,8,9
1647,06109,Tuolumne,CA,37.877667,-119.953233,1,59,14,21,0,0,0,17,HYDRO,"473,895",42,0,9
1648,06073,San Diego,CA,33.051,-117.175,1,10596,31,10,1,0,8,4,HYDRO,0,22,7,9
1649,06065,Riverside,CA,33.5226,-117.1815,1,55001,57,24,10,5,6,17,SOLAR,"8,219",11,6,9
1650,06019,Fresno,CA,36.6175,-120.290833,1,364,85,39,35,8,13,20,SOLAR,"29,892",23,5,9
1651,06029,Kern,CA,34.844226,-118.458466,1,48,49,25,12,2,11,21,SOLAR,"270,521",16,4,9
1652,06029,Kern,CA,34.836649,-118.480204,1,29,50,27,12,6,10,21,SOLAR,"204,106",17,3,9
1653,06029,Kern,CA,35.20473,-118.06875,1,46,83,36,40,0,9,17,SOLAR,"169,495",6,0,9
1654,06067,Sacramento,CA,38.3475,-121.412777,1,11769,79,12,11,6,5,17,SOLAR,"10,832",12,5,9
1655,06067,Sacramento,CA,38.3475,-121.412777,1,11769,79,12,11,6,5,17,SOLAR,"10,707",12,5,9
1656,06067,Sacramento,CA,38.3475,-121.412777,1,11769,79,12,11,6,5,17,SOLAR,"11,095",12,5,9
1657,06029,Kern,CA,35.026667,-118.185556,1,3588,80,49,20,11,7,27,SOLAR,"117,637",12,7,9
1658,06029,Kern,CA,35.024722,-118.164167,1,3304,79,49,20,12,6,27,SOLAR,"21,896",12,7,9
1659,06029,Kern,CA,35.026667,-118.185556,1,3588,80,49,20,11,7,27,SOLAR,"34,227",12,7,9
1660,06067,Sacramento,CA,38.468611,-121.181944,1,2240,43,11,7,6,4,16,SOLAR,"6,183",25,3,9
1661,06067,Sacramento,CA,38.466111,-121.177778,1,1888,41,11,6,5,3,16,SOLAR,"6,223",25,3,9
1662,06067,Sacramento,CA,38.461944,-121.180278,1,2100,41,11,6,5,3,16,SOLAR,"6,185",24,3,9
1664,06029,Kern,CA,34.825267,-118.524989,1,67,47,28,11,5,9,21,SOLAR,"383,700",18,3,9
1665,06029,Kern,CA,34.821453,-118.497406,1,49,51,29,12,7,9,22,SOLAR,"47,916",18,3,9
1666,06029,Kern,CA,34.834944,-118.551181,1,111,45,31,11,8,6,22,SOLAR,"88,962",20,3,9
1667,06029,Kern,CA,34.834944,-118.551181,1,111,45,31,11,8,6,22,SOLAR,"46,323",20,3,9
1668,06029,Kern,CA,34.827873,-118.568178,1,285,49,33,12,10,5,22,SOLAR,"44,344",21,3,9
1669,06029,Kern,CA,34.834944,-118.551181,1,111,45,31,11,8,6,22,SOLAR,"44,248",20,3,9
1670,06067,Sacramento,CA,38.365053,-121.381101,1,25081,68,17,9,5,6,17,SOLAR,"11,262",18,6,9
1671,06067,Sacramento,CA,38.365053,-121.381101,1,25081,68,17,9,5,6,17,SOLAR,"11,262",18,6,9
1672,06067,Sacramento,CA,38.365053,-121.381101,1,25081,68,17,9,5,6,17,SOLAR,"11,264",18,6,9
1673,06031,Kings,CA,36.247778,-119.833889,1,3989,56,43,6,5,10,2,SOLAR,"38,737",2,13,9
1674,06031,Kings,CA,36.226111,-119.834167,1,1350,70,47,41,12,8,22,SOLAR,"51,096",4,9,9
1675,06031,Kings,CA,36.226111,-119.905278,1,5383,54,43,2,5,9,0,SOLAR,"40,632",0,14,9
1676,06067,Sacramento,CA,38.302594,-121.295819,1,16216,51,18,12,5,4,17,SOLAR,"11,577",16,4,9
1677,06067,Sacramento,CA,38.302594,-121.295819,1,16216,51,18,12,5,4,17,SOLAR,"11,497",16,4,9
1678,06067,Sacramento,CA,38.302594,-121.295819,1,16216,51,18,12,5,4,17,SOLAR,"11,568",16,4,9
1679,06067,Sacramento,CA,38.302594,-121.295819,1,16216,51,18,12,5,4,17,SOLAR,"11,502",16,4,9
1680,06067,Sacramento,CA,38.302594,-121.295819,1,16216,51,18,12,5,4,17,SOLAR,"11,441",16,4,9
1681,06067,Sacramento,CA,38.302594,-121.295819,1,16216,51,18,12,5,4,17,SOLAR,"11,415",16,4,9
1682,06031,Kings,CA,36.221667,-119.903056,1,3807,54,43,3,5,9,0,SOLAR,"149,940",0,14,9
1683,06029,Kern,CA,35.223333,-119.088889,1,1629,74,48,27,6,20,17,SOLAR,"34,694",19,6,9
1684,06029,Kern,CA,35.00745,-118.16451,1,1536,73,66,30,23,4,26,SOLAR,"9,547",15,8,9
1685,06029,Kern,CA,34.9,-118.246944,1,1417,65,38,26,7,12,20,SOLAR,"49,075",13,7,9
1686,06029,Kern,CA,34.900278,-118.238333,1,1744,65,35,24,6,10,20,SOLAR,"38,038",14,6,9
1687,06019,Fresno,CA,36.581365,-120.40447,1,114,90,37,57,18,17,17,SOLAR,"450,448",18,8,9
1688,06071,San Bernardino,CA,34.51231,-117.47753,1,11080,85,40,26,8,10,19,SOLAR,"39,532",6,10,9
1689,06107,Tulare,CA,36.353675,-119.400823,1,11098,64,30,22,4,4,18,SOLAR,"1,918",11,6,9
1690,06071,San Bernardino,CA,34.11193,-117.27326,1,140850,89,55,35,11,7,23,SOLAR,"4,159",9,7,9
1691,06029,Kern,CA,34.83,-118.32,1,527,48,23,12,0,12,20,SOLAR,"246,793",15,4,9
1692,06037,Los Angeles,CA,34.665556,-118.288056,1,12054,50,17,6,2,6,20,SOLAR,"3,207",17,6,9
1693,06037,Los Angeles,CA,34.665556,-118.286944,1,12471,51,17,6,2,6,20,SOLAR,495,17,6,9
1694,06061,Placer,CA,39.000999,-120.725053,1,259,9,50,3,1,15,15,HYDRO,"459,900",42,3,9
1695,06073,San Diego,CA,33.012222,-116.875,1,18755,47,28,17,5,4,18,SOLAR,"3,584",14,6,9
1696,06073,San Diego,CA,33.012222,-116.875,1,18755,47,28,17,5,4,18,SOLAR,"8,903",14,6,9
1697,06073,San Diego,CA,33.018486,-116.860713,1,21275,45,26,16,4,4,18,SOLAR,"2,715",15,6,9
1698,06067,Sacramento,CA,38.576571,-121.291035,1,74748,51,31,12,6,6,20,SOLAR,"2,162",13,7,9
1699,06071,San Bernardino,CA,34.100278,-117.552778,1,122616,74,22,9,7,5,15,SOLAR,"2,476",11,7,9
1700,06067,Sacramento,CA,38.346814,-121.119839,1,669,32,10,2,0,8,18,SOLAR,"171,079",17,6,9
1701,06067,Sacramento,CA,38.339857,-121.114494,1,683,32,10,2,0,8,18,SOLAR,"13,262",17,6,9
1702,06037,Los Angeles,CA,34.08145,-118.15191,1,267048,88,31,21,19,7,15,GAS,"7,813",17,5,9
1703,06103,Tehama,CA,40.1501,-122.2124,1,16288,28,49,10,0,8,22,GAS,"11,900",18,6,9
1704,06073,San Diego,CA,33.3944,-117.1889,1,13350,45,23,9,3,7,15,HYDRO,"23,123",25,6,9
1705,06029,Kern,CA,35.321944,-118.812778,1,43,71,55,29,7,18,15,SOLAR,"28,029",17,8,9
1706,06089,Shasta,CA,40.507292,-122.423281,1,10431,21,29,7,1,10,20,GAS,"363,815",22,6,9
1707,06071,San Bernardino,CA,34.03625,-117.206211,1,59974,59,26,10,3,7,19,GAS,"9,052",16,6,9
1708,06029,Kern,CA,35.314198,-118.81192,1,47,66,52,28,7,16,16,SOLAR,"41,957",18,7,9
1709,06023,Humboldt,CA,40.967222,-124.104444,1,15973,27,30,6,0,9,19,SOLAR,27,17,7,9
1710,06019,Fresno,CA,36.60563,-119.4577,1,27365,85,45,32,13,10,16,SOLAR,"3,956",11,9,9
1711,06077,San Joaquin,CA,37.9369,-121.3294,1,90075,83,43,27,11,6,21,BIOMASS,"4,088",11,7,9
1712,06029,Kern,CA,35.3,-118.851944,1,187,85,69,41,10,19,17,SOLAR,"144,518",8,7,9
1713,06067,Sacramento,CA,38.39945,-121.29319,1,12577,59,14,9,4,6,17,SOLAR,"2,858",14,6,9
1714,06071,San Bernardino,CA,35.00656,-117.54484,1,16,25,34,16,0,16,14,SOLAR,"93,741",18,1,9
1715,06071,San Bernardino,CA,35.00656,-117.54484,1,16,25,34,16,0,16,14,SOLAR,"46,273",18,1,9
1717,06073,San Diego,CA,32.583571,-116.930907,1,11657,73,16,19,3,3,17,GAS,0,5,5,9
1718,06013,Contra Costa,CA,37.9418,-122.3909,1,74659,90,38,31,13,7,20,GAS,"912,307",11,6,9
1719,06029,Kern,CA,35.074,-118.3153,1,84,20,47,11,0,5,20,WIND,"119,524",24,1,9
1720,06029,Kern,CA,35.0697,-118.3167,1,84,20,47,11,0,5,20,WIND,"31,064",24,1,9
1721,06019,Fresno,CA,36.688915,-119.723218,1,45292,88,46,28,11,10,20,BIOMASS,"145,082",10,8,9
1722,06029,Kern,CA,35.43,-118.8222,1,4126,34,13,3,1,4,16,HYDRO,"30,692",37,3,9
1723,06061,Placer,CA,38.8319,-121.313652,1,57978,37,11,2,2,4,12,BIOMASS,"146,628",13,6,9
1726,06037,Los Angeles,CA,34.004722,-118.09917,1,185782,93,31,26,13,5,16,HYDRO,"1,429",16,5,9
1727,06077,San Joaquin,CA,37.7315,-121.116,1,31495,50,22,13,2,7,18,GAS,"9,709",14,7,9
1728,06029,Kern,CA,35.0775,-118.218333,1,1942,85,40,14,5,9,27,WIND,"213,376",11,7,9
1729,06029,Kern,CA,35.088889,-118.206389,1,1878,84,40,14,4,9,27,WIND,"47,713",11,7,9
1730,06029,Kern,CA,35.060556,-118.243333,1,410,84,41,15,5,9,27,WIND,"261,726",11,8,9
1731,06065,Riverside,CA,33.9636,-117.4528,1,121065,78,33,23,6,7,19,GAS,"52,644",11,7,9
1732,06065,Riverside,CA,33.9617,-117.455897,1,119971,78,34,23,7,7,19,BIOMASS,"9,448",11,7,9
1733,06013,Contra Costa,CA,38.014423,-121.790679,1,70773,72,29,14,6,8,21,GAS,"27,866",14,7,9
1734,06089,Shasta,CA,40.882061,-121.948353,1,245,34,48,11,1,23,19,HYDRO,"6,523",24,2,9
1735,06017,El Dorado,CA,38.896511,-120.378292,1,1,44,2,6,0,0,17,HYDRO,"69,067",22,20,9
1736,06099,Stanislaus,CA,37.8583,-120.8917,1,934,16,15,9,2,10,20,SOLAR,"1,703",22,5,9
1737,06063,Plumas,CA,39.90521,-121.345226,1,3,45,44,0,0,10,24,HYDRO,"478,926",21,0,9
1738,06017,El Dorado,CA,38.78342,-120.778506,1,2642,14,20,6,1,3,19,HYDRO,605,23,3,9
1739,06025,Imperial,CA,32.9553,-115.5364,1,26683,87,48,25,22,18,17,GAS,"3,907",12,9,9
1740,06037,Los Angeles,CA,34.713333,-118.289444,1,1046,34,18,15,7,12,22,SOLAR,"3,458",12,11,9
1741,06037,Los Angeles,CA,34.713333,-118.289444,1,1046,34,18,15,7,12,22,SOLAR,"3,513",12,11,9
1742,06029,Kern,CA,35.734167,-119.236667,1,23135,95,47,39,28,12,19,GAS,"8,928",11,6,9
1743,06029,Kern,CA,35.739722,-119.238056,1,30245,96,49,39,27,11,19,GAS,"7,388",10,6,9
1744,06029,Kern,CA,35.653056,-119.889722,1,8,93,54,52,48,12,24,GAS,"5,506",5,7,9
1745,06061,Placer,CA,39.134259,-120.953341,1,5386,15,23,7,0,6,14,HYDRO,"73,093",28,3,9
1746,06093,Siskiyou,CA,41.435556,-122.376944,1,3239,37,53,13,7,8,22,BIOMASS,"57,447",19,5,9
1747,06061,Placer,CA,38.7928,-121.3811,1,47952,39,11,3,2,4,15,GAS,"343,566",22,7,9
1748,06061,Placer,CA,38.810677,-121.323807,1,64134,38,12,3,2,4,13,GAS,"3,992",15,6,9
1749,06071,San Bernardino,CA,34.766389,-117.323611,1,5466,54,19,8,2,3,14,SOLAR,"2,576",19,4,9
1750,06051,Mono,CA,37.766954,-119.123284,1,297,7,20,0,9,0,18,HYDRO,"40,402",46,6,9
1751,06001,Alameda,CA,37.63466,-122.13381,1,82760,87,20,18,12,6,18,GAS,"1,788,403",14,6,9
1752,06037,Los Angeles,CA,34.643889,-118.163056,1,55144,62,28,15,4,6,18,SOLAR,"2,622",14,8,9
1753,06071,San Bernardino,CA,34.075594,-117.287339,1,99769,85,47,25,11,7,20,BIOMASS,"9,453",13,6,9
1754,06085,Santa Clara,CA,37.361667,-121.943611,1,171284,69,16,7,9,4,15,OIL,108,11,6,9
1755,06085,Santa Clara,CA,37.35106,-121.90551,1,212640,74,25,15,13,5,15,GAS,"7,024",11,5,9
1756,06019,Fresno,CA,36.885463,-119.731899,1,62097,47,14,4,5,4,15,SOLAR,"2,031",16,5,9
1757,06019,Fresno,CA,36.76655,-119.79858,1,167862,80,56,29,12,12,22,SOLAR,"3,799",11,8,9
1758,06067,Sacramento,CA,38.690186,-121.586514,1,6125,73,16,9,6,2,15,SOLAR,"11,789",10,6,9
1759,06071,San Bernardino,CA,34.473889,-117.562778,1,9807,57,52,15,5,13,21,SOLAR,"3,286",10,8,9
1760,06071,San Bernardino,CA,34.471389,-117.562222,1,9780,57,52,14,5,13,21,SOLAR,"2,376",10,8,9
1761,06071,San Bernardino,CA,34.415278,-117.47,1,8389,51,30,12,4,9,20,SOLAR,"3,790",11,7,9
1762,06071,San Bernardino,CA,34.4175,-117.469722,1,8720,51,30,12,3,9,20,SOLAR,"3,492",11,7,9
1763,06071,San Bernardino,CA,34.413056,-117.470833,1,8034,50,30,12,4,9,20,SOLAR,"3,382",11,7,9
1764,06085,Santa Clara,CA,37.34994,-121.94064,1,186293,67,17,8,9,4,16,GAS,"10,948",12,5,9
1765,06073,San Diego,CA,32.906111,-117.121389,1,112559,68,17,8,8,5,14,SOLAR,"1,477",14,6,9
1766,06073,San Diego,CA,33.21,-117.170556,1,17426,45,25,11,2,8,16,SOLAR,45,19,7,9
1767,06065,Riverside,CA,33.751283,-115.35499,1,276,53,63,19,2,31,20,SOLAR,"575,343",29,14,9
1768,06071,San Bernardino,CA,35.033,-117.338,1,32,20,22,9,0,33,14,SOLAR,"109,177",19,1,9
1769,06037,Los Angeles,CA,34.618861,-117.939444,1,830,90,48,30,10,7,23,SOLAR,"2,973",13,5,9
1770,06037,Los Angeles,CA,34.613602,-117.93439,1,1675,90,47,33,10,8,23,SOLAR,"5,096",13,6,9
1771,06071,San Bernardino,CA,34.174167,-116.152778,1,1485,51,58,11,7,11,20,SOLAR,"4,440",15,20,9
1772,06071,San Bernardino,CA,34.171944,-116.1525,1,1731,48,54,10,6,10,20,SOLAR,"32,789",14,19,9
1773,06083,Santa Barbara,CA,34.904711,-119.584995,1,185,40,38,8,10,8,17,SOLAR,107,24,7,9
1774,06025,Imperial,CA,32.792038,-115.773448,1,3442,88,44,42,9,31,1,SOLAR,"5,309",4,2,9
1775,06025,Imperial,CA,32.79411,-115.779317,1,3443,88,44,42,9,31,1,SOLAR,"6,994",4,2,9
1776,06029,Kern,CA,35.022903,-118.282694,1,22,29,52,16,6,9,18,SOLAR,"51,147",21,3,9
1777,06037,Los Angeles,CA,34.613056,-117.938889,1,2097,90,47,33,10,8,23,SOLAR,"24,279",13,6,9
1778,06037,Los Angeles,CA,34.733011,-118.138525,1,39588,78,52,21,6,9,23,SOLAR,"14,465",12,6,9
1779,06071,San Bernardino,CA,34.192222,-116.090278,1,4357,53,53,7,5,3,13,SOLAR,"24,447",8,16,9
1780,06075,San Francisco,CA,37.739722,-122.3925,1,318873,67,22,13,10,6,16,BIOMASS,235,14,5,9
1781,06095,Solano,CA,38.132245,-122.231965,1,113758,78,26,13,8,6,19,SOLAR,"10,028",17,5,9
1782,06085,Santa Clara,CA,37.4344,-121.9464,1,96128,85,12,8,11,4,10,GAS,"71,576",9,6,9
1783,06067,Sacramento,CA,38.237778,-121.3375,1,16472,54,31,21,7,9,20,SOLAR,"4,091",16,6,9
1784,06067,Sacramento,CA,38.364722,-121.41278,1,42484,79,17,8,6,4,17,SOLAR,"24,161",13,6,9
1785,06067,Sacramento,CA,38.338868,-121.431342,1,5779,73,11,12,5,5,16,SOLAR,"4,194",7,4,9
1786,06067,Sacramento,CA,38.253056,-121.278888,1,29068,51,25,15,6,6,18,SOLAR,"1,310",15,6,9
1788,06089,Shasta,CA,40.472283,-122.324205,1,18481,22,40,13,3,5,24,BIOMASS,"141,622",20,7,9
1789,06081,San Mateo,CA,37.455314,-122.172797,1,158981,60,18,12,6,5,13,GAS,"27,275",14,5,9
1790,06065,Riverside,CA,33.980601,-117.375494,1,116715,75,38,20,7,8,18,SOLAR,"4,842",9,6,9
1791,06067,Sacramento,CA,38.587222,-121.457778,1,157250,56,36,12,5,7,19,SOLAR,"2,083",14,5,9
1792,06067,Sacramento,CA,38.554802,-121.416791,1,145134,56,36,12,6,7,18,SOLAR,"1,128",15,5,9
1793,06061,Placer,CA,39.048802,-121.316966,1,747,26,18,10,1,4,20,HYDRO,"22,655",22,2,9
1794,06067,Sacramento,CA,38.596314,-121.428022,1,150423,58,40,14,5,8,20,SOLAR,"2,196",14,6,9
1795,06067,Sacramento,CA,38.448604,-121.46369,1,129027,80,33,17,9,8,19,SOLAR,"7,383",12,6,9
1797,06029,Kern,CA,35.0477,-118.2628,1,17,20,47,11,0,5,20,OTHF," (12,469)",24,1,9
1798,06019,Fresno,CA,36.8347,-119.7667,1,140159,57,32,9,5,7,18,GAS,"29,489",16,6,9
1799,06037,Los Angeles,CA,34.030318,-118.47844,1,232757,39,22,4,5,6,14,GAS,0,17,5,9
1800,06053,Monterey,CA,35.9515,-120.8679,1,71,47,33,14,2,12,11,GAS,"203,562",21,6,9
1801,06065,Riverside,CA,33.914986,-116.71026,1,1976,47,39,17,4,5,21,WIND,"6,651",23,7,9
1802,06005,Amador,CA,38.497914,-120.21811,1,8,19,37,13,0,6,18,HYDRO,"200,847",25,3,9
1803,06025,Imperial,CA,33.1589,-115.6455,1,17,84,86,28,10,1,21,GEOTHERMAL,"98,488",8,12,9
1804,06025,Imperial,CA,33.158153,-115.638656,1,35,84,86,28,10,1,21,GEOTHERMAL,"336,510",8,12,9
1805,06025,Imperial,CA,33.157,-115.6386,1,35,84,86,28,10,1,21,GEOTHERMAL,"319,695",8,12,9
1806,06025,Imperial,CA,33.158,-115.6475,1,17,84,86,28,10,1,21,GEOTHERMAL,"75,893",8,12,9
1807,06025,Imperial,CA,33.1533,-115.6384,1,27,84,86,28,10,1,21,GEOTHERMAL,"302,798",8,12,9
1808,06071,San Bernardino,CA,34.1019,-117.6381,1,188558,75,29,17,8,6,17,GAS,"10,742",13,7,9
1809,06065,Riverside,CA,33.965617,-117.659059,1,62090,81,20,11,11,6,17,SOLAR,"1,575",9,8,9
1810,06073,San Diego,CA,32.590258,-116.91949,1,11849,75,13,19,3,3,17,SOLAR,"4,835",5,6,9
1811,06073,San Diego,CA,33.190283,-117.255584,1,144656,58,25,15,5,6,16,SOLAR,"2,810",15,7,9
1812,06073,San Diego,CA,32.805901,-117.167738,1,153898,51,21,8,5,6,16,GAS,"6,491",14,5,9
1814,06073,San Diego,CA,32.778225,-117.070114,1,202939,57,33,13,8,6,17,GAS,"58,084",13,6,9
1815,06037,Los Angeles,CA,34.1275,-117.7958,1,73014,56,18,6,5,6,17,HYDRO,"24,619",19,5,9
1816,06037,Los Angeles,CA,34.124171,-117.805091,1,82489,58,19,7,5,6,17,HYDRO,"2,938",19,4,9
1817,06037,Los Angeles,CA,34.312778,-118.492778,1,77408,76,25,22,9,6,17,HYDRO,"17,740",14,6,9
1818,06037,Los Angeles,CA,34.590183,-118.454676,1,187,23,31,12,3,14,1,HYDRO,"220,192",20,2,9
1819,06037,Los Angeles,CA,34.534337,-118.525113,1,82,51,15,6,4,6,15,HYDRO,"69,036",12,4,9
1820,06037,Los Angeles,CA,34.204311,-117.855714,1,277,37,15,11,3,10,11,HYDRO,"5,625",20,3,9
1821,06065,Riverside,CA,33.926111,-116.615,1,1168,69,57,15,6,4,20,WIND,"61,820",11,6,9
1822,06065,Riverside,CA,33.934,-116.5781,1,1822,78,40,27,10,10,20,WIND,"112,404",11,5,9
1823,06065,Riverside,CA,33.918395,-116.573906,1,1480,77,43,26,10,9,20,WIND,"204,344",10,5,9
1824,06039,Madera,CA,37.203233,-119.497508,1,1785,29,39,12,0,15,20,HYDRO,328,34,4,9
1826,06019,Fresno,CA,36.527,-120.149,1,58,94,54,33,28,9,20,SOLAR,"37,171",8,4,9
1827,06085,Santa Clara,CA,37.336113,-121.878332,1,266999,82,28,22,16,5,16,GAS,"26,230",12,5,9
1828,06071,San Bernardino,CA,34.151193,-117.23025,1,105221,81,42,28,7,6,21,GAS,"26,534",10,8,9
1829,06037,Los Angeles,CA,34.723748,-118.280345,1,1385,35,21,16,8,11,22,SOLAR,"236,082",12,10,9
1830,06029,Kern,CA,35.027264,-118.139236,1,2360,77,53,22,14,5,27,OTHF," (16,190)",13,7,9
1831,06029,Kern,CA,35.027264,-118.140078,1,2431,77,53,22,14,5,27,OTHF," (23,211)",13,7,9
1832,06029,Kern,CA,35.027031,-118.139528,1,2431,77,53,22,14,5,27,OTHF," (3,458)",13,7,9
1833,06029,Kern,CA,34.958108,-118.107842,1,495,40,53,21,10,11,17,OTHF," (1,073)",20,4,9
1835,06031,Kings,CA,35.982778,-120.110277,1,12923,91,53,51,28,9,15,SOLAR,"33,416",5,7,9
1837,06071,San Bernardino,CA,34.107245,-117.099091,1,8436,65,32,15,1,5,20,HYDRO,424,15,8,9
1838,06059,Orange,CA,33.715016,-117.853984,1,260162,86,35,29,11,5,16,OTHF," (10,177)",10,6,9
1839,06085,Santa Clara,CA,37.364297,-121.944238,1,164637,70,15,6,9,4,15,GAS,"15,274",10,6,9
1840,06087,Santa Cruz,CA,36.973333,-122.105556,1,9461,53,48,3,1,11,1,BIOMASS,"9,971",7,2,9
1841,06037,Los Angeles,CA,33.910833,-118.044444,1,198051,85,24,17,9,5,16,SOLAR,"2,143",15,6,9
1842,06037,Los Angeles,CA,33.910833,-118.044444,1,198051,85,24,17,9,5,16,SOLAR,"2,203",15,6,9
1845,06001,Alameda,CA,37.719166,-121.886944,1,109665,72,8,4,7,4,12,GAS,"11,100",10,6,9
1846,06001,Alameda,CA,37.719167,-121.886944,1,109665,72,8,4,7,4,12,GAS,"13,069",10,6,9
1847,06097,Sonoma,CA,38.46905,-122.72188,1,106124,46,24,15,6,5,19,SOLAR,"1,826",17,5,9
1849,06111,Ventura,CA,34.256691,-119.15726,1,89849,67,22,15,6,6,15,OTHF," (16,970)",13,5,9
1850,06037,Los Angeles,CA,33.918151,-118.427648,1,58105,35,10,2,2,5,14,GAS,"1,357,901",15,4,9
1851,06057,Nevada,CA,39.272108,-120.932508,1,3072,10,31,2,0,5,16,HYDRO,"5,002",30,4,9
1852,06073,San Diego,CA,32.586536,-117.004884,1,95960,87,19,13,6,7,17,SOLAR,"1,858",11,6,9
1853,06039,Madera,CA,36.945582,-120.056016,1,73341,88,53,40,18,13,21,SOLAR,"5,571",9,8,9
1854,06025,Imperial,CA,32.7144,-115.5356,1,16438,99,50,31,38,11,12,GEOTHERMAL,"326,579",13,8,9
1855,06065,Riverside,CA,33.934167,-116.571388,1,2583,75,37,24,8,11,20,GAS,"554,364",11,6,9
1856,06037,Los Angeles,CA,34.0969,-118.4795,1,62803,41,25,3,3,10,7,HYDRO,0,15,3,9
1859,06029,Kern,CA,35.393333,-119.127778,1,87820,45,19,8,2,6,15,SOLAR,"48,212",11,8,9
1860,06089,Shasta,CA,40.717455,-122.422274,1,1122,12,41,7,0,14,22,HYDRO,"1,739,857",28,5,9
1861,06089,Shasta,CA,41.031389,-121.4225,1,1183,38,41,13,0,12,16,SOLAR,"5,733",23,11,9
1862,06071,San Bernardino,CA,34.571845,-117.576176,1,353,81,66,40,5,10,22,SOLAR,"1,846",12,4,9
1863,06081,San Mateo,CA,37.61909,-122.4289,1,121125,73,14,9,10,4,16,SOLAR,"3,383",18,5,9
1864,06095,Solano,CA,38.12,-121.85,1,99,52,25,14,0,0,18,WIND,"418,310",14,7,9
1865,06095,Solano,CA,38.169444,-121.846944,1,97,54,25,20,8,5,18,WIND,"275,625",20,6,9
1866,06095,Solano,CA,38.137488,-121.855342,1,119,52,25,14,0,0,18,WIND,"294,363",14,7,9
1867,06095,Solano,CA,38.1711,-121.8461,1,90,55,24,21,9,5,18,WIND,"431,672",20,6,9
1868,06007,Butte,CA,39.724167,-121.815278,1,72287,32,43,7,2,7,18,GAS,"9,293",14,4,9
1869,06089,Shasta,CA,40.8767,-121.7016,1,3157,17,26,12,0,13,25,BIOMASS,"94,493",30,9,9
1870,06109,Tuolumne,CA,37.883393,-120.454433,1,493,22,31,10,0,27,14,SOLAR,"4,895",27,3,9
1871,06103,Tehama,CA,40.121389,-122.191944,1,2097,23,41,9,2,14,22,SOLAR,"16,584",22,4,9
1872,06061,Placer,CA,38.9032,-121.3097,1,36327,36,18,6,1,4,13,BIOMASS,"87,871",20,7,9
1873,06063,Plumas,CA,39.941165,-120.909211,1,5010,24,24,10,2,7,20,BIOMASS,"171,460",21,4,9
1874,06109,Tuolumne,CA,37.966389,-120.317777,1,8714,14,19,7,1,4,19,BIOMASS,"33,981",38,2,9
1875,06037,Los Angeles,CA,34.703611,-118.334167,1,375,36,15,10,3,11,21,SOLAR,"33,921",13,10,9
1876,06037,Los Angeles,CA,33.811182,-118.175645,1,293062,80,37,22,8,7,19,OTHF,"35,187",12,5,9
1877,06081,San Mateo,CA,37.542619,-122.231119,1,59220,64,9,4,7,5,15,BIOMASS,"4,725",16,6,9
1878,06041,Marin,CA,38.153474,-122.56565,1,8126,30,18,5,5,6,15,SOLAR,869,29,3,9
1880,06025,Imperial,CA,32.7792,-114.6344,1,998,73,63,14,15,22,28,HYDRO,"12,793",14,9,9
1881,06039,Madera,CA,37.056803,-119.899706,1,67,27,7,11,3,9,21,HYDRO,"6,277",24,1,9
1883,06089,Shasta,CA,40.976859,-122.456251,1,51,14,30,6,0,9,20,HYDRO,"10,985",39,0,9
1884,06031,Kings,CA,36.226955,-119.8948,1,6349,54,43,3,5,9,0,SOLAR,"701,610",0,14,9
1885,06007,Butte,CA,39.580413,-121.119479,1,122,35,56,11,1,12,21,HYDRO,"41,105",26,10,9
1886,06065,Riverside,CA,33.767061,-116.905874,1,55556,63,44,19,4,9,23,SOLAR,"3,313",15,7,9
1887,06025,Imperial,CA,32.803333,-115.546389,1,50381,92,46,28,18,11,17,SOLAR,"46,213",14,7,9
1888,06095,Solano,CA,38.2494,-122.0394,1,102542,75,28,16,6,7,21,GAS,"7,566",14,7,9
1889,06095,Solano,CA,38.116415,-121.769031,1,56,46,28,13,2,1,18,WIND,"518,275",18,6,9
1890,06031,Kings,CA,36.173967,-119.904349,1,22,95,61,59,40,7,22,SOLAR,"29,421",12,8,9
1891,06065,Riverside,CA,33.618678,-114.696182,1,1093,75,65,31,1,8,20,SOLAR,"40,522",9,16,9
1892,06065,Riverside,CA,33.5917,-114.7444,1,928,78,70,34,0,8,20,SOLAR,"40,522",7,18,9
1893,06073,San Diego,CA,33.298889,-116.35083,1,742,28,22,8,4,5,19,SOLAR,"64,610",39,2,9
1894,06025,Imperial,CA,33.08,-115.47,1,43,64,37,34,15,10,16,SOLAR,"376,549",14,6,9
1895,06037,Los Angeles,CA,34.648889,-118.076667,1,26267,82,39,16,3,9,22,SOLAR,"51,312",9,6,9
1896,06071,San Bernardino,CA,33.985244,-117.700826,1,100864,78,22,13,9,6,18,SOLAR, (19),12,6,9
1897,06071,San Bernardino,CA,34.094279,-117.400113,1,186280,91,39,30,9,8,19,SOLAR, (15),9,6,9
1898,06071,San Bernardino,CA,34.086276,-117.230571,1,80319,79,45,24,8,9,21,SOLAR,255,10,6,9
1899,06071,San Bernardino,CA,34.041389,-117.573055,1,44562,83,23,12,5,6,11,SOLAR,74,9,7,9
1900,06071,San Bernardino,CA,34.086111,-117.2275,1,81555,78,44,24,7,9,21,SOLAR,125,10,7,9
1901,06071,San Bernardino,CA,34.041944,-117.565,1,38047,81,24,10,5,6,10,SOLAR, (2),9,7,9
1902,06071,San Bernardino,CA,34.042778,-117.571666,1,42581,82,24,12,5,6,10,SOLAR, (11),9,7,9
1903,06071,San Bernardino,CA,34.075,-117.516944,1,66362,87,29,22,7,7,19,SOLAR, (8),9,7,9
1904,06071,San Bernardino,CA,34.075833,-117.241388,1,67208,76,41,20,8,8,21,SOLAR,175,13,6,9
1906,06071,San Bernardino,CA,34.083499,-117.23557,1,80074,78,45,24,8,9,21,SOLAR, (19),11,6,9
1907,06071,San Bernardino,CA,34.079167,-117.516666,1,66008,86,27,20,7,7,19,SOLAR, (13),9,7,9
1908,06071,San Bernardino,CA,34.085556,-117.233611,1,78212,80,46,25,8,9,21,SOLAR, (8),10,6,9
1909,06071,San Bernardino,CA,34.072778,-117.503333,1,75486,89,32,27,8,8,20,SOLAR, (21),9,6,9
1910,06071,San Bernardino,CA,34.083333,-117.516388,1,71324,84,27,18,7,6,18,SOLAR, (12),9,6,9
1911,06071,San Bernardino,CA,34.08,-117.2114,1,83744,72,34,16,6,8,20,SOLAR,8,12,6,9
1912,06071,San Bernardino,CA,34.080833,-117.520277,1,65008,85,27,18,7,6,18,SOLAR, (15),9,7,9
1913,06071,San Bernardino,CA,34.131214,-117.425324,1,158330,88,31,21,6,6,18,SOLAR,"1,318",9,7,9
1914,06071,San Bernardino,CA,34.131111,-117.421666,1,156654,88,31,21,6,6,18,SOLAR,41,9,7,9
1915,06071,San Bernardino,CA,34.094167,-117.274166,1,115304,89,55,34,14,7,23,SOLAR,221,10,6,9
1916,06071,San Bernardino,CA,34.031667,-117.571944,1,42234,81,22,13,5,6,11,SOLAR,286,10,7,9
1917,06071,San Bernardino,CA,34.0325,-117.569166,1,41369,82,22,12,5,6,10,SOLAR,328,9,7,9
1918,06107,Tulare,CA,36.028056,-119.074722,1,11492,75,44,30,15,8,22,SOLAR,"6,908",11,7,9
1919,06071,San Bernardino,CA,34.081111,-117.228056,1,82533,76,41,21,7,8,21,SOLAR,682,12,6,9
1920,06029,Kern,CA,34.8181,-118.4036,1,113,49,24,11,2,12,21,SOLAR,"844,421",15,4,9
1921,06029,Kern,CA,34.848611,-118.352778,1,273,49,23,11,0,13,20,SOLAR,"653,575",15,4,9
1922,06067,Sacramento,CA,38.516389,-121.47528,1,184006,74,40,18,10,8,20,SOLAR,"3,496",14,7,9
1923,06029,Kern,CA,34.839012,-118.386843,1,155,49,23,11,0,13,20,SOLAR,"146,803",15,4,9
1924,06037,Los Angeles,CA,34.511889,-117.922819,1,3283,65,51,28,4,8,18,SOLAR,"24,396",18,5,9
1925,06085,Santa Clara,CA,37.411011,-122.148864,1,122516,52,11,3,7,4,11,SOLAR,"2,120",16,5,9
1926,06037,Los Angeles,CA,34.655694,-118.298166,1,5918,43,16,7,2,8,20,SOLAR,"193,487",23,6,9
1927,06033,Lake,CA,38.7903,-122.7559,1,259,8,17,6,0,14,18,GEOTHERMAL,"431,536",37,0,9
1928,06097,Sonoma,CA,38.3017,-122.7489,1,7853,27,15,6,6,5,11,BIOMASS,"8,117",19,4,9
1929,06097,Sonoma,CA,38.3017,-122.7489,1,7853,27,15,6,6,5,11,BIOMASS,"6,635",19,4,9
1930,06097,Sonoma,CA,38.3017,-122.7489,1,7853,27,15,6,6,5,11,BIOMASS,0,19,4,9
1931,06109,Tuolumne,CA,37.889753,-120.528723,1,2305,68,55,31,0,4,0,SOLAR,"2,734",4,0,9
1932,06055,Napa,CA,38.237422,-122.275184,1,2058,46,28,25,8,2,13,SOLAR,"4,313",21,4,9
1933,06103,Tehama,CA,40.395396,-121.879186,1,202,13,34,11,0,15,23,HYDRO,"17,860",41,0,9
1935,06029,Kern,CA,35.4206,-118.9644,1,60308,75,50,25,9,8,21,GAS,"90,850",13,8,9
1936,06037,Los Angeles,CA,33.759236,-118.239922,1,81649,90,50,34,16,8,18,BIOMASS,"120,708",10,6,9
1937,06057,Nevada,CA,39.324613,-120.644807,1,43,13,15,3,0,5,17,HYDRO,"36,563",21,2,9
1938,06057,Nevada,CA,39.324592,-120.645375,1,43,13,15,3,0,5,17,HYDRO,"2,247",21,2,9
1939,06057,Nevada,CA,39.337679,-120.635467,1,35,13,16,3,0,5,17,HYDRO,"18,333",21,2,9
1941,06025,Imperial,CA,32.911111,-115.568056,1,268,53,35,16,6,23,20,GAS,"15,827",8,9,9
1942,06089,Shasta,CA,40.628115,-122.467509,1,2483,19,31,7,0,8,21,HYDRO,"204,328",23,6,9
1944,06029,Kern,CA,35.171153,-118.001652,1,1305,70,49,25,9,13,23,SOLAR,"233,926",19,6,9
1945,06029,Kern,CA,35.249167,-117.955278,1,37,83,36,40,0,9,17,SOLAR,"291,556",6,0,9
1946,06029,Kern,CA,35.250031,-117.976847,1,47,83,36,40,0,9,17,SOLAR,"404,165",6,0,9
1947,06065,Riverside,CA,33.9308,-117.2933,1,88429,75,31,15,6,7,19,GAS,"11,083",10,6,9
1948,06111,Ventura,CA,34.2253,-119.0858,1,38467,53,21,8,5,5,16,HYDRO,363,19,7,9
1949,06097,Sonoma,CA,38.216841,-122.542866,1,1070,43,5,16,1,4,14,SOLAR,"1,601",15,9,9
1950,06091,Sierra,CA,39.470447,-120.10455,1,85,18,24,3,0,2,18,HYDRO,"6,498",23,0,9
1951,06085,Santa Clara,CA,37.43434,-122.16077,1,143357,55,14,8,6,4,12,SOLAR,"6,149",14,5,9
1952,06109,Tuolumne,CA,38.139048,-120.370325,1,1082,7,16,1,0,8,17,HYDRO,"334,487",33,6,9
1953,06059,Orange,CA,33.806779,-117.988626,1,277940,78,31,21,14,6,18,OTHF," (1,700)",15,6,9
1954,06059,Orange,CA,33.806801,-117.985758,1,282874,78,31,22,15,6,18,GAS,"2,252",15,6,9
1955,06037,Los Angeles,CA,33.881667,-118.0175,1,174596,80,22,11,11,5,16,SOLAR,"1,525",17,5,9
1956,06071,San Bernardino,CA,34.093684,-117.551044,1,104414,75,22,9,6,5,15,GAS,"4,212",10,7,9
1957,06071,San Bernardino,CA,35.6,-115.4,1,318,58,69,24,21,0,23,SOLAR,"618,539",21,0,9
1959,06031,Kings,CA,36.398796,-119.524252,1,267,54,34,36,23,6,19,BIOMASS,634,14,7,9
1960,06021,Glenn,CA,39.586864,-122.533248,1,99,18,14,13,5,0,15,HYDRO,"13,472",36,2,9
1961,06067,Sacramento,CA,38.643527,-121.505506,1,132718,75,27,12,6,5,16,SOLAR,"1,565",11,7,9
1963,06019,Fresno,CA,36.531389,-120.106944,1,97,92,49,24,19,12,20,SOLAR,"24,471",10,3,9
1964,06037,Los Angeles,CA,34.723056,-118.289722,1,1314,34,20,16,8,12,22,SOLAR,"11,071",12,10,9
1965,06037,Los Angeles,CA,34.723056,-118.289722,1,1314,34,20,16,8,12,22,SOLAR,"3,364",12,10,9
1966,06037,Los Angeles,CA,34.723056,-118.289722,1,1314,34,20,16,8,12,22,SOLAR,"3,235",12,10,9
1967,06037,Los Angeles,CA,34.723056,-118.289722,1,1314,34,20,16,8,12,22,SOLAR,"1,810",12,10,9
1968,06037,Los Angeles,CA,34.723056,-118.289722,1,1314,34,20,16,8,12,22,SOLAR,"1,987",12,10,9
1969,06037,Los Angeles,CA,34.714703,-118.311006,1,687,34,17,13,6,12,22,SOLAR,"40,865",12,10,9
1970,06001,Alameda,CA,37.761151,-121.69067,1,729,37,2,3,0,3,17,WIND,"180,016",9,9,9
1971,06031,Kings,CA,35.983056,-120.110277,1,12923,91,53,51,28,9,15,SOLAR,"34,335",5,7,9
1972,06047,Merced,CA,37.05758,-120.653625,1,810,73,42,37,23,11,21,SOLAR,"3,698",11,8,9
1973,06065,Riverside,CA,33.555267,-116.639647,1,1287,33,41,18,1,12,20,SOLAR,"7,657",30,2,9
1974,06071,San Bernardino,CA,34.097728,-117.544529,1,108943,75,21,9,6,5,16,SOLAR,906,9,6,9
1975,06071,San Bernardino,CA,34.03527,-117.5341,1,40546,82,26,22,6,7,18,SOLAR,"1,111",10,6,9
1976,06095,Solano,CA,38.232108,-122.092706,1,26558,67,22,12,8,6,18,SOLAR,747,14,7,9
1977,06065,Riverside,CA,33.567268,-114.917979,1,5654,85,0,37,0,0,0,SOLAR,"1,252",2,0,9
1978,06111,Ventura,CA,34.2089,-119.13,1,60705,90,35,33,14,6,18,SOLAR,"1,475",10,6,9
1979,06065,Riverside,CA,33.8672,-117.23,1,75730,92,33,24,6,8,16,SOLAR,"1,259",7,7,9
1980,06071,San Bernardino,CA,34.5975,-117.2,1,1263,47,42,11,1,6,23,SOLAR,969,19,1,9
1982,06065,Riverside,CA,33.803,-115.402,1,2,53,63,19,2,31,20,OTHF," (24,360)",29,14,9
1983,06029,Kern,CA,35.2581,-119.1492,1,2680,78,24,6,2,5,19,SOLAR,847,3,6,9
1984,06085,Santa Clara,CA,37.4194,-122.0153,1,61178,77,15,9,9,4,16,GAS,"9,664",11,6,9
1985,06071,San Bernardino,CA,34.863356,-116.827627,1,608,24,28,11,0,33,16,SOLAR,"56,727",20,2,9
1986,06071,San Bernardino,CA,34.863356,-116.827627,1,608,24,28,11,0,33,16,SOLAR,"32,578",20,2,9
1987,06029,Kern,CA,35.2097,-119.585,1,323,28,46,18,0,15,22,GAS,"2,838,000",11,12,9
1988,06075,San Francisco,CA,37.750894,-122.481758,1,352409,58,15,8,9,5,14,SOLAR,"6,028",18,4,9
1989,06037,Los Angeles,CA,34.335678,-118.519188,1,28740,66,23,15,7,6,16,BIOMASS,"112,849",13,7,9
1990,06029,Kern,CA,35.452577,-118.985313,1,11513,36,44,12,0,6,23,GAS,"574,366",14,6,9
1991,06073,San Diego,CA,32.857709,-117.028847,1,32277,34,18,7,3,5,17,BIOMASS,"23,195",17,7,9
1992,06037,Los Angeles,CA,34.689167,-118.324722,1,432,35,15,9,2,11,21,SOLAR,"53,372",13,10,9
1993,06037,Los Angeles,CA,34.708889,-118.304722,1,711,34,17,13,6,12,22,SOLAR,"45,363",12,10,9
1994,06037,Los Angeles,CA,33.7684,-118.2141,1,168089,85,44,28,11,8,18,GAS,"286,021",10,5,9
1995,06053,Monterey,CA,36.65676,-121.62428,1,94827,89,43,44,19,6,19,GAS,"8,289",9,8,9
1996,06029,Kern,CA,35.05,-118.2572,1,17,20,47,11,0,5,20,WIND,"38,666",24,1,9
1997,06029,Kern,CA,35.1133,-119.4706,1,12876,46,51,27,9,10,23,GAS,"63,142",12,7,9
1998,06065,Riverside,CA,33.767222,-117.0175,1,65644,66,41,19,6,9,20,SOLAR,"1,596",21,6,9
1999,06083,Santa Barbara,CA,34.482175,-120.123485,1,91,51,45,24,7,5,14,BIOMASS,"8,298",21,0,9
2000,06113,Yolo,CA,38.682746,-121.723451,1,35649,65,24,16,8,5,16,SOLAR,"3,222",12,6,9
2001,06053,Monterey,CA,36.505,-121.451667,1,9047,92,35,39,15,4,17,WIND,"3,985",7,8,9
2002,06053,Monterey,CA,36.65388,-121.62369,1,86432,89,45,45,20,6,19,GAS,"6,452",9,8,9
2003,06053,Monterey,CA,36.6575,-121.623333,1,95645,89,43,44,19,6,19,GAS,"7,575",9,8,9
2004,06029,Kern,CA,35.060556,-118.389722,1,234,20,45,11,0,6,20,WIND,"12,609",23,2,9
2005,06029,Kern,CA,35.1061,-118.3114,1,182,20,39,13,2,6,22,WIND,"42,104",34,1,9
2006,06077,San Joaquin,CA,37.6167,-121.3564,1,535,64,31,11,8,15,19,WIND,"1,611",13,8,9
2007,06065,Riverside,CA,33.8343,-117.4971,1,24538,62,13,11,3,5,16,HYDRO,"7,087",11,6,9
2008,06065,Riverside,CA,33.826389,-117.511667,1,36917,61,15,9,4,5,15,SOLAR,"1,954",12,5,9
2009,06065,Riverside,CA,33.97819,-117.38514,1,119310,76,38,21,7,8,19,SOLAR,"13,186",10,6,9
2010,06107,Tulare,CA,36.4156,-119.0069,1,447,34,38,21,10,4,17,HYDRO,"61,263",14,10,9
2011,06071,San Bernardino,CA,34.039722,-117.606667,1,102991,88,31,25,10,6,14,SOLAR,"1,554",10,6,9
2012,06029,Kern,CA,35.1161,-118.3789,1,1315,32,21,6,2,5,21,WIND,"4,838",21,7,9
2013,06007,Butte,CA,39.514893,-121.630077,1,7563,46,51,23,5,7,25,HYDRO,"294,269",15,7,9
2014,06007,Butte,CA,39.528749,-121.546359,1,25232,39,49,16,3,8,24,HYDRO,"16,452",16,7,9
2016,06105,Trinity,CA,40.199822,-123.523145,1,41,13,50,4,8,7,4,HYDRO,"2,687",34,3,9
2017,06101,Sutter,CA,39.17133,-121.66209,1,33047,50,32,16,6,6,19,OTHF, (811),19,6,9
2018,06005,Amador,CA,38.449291,-120.492645,1,2875,21,26,8,0,5,20,HYDRO,"245,987",31,2,9
2020,06007,Butte,CA,39.893491,-121.59338,1,1827,40,33,10,1,11,24,HYDRO,"2,519",21,6,9
2021,06073,San Diego,CA,32.876198,-117.167791,1,66730,60,22,8,7,6,12,OTHF," (4,607)",14,5,9
2022,06079,San Luis Obispo,CA,35.405556,-120.068611,1,54,20,27,4,1,5,16,SOLAR,"1,036,774",32,5,9
2023,06037,Los Angeles,CA,33.85336,-118.33,1,234451,74,22,12,12,6,16,OTHF,"80,623",16,6,9
2024,06037,Los Angeles,CA,33.7683,-118.2836,1,177984,80,35,23,13,7,18,BIOMASS,"168,801",15,6,9
2025,06037,Los Angeles,CA,34.146253,-118.30485,1,192528,41,27,9,15,8,16,BIOMASS,"4,866",16,4,9
2026,06037,Los Angeles,CA,33.780852,-118.222435,1,192096,88,45,30,12,9,18,BIOMASS,"5,066",11,5,9
2027,06077,San Joaquin,CA,37.72201,-121.53097,1,5291,88,16,11,8,5,19,GAS,"15,946",6,10,9
2028,06077,San Joaquin,CA,37.7107,-121.4906,1,37027,75,13,12,7,5,19,GAS,"815,789",10,5,9
2029,06019,Fresno,CA,36.648026,-120.24594,1,1022,86,44,32,3,17,20,SOLAR,"3,096",22,6,9
2030,06075,San Francisco,CA,37.795556,-122.402778,1,359093,54,24,10,11,6,16,GAS,525,15,4,9
2031,06105,Trinity,CA,40.797296,-122.762553,1,168,23,31,6,0,2,11,HYDRO,"201,667",29,5,9
2032,06027,Inyo,CA,35.804953,-117.350572,1,1225,27,54,14,0,8,23,SOLAR,"4,908",17,7,9
2033,06107,Tulare,CA,35.831944,-119.056111,1,128,49,41,44,25,7,19,SOLAR,"29,962",15,1,9
2034,06107,Tulare,CA,36.2,-119.42,1,7431,79,51,28,23,10,21,SOLAR,636,7,10,9
2035,06107,Tulare,CA,36.187138,-119.375097,1,38462,82,52,30,20,9,23,BIOMASS,"12,451",8,9,9
2036,06107,Tulare,CA,36.058635,-118.924097,1,2850,76,66,38,17,10,22,HYDRO,0,11,8,9
2038,06073,San Diego,CA,32.663889,-116.289722,1,1057,41,29,8,0,7,18,WIND,"413,516",24,3,9
2039,06109,Tuolumne,CA,37.876111,-120.605,1,1447,28,21,10,0,13,17,HYDRO,"124,850",28,6,9
2040,06099,Stanislaus,CA,37.611461,-120.594678,1,245,37,28,13,3,13,19,HYDRO,"5,677",13,6,9
2041,06113,Yolo,CA,38.55,-121.75,1,74933,50,40,3,5,7,11,SOLAR,"23,402",12,3,9
2042,06047,Merced,CA,37.365688,-120.432228,1,14419,71,36,9,4,19,16,SOLAR,"8,456",7,5,9
2043,06065,Riverside,CA,33.97036,-117.33099,1,85854,71,37,15,6,8,16,SOLAR,"6,954",9,5,9
2044,06059,Orange,CA,33.6481,-117.8467,1,137105,49,25,3,6,6,12,GAS,"86,393",13,6,9
2045,06037,Los Angeles,CA,34.0692,-118.4439,1,184678,39,23,4,6,8,10,GAS,"245,061",17,4,9
2046,06029,Kern,CA,35.0329,-117.701,1,836,38,26,20,3,4,22,GAS,"318,746",15,8,9
2047,06067,Sacramento,CA,38.601354,-121.397929,1,145088,52,38,12,5,8,20,SOLAR,"2,187",16,6,9
2048,06037,Los Angeles,CA,34.66072,-118.081152,1,47811,84,40,19,5,8,22,SOLAR,"6,950",10,5,9
2051,06037,Los Angeles,CA,33.977922,-118.2587,1,515851,99,54,47,23,10,21,SOLAR,"10,809",9,7,9
2053,06017,El Dorado,CA,38.86429,-120.444335,1,4,44,2,6,0,0,17,HYDRO,"168,188",22,20,9
2054,06073,San Diego,CA,32.874379,-117.238927,1,75311,47,25,3,5,6,10,SOLAR,"3,508",14,4,9
2055,06075,San Francisco,CA,37.77656,-122.451878,1,543109,54,20,9,10,5,15,GAS,0,17,4,9
2056,06073,San Diego,CA,32.8747,-117.2392,1,74795,47,25,3,5,6,10,GAS,"220,607",14,4,9
2057,06087,Santa Cruz,CA,36.9997,-122.0622,1,43686,40,29,4,1,7,8,GAS,"35,913",12,3,9
2058,06073,San Diego,CA,32.771701,-117.191589,1,147232,43,22,6,3,5,16,GAS,"6,191",14,4,9
2059,06077,San Joaquin,CA,37.980054,-121.312418,1,158033,78,40,21,10,8,23,SOLAR,"6,233",14,7,9
2060,06109,Tuolumne,CA,37.6508,-120.4706,1,332,42,28,11,2,15,18,HYDRO,"11,519",13,7,9
2062,06037,Los Angeles,CA,34.248889,-118.483333,1,247854,79,36,24,15,8,15,SOLAR,"4,709",14,5,9
2063,06037,Los Angeles,CA,34.059444,-117.774167,1,144815,88,37,26,14,7,18,OTHF," (3,784)",13,6,9
2064,06095,Solano,CA,38.4106,-121.9264,1,13520,47,10,8,3,4,17,SOLAR,"3,714",19,7,9
2066,06095,Solano,CA,38.38867,-121.93864,1,40979,51,14,7,3,4,14,SOLAR,"3,019",16,6,9
2067,06025,Imperial,CA,33.04358,-115.62779,1,2387,86,58,37,11,15,18,SOLAR,"4,321",14,11,9
2068,06025,Imperial,CA,33.0218,-115.52641,1,13525,90,52,33,24,23,18,SOLAR,"7,074",12,8,9
2069,06025,Imperial,CA,32.88567,-115.53765,1,5146,82,42,21,3,12,19,SOLAR,"8,259",8,13,9
2070,06029,Kern,CA,34.90422,-118.384341,1,103,46,25,13,0,10,20,SOLAR,"246,187",18,4,9
2071,06095,Solano,CA,38.0736,-122.1411,1,27556,41,13,5,3,4,17,GAS,"230,148",21,5,9
2072,06037,Los Angeles,CA,33.778655,-118.23853,1,139219,91,44,31,14,8,16,GAS,"236,682",10,6,9
2074,06073,San Diego,CA,33.212535,-117.177029,1,22173,47,27,12,2,7,16,SOLAR,"3,353",18,7,9
2075,06073,San Diego,CA,33.2503,-117.0226,1,11018,52,29,13,1,3,17,SOLAR,"3,522",21,8,9
2076,06073,San Diego,CA,33.234167,-117.001667,1,10521,54,30,14,2,4,18,SOLAR,"3,947",18,9,9
2077,06073,San Diego,CA,33.234167,-117.001667,1,10521,54,30,14,2,4,18,SOLAR,"6,809",18,9,9
2078,06073,San Diego,CA,33.227236,-117.017744,1,10199,54,30,13,2,3,18,OTHF," (13,213)",20,9,9
2079,06073,San Diego,CA,33.227236,-117.017744,1,10199,54,30,13,2,3,18,OTHF," (17,993)",20,9,9
2080,06037,Los Angeles,CA,34.244991,-118.391327,1,187905,86,38,36,15,7,18,GAS,"1,509,011",13,5,9
2081,06065,Riverside,CA,33.708661,-116.198885,1,87343,87,38,32,34,10,18,SOLAR,"1,533",15,5,9
2082,06059,Orange,CA,33.9001,-117.82905,1,115823,54,17,6,6,5,15,HYDRO,0,15,6,9
2083,06019,Fresno,CA,36.504015,-120.098148,1,58,97,59,43,38,6,20,SOLAR,0,6,6,9
2085,06073,San Diego,CA,32.682506,-116.988781,1,100217,78,20,11,5,8,17,OTHF," (1,810)",16,5,9
2086,06083,Santa Barbara,CA,34.749708,-120.509982,1,3416,44,25,0,1,11,0,SOLAR,"38,894",0,9,9
2087,06013,Contra Costa,CA,37.790833,-121.718055,1,64,38,3,3,0,4,17,WIND,"215,994",10,9,9
2088,06047,Merced,CA,36.925833,-120.82,1,56,66,35,35,8,8,20,SOLAR,"47,742",15,2,9
2089,06065,Riverside,CA,33.598889,-114.571667,1,11948,73,50,28,7,7,22,SOLAR,"3,378",14,9,9
2090,06065,Riverside,CA,33.597222,-114.571667,1,11906,73,50,28,7,7,22,SOLAR,"3,370",14,9,9
2091,06037,Los Angeles,CA,34.01135,-118.4168,1,271376,51,18,7,5,5,15,HYDRO,0,15,6,9
2092,06111,Ventura,CA,34.399199,-118.901987,1,17443,77,27,21,7,4,18,SOLAR,"6,200",13,4,9
2093,06037,Los Angeles,CA,33.850556,-118.304167,1,207792,84,23,13,12,6,16,GAS,"5,812",18,5,9
2095,06031,Kings,CA,36.18519,-119.681495,1,99,54,38,8,16,9,19,BIOMASS,360,13,2,9
2096,06031,Kings,CA,36.18519,-119.681495,1,99,54,38,8,16,9,19,BIOMASS,"5,324",13,2,9
2097,06031,Kings,CA,36.18519,-119.681495,1,99,54,38,8,16,9,19,BIOMASS,"5,275",13,2,9
2098,06071,San Bernardino,CA,34.501111,-117.466667,1,14843,87,36,24,6,10,19,SOLAR,"8,810",8,10,9
2099,06071,San Bernardino,CA,34.497778,-117.471111,1,12122,84,35,24,6,11,19,SOLAR,"9,430",8,11,9
2100,06071,San Bernardino,CA,34.512778,-117.387222,1,84904,85,37,22,5,9,21,SOLAR,"2,117",9,7,9
2101,06071,San Bernardino,CA,34.511389,-117.387222,1,86261,85,37,22,5,9,21,SOLAR,"1,996",9,7,9
2102,06071,San Bernardino,CA,34.509444,-117.387222,1,87615,85,37,22,5,9,21,SOLAR,"3,673",9,7,9
2103,06071,San Bernardino,CA,34.508056,-117.387222,1,89546,84,37,22,5,9,21,SOLAR,"3,621",9,7,9
2105,06029,Kern,CA,35.0686,-118.3833,1,225,20,44,10,0,6,20,WIND,"25,321",23,2,9
2106,06037,Los Angeles,CA,34.668889,-118.061389,1,38439,82,41,19,5,8,22,SOLAR,"3,057",9,5,9
2107,06079,San Luis Obispo,CA,35.55795,-120.68287,1,10603,24,11,4,0,5,16,SOLAR,"3,870",22,3,9
2108,06073,San Diego,CA,33.203977,-117.253852,1,140457,59,25,16,5,6,16,OTHF," (4,014)",13,7,9
2109,06019,Fresno,CA,36.69,-119.72,1,45824,88,46,27,11,10,20,OIL,0,10,8,9
2110,06089,Shasta,CA,40.459111,-121.86708,1,704,16,27,10,0,8,22,HYDRO,"1,800",41,1,9
2111,06089,Shasta,CA,40.45193,-121.86215,1,495,17,30,11,0,9,22,HYDRO,"3,129",39,0,9
2112,06029,Kern,CA,35.046061,-118.28273,1,31,20,47,11,0,5,20,WIND,"324,280",24,1,9
2113,06029,Kern,CA,35.073377,-118.268616,1,24,20,47,11,0,5,20,WIND,"427,092",24,1,9
2114,06029,Kern,CA,35.060768,-118.264734,1,17,20,47,11,0,5,20,WIND,"116,627",24,1,9
2115,06029,Kern,CA,35.077872,-118.2497,1,61,68,42,14,4,8,25,WIND,"70,165",14,6,9
2116,06029,Kern,CA,35.049,-119.1812,1,25,66,52,17,7,1,17,SOLAR,"3,352",20,2,9
2117,06025,Imperial,CA,33.1633,-115.6167,1,35,84,86,28,10,1,21,GEOTHERMAL,"259,350",8,12,9
2118,06037,Los Angeles,CA,34.6853,-118.7881,1,7,53,34,12,12,5,23,HYDRO,"216,892",21,3,9
2119,06073,San Diego,CA,32.903333,-117.195556,1,70559,62,19,5,7,5,13,GAS,"32,576",11,5,9
2120,06047,Merced,CA,37.0692,-121.0772,1,28,63,31,28,15,11,20,HYDRO," (280,710)",12,5,9
2121,06001,Alameda,CA,37.8258,-122.2961,1,190273,59,26,7,7,6,17,BIOMASS,"25,534",14,4,9
2122,06011,Colusa,CA,39.1062,-122.1096,1,170,71,26,27,8,10,15,BIOMASS,"74,443",13,10,9
2123,06065,Riverside,CA,33.908889,-116.555556,1,1844,73,43,19,10,7,20,WIND,"13,666",14,3,9
2124,06113,Yolo,CA,38.674894,-121.713362,1,27222,66,21,17,8,4,15,SOLAR,775,11,6,9
2125,06099,Stanislaus,CA,37.4903,-120.9044,1,22916,68,40,27,11,10,20,GAS, (13),14,6,9
2126,06037,Los Angeles,CA,34.008709,-117.944864,1,161497,93,28,22,17,6,15,GAS,"371,360",16,5,9
2127,06099,Stanislaus,CA,37.4878,-120.8956,1,31616,68,41,27,11,10,19,GAS,"1,566,082",13,6,9
2128,06037,Los Angeles,CA,34.02188,-117.85051,1,96889,88,21,10,18,6,14,SOLAR,"1,805",19,4,9
2129,06097,Sonoma,CA,38.722141,-123.011188,1,390,34,12,11,3,7,15,HYDRO,0,34,2,9
2130,06041,Marin,CA,38.160833,-122.565,1,2462,30,7,3,0,4,16,BIOMASS,"5,920",33,4,9
2131,06073,San Diego,CA,33.143847,-117.236908,1,85583,48,22,10,4,5,15,GAS,"4,661",18,5,9
2132,06037,Los Angeles,CA,33.816647,-118.244841,1,178997,92,30,23,11,7,17,GAS,"2,329,966",16,5,9
2133,06071,San Bernardino,CA,34.600833,-117.642222,1,603,79,68,44,4,8,22,SOLAR,"3,264",15,4,9
2134,06029,Kern,CA,35.354444,-119.6617,1,3,28,46,18,0,15,22,GAS,"20,741",11,12,9
2135,06019,Fresno,CA,36.142222,-120.1325,1,30,99,54,47,35,3,19,SOLAR,"20,244",6,4,9
2136,06005,Amador,CA,38.420898,-120.549572,1,5077,24,32,6,1,4,20,HYDRO,"81,873",33,3,9
2137,06065,Riverside,CA,33.719722,-117.009722,1,59521,63,41,21,6,10,21,SOLAR,"1,388",24,6,9
2139,06113,Yolo,CA,38.542791,-121.77752,1,54419,50,45,3,5,7,10,SOLAR,"1,783",12,2,9
2140,06113,Yolo,CA,38.542747,-121.77659,1,54916,50,45,3,5,7,10,SOLAR,"1,711",12,2,9
2142,06037,Los Angeles,CA,34.73206,-118.313573,1,1151,34,21,16,9,11,22,SOLAR,"49,331",12,10,9
2143,06037,Los Angeles,CA,34.681667,-118.324722,1,498,34,15,8,1,10,20,SOLAR,"44,514",14,9,9
2144,06037,Los Angeles,CA,34.688889,-118.320278,1,470,34,14,9,2,11,21,SOLAR,"22,238",12,10,9
2145,06029,Kern,CA,35.440539,-119.012861,1,39735,40,56,19,2,12,25,GAS,"36,629",13,6,9
2146,06019,Fresno,CA,36.138056,-120.075833,1,232,99,55,48,35,3,19,SOLAR,"37,796",6,4,9
2147,06037,Los Angeles,CA,33.766067,-118.288925,1,180243,78,34,22,12,7,17,SOLAR,"4,938",15,6,9
2148,06037,Los Angeles,CA,33.766067,-118.284733,1,175687,79,35,23,13,7,18,SOLAR,"5,247",14,6,9
2149,06037,Los Angeles,CA,33.763012,-118.286558,1,176351,78,34,22,12,7,18,SOLAR,"2,993",14,6,9
2150,06037,Los Angeles,CA,33.764227,-118.288925,1,178783,77,34,22,12,7,17,SOLAR,"3,120",15,6,9
2151,06037,Los Angeles,CA,33.764227,-118.284733,1,176577,79,35,22,12,7,18,SOLAR,"3,638",14,6,9
2152,06037,Los Angeles,CA,33.762421,-118.288214,1,176435,77,34,22,12,7,18,SOLAR,"4,454",15,6,9
2153,06031,Kings,CA,36.219,-119.907,1,1912,54,43,3,5,9,0,SOLAR,"4,647",0,14,9
2154,06019,Fresno,CA,36.378726,-120.124898,1,337,94,54,82,49,5,20,SOLAR,"18,529",10,3,9
2155,06037,Los Angeles,CA,34.108618,-117.782246,1,99983,66,22,10,7,6,17,SOLAR,"4,970",18,5,9
2156,06089,Shasta,CA,40.428329,-122.279248,1,17163,23,35,13,1,4,23,BIOMASS,"288,165",18,7,9
2157,06029,Kern,CA,35.082,-119.316,1,23,60,47,25,7,6,23,SOLAR,"2,378",16,4,9
2158,06089,Shasta,CA,40.597617,-122.538683,1,411,11,30,6,0,11,17,HYDRO,"23,505",26,3,9
2159,06107,Tulare,CA,35.871389,-119.4625,1,1112,92,70,53,61,20,20,SOLAR,"45,334",5,14,9
2160,06107,Tulare,CA,35.874722,-119.046111,1,774,85,63,36,23,11,19,SOLAR,"49,267",14,10,9
2161,06017,El Dorado,CA,38.765336,-120.787366,1,12489,27,30,13,4,5,19,HYDRO,"838,671",20,4,9
2162,06001,Alameda,CA,37.691,-121.717,1,45763,48,14,6,4,3,17,SOLAR,"5,584",14,7,9
2163,06065,Riverside,CA,33.925,-116.617778,1,1307,69,58,14,6,3,20,WIND,"171,911",10,6,9
2164,06065,Riverside,CA,33.934725,-116.640548,1,613,65,43,14,3,10,22,HYDRO,"3,037",16,4,9
2165,06019,Fresno,CA,36.376889,-120.138472,1,343,94,54,82,49,5,20,SOLAR,"49,674",10,3,9
2167,06065,Riverside,CA,33.807988,-116.489835,1,72167,60,36,15,6,7,18,OTHF, (184),23,4,9
2168,06067,Sacramento,CA,38.705,-121.477,1,30966,49,18,8,4,4,18,SOLAR,"29,122",16,7,9
2169,06029,Kern,CA,35.615833,-119.578333,1,12,93,54,52,48,12,24,SOLAR,"44,712",5,7,9
2170,06029,Kern,CA,35.63,-119.573889,1,11,93,54,52,48,12,24,SOLAR,"36,563",5,7,9
2171,06029,Kern,CA,34.826697,-118.335211,1,309,47,24,12,1,12,21,SOLAR,"237,546",15,4,9
2172,06037,Los Angeles,CA,33.7803,-118.24,1,137162,91,44,31,14,8,16,OTHF,"189,974",10,6,9
2173,06029,Kern,CA,35.0199,-118.2879,1,22,29,52,16,6,9,18,SOLAR,"44,555",21,3,9
2174,06097,Sonoma,CA,38.53917,-122.81508,1,30970,40,16,11,2,4,15,SOLAR,"2,529",17,5,9
2175,06029,Kern,CA,35.054167,-118.354722,1,57,20,47,11,0,5,20,WIND,"192,470",24,1,9
2176,06061,Placer,CA,38.889862,-121.098525,1,22592,24,25,8,2,3,19,HYDRO,"64,627",27,4,9
2177,06025,Imperial,CA,32.676,-115.619,1,24,80,83,20,34,0,18,SOLAR,"273,130",39,21,9
2178,06025,Imperial,CA,33.269426,-115.502954,1,957,86,86,34,10,1,16,SOLAR,"29,670",7,9,9
2179,06095,Solano,CA,38.228522,-122.07525,1,33145,71,32,16,8,7,20,GAS,"7,956",13,7,9
2180,06039,Madera,CA,36.835981,-120.3205,1,34,52,54,44,18,2,21,SOLAR,"10,079",21,5,9
2181,06029,Kern,CA,35.57609,-119.78885,1,11,93,54,52,48,12,24,SOLAR,"3,809",5,7,9
2182,06029,Kern,CA,35.769028,-119.868469,1,24,93,54,52,48,12,24,SOLAR,"2,902",5,7,9
2184,06029,Kern,CA,35.617738,-119.392378,1,11202,88,52,34,30,4,11,SOLAR,"5,357",6,5,9
2185,06029,Kern,CA,35.50012,-119.74935,1,46,93,54,52,48,12,24,SOLAR,"11,944",5,7,9
2186,06039,Madera,CA,36.8249,-120.317876,1,37,52,54,44,18,2,21,SOLAR,"9,378",21,5,9
2188,06113,Yolo,CA,38.6905,-121.7371,1,43684,65,27,18,8,6,17,BIOMASS,"172,184",13,6,9
2189,06099,Stanislaus,CA,37.652602,-121.020397,1,120341,62,39,19,6,10,21,GAS,"305,777",14,7,9
2190,06007,Butte,CA,39.553811,-121.204077,1,293,27,61,15,0,9,21,HYDRO,"231,554",24,16,9
2191,06029,Kern,CA,35.323056,-118.821389,1,44,73,56,31,8,17,14,SOLAR,"30,958",15,8,9
2192,06099,Stanislaus,CA,37.860653,-120.879153,1,770,25,24,13,3,11,20,HYDRO, (17),20,4,9
2193,06047,Merced,CA,37.009444,-120.957222,1,81,63,31,28,15,11,20,SOLAR,"462,695",12,5,9
2194,06037,Los Angeles,CA,34.224041,-118.392921,1,210883,78,38,31,17,7,18,SOLAR,"2,741",12,5,9
2195,06085,Santa Clara,CA,37.252778,-121.934167,1,164492,47,11,5,6,4,15,GAS,"6,537",15,6,9
2196,06085,Santa Clara,CA,37.415419,-122.025747,1,85182,74,15,8,9,4,16,GAS,"4,143",10,7,9
2197,06113,Yolo,CA,38.659722,-121.7294,1,38687,63,23,15,7,5,16,SOLAR,534,13,6,9
2198,06059,Orange,CA,33.9117,-117.8192,1,82080,51,13,5,6,5,15,HYDRO,"3,868",16,5,9
2199,06101,Sutter,CA,39.13667,-121.639846,1,76168,58,36,20,7,7,18,GAS,"19,017",16,6,9
2200,06101,Sutter,CA,39.1392,-121.6387,1,75759,58,37,20,7,7,18,GAS,"49,324",16,6,9
2201,06101,Sutter,CA,39.1365,-121.6397,1,76463,58,36,20,7,7,18,GAS,"15,369",16,6,9
2202,06029,Kern,CA,35.0772,-118.3811,1,378,20,41,11,1,7,20,WIND,"1,115",26,3,9
2203,06085,Santa Clara,CA,37.4325,-121.95285,1,87250,84,12,8,11,4,10,BIOMASS,"2,285",8,7,9
2204,08051,Gunnison,CO,38.9,-107.5,1,186,13,29,6,1,4,10,OFSL,0,29,5,8
2205,08041,El Paso,CO,38.957901,-104.806627,1,51554,22,15,3,0,5,16,SOLAR,"10,963",15,5,8
2206,08001,Adams,CO,39.7867,-104.5877,1,364,27,17,8,4,3,21,SOLAR,"3,127",17,4,8
2207,08001,Adams,CO,39.7876,-104.5859,1,364,27,17,8,4,3,21,SOLAR,"2,987",17,4,8
2208,08031,Denver,CO,39.899455,-104.674809,1,28,25,15,3,5,3,19,SOLAR,"2,189",11,10,8
2209,08101,Pueblo,CO,38.2844,-104.5308,1,16055,57,45,12,2,7,22,OIL, (336),17,6,8
2210,08003,Alamosa,CO,37.4594,-105.8947,1,11421,60,40,9,1,4,23,OIL,"7,775",12,5,8
2211,08003,Alamosa,CO,37.598579,-105.955832,1,184,33,30,5,12,4,17,SOLAR,"35,133",11,5,8
2212,08003,Alamosa,CO,37.4512,-105.85916,1,11218,61,41,10,1,4,23,SOLAR,"4,190",12,6,8
2213,08123,Weld,CO,40.45633,-104.58107,1,830,17,20,6,0,0,21,SOLAR,"3,275",16,6,8
2214,08001,Adams,CO,39.75,-104.75,1,41989,75,29,14,5,6,18,SOLAR,"1,707",10,8,8
2215,08001,Adams,CO,39.885061,-104.982339,1,161982,53,29,15,5,4,20,SOLAR,0,12,6,8
2216,08045,Garfield,CO,39.46647,-107.234767,1,3176,22,14,8,5,5,4,SOLAR,"2,668",20,8,8
2217,08037,Eagle,CO,39.648565,-106.949394,1,7979,61,24,17,2,1,15,GAS,"23,154",17,6,8
2219,08005,Arapahoe,CO,39.638358,-104.674249,1,19567,41,11,6,2,4,1,SOLAR,"3,518",6,7,8
2220,08031,Denver,CO,39.6692,-105.0018,1,147931,46,27,12,4,5,19,GAS,"219,074",12,6,8
2221,08085,Montrose,CO,38.663372,-107.996652,1,1286,18,31,13,1,2,17,SOLAR,"16,270",23,4,8
2223,08037,Eagle,CO,39.363056,-106.821944,1,148,26,13,2,0,4,0,HYDRO,"16,329",27,1,8
2224,08069,Larimer,CO,40.421031,-105.223804,1,1724,13,18,6,0,2,15,HYDRO,"4,244",32,4,8
2225,08101,Pueblo,CO,38.207518,-104.596708,1,16201,61,50,11,3,7,25,SOLAR,"541,671",14,5,8
2226,08069,Larimer,CO,40.863809,-105.0111,1,41,13,34,6,4,13,14,SOLAR,"62,365",25,0,8
2228,08001,Adams,CO,39.747875,-104.681404,1,8719,53,12,9,2,2,18,GAS,"402,406",7,10,8
2229,08013,Boulder,CO,40.004725,-105.332495,1,15356,12,41,1,1,4,2,HYDRO,0,14,2,8
2230,08013,Boulder,CO,40.0111,-105.3347,1,14196,12,35,1,1,5,2,HYDRO,"8,698",15,2,8
2231,08013,Boulder,CO,40.0111,-105.3347,1,14196,12,35,1,1,5,2,HYDRO,"8,698",15,2,8
2232,08013,Boulder,CO,39.991311,-105.50003,1,2603,8,22,3,0,6,12,HYDRO,"7,974",15,7,8
2233,08001,Adams,CO,39.9825,-104.940833,1,26079,33,9,4,2,4,11,SOLAR,"3,124",10,6,8
2234,08063,Kit Carson,CO,39.184,-102.97,1,23,4,37,9,0,6,17,WIND,"43,524",24,5,8
2236,08087,Morgan,CO,40.2415,-103.631,1,6068,36,29,16,1,4,23,GAS,"127,845",16,8,8
2237,08063,Kit Carson,CO,39.3561,-102.2431,1,251,31,35,11,4,2,18,OIL,"3,933",18,6,8
2238,08055,Huerfano,CO,37.766416,-104.42945,1,4,42,58,0,0,29,17,WIND,"183,445",14,0,8
2239,08055,Huerfano,CO,37.801111,-104.491944,1,4,42,58,0,0,29,17,WIND,"85,237",14,0,8
2240,08075,Logan,CO,40.665825,-103.203525,1,8260,26,42,8,0,5,20,SOLAR,0,17,6,8
2241,08123,Weld,CO,40.319191,-104.836243,1,8588,26,20,7,1,3,19,SOLAR,0,9,10,8
2242,08123,Weld,CO,40.340485,-104.881674,1,16396,25,22,7,1,7,17,SOLAR,0,11,8,8
2243,08101,Pueblo,CO,38.284425,-104.523951,1,11312,54,45,11,2,7,22,SOLAR,"7,216",17,4,8
2244,08001,Adams,CO,39.784879,-104.583391,1,412,31,17,8,5,3,21,SOLAR,"3,641",16,5,8
2245,08101,Pueblo,CO,38.306111,-104.58,1,43334,57,45,13,2,7,22,SOLAR,"1,121",18,6,8
2246,08101,Pueblo,CO,38.169473,-104.618971,1,306,59,25,4,0,2,16,SOLAR,"5,905",9,4,8
2247,08019,Clear Creek,CO,39.6551,-105.7088,1,123,9,30,0,0,1,18,HYDRO,"80,670",24,0,8
2248,08063,Kit Carson,CO,39.334,-102.173,1,69,30,24,18,15,0,18,WIND,"583,850",16,3,8
2249,08041,El Paso,CO,38.7228,-104.7817,1,20505,44,40,3,0,2,4,SOLAR,"3,012",2,11,8
2250,08069,Larimer,CO,40.324167,-105.208889,1,1484,8,5,8,0,4,17,HYDRO,"8,972",15,4,8
2251,08123,Weld,CO,40.9475,-103.783889,1,4,10,28,6,0,4,15,WIND,"539,129",30,2,8
2252,08123,Weld,CO,40.8944,-104.0206,1,5,6,36,9,0,0,15,WIND,"585,554",33,5,8
2253,08073,Lincoln,CO,39.421787,-103.67814,1,16,15,21,0,0,0,15,WIND,"589,652",22,6,8
2254,08001,Adams,CO,39.807275,-104.964548,1,71892,69,35,25,7,5,21,GAS,"3,559,506",9,6,8
2256,08031,Denver,CO,39.904133,-104.654183,1,356,25,15,3,5,3,19,SOLAR,"4,711",12,10,8
2257,08013,Boulder,CO,40.048025,-105.180327,1,15413,15,18,3,0,6,14,SOLAR,867,17,4,8
2258,08041,El Paso,CO,38.602102,-104.694688,1,467,32,34,9,1,8,21,SOLAR,"20,151",15,5,8
2259,08059,Jefferson,CO,39.7606,-105.215,1,29260,17,23,4,1,4,16,GAS,"137,274",13,4,8
2260,08099,Prowers,CO,37.7033,-102.6231,1,9,47,41,21,11,0,16,WIND,"566,933",22,8,8
2261,08075,Logan,CO,40.756944,-102.743055,1,15,32,28,15,1,1,21,WIND,"337,194",14,3,8
2262,08101,Pueblo,CO,38.2081,-104.5747,1,7847,58,41,8,2,5,24,COAL,"6,767,932",19,4,8
2263,08101,Pueblo,CO,38.205278,-104.566667,1,4773,58,31,7,1,5,21,SOLAR,"257,231",23,2,8
2264,08021,Conejos,CO,37.195886,-105.982424,1,1288,56,50,15,6,3,14,SOLAR,"4,183",17,7,8
2265,08083,Montezuma,CO,37.361706,-108.524683,1,4486,25,33,8,2,8,19,SOLAR,"5,391",25,4,8
2266,08083,Montezuma,CO,37.378286,-108.614935,1,6387,35,39,7,3,6,20,SOLAR,"5,292",21,4,8
2267,08083,Montezuma,CO,37.303925,-108.579549,1,5502,34,44,9,9,5,17,SOLAR,"3,883",20,4,8
2268,08069,Larimer,CO,40.500969,-105.13143,1,18006,20,15,2,0,4,18,SOLAR,"3,082",17,5,8
2269,08081,Moffat,CO,40.4627,-107.5912,1,284,8,17,9,0,4,19,COAL,"4,710,529",17,6,8
2270,08063,Kit Carson,CO,39.046623,-102.822377,1,12,21,27,8,2,1,9,WIND,"399,334",24,8,8
2271,08085,Montrose,CO,38.510573,-107.625335,1,6,35,32,3,0,0,19,HYDRO,"122,724",33,11,8
2272,08005,Arapahoe,CO,39.6522,-104.7161,1,66602,46,14,7,3,4,8,BIOMASS,"20,563",8,6,8
2273,08031,Denver,CO,39.903739,-104.663383,1,354,25,15,3,5,3,19,SOLAR,"5,302",11,10,8
2274,08031,Denver,CO,39.836789,-104.697149,1,154,78,9,11,4,2,19,SOLAR,"1,595",6,6,8
2275,08031,Denver,CO,39.902697,-104.673935,1,114,25,15,3,5,3,19,SOLAR,"3,100",11,10,8
2277,08117,Summit,CO,39.6208,-106.0662,1,10502,29,28,9,7,5,6,HYDRO,"12,901",15,4,8
2278,08085,Montrose,CO,38.404377,-107.810213,1,1735,17,28,4,0,4,19,HYDRO,"8,398",30,4,8
2279,08045,Garfield,CO,39.526111,-107.696111,1,3724,35,31,14,5,3,20,SOLAR,"1,792",11,6,8
2280,08037,Eagle,CO,39.648056,-106.943056,1,7905,60,24,16,2,1,15,BIOMASS,"64,136",18,6,8
2281,08081,Moffat,CO,40.51313,-107.50183,1,5927,22,32,6,2,3,19,SOLAR,"1,525",14,5,8
2282,08069,Larimer,CO,40.376771,-105.509665,1,8785,16,20,3,3,5,14,HYDRO,"106,134",37,3,8
2283,08069,Larimer,CO,40.364996,-105.236032,1,888,9,7,9,0,4,16,HYDRO,"201,650",20,3,8
2284,08035,Douglas,CO,39.4588,-105.0657,1,9678,19,10,2,1,1,14,HYDRO,"4,679",13,4,8
2285,08041,El Paso,CO,38.745474,-104.777675,1,53706,42,30,6,1,5,12,OTHF, (317),8,9,8
2286,08123,Weld,CO,40.0922,-104.796,1,10850,58,38,22,9,6,16,GAS,"2,192",15,5,8
2287,08123,Weld,CO,40.2461,-104.8742,1,1192,41,19,15,1,5,17,GAS,"4,095,293",17,6,8
2288,08041,El Paso,CO,38.5569,-104.6875,1,1094,21,32,7,2,5,21,GAS,"76,717",14,5,8
2289,08001,Adams,CO,39.941129,-104.682015,1,975,18,15,4,3,3,19,GAS,"246,551",15,7,8
2290,08043,Fremont,CO,38.46446,-105.21246,1,23272,17,38,7,0,5,22,SOLAR,"3,853",25,6,8
2291,08041,El Paso,CO,38.6281,-104.7069,1,879,41,27,6,1,10,21,GAS,"2,017,108",9,4,8
2292,08123,Weld,CO,40.029444,-105.004722,1,25649,21,7,3,1,4,11,BIOMASS,"10,875",9,7,8
2293,08077,Mesa,CO,39.1364,-108.7347,1,14384,18,20,6,0,4,20,GAS,"33,948",20,5,8
2294,08001,Adams,CO,39.82,-104.75,1,32538,81,26,11,3,7,15,GAS,"22,547",7,9,8
2295,08041,El Paso,CO,38.881389,-104.816944,1,87445,27,30,6,1,6,17,GAS,"31,214",18,4,8
2296,08019,Clear Creek,CO,39.6919,-105.6978,1,1256,14,33,5,3,8,18,HYDRO,0,22,3,8
2297,08123,Weld,CO,40.289366,-104.783613,1,1635,54,33,18,6,3,10,SOLAR,"3,351",13,9,8
2298,08123,Weld,CO,40.293752,-104.806202,1,4599,31,22,9,2,3,16,SOLAR,"4,345",6,11,8
2299,08123,Weld,CO,40.317966,-104.770747,1,1802,50,30,16,6,3,11,SOLAR,"9,591",13,9,8
2300,08041,El Paso,CO,38.935,-104.212,1,434,21,23,6,1,5,21,WIND,"699,847",13,9,8
2301,08049,Grand,CO,40.1464,-105.8683,1,376,16,9,1,0,0,18,HYDRO,"4,584",31,2,8
2302,08041,El Paso,CO,38.977759,-104.252715,1,277,17,21,3,0,2,21,SOLAR,"80,275",21,0,8
2303,08003,Alamosa,CO,37.685467,-105.8909,1,275,34,30,6,13,4,17,SOLAR,"43,350",14,4,8
2304,08117,Summit,CO,39.878805,-106.332725,1,145,7,6,7,0,6,7,HYDRO,"47,069",17,2,8
2305,08059,Jefferson,CO,39.9456,-105.3565,1,1969,9,10,1,0,4,15,HYDRO,"10,833",23,4,8
2306,08107,Routt,CO,40.4856,-107.185,1,146,9,19,3,1,3,15,COAL,"2,441,099",15,5,8
2307,08031,Denver,CO,39.6419,-104.9138,1,104180,29,19,3,3,4,16,HYDRO,"4,762",17,5,8
2308,08099,Prowers,CO,38.032717,-102.073659,1,159,40,35,21,3,1,18,OIL,20,35,3,8
2309,08003,Alamosa,CO,37.691863,-105.990812,1,143,33,30,5,14,4,17,SOLAR,"118,275",9,5,8
2310,08055,Huerfano,CO,37.772222,-104.832222,1,41,42,58,0,0,29,17,WIND,"12,416",14,0,8
2311,08005,Arapahoe,CO,39.626617,-104.465038,1,178,29,9,4,1,5,9,SOLAR,"9,298",11,4,8
2312,08123,Weld,CO,40.140285,-104.978012,1,26489,31,12,7,1,4,17,OTHF, (260),11,7,8
2313,08013,Boulder,CO,40.038266,-105.244892,1,88680,23,37,3,2,6,8,SOLAR,"13,798",11,2,8
2314,08001,Adams,CO,39.786769,-104.583574,1,364,27,17,8,4,3,21,SOLAR,"5,783",17,4,8
2315,08123,Weld,CO,40.0986,-104.7736,1,10694,58,37,22,9,6,16,GAS,"1,050,273",15,5,8
2316,08013,Boulder,CO,40.122552,-105.130321,1,31652,25,16,5,2,6,15,SOLAR,"2,078",13,4,8
2317,08101,Pueblo,CO,38.27,-104.72,1,8360,43,24,7,1,3,18,HYDRO,"20,750",19,6,8
2318,08059,Jefferson,CO,39.859564,-105.149694,1,49665,16,8,2,1,3,15,SOLAR,"2,549",17,5,8
2319,08115,Sedgwick,CO,40.9505,-102.2795,1,1133,20,42,8,2,4,22,OIL,0,24,10,8
2320,08063,Kit Carson,CO,39.3383,-102.3533,1,114,31,38,8,0,2,18,WIND,"156,949",19,7,8
2321,08013,Boulder,CO,39.981606,-105.063747,1,51719,25,13,3,2,4,14,SOLAR,"3,092",15,5,8
2322,08099,Prowers,CO,38.033327,-102.537915,1,27,37,49,9,0,4,16,WIND,"11,586",21,10,8
2323,08011,Bent,CO,38.0647,-103.2159,1,4035,55,56,21,2,7,20,OIL,0,17,5,8
2324,08073,Lincoln,CO,39.2038,-103.7005,1,1126,66,16,20,0,6,15,GAS,"153,683",8,2,8
2325,08073,Lincoln,CO,39.353333,-103.474167,1,26,7,31,6,0,0,19,WIND,"766,238",24,7,8
2326,08073,Lincoln,CO,39.380975,-103.573236,1,13,15,21,0,0,0,15,WIND,"530,231",22,6,8
2327,08073,Lincoln,CO,39.341389,-103.581111,1,8,15,21,0,0,0,15,WIND,"456,830",22,6,8
2328,08075,Logan,CO,40.609968,-103.145084,1,1805,31,28,15,1,2,21,SOLAR,"3,414",14,3,8
2329,08075,Logan,CO,40.941,-103.259,1,30,14,37,5,0,5,19,WIND,"496,100",16,6,8
2330,08077,Mesa,CO,39.19366,-108.044088,1,273,11,29,7,0,7,14,HYDRO,"18,612",17,2,8
2331,08087,Morgan,CO,40.217143,-103.68504,1,179,20,20,5,3,3,18,GAS,"354,336",20,8,8
2332,08041,El Paso,CO,38.855556,-104.933056,1,6522,13,17,4,0,10,17,HYDRO,"14,642",19,3,8
2333,08041,El Paso,CO,38.824444,-104.833333,1,81144,30,32,6,2,6,19,GAS,"130,280",18,5,8
2334,08069,Larimer,CO,40.34408,-105.534308,1,7223,18,20,4,4,5,15,HYDRO,0,36,4,8
2336,08077,Mesa,CO,39.108785,-108.64387,1,14690,14,15,3,0,2,15,SOLAR,"3,552",25,5,8
2337,08077,Mesa,CO,39.044814,-108.419672,1,9815,32,36,13,2,8,21,SOLAR,"2,953",15,6,8
2338,08077,Mesa,CO,39.0672,-108.509139,1,71018,24,37,8,1,6,20,SOLAR,"3,262",18,6,8
2339,08031,Denver,CO,39.8078,-104.9542,1,65070,72,38,29,9,5,22,BIOMASS,"37,934",9,7,8
2340,08105,Rio Grande,CO,37.57176,-106.09988,1,3912,64,34,12,6,8,23,SOLAR,"3,817",19,4,8
2341,08085,Montrose,CO,38.451753,-107.539299,1,5,35,32,3,0,0,19,HYDRO,"273,894",33,11,8
2343,08123,Weld,CO,40.960618,-104.003174,1,15,6,36,9,0,0,15,WIND,"545,481",33,5,8
2344,08075,Logan,CO,40.613557,-103.233735,1,14399,24,37,8,0,3,19,SOLAR,"3,461",20,6,8
2345,08001,Adams,CO,39.777621,-104.58591,1,523,37,17,9,8,2,20,SOLAR,"3,410",13,7,8
2346,08001,Adams,CO,39.766772,-104.59054,1,715,31,17,9,6,2,19,SOLAR,"3,508",14,6,8
2347,08087,Morgan,CO,40.280904,-103.61911,1,6103,36,29,16,1,4,23,SOLAR,"2,952",16,8,8
2348,08059,Jefferson,CO,39.727586,-105.113057,1,110688,30,22,7,2,5,19,SOLAR,"3,347",17,5,8
2349,08025,Crowley,CO,38.209158,-103.747306,1,2403,45,53,11,2,10,22,SOLAR,"3,735",13,3,8
2350,08075,Logan,CO,40.613557,-103.233735,1,14399,24,37,8,0,3,19,SOLAR,"3,378",20,6,8
2351,08075,Logan,CO,40.619084,-103.158886,1,7914,28,38,9,0,4,20,SOLAR,"3,473",19,4,8
2352,08123,Weld,CO,40.250222,-104.839513,1,2638,46,20,17,0,5,17,SOLAR,"3,662",16,7,8
2353,08123,Weld,CO,40.260736,-104.824172,1,1954,49,25,17,2,4,15,SOLAR,"2,287",15,7,8
2355,08075,Logan,CO,40.613364,-102.9526,1,41,32,28,15,1,1,21,WIND,"717,619",14,3,8
2356,08093,Park,CO,39.4616,-105.677,1,91,11,7,2,0,1,17,HYDRO,"12,653",15,2,8
2357,08075,Logan,CO,40.9881,-102.8969,1,49,11,33,4,0,6,19,WIND,"517,292",19,6,8
2358,08075,Logan,CO,40.9925,-102.853056,1,50,8,29,3,0,6,18,OTHF,"1,793",21,6,8
2359,08005,Arapahoe,CO,39.6517,-104.5315,1,1045,16,15,9,0,1,16,SOLAR,"2,588",18,4,8
2360,08001,Adams,CO,39.7854,-104.5913,1,453,34,17,9,7,3,21,SOLAR,"3,341",14,6,8
2361,08001,Adams,CO,39.7854,-104.5913,1,453,34,17,9,7,3,21,SOLAR,"3,350",14,6,8
2362,08005,Arapahoe,CO,39.65528,-104.52848,1,1045,16,15,9,0,1,16,SOLAR,"3,471",18,4,8
2363,08001,Adams,CO,39.78308,-104.58385,1,461,34,17,9,7,3,21,SOLAR,"3,372",14,6,8
2365,08005,Arapahoe,CO,39.638,-104.604,1,269,32,15,12,1,2,16,SOLAR,"3,514",14,5,8
2366,08031,Denver,CO,39.903806,-104.667473,1,114,25,15,3,5,3,19,SOLAR,"3,565",11,10,8
2367,08001,Adams,CO,39.80165,-104.62146,1,72,29,17,8,5,3,21,SOLAR,"3,451",16,5,8
2368,08005,Arapahoe,CO,39.637,-104.561,1,229,17,15,9,0,1,16,SOLAR,"3,064",18,4,8
2369,08005,Arapahoe,CO,39.637,-104.529,1,108,31,9,6,1,2,8,SOLAR,"3,004",10,4,8
2370,08031,Denver,CO,39.899959,-104.73453,1,6390,41,5,4,0,5,17,SOLAR,"3,156",6,14,8
2371,08123,Weld,CO,40.44,-104.64,1,5971,65,48,26,10,6,21,SOLAR,"3,413",11,6,8
2372,08123,Weld,CO,40.237,-104.779,1,1609,44,20,17,1,6,16,SOLAR,"3,000",16,6,8
2373,08003,Alamosa,CO,37.453381,-105.878021,1,11476,60,40,9,1,4,23,SOLAR,"3,959",12,5,8
2374,08077,Mesa,CO,39.145,-108.32,1,1270,16,20,5,0,3,18,SOLAR,"3,270",22,7,8
2375,08045,Garfield,CO,39.523,-107.815,1,10099,42,22,13,7,4,22,SOLAR,"3,121",10,8,8
2376,08015,Chaffee,CO,38.5357,-106.0753,1,1935,18,23,3,0,1,16,SOLAR,"3,885",30,7,8
2377,08041,El Paso,CO,38.6299,-104.6526,1,1247,32,27,6,1,11,21,SOLAR,"146,462",14,8,8
2378,08001,Adams,CO,39.808719,-104.781494,1,66831,84,27,16,4,7,13,SOLAR,"2,216",7,7,8
2379,08123,Weld,CO,40.952057,-103.907562,1,2,8,33,8,0,2,15,WIND,"529,081",32,4,8
2380,08087,Morgan,CO,40.2217,-103.6803,1,711,21,24,15,1,6,21,COAL,"2,711,798",32,6,8
2382,08075,Logan,CO,40.986,-103.436,1,27,13,37,8,0,4,20,WIND,"653,181",19,4,8
2383,08041,El Paso,CO,38.6217,-104.5814,1,6,14,20,7,4,2,21,SOLAR,"6,654",17,5,8
2384,08041,El Paso,CO,38.7745,-104.7458,1,71185,54,35,11,3,7,18,SOLAR,"9,996",10,8,8
2385,08001,Adams,CO,39.761569,-104.45903,1,2829,26,28,11,0,2,22,SOLAR,"179,973",8,5,8
2386,08097,Pitkin,CO,39.247705,-106.876811,1,2640,14,17,3,3,3,15,SOLAR,"11,792",15,6,8
2387,08045,Garfield,CO,39.414671,-108.090731,1,2992,38,42,17,6,2,8,SOLAR,"1,938",8,10,8
2388,08075,Logan,CO,40.613557,-103.233735,1,14399,24,37,8,0,3,19,SOLAR,"1,731",20,6,8
2389,08087,Morgan,CO,40.266898,-103.657514,1,6113,36,29,16,1,4,22,SOLAR,"3,776",17,8,8
2390,08087,Morgan,CO,40.266856,-103.65937,1,6108,36,29,16,1,4,22,SOLAR,"1,974",17,8,8
2391,08087,Morgan,CO,40.266898,-103.657514,1,6113,36,29,16,1,4,22,SOLAR,"3,795",17,8,8
2392,08045,Garfield,CO,39.414671,-108.090731,1,2992,38,42,17,6,2,8,SOLAR,"3,810",8,10,8
2393,08123,Weld,CO,40.228419,-104.777024,1,1924,43,19,17,1,6,17,SOLAR,"3,709",17,6,8
2394,08045,Garfield,CO,39.523107,-107.815344,1,10099,42,22,13,7,4,22,SOLAR,"3,538",10,8,8
2395,08123,Weld,CO,40.241166,-104.771384,1,983,47,26,18,4,6,13,SOLAR,"3,757",16,6,8
2396,08059,Jefferson,CO,39.857499,-105.225967,1,11794,19,5,1,0,3,17,GAS,"5,302",9,6,8
2397,08059,Jefferson,CO,39.8586,-105.2256,1,11849,19,5,1,0,3,17,GAS,"19,914",9,6,8
2398,08123,Weld,CO,40.22833,-104.77471,1,1587,43,19,17,1,6,17,SOLAR,"2,924",17,6,8
2399,08069,Larimer,CO,40.365056,-105.325074,1,191,13,9,7,2,2,17,HYDRO,"186,426",27,1,8
2400,08101,Pueblo,CO,38.2667,-104.6144,1,76838,57,48,13,2,8,23,OIL, (189),17,6,8
2401,08101,Pueblo,CO,38.320833,-104.52639,1,779,43,35,3,0,12,6,GAS,"1,482,682",10,2,8
2402,08005,Arapahoe,CO,39.638409,-104.662508,1,9871,36,9,4,2,5,0,SOLAR,"2,225",6,8,8
2403,08005,Arapahoe,CO,39.63838,-104.562645,1,241,17,15,9,0,1,16,SOLAR,"3,515",18,4,8
2404,08069,Larimer,CO,40.592841,-105.147097,1,37507,19,43,3,1,5,14,SOLAR,"2,737",10,3,8
2405,08069,Larimer,CO,40.591099,-105.145904,1,40741,20,43,3,1,6,14,SOLAR,"2,514",9,3,8
2406,08069,Larimer,CO,40.860905,-105.021207,1,92,18,25,2,2,5,14,COAL,"1,501,546",23,2,8
2407,08069,Larimer,CO,40.857978,-105.015561,1,123,19,23,2,2,4,14,SOLAR,"47,334",23,3,8
2408,08041,El Paso,CO,38.633451,-104.70577,1,4382,38,29,6,0,10,21,COAL,"976,463",10,5,8
2410,08075,Logan,CO,40.945911,-103.162028,1,243,14,37,5,0,5,19,WIND,"51,402",16,6,8
2411,08075,Logan,CO,40.66583,-103.132442,1,109,26,32,12,1,4,20,SOLAR,"3,457",17,3,8
2412,08003,Alamosa,CO,37.39955,-105.90341,1,508,45,48,23,5,6,18,SOLAR,"3,680",13,7,8
2413,08089,Otero,CO,38.0492,-103.7136,1,4917,61,69,12,6,9,23,OIL, (293),16,6,8
2414,08123,Weld,CO,40.0908,-104.5953,1,1537,40,32,17,7,3,17,GAS,"2,384,575",11,7,8
2415,08039,Elbert,CO,39.172111,-103.845358,1,22,7,15,2,0,1,15,WIND,"2,110,347",26,1,8
2416,08041,El Paso,CO,38.841354,-104.973802,1,878,17,17,2,0,9,17,HYDRO,"1,509",15,6,8
2417,08085,Montrose,CO,38.2725,-108.785556,1,2,3,45,15,0,2,20,SOLAR,"1,809",33,3,8
2418,08123,Weld,CO,40.081444,-104.746661,1,6034,50,29,18,7,6,15,SOLAR,"29,029",13,4,8
2419,08123,Weld,CO,40.386197,-104.55095,1,1985,24,23,12,3,4,21,SOLAR,"7,103",18,5,8
2420,08123,Weld,CO,40.386223,-104.554038,1,2023,25,23,12,3,4,21,SOLAR,"1,980",18,5,8
2421,08123,Weld,CO,40.23,-105.03,1,5810,21,10,7,0,3,15,SOLAR,"14,768",14,5,8
2422,08123,Weld,CO,40.181742,-104.692067,1,302,39,17,16,1,10,18,SOLAR,"33,771",18,3,8
2423,08123,Weld,CO,40.105427,-104.413144,1,390,23,21,10,1,3,16,SOLAR,"15,556",12,13,8
2424,08123,Weld,CO,40.579472,-104.895675,1,1518,13,23,5,1,7,9,SOLAR,"3,890",19,6,8
2425,08123,Weld,CO,40.575118,-104.89577,1,1767,13,21,4,1,7,8,SOLAR,"2,466",19,5,8
2426,08015,Chaffee,CO,38.53419,-106.182003,1,301,20,19,2,0,0,14,HYDRO,"1,126",32,5,8
2427,08071,Las Animas,CO,37.372,-104.843,1,101,43,56,16,2,5,20,SOLAR,"73,662",38,5,8
2428,08021,Conejos,CO,37.068132,-106.018925,1,1019,80,56,13,12,12,13,SOLAR,"3,251",22,3,8
2429,08109,Saguache,CO,37.777,-106.22,1,186,15,44,13,0,11,19,SOLAR,"5,969",10,5,8
2430,08003,Alamosa,CO,37.694535,-105.927622,1,120,33,30,5,14,4,17,SOLAR,"72,768",9,5,8
2431,08085,Montrose,CO,38.491966,-108.002283,1,996,10,26,4,0,3,18,HYDRO,"10,132",30,3,8
2432,08085,Montrose,CO,38.450483,-107.776727,1,1523,18,20,4,1,2,18,HYDRO,"19,180",30,3,8
2433,08045,Garfield,CO,39.57013,-107.226876,1,16,20,13,7,7,2,4,HYDRO,"24,338",18,9,8
2434,08123,Weld,CO,40.577889,-104.894792,1,1508,13,23,4,1,8,8,SOLAR,"8,837",19,6,8
2435,08085,Montrose,CO,38.483333,-107.755,1,550,34,25,6,5,2,20,HYDRO,"15,589",27,6,8
2436,08085,Montrose,CO,38.470278,-107.771389,1,1286,21,21,4,2,2,19,HYDRO,"11,536",30,4,8
2437,08123,Weld,CO,40.092192,-104.887844,1,10980,34,20,11,3,4,13,GAS,"252,708",10,8,8
2438,08075,Logan,CO,40.983,-102.9647,1,30,14,37,5,0,5,19,WIND,"139,422",16,6,8
2439,08075,Logan,CO,40.964167,-103.077222,1,230,14,37,5,0,5,19,WIND,"189,150",16,6,8
2440,08009,Baca,CO,37.4028,-102.6217,1,1562,20,54,16,1,2,22,OIL,0,21,5,8
2441,08009,Baca,CO,37.21444,-102.3933,1,11,5,41,8,0,1,14,WIND,"5,034",25,6,8
2442,08075,Logan,CO,40.6316,-103.194694,1,15909,25,36,9,0,3,20,SOLAR,"3,289",19,6,8
2443,08035,Douglas,CO,39.4326,-105.1263,1,1214,8,6,2,2,0,12,HYDRO,"7,241",36,0,8
2444,08065,Lake,CO,39.252672,-106.374808,1,716,37,20,4,1,1,9,HYDRO,"3,942",15,2,8
2445,08101,Pueblo,CO,38.180331,-104.518529,1,297,50,28,9,0,1,21,SOLAR,"454,158",26,3,8
2446,08003,Alamosa,CO,37.690304,-105.880501,1,284,35,30,7,12,4,17,SOLAR,"11,357",16,4,8
2447,08045,Garfield,CO,39.415027,-107.157188,1,4166,41,16,10,4,3,14,SOLAR,"2,651",15,7,8
2448,08067,La Plata,CO,37.52372,-107.782786,1,303,6,34,0,0,4,16,HYDRO,957,43,0,8
2449,08103,Rio Blanco,CO,40.106269,-108.711161,1,50,12,15,11,0,4,19,HYDRO,34,16,4,8
2450,08041,El Paso,CO,38.973655,-104.901141,1,10366,25,18,2,0,2,6,HYDRO,"56,381",6,4,8
2451,08101,Pueblo,CO,38.1899,-104.39804,1,335,32,38,7,6,9,17,SOLAR,"325,037",18,7,8
2452,08005,Arapahoe,CO,39.68646,-104.01398,1,47,11,25,5,1,1,15,SOLAR,"102,088",11,14,8
2453,08049,Grand,CO,39.959166,-105.846,1,2960,17,29,7,3,5,16,SOLAR,"2,243",15,3,8
2454,08083,Montezuma,CO,37.429538,-108.574871,1,2714,27,24,8,0,4,18,HYDRO,"15,788",16,4,8
2455,08091,Ouray,CO,38.239167,-107.758056,1,397,6,14,2,1,1,15,HYDRO,"26,215",49,0,8
2456,08071,Las Animas,CO,37.178979,-104.487492,1,9035,50,41,9,1,8,20,OIL,26,23,5,8
2457,08015,Chaffee,CO,38.8151,-106.1104,1,5056,17,45,14,1,10,6,SOLAR,"5,454",10,1,8
2458,08001,Adams,CO,39.825708,-104.97312,1,89569,68,34,22,6,5,21,SOLAR,"1,923",10,7,8
2459,08099,Prowers,CO,37.773,-102.546,1,9,47,41,21,11,0,16,WIND,"283,755",22,8,8
2461,08101,Pueblo,CO,38.14347,-104.25341,1,19,13,28,14,0,0,17,SOLAR,60,32,1,8
2462,08013,Boulder,CO,40.00759,-105.269204,1,98352,21,35,2,2,6,8,GAS,"2,445",12,2,8
2463,08077,Mesa,CO,39.143808,-108.004777,1,121,12,25,7,0,6,14,HYDRO,"32,001",19,3,8
2464,08067,La Plata,CO,37.377715,-107.578745,1,173,13,7,3,0,2,12,HYDRO,"23,737",25,1,8
2465,08123,Weld,CO,40.418786,-104.891944,1,7585,7,15,2,0,2,8,SOLAR,"9,666",16,7,8
2466,08013,Boulder,CO,40.0195,-105.202,1,35183,21,26,2,1,4,14,GAS,"6,609",14,3,8
2467,08013,Boulder,CO,40.0205,-105.2009,1,31374,19,25,2,2,4,14,GAS,"31,696",16,3,8
2468,08123,Weld,CO,40.231806,-104.79894,1,3183,44,19,17,0,6,17,SOLAR,"8,216",17,6,8
2469,08001,Adams,CO,39.752297,-104.667388,1,7516,54,12,10,2,2,18,SOLAR,"3,910",6,11,8
2470,08001,Adams,CO,39.752244,-104.66509,1,7030,55,13,11,2,2,18,SOLAR,"3,830",6,11,8
2471,08001,Adams,CO,39.750499,-104.66733,1,7932,54,12,10,2,2,18,SOLAR,"3,833",6,11,8
2472,08001,Adams,CO,39.752334,-104.66733,1,7403,55,13,10,2,2,18,SOLAR,"3,696",6,11,8
2473,08101,Pueblo,CO,38.1728,-104.62,1,306,59,25,4,0,2,16,WIND,"2,109",9,4,8
2474,08001,Adams,CO,39.795,-104.433,1,2334,25,26,10,0,2,22,SOLAR,"27,250",9,5,8
2475,08009,Baca,CO,37.384,-102.466,1,124,17,44,14,0,5,22,SOLAR,"8,851",27,7,8
2476,08045,Garfield,CO,39.522904,-107.81341,1,10418,42,22,13,7,4,22,SOLAR,"1,002",10,8,8
2477,08123,Weld,CO,40.232146,-104.791865,1,3207,44,19,17,0,6,17,SOLAR,"3,446",17,6,8
2478,08087,Morgan,CO,40.263,-103.8069,1,15189,56,42,22,8,4,19,GAS,"6,765",14,8,8
2479,08057,Jackson,CO,40.8125,-106.289722,1,18,1,33,7,0,16,19,SOLAR,"2,370",33,3,8
2480,08049,Grand,CO,40.035,-106.2053,1,124,16,13,9,0,17,18,HYDRO,"8,703",12,3,8
2481,08067,La Plata,CO,37.145556,-107.784722,1,1139,19,18,5,0,1,17,OTHF,"44,973",24,3,8
2482,08001,Adams,CO,39.765479,-104.588631,1,715,31,17,9,6,2,19,SOLAR,"3,535",14,6,8
2483,08001,Adams,CO,39.784937,-104.583391,1,412,31,17,8,5,3,21,SOLAR,"3,484",16,5,8
2484,09003,Hartford,CT,41.865827,-72.573956,1,14501,37,10,5,2,5,18,SOLAR,"1,650",17,4,1
2485,09011,New London,CT,41.655,-72.161,1,3356,18,15,7,0,9,20,SOLAR,"1,490",22,4,1
2486,09003,Hartford,CT,42.015023,-72.511892,1,23860,22,12,9,1,4,13,SOLAR,"1,193",22,4,1
2487,09003,Hartford,CT,41.9227,-72.6255,1,22988,32,16,7,4,6,19,GAS,"115,819",18,5,1
2488,09009,New Haven,CT,41.44823,-72.834884,1,38514,20,14,7,3,4,17,GAS,0,22,5,1
2489,09009,New Haven,CT,41.45,-72.85,1,36552,21,14,6,4,4,17,SOLAR,"1,117",23,5,1
2490,09011,New London,CT,41.416944,-72.234444,1,4372,16,11,5,2,3,17,SOLAR,"3,487",16,4,1
2491,09011,New London,CT,41.542778,-72.093611,1,37377,38,33,13,6,7,21,OIL,"1,021",19,5,1
2492,09015,Windham,CT,41.946333,-71.883799,1,11949,19,27,14,0,5,20,SOLAR,"2,871",16,6,1
2493,09013,Tolland,CT,42.03263,-72.50491,1,25846,21,12,9,1,4,13,SOLAR,"3,286",22,4,1
2494,09005,Litchfield,CT,42.01,-73.335,1,3146,26,40,15,1,12,22,SOLAR,"3,289",22,7,1
2495,09013,Tolland,CT,42.02956,-72.50324,1,25156,20,12,9,1,4,13,SOLAR,"1,599",22,4,1
2496,09003,Hartford,CT,41.927102,-72.683143,1,20413,32,18,7,5,6,18,GAS,"12,855",18,6,1
2497,09009,New Haven,CT,41.2925,-72.7942,1,30286,13,16,3,2,4,14,OIL,68,26,3,1
2499,09011,New London,CT,41.362778,-72.0825,1,55680,41,34,9,6,6,18,OIL,562,15,6,1
2500,09001,Fairfield,CT,41.1692,-73.1844,1,140210,66,42,19,15,9,20,GAS,"2,571,939",13,6,1
2501,09001,Fairfield,CT,41.168056,-73.211111,1,142441,56,39,17,14,9,19,GAS,"105,059",13,6,1
2502,09001,Fairfield,CT,41.1706,-73.1844,1,143356,65,42,19,15,9,20,GAS,"2,945,076",13,6,1
2503,09003,Hartford,CT,41.69097,-72.97855,1,42710,38,24,8,6,7,19,SOLAR,"2,907",14,5,1
2504,09005,Litchfield,CT,41.659046,-73.491984,1,3951,20,13,8,1,4,15,HYDRO,"41,762",21,4,1
2505,09005,Litchfield,CT,42.021795,-73.316909,1,4053,21,32,15,1,11,21,SOLAR,0,21,6,1
2506,09003,Hartford,CT,41.72795,-72.93262,1,31596,28,14,5,3,5,17,SOLAR,"5,056",16,5,1
2507,09003,Hartford,CT,41.691389,-72.768611,1,102308,53,34,16,13,7,20,GAS,88,15,6,1
2508,09003,Hartford,CT,41.691944,-72.761111,1,104231,52,33,15,13,7,20,GAS,"10,212",15,6,1
2510,09011,New London,CT,41.570584,-72.158607,1,5086,16,18,6,2,4,18,SOLAR,"3,114",21,7,1
2511,09011,New London,CT,41.39546,-72.079191,1,33272,34,27,7,4,7,17,SOLAR,"1,360",13,7,1
2512,09011,New London,CT,41.576946,-72.104609,1,15415,23,22,8,3,4,18,SOLAR,"2,351",22,5,1
2513,09011,New London,CT,41.381256,-72.076886,1,44150,42,34,9,6,6,19,SOLAR,"4,858",13,6,1
2514,09011,New London,CT,41.538324,-72.122544,1,25848,37,30,11,6,6,20,SOLAR,"1,630",19,5,1
2515,09007,Middlesex,CT,41.548826,-72.706877,1,35515,30,22,5,4,5,16,SOLAR,"1,678",15,3,1
2516,09007,Middlesex,CT,41.548826,-72.706877,1,35515,30,22,5,4,5,16,SOLAR,"1,675",15,3,1
2517,09009,New Haven,CT,41.481243,-73.123108,1,13297,26,12,5,4,4,16,GAS,"5,534,072",20,5,1
2518,09003,Hartford,CT,42.009,-72.65,1,17382,24,22,6,1,9,19,SOLAR,"3,518",17,6,1
2519,09005,Litchfield,CT,41.892997,-72.98595,1,5245,12,9,1,0,7,15,SOLAR,"1,700",20,6,1
2520,09003,Hartford,CT,41.776111,-72.606667,1,58282,65,34,10,7,6,20,GAS,"13,139",14,7,1
2521,09011,New London,CT,41.5825,-71.9018,1,5142,9,17,5,1,5,17,SOLAR,"1,642",20,3,1
2522,09011,New London,CT,41.538324,-72.122544,1,25848,37,30,11,6,6,20,SOLAR,"1,267",19,5,1
2523,09011,New London,CT,41.38151,-72.103214,1,45329,41,33,9,6,7,19,GAS,"8,098",13,6,1
2524,09003,Hartford,CT,41.642322,-72.740907,1,64812,44,27,13,8,6,19,SOLAR,"1,706",18,6,1
2525,09001,Fairfield,CT,41.0289,-73.5989,1,62670,48,20,10,7,6,15,OIL,"1,298",16,6,1
2526,09003,Hartford,CT,41.6492,-72.9153,1,52533,32,25,8,6,6,19,BIOMASS,"103,737",16,5,1
2527,09011,New London,CT,41.475,-72.0688,1,15880,31,27,13,6,7,19,BIOMASS,"114,241",17,5,1
2528,09003,Hartford,CT,41.541596,-72.475018,1,6863,7,8,4,1,4,17,SOLAR,"41,102",17,5,1
2529,09001,Fairfield,CT,41.405278,-73.4475,1,79551,58,31,18,12,6,16,GAS,"26,321",14,6,1
2530,09001,Fairfield,CT,41.324308,-73.102111,1,55502,39,22,10,6,7,19,HYDRO,"9,338",20,5,1
2531,09009,New Haven,CT,41.209797,-73.108976,1,79816,30,18,8,4,6,18,OIL,123,20,5,1
2532,09015,Windham,CT,41.7698,-72.0794,1,2823,17,18,6,0,3,17,SOLAR,"2,998",18,5,1
2533,09001,Fairfield,CT,41.24019,-73.14603,1,67688,33,19,9,6,7,18,GAS,"13,125",20,5,1
2535,09003,Hartford,CT,41.89,-72.518,1,20275,28,16,5,2,5,17,SOLAR,"8,844",17,4,1
2536,09001,Fairfield,CT,41.271832,-73.122255,1,36480,22,12,5,4,6,16,SOLAR,"2,183",25,6,1
2537,09007,Middlesex,CT,41.5948,-72.71316,1,33272,27,14,6,4,3,16,GAS,"7,136",17,4,1
2538,09001,Fairfield,CT,41.1589,-73.2572,1,80311,29,23,7,6,9,16,GAS,"25,324",14,5,1
2539,09005,Litchfield,CT,41.957272,-73.369297,1,2070,10,22,2,1,9,16,HYDRO,"52,077",26,4,1
2540,09013,Tolland,CT,42.03107,-72.50438,1,25378,20,12,9,1,4,13,SOLAR,"1,615",22,4,1
2541,09011,New London,CT,41.4711,-72.1022,1,17445,32,27,12,5,7,17,OIL,946,17,4,1
2542,09011,New London,CT,41.4731,-71.9606,1,5603,18,10,2,1,2,18,GAS,"10,763",12,6,1
2543,09005,Litchfield,CT,41.798943,-73.116267,1,33224,35,33,12,5,6,19,OIL,100,16,5,1
2544,09011,New London,CT,41.656,-72.159,1,3355,18,15,7,0,8,20,SOLAR,"1,546",22,4,1
2545,09015,Windham,CT,41.862778,-71.891667,1,7972,20,25,9,1,14,17,GAS,"22,319",17,5,1
2546,09011,New London,CT,41.623889,-72.043056,1,7184,14,24,7,1,4,16,SOLAR,"38,846",18,4,1
2547,09011,New London,CT,41.3367,-72.02,1,22935,28,24,7,2,5,17,OIL,466,23,4,1
2548,09009,New Haven,CT,41.2108,-73.1075,1,77027,27,17,7,3,6,18,OIL,"2,341",20,4,1
2549,09011,New London,CT,41.59413,-72.33131,1,10419,10,14,4,0,4,18,GAS,"82,276",21,9,1
2550,09003,Hartford,CT,41.988611,-73.0194,1,1700,16,19,6,1,5,17,HYDRO,"12,850",20,2,1
2551,09003,Hartford,CT,41.7614,-72.6686,1,148000,80,48,22,14,10,19,GAS,"26,578",12,5,1
2552,09011,New London,CT,41.657,-72.161,1,3470,18,15,7,0,9,20,SOLAR,"1,532",22,4,1
2553,09003,Hartford,CT,41.7631,-72.6733,1,148914,80,47,22,14,10,19,GAS,"43,799",12,5,1
2554,09003,Hartford,CT,41.7915,-72.6509,1,89018,86,47,19,10,9,20,SOLAR,"1,449",12,6,1
2555,09009,New Haven,CT,41.472492,-73.207043,1,17315,15,14,4,1,3,16,GAS,0,31,5,1
2556,09009,New Haven,CT,41.295715,-72.91995,1,160639,65,43,14,9,8,19,GAS,"1,839",12,6,1
2557,09011,New London,CT,41.583,-71.904,1,5142,9,17,5,1,5,17,SOLAR,"1,571",20,3,1
2558,09011,New London,CT,41.656,-72.162,1,3310,18,15,7,0,9,20,SOLAR,"1,514",22,4,1
2559,09011,New London,CT,41.6041,-71.9825,1,10600,9,24,10,0,6,19,OIL,198,18,3,1
2560,09005,Litchfield,CT,41.558333,-73.413611,1,16536,20,15,4,1,6,17,GAS,"217,405",14,6,1
2561,09009,New Haven,CT,41.3686,-73.0856,1,39361,38,22,11,6,7,20,HYDRO,0,18,4,1
2562,09007,Middlesex,CT,41.553227,-72.596867,1,22653,28,28,7,2,5,18,GAS,"2,700,107",19,5,1
2563,09011,New London,CT,41.5694,-72.1175,1,12095,22,18,7,2,4,18,OIL,573,23,5,1
2564,09015,Windham,CT,41.872043,-71.895799,1,8420,19,26,11,1,14,17,GAS,"5,751,261",15,5,1
2565,09011,New London,CT,41.5683,-72.2322,1,4093,5,16,4,0,3,18,OIL,577,13,4,1
2566,09013,Tolland,CT,42.0305,-72.503952,1,25270,20,12,9,1,4,13,SOLAR,"1,624",22,4,1
2567,09003,Hartford,CT,41.763257,-72.557144,1,69881,53,29,8,5,5,19,SOLAR,"1,401",14,7,1
2568,09003,Hartford,CT,41.763592,-72.56329,1,71075,55,30,8,5,5,19,SOLAR,"1,506",14,7,1
2569,09015,Windham,CT,41.77,-72.0802,1,2823,17,18,6,0,3,17,SOLAR,"1,591",18,5,1
2570,09009,New Haven,CT,41.33788,-72.870281,1,82532,49,33,12,8,7,18,GAS,"14,011",15,5,1
2571,09009,New Haven,CT,41.339715,-72.865033,1,73260,47,32,12,8,7,18,GAS,"17,017",16,5,1
2572,09007,Middlesex,CT,41.554944,-72.579075,1,10989,29,26,6,1,5,17,GAS,"173,279",19,5,1
2573,09009,New Haven,CT,41.224355,-73.099728,1,64912,19,13,5,2,6,17,GAS,"3,556,428",22,4,1
2574,09011,New London,CT,41.3107,-72.1677,1,13943,10,13,3,0,4,17,NUCLEAR,"13,669,458",27,5,1
2575,09011,New London,CT,41.4281,-72.1019,1,16413,23,21,6,1,6,14,OIL,"36,203",16,6,1
2576,09011,New London,CT,41.4,-72.0855,1,30045,33,27,7,4,7,16,GAS,"34,163",13,7,1
2577,09009,New Haven,CT,41.283997,-72.904323,1,127601,60,41,15,10,7,19,OIL,"21,078",13,5,1
2578,09005,Litchfield,CT,41.547671,-73.425237,1,15651,19,13,3,2,5,17,BIOMASS,"5,443",14,6,1
2579,09003,Hartford,CT,41.860396,-72.722889,1,21822,66,13,7,1,4,18,SOLAR,"4,447",24,3,1
2580,09003,Hartford,CT,41.882487,-72.543688,1,19124,31,12,5,2,4,17,SOLAR,"3,375",17,4,1
2581,09003,Hartford,CT,41.881606,-72.544814,1,19453,31,12,5,2,4,17,SOLAR,"3,429",17,4,1
2582,09001,Fairfield,CT,41.1117,-73.3928,1,87578,56,23,12,10,6,14,OIL,0,16,5,1
2583,09011,New London,CT,41.418331,-71.836729,1,14199,13,22,8,4,6,18,SOLAR,"30,924",19,5,1
2584,09001,Fairfield,CT,41.110861,-73.421968,1,93570,54,22,11,9,6,14,GAS,0,16,6,1
2585,09011,New London,CT,41.52679,-72.064935,1,33308,40,36,14,7,8,21,OIL,39,19,5,1
2586,09011,New London,CT,41.5256,-72.0833,1,34845,40,34,14,7,7,21,OIL,0,19,5,1
2587,09003,Hartford,CT,41.974794,-72.510833,1,16211,20,12,6,1,4,17,SOLAR,"33,374",18,7,1
2588,09009,New Haven,CT,41.3367,-72.9868,1,68167,65,36,9,4,9,20,SOLAR,20,11,6,1
2589,09003,Hartford,CT,41.869302,-72.718315,1,18949,60,13,7,1,5,17,GAS,"16,491",24,4,1
2590,09011,New London,CT,41.333889,-72.071111,1,43623,41,35,10,6,7,18,GAS,"42,100",17,5,1
2591,09011,New London,CT,41.3315,-72.0786,1,43403,41,35,10,6,7,18,GAS,"72,837",17,5,1
2592,09015,Windham,CT,41.664376,-71.92418,1,7703,15,29,9,0,6,19,BIOMASS,"233,841",18,8,1
2593,09015,Windham,CT,41.68,-71.901,1,9543,15,30,8,1,7,19,SOLAR,"1,423",17,8,1
2594,09015,Windham,CT,41.679,-71.905,1,9181,15,30,8,1,7,19,SOLAR,"1,470",17,8,1
2595,09005,Litchfield,CT,41.900096,-73.107054,1,8236,20,22,4,2,5,18,SOLAR,"3,749",25,4,1
2596,09003,Hartford,CT,41.976084,-72.533822,1,23239,20,14,5,1,4,16,SOLAR,"3,342",19,6,1
2597,09003,Hartford,CT,41.748327,-72.636693,1,98564,72,41,19,13,8,19,GAS,"120,319",12,5,1
2598,09015,Windham,CT,41.798656,-71.886759,1,15260,23,28,10,5,11,20,HYDRO,"10,052",17,5,1
2599,09015,Windham,CT,41.749867,-71.932481,1,9091,22,18,10,5,6,18,SOLAR,"76,248",15,6,1
2600,09003,Hartford,CT,41.915312,-72.693616,1,18006,33,17,6,5,7,18,HYDRO,"35,347",19,6,1
2601,09011,New London,CT,41.452778,-72.136111,1,13033,23,20,9,2,6,16,GAS,"123,710",16,4,1
2602,09005,Litchfield,CT,41.5826,-73.4349,1,17318,22,22,4,2,10,16,HYDRO,"4,521",16,6,1
2603,09005,Litchfield,CT,42.032202,-73.334164,1,3861,21,32,15,1,11,21,SOLAR,0,22,6,1
2604,09015,Windham,CT,41.6651,-72.1221,1,3584,23,18,7,5,6,19,HYDRO,"9,608",22,5,1
2605,09009,New Haven,CT,41.44842,-73.295321,1,10111,17,10,5,1,4,14,HYDRO,"163,147",18,4,1
2606,09011,New London,CT,41.583,-71.902,1,5142,9,17,5,1,5,17,SOLAR,"1,577",20,3,1
2607,09001,Fairfield,CT,41.250009,-73.09865,1,43175,18,13,5,3,6,16,GAS,"64,346",24,5,1
2608,09013,Tolland,CT,41.955,-72.445833,1,8000,13,10,3,0,3,16,SOLAR,"7,892",17,6,1
2609,09003,Hartford,CT,41.7495,-72.6524,1,125287,79,47,21,14,10,19,OIL,0,12,5,1
2610,09003,Hartford,CT,41.815417,-72.614377,1,39372,67,30,10,5,6,18,GAS,"39,151",12,6,1
2611,09003,Hartford,CT,41.89,-72.518,1,20275,28,16,5,2,5,17,SOLAR,"8,746",17,4,1
2612,09013,Tolland,CT,41.964,-72.309,1,8831,10,19,5,0,5,20,SOLAR,"3,150",20,5,1
2613,09001,Fairfield,CT,41.055636,-73.55198,1,141845,56,24,12,11,6,16,OIL,0,14,6,1
2614,09001,Fairfield,CT,41.3833,-73.1714,1,15751,18,10,3,2,5,16,HYDRO,"111,230",13,6,1
2615,09011,New London,CT,41.400008,-72.085993,1,30218,33,27,7,4,7,16,GAS,"34,211",13,7,1
2616,09015,Windham,CT,41.7683,-72.0783,1,2758,17,18,6,0,3,17,SOLAR,"3,080",18,5,1
2617,09001,Fairfield,CT,41.3907,-73.4354,1,79531,57,32,18,12,6,16,GAS,0,13,6,1
2618,09011,New London,CT,41.5725,-72.0458,1,18031,29,31,11,4,7,19,HYDRO,"4,701",20,4,1
2619,09011,New London,CT,41.538955,-72.050936,1,32125,38,35,14,6,7,21,HYDRO,"3,522",18,5,1
2620,09003,Hartford,CT,41.821518,-72.507383,1,52647,35,17,4,3,5,16,SOLAR,"1,572",17,6,1
2621,09005,Litchfield,CT,41.83019,-73.07802,1,22073,28,24,12,4,7,17,SOLAR,"3,355",17,4,1
2622,09005,Litchfield,CT,41.776109,-73.120886,1,27981,37,35,13,5,6,19,OIL,67,15,5,1
2623,09009,New Haven,CT,41.28114,-72.81028,1,31119,15,18,4,2,4,15,SOLAR,"1,510",25,3,1
2624,09003,Hartford,CT,41.643223,-72.633011,1,28383,25,14,5,2,5,17,SOLAR,"4,641",21,5,1
2625,09003,Hartford,CT,41.746288,-72.689356,1,154054,70,42,20,13,9,18,GAS,"8,914",13,5,1
2626,09011,New London,CT,41.555425,-72.041829,1,25511,36,35,13,5,7,21,HYDRO,"11,898",18,5,1
2627,09001,Fairfield,CT,41.165036,-73.19606,1,128923,63,42,19,15,10,20,GAS,"10,467",13,6,1
2628,09013,Tolland,CT,41.809167,-72.254167,1,23246,27,42,4,4,12,5,GAS,"122,129",9,1,1
2629,09003,Hartford,CT,41.716998,-72.536077,1,25437,24,9,3,1,3,17,GAS,"21,143",20,4,1
2630,09001,Fairfield,CT,41.157591,-73.208084,1,113792,56,39,17,14,10,19,GAS,"20,031",12,6,1
2631,09009,New Haven,CT,41.288803,-72.898622,1,125653,60,42,15,10,7,19,GAS,"20,581",13,5,1
2632,09009,New Haven,CT,41.358035,-73.007805,1,22458,46,23,7,4,9,18,GAS,"16,468",17,5,1
2633,09009,New Haven,CT,41.448694,-72.835364,1,38525,20,14,7,3,4,17,GAS,"161,301",22,5,1
2634,09009,New Haven,CT,41.44175,-72.83737,1,38037,20,15,6,3,4,17,SOLAR,"21,746",23,5,1
2635,09011,New London,CT,41.3469,-72.0411,1,28465,32,28,8,3,6,18,OIL,482,18,6,1
2636,09009,New Haven,CT,41.5444,-73.0417,1,103731,66,42,19,9,11,20,GAS,"40,136",14,6,1
2637,09001,Fairfield,CT,41.0372,-73.5564,1,121073,60,26,12,11,6,16,OIL,"1,826",14,6,1
2638,09005,Litchfield,CT,41.61968,-73.14844,1,14124,20,17,4,1,5,17,SOLAR,"2,961",23,4,1
2639,09007,Middlesex,CT,41.556389,-72.653889,1,44602,31,26,6,3,5,17,GAS,"10,462",17,4,1
2640,09001,Fairfield,CT,41.1625,-73.2083,1,126993,57,40,17,14,10,19,BIOMASS,"462,836",13,6,1
2641,09011,New London,CT,41.584429,-72.041629,1,12996,22,28,10,3,6,18,BIOMASS,"101,884",21,4,1
2642,09011,New London,CT,41.656,-72.16,1,3372,18,15,7,0,9,20,SOLAR,"1,541",22,4,1
2643,09005,Litchfield,CT,41.961067,-73.140779,1,1362,16,15,5,0,3,16,WIND,"8,890",21,4,1
2644,09015,Windham,CT,41.83184,-71.919867,1,13770,25,31,11,4,13,18,SOLAR,"27,521",16,5,1
2645,09011,New London,CT,41.336413,-72.105611,1,48404,40,33,10,6,7,18,GAS,"14,560",17,5,1
2647,11001,District of Columbia,DC,38.882704,-77.007443,1,297016,60,26,6,3,7,20,GAS,"49,412",10,6,3
2649,11001,District of Columbia,DC,38.819244,-77.018944,1,151704,68,27,9,2,7,19,SOLAR,"5,482",13,8,3
2650,11001,District of Columbia,DC,38.885709,-77.028373,1,320533,49,19,4,3,5,17,GAS,"30,640",10,5,3
2651,11001,District of Columbia,DC,38.936172,-76.968186,1,245585,80,28,14,7,8,20,SOLAR,"2,107",12,7,3
2652,11001,District of Columbia,DC,38.852655,-77.009291,1,205055,72,31,8,2,10,20,SOLAR,"8,472",11,7,3
2653,11001,District of Columbia,DC,38.874155,-77.006676,1,273129,64,29,7,3,8,20,SOLAR,"1,679",10,6,3
2654,11001,District of Columbia,DC,38.821772,-77.003539,1,155500,82,34,10,2,10,20,SOLAR,"3,226",13,8,3
2655,11001,District of Columbia,DC,38.84683,-76.97592,1,205071,86,35,10,1,12,21,SOLAR,"2,245",13,7,3
2656,11001,District of Columbia,DC,38.900216,-77.050788,1,353568,44,16,4,4,4,16,GAS,"8,957",11,4,3
2657,11001,District of Columbia,DC,38.86499,-76.994006,1,246986,73,31,8,1,10,22,SOLAR,242,11,7,3
2658,11001,District of Columbia,DC,38.82568,-77.00205,1,156817,85,36,11,2,11,20,SOLAR,"1,141",12,8,3
2659,11001,District of Columbia,DC,38.820556,-77.018333,1,149908,69,27,10,2,7,19,BIOMASS,"58,267",13,8,3
2660,10003,New Castle,DE,39.75787,-75.62208,1,67058,37,24,9,2,5,20,GAS,"9,317",19,5,3
2661,10001,Kent,DE,39.0339,-75.7233,1,1509,18,27,17,1,6,24,BIOMASS,"23,456",20,4,3
2662,10005,Sussex,DE,38.5992,-75.4342,1,1314,22,24,12,2,2,19,BIOMASS,"29,627",21,4,3
2663,10001,Kent,DE,39.18568,-75.68538,1,5480,22,30,14,1,7,12,SOLAR,"2,746",18,7,3
2664,10003,New Castle,DE,39.668889,-75.716111,1,81221,43,31,9,4,5,17,GAS,"18,487",13,5,3
2665,10005,Sussex,DE,38.663992,-75.400542,1,10281,55,46,25,16,2,20,SOLAR,"7,018",16,7,3
2666,10003,New Castle,DE,39.7302,-75.5371,1,97811,69,39,12,3,8,23,OIL,219,14,6,3
2667,10003,New Castle,DE,39.693333,-75.543056,1,38915,58,31,13,2,6,23,BIOMASS,"13,217",15,6,3
2668,10003,New Castle,DE,39.736708,-75.511747,1,78237,70,41,11,3,9,23,SOLAR,633,13,7,3
2669,10005,Sussex,DE,38.664989,-75.399444,1,10334,55,46,25,16,2,20,SOLAR,"5,772",16,7,3
2670,10001,Kent,DE,39.279702,-75.622424,1,27880,47,19,7,2,5,19,SOLAR,"1,898",16,7,3
2671,10003,New Castle,DE,39.600408,-75.626811,1,18091,57,21,8,1,4,20,OIL, (577),14,3,3
2672,10003,New Castle,DE,39.5871,-75.6343,1,12368,45,21,6,0,5,21,OTHF,"1,248,944",15,3,3
2673,10001,Kent,DE,39.183611,-75.504444,1,28166,64,44,14,4,8,19,SOLAR,"16,370",18,5,3
2674,10003,New Castle,DE,39.395187,-75.7535,1,4754,46,14,5,0,8,19,SOLAR,"92,989",13,4,3
2675,10003,New Castle,DE,39.73886,-75.50384,1,64415,69,39,11,2,9,23,OIL,"222,294",13,7,3
2676,10001,Kent,DE,39.149549,-75.547335,1,47875,57,38,11,3,8,19,GAS,"89,817",18,5,3
2677,10001,Kent,DE,39.187195,-75.499396,1,23477,63,43,15,4,8,19,GAS,"816,555",18,5,3
2678,10003,New Castle,DE,39.7436,-75.5072,1,71785,67,39,10,2,8,23,GAS,"1,957,084",14,7,3
2679,10005,Sussex,DE,38.5857,-75.2341,1,9785,31,29,13,2,6,21,COAL," (9,283)",25,6,3
2680,10001,Kent,DE,38.993056,-75.4375,1,3147,23,30,12,0,4,21,SOLAR,"1,219",24,5,3
2681,10001,Kent,DE,38.923056,-75.453333,1,16529,37,31,13,6,6,20,SOLAR,"18,252",22,8,3
2682,10005,Sussex,DE,38.717509,-75.288789,1,5221,19,27,5,2,9,18,SOLAR,"1,796",26,4,3
2683,10005,Sussex,DE,38.757689,-75.602031,1,4182,38,31,14,5,5,20,SOLAR,"1,795",26,8,3
2684,10003,New Castle,DE,39.610083,-75.62974,1,27989,66,25,9,2,4,19,GAS,"180,293",14,5,3
2685,10003,New Castle,DE,39.781498,-75.548387,1,99885,51,30,8,2,7,20,SOLAR,"2,644",18,6,3
2686,10005,Sussex,DE,38.782931,-75.164903,1,12295,12,17,7,1,3,10,WIND,"4,165",42,1,3
2687,10001,Kent,DE,39.145036,-75.548172,1,50037,56,37,10,3,7,20,GAS,630,18,5,3
2688,10003,New Castle,DE,39.723644,-75.545978,1,101245,69,38,12,3,8,23,SOLAR,"2,117",14,6,3
2689,10001,Kent,DE,39.279179,-75.623928,1,27749,46,19,7,2,5,19,GAS,"17,542",16,7,3
2690,10003,New Castle,DE,39.7283,-75.6289,1,67291,38,26,10,3,5,21,OIL," (4,977)",16,5,3
2691,12095,Orange,FL,28.48455,-81.17411,1,22028,51,14,10,2,3,7,SOLAR,"7,444",7,7,4
2692,12095,Orange,FL,28.47735,-81.18036,1,14601,54,18,14,3,2,10,SOLAR,"8,815",6,6,4
2693,12031,Duval,FL,30.523647,-81.686443,1,5141,53,29,7,0,3,22,SOLAR,"13,944",10,9,4
2694,12105,Polk,FL,27.723197,-82.025608,1,463,36,33,15,3,3,24,SOLAR,"5,421",20,6,4
2695,12117,Seminole,FL,28.66633,-81.3781,1,94856,47,31,7,5,6,18,SOLAR,961,17,5,4
2696,12101,Pasco,FL,28.184444,-82.788611,1,27925,24,37,9,2,6,22,GAS,"1,737,284",24,4,4
2697,12031,Duval,FL,30.43424,-81.645351,1,36529,69,44,11,2,6,24,GAS,"69,506",13,7,4
2698,12019,Clay,FL,29.88213,-81.67618,1,1118,5,25,20,3,7,24,SOLAR,"130,306",16,2,4
2699,12063,Jackson,FL,30.76055,-85.06952,1,1064,18,38,5,0,17,23,SOLAR,"148,418",31,3,4
2700,12073,Leon,FL,30.4522,-84.4,1,8970,52,45,16,1,11,20,GAS,"1,646,202",10,6,4
2703,12057,Hillsborough,FL,27.76284,-82.23463,1,3705,56,46,15,0,4,19,SOLAR,"100,178",9,4,4
2704,12031,Duval,FL,30.314467,-81.662705,1,73154,58,47,16,3,6,25,GAS,"20,418",16,7,4
2705,12009,Brevard,FL,27.865833,-80.521111,1,10348,6,31,6,1,5,24,SOLAR,"156,124",54,0,4
2706,12105,Polk,FL,27.925984,-81.819102,1,15106,49,44,11,4,4,21,SOLAR,"12,725",14,7,4
2707,12005,Bay,FL,30.164754,-85.49179,1,1047,8,28,5,0,1,20,SOLAR,"130,873",13,2,4
2708,12017,Citrus,FL,28.99999,-82.672244,1,3123,8,35,12,0,4,27,SOLAR,"135,779",28,4,4
2709,12103,Pinellas,FL,27.758056,-82.635278,1,70836,46,31,6,1,6,18,OIL,"4,482",20,5,4
2710,12057,Hillsborough,FL,27.9072,-82.4231,1,16299,38,25,8,6,4,18,GAS,"6,108,602",14,6,4
2711,12041,Gilchrist,FL,29.718728,-82.710783,1,972,5,33,11,0,7,22,SOLAR,"60,435",20,4,4
2712,12057,Hillsborough,FL,27.7944,-82.4036,1,26711,41,16,6,2,4,20,GAS,"4,821,327",18,5,4
2713,12057,Hillsborough,FL,27.782731,-82.4008,1,27964,40,15,5,1,4,18,SOLAR,"1,521",19,5,4
2714,12057,Hillsborough,FL,27.78822,-82.39541,1,28751,42,16,6,2,4,18,SOLAR,"1,695",18,6,4
2715,12057,Hillsborough,FL,27.781988,-82.390452,1,31861,42,15,6,1,4,15,SOLAR,"76,087",18,6,4
2716,12113,Santa Rosa,FL,30.64691,-86.93821,1,7044,42,33,25,0,4,23,SOLAR,"113,775",8,3,4
2717,12061,Indian River,FL,27.609456,-80.537189,1,4193,14,32,4,4,9,19,SOLAR,"149,237",44,2,4
2718,12051,Hendry,FL,26.701639,-81.129155,1,257,71,60,35,15,4,22,SOLAR,"155,587",17,3,4
2719,12063,Jackson,FL,30.782897,-85.078686,1,808,24,50,5,0,24,22,SOLAR,"141,080",28,7,4
2720,12111,St Lucie,FL,27.24354,-80.67097,1,1081,47,20,12,40,6,20,SOLAR,"148,082",14,4,4
2721,12105,Polk,FL,27.89008,-81.98717,1,13422,42,43,17,8,4,19,SOLAR,"53,586",16,6,4
2722,12031,Duval,FL,30.320556,-81.947222,1,1903,28,36,15,0,8,23,GAS,"4,632,493",20,6,4
2723,12009,Brevard,FL,28.39265,-80.828666,1,10607,22,24,13,2,5,22,BIOMASS,"30,392",28,4,4
2724,12123,Taylor,FL,30.0688,-83.5253,1,2330,12,42,13,0,6,22,BIOMASS,0,18,5,4
2725,12001,Alachua,FL,29.623056,-82.38,1,75708,45,52,6,3,6,10,SOLAR,"1,955",8,3,4
2726,12105,Polk,FL,28.0801,-81.9229,1,34855,50,45,15,2,7,23,GAS,"1,752,618",20,5,4
2727,12011,Broward,FL,26.287966,-80.166526,1,124111,54,31,11,11,5,16,BIOMASS,"39,994",21,5,4
2728,12097,Osceola,FL,28.2764,-81.533,1,13849,46,23,7,6,4,15,GAS,"4,188,869",17,6,4
2729,12009,Brevard,FL,28.4698,-80.7644,1,21754,19,29,11,1,7,22,GAS,"7,119,144",18,4,4
2731,12027,DeSoto,FL,27.321884,-81.809077,1,1054,22,35,11,4,11,19,SOLAR,"148,014",36,3,4
2732,12086,Miami Dade,FL,25.748565,-80.152791,1,70641,65,26,7,16,3,15,BIOMASS,0,13,5,4
2733,12105,Polk,FL,28.0491,-81.9238,1,53174,46,46,15,3,7,23,GAS,"237,591",15,6,4
2734,12049,Hardee,FL,27.639778,-81.654367,1,127,26,37,17,8,2,20,SOLAR,"166,639",34,5,4
2735,12131,Walton,FL,30.87576,-86.20813,1,369,2,24,4,2,2,23,SOLAR,"138,776",20,7,4
2736,12095,Orange,FL,28.40078,-81.61632,1,12409,46,24,4,1,3,14,SOLAR,"69,325",11,7,4
2737,12027,DeSoto,FL,27.320919,-81.806863,1,1075,22,35,11,4,11,19,SOLAR,"148,654",36,3,4
2738,12051,Hendry,FL,26.7351,-80.9377,1,13670,77,52,30,12,6,21,BIOMASS,"269,938",14,5,4
2739,12073,Leon,FL,30.37926,-84.353938,1,2510,69,50,25,0,6,24,SOLAR,"36,312",14,11,4
2740,12023,Columbia,FL,29.882644,-82.696145,1,2967,18,38,14,0,7,23,SOLAR,"143,145",21,5,4
2741,12107,Putnam,FL,29.756944,-81.897222,1,1955,18,45,10,0,9,24,SOLAR,"134,640",22,9,4
2742,12033,Escambia,FL,30.841873,-87.343975,1,600,12,33,10,0,8,27,SOLAR,"144,789",20,6,4
2743,12069,Lake,FL,28.740206,-81.889188,1,14080,14,23,6,2,4,18,BIOMASS,"82,419",66,2,4
2744,12017,Citrus,FL,28.9656,-82.6977,1,205,14,28,4,0,16,23,GAS,"16,086,131",39,4,4
2745,12095,Orange,FL,28.4822,-81.1678,1,20869,50,13,9,2,3,7,COAL,"5,275,453",6,7,4
2746,12069,Lake,FL,28.811828,-81.865273,1,25172,47,46,13,7,9,13,GAS,"24,466",25,4,4
2747,12105,Polk,FL,28.05485,-81.798166,1,36034,40,46,18,7,5,23,GAS,"33,382",15,7,4
2748,12127,Volusia,FL,29.17016,-81.064121,1,39240,40,42,9,2,6,20,SOLAR,332,23,3,4
2749,12027,DeSoto,FL,27.3232,-81.8019,1,1082,23,35,11,4,12,19,SOLAR,"33,459",36,3,4
2750,12127,Volusia,FL,28.903863,-81.332329,1,26738,32,24,6,1,5,18,GAS,"105,520",23,4,4
2751,12127,Volusia,FL,28.899548,-81.330856,1,27031,32,23,6,1,5,18,SOLAR,"121,117",22,5,4
2752,12001,Alachua,FL,29.7592,-82.3878,1,7818,29,14,3,1,5,19,GAS,"812,467",22,8,4
2753,12001,Alachua,FL,29.7675,-82.396388,1,6396,29,16,3,1,6,19,BIOMASS,"288,855",22,8,4
2755,12057,Hillsborough,FL,27.955865,-82.201381,1,31965,49,29,14,5,5,19,SOLAR,"1,958",16,4,4
2756,12081,Manatee,FL,27.585836,-82.061964,1,1050,66,16,31,0,0,16,SOLAR,"142,753",7,0,4
2757,12105,Polk,FL,27.78,-81.98,1,893,40,33,17,2,2,26,SOLAR,"107,502",25,5,4
2758,12121,Suwannee,FL,30.296207,-82.864333,1,1372,9,43,19,0,2,24,SOLAR,"162,532",10,4,4
2759,12003,Baker,FL,30.28251,-82.18378,1,6049,14,25,12,0,4,22,SOLAR,"140,363",16,7,4
2760,12089,Nassau,FL,30.6608,-81.4706,1,18780,18,22,3,1,4,18,GAS,"172,330",31,4,4
2761,12081,Manatee,FL,27.5966,-82.25272,1,167,23,14,19,0,0,18,SOLAR,"180,600",13,0,4
2762,12086,Miami Dade,FL,25.54255,-80.55434,1,2897,87,8,16,9,0,20,SOLAR,"133,425",13,3,4
2763,12086,Miami Dade,FL,25.770008,-80.367743,1,176679,94,34,21,31,4,15,SOLAR,642,19,4,4
2764,12073,Leon,FL,30.2354,-84.2233,1,2430,23,22,18,1,2,20,SOLAR,"70,002",16,2,4
2765,12093,Okeechobee,FL,27.627009,-80.804159,1,183,16,34,22,0,0,23,SOLAR,"127,697",26,5,4
2766,12013,Calhoun,FL,30.45463,-85.27853,1,110,6,41,21,0,8,21,SOLAR,"126,658",23,3,4
2767,12133,Washington,FL,30.4213,-85.44103,1,438,24,53,13,0,4,24,SOLAR,"102,560",8,5,4
2768,12107,Putnam,FL,29.76723,-81.77749,1,1047,9,47,16,0,5,22,SOLAR,"82,033",17,8,4
2769,12013,Calhoun,FL,30.569958,-85.040244,1,561,13,35,5,0,0,20,SOLAR,"121,632",27,6,4
2770,12005,Bay,FL,30.419835,-85.441493,1,438,24,53,13,0,4,24,SOLAR,"113,101",8,5,4
2771,12013,Calhoun,FL,30.3962,-85.279663,1,43,2,22,6,0,6,21,SOLAR,"136,022",24,0,4
2772,12089,Nassau,FL,30.681823,-81.455413,1,11324,23,29,4,1,3,18,BIOMASS,"557,724",32,3,4
2773,12089,Nassau,FL,30.6612,-81.473,1,18600,18,22,3,1,4,18,BIOMASS,"192,330",30,4,4
2774,12127,Volusia,FL,29.0213,-80.9949,1,14917,12,20,5,0,6,21,OIL, (87),30,5,4
2775,12033,Escambia,FL,30.91993,-87.34002,1,811,23,33,14,0,7,26,SOLAR,"110,855",15,4,4
2776,12105,Polk,FL,27.9114,-81.6006,1,15671,50,46,17,8,6,23,GAS,"40,825",21,6,4
2777,12093,Okeechobee,FL,27.607892,-80.75812,1,2,31,45,6,0,13,22,SOLAR,"139,426",22,10,4
2778,12049,Hardee,FL,27.641125,-81.941581,1,235,3,45,5,0,0,18,SOLAR,"121,211",14,6,4
2779,12071,Lee,FL,26.6967,-81.7831,1,19219,40,42,20,7,4,17,GAS,"9,810,023",26,4,4
2780,12086,Miami Dade,FL,25.4756,-80.47,1,114931,90,48,27,22,5,21,GAS," (3,965)",10,9,4
2781,12083,Marion,FL,29.122882,-82.055452,1,35167,39,37,9,3,4,20,BIOMASS,"8,740",16,6,4
2782,12107,Putnam,FL,29.6807,-81.6809,1,7724,61,67,21,1,11,26,BIOMASS,"320,342",21,7,4
2783,12051,Hendry,FL,26.417212,-81.03531,1,87,64,38,35,2,10,22,SOLAR,"145,682",7,4,4
2784,12105,Polk,FL,27.982089,-82.042005,1,15728,37,22,12,5,4,19,SOLAR,"2,223",15,5,4
2785,12057,Hillsborough,FL,27.681278,-82.164656,1,169,34,42,17,0,6,17,SOLAR,"95,572",26,1,4
2786,12031,Duval,FL,30.159131,-81.518415,1,24140,43,21,3,7,3,18,GAS,"550,552",12,7,4
2787,12061,Indian River,FL,27.580883,-80.652711,1,19,31,45,6,0,13,22,SOLAR,"156,459",22,10,4
2788,12033,Escambia,FL,30.5661,-87.2244,1,23605,34,32,7,1,6,16,GAS,"2,255,523",22,7,4
2789,12091,Okaloosa,FL,30.515448,-86.518407,1,12905,25,29,4,1,2,16,SOLAR,"54,069",17,5,4
2790,12113,Santa Rosa,FL,30.430766,-86.895204,1,28707,25,21,5,1,4,17,SOLAR,"77,604",13,5,4
2791,12033,Escambia,FL,30.470351,-87.335193,1,27649,36,32,8,2,6,18,SOLAR,"83,702",18,7,4
2792,12063,Jackson,FL,30.877262,-85.40065,1,575,24,46,14,0,2,24,SOLAR,"140,206",27,3,4
2793,12047,Hamilton,FL,30.444324,-83.186935,1,490,14,66,6,0,8,24,SOLAR,"161,570",27,0,4
2794,12051,Hendry,FL,26.692646,-81.324953,1,21,67,45,24,13,8,20,SOLAR,"151,276",17,9,4
2795,12049,Hardee,FL,27.6364,-81.9636,1,255,3,45,5,0,0,18,GAS,"804,542",14,6,4
2796,12075,Levy,FL,29.48562,-82.843455,1,3098,34,42,12,4,5,22,SOLAR,"123,477",21,6,4
2797,12097,Osceola,FL,28.155322,-81.108333,1,573,26,31,18,3,11,19,SOLAR,"176,851",14,1,4
2798,12031,Duval,FL,30.286,-81.834,1,38222,58,25,10,2,4,21,SOLAR,"6,350",13,7,4
2799,12053,Hernando,FL,28.66898,-82.485733,1,1869,19,24,15,1,4,21,BIOMASS,"9,659",17,2,4
2800,12099,Palm Beach,FL,26.7601,-80.3065,1,19039,42,15,12,2,4,18,SOLAR,"156,009",14,4,4
2801,12001,Alachua,FL,29.810018,-82.639837,1,4204,19,24,11,3,6,19,SOLAR,"102,174",20,7,4
2802,12121,Suwannee,FL,29.964842,-82.823199,1,1854,20,42,18,0,1,22,SOLAR,"138,677",24,3,4
2803,12057,Hillsborough,FL,27.954901,-82.340469,1,72644,68,39,12,7,5,18,BIOMASS,"214,670",11,7,4
2804,12105,Polk,FL,27.788215,-81.869983,1,65,26,43,19,4,3,19,GAS,"10,951,633",19,5,4
2805,12107,Putnam,FL,29.665556,-82.058333,1,1273,26,54,12,0,19,21,SOLAR,"141,130",24,10,4
2807,12031,Duval,FL,30.23,-81.51,1,42952,46,21,3,6,4,18,SOLAR,"2,180",12,5,4
2808,12086,Miami Dade,FL,25.7915,-80.3838,1,128998,92,34,21,31,4,14,SOLAR,"1,393",16,4,4
2809,12057,Hillsborough,FL,27.953889,-82.4325,1,86745,61,44,14,7,7,20,SOLAR,"1,612",12,5,4
2810,12031,Duval,FL,30.456753,-81.714856,1,27222,81,39,9,2,5,22,SOLAR,"10,801",14,6,4
2811,12021,Collier,FL,26.474576,-81.433471,1,6067,91,53,43,24,6,4,SOLAR,"160,042",7,9,4
2813,12009,Brevard,FL,28.493232,-80.780124,1,22430,19,27,11,1,7,22,GAS,"6,482",18,4,4
2814,12061,Indian River,FL,27.573256,-80.578178,1,16,31,45,6,0,13,22,SOLAR,"152,718",22,10,4
2815,12097,Osceola,FL,28.262778,-81.548611,1,18863,50,30,8,6,3,11,GAS,"271,531",13,6,4
2816,12033,Escambia,FL,30.5966,-87.3264,1,16259,28,28,10,0,6,20,BIOMASS,"336,210",15,7,4
2817,12111,St Lucie,FL,27.5,-80.44,1,2028,27,31,15,1,2,16,SOLAR,"146,902",24,4,4
2818,12031,Duval,FL,30.364818,-81.625967,1,69046,65,52,15,3,8,22,GAS,"183,340",14,7,4
2819,12001,Alachua,FL,29.6461,-82.3208,1,76668,46,58,8,2,7,14,GAS,"209,468",9,4,4
2820,12039,Gadsden,FL,30.708571,-84.863869,1,5557,58,52,27,0,8,24,HYDRO,"224,192",20,1,4
2821,12097,Osceola,FL,28.063777,-81.097236,1,45,25,30,16,3,11,19,BIOMASS,"40,612",15,1,4
2823,12031,Duval,FL,30.320748,-81.956377,1,2163,28,36,15,0,8,23,SOLAR,"15,124",20,6,4
2824,12105,Polk,FL,27.806645,-81.955676,1,1083,40,33,17,2,2,26,SOLAR,"122,660",25,5,4
2825,12031,Duval,FL,30.394298,-81.557214,1,22880,52,37,9,4,6,18,GAS,"30,541",18,6,4
2827,12103,Pinellas,FL,27.767931,-82.654771,1,102406,44,31,7,2,6,20,SOLAR,39,19,5,4
2828,12101,Pasco,FL,28.181569,-82.155331,1,5385,20,38,12,3,5,16,SOLAR,"5,810",39,5,4
2829,12105,Polk,FL,28.066389,-82.0175,1,32097,51,41,17,5,6,22,SOLAR,"8,077",19,6,4
2830,12105,Polk,FL,27.719139,-82.033889,1,365,35,32,15,3,3,24,SOLAR,"89,771",18,6,4
2831,12105,Polk,FL,27.9788,-81.61015,1,16021,46,41,17,7,2,20,SOLAR,"5,040",27,5,4
2832,12055,Highlands,FL,27.331136,-81.364018,1,7840,29,37,14,3,6,17,SOLAR,"63,017",35,3,4
2834,12105,Polk,FL,27.988523,-82.047295,1,13277,41,21,12,5,4,19,SOLAR,"1,973",15,6,4
2835,12093,Okeechobee,FL,27.21421,-80.74458,1,6322,25,57,20,4,8,16,SOLAR,"149,206",25,6,4
2836,12005,Bay,FL,30.2686,-85.7003,1,2928,10,19,7,0,2,20,GAS,"4,184,498",19,7,4
2837,12011,Broward,FL,26.0686,-80.1984,1,108500,62,35,11,14,5,19,GAS,"6,358,390",14,6,4
2838,12057,Hillsborough,FL,27.926882,-82.067668,1,13264,49,37,19,9,4,22,SOLAR,"122,066",12,5,4
2839,12071,Lee,FL,26.631549,-81.760656,1,34733,52,31,12,5,4,17,BIOMASS,"274,067",18,6,4
2840,12105,Polk,FL,27.986163,-81.690172,1,42119,40,33,11,3,4,19,SOLAR,"2,500",24,6,4
2841,12057,Hillsborough,FL,27.753272,-82.164656,1,638,28,40,16,0,2,5,SOLAR,"125,993",19,1,4
2842,12057,Hillsborough,FL,27.691262,-82.410575,1,33009,53,31,10,6,6,13,SOLAR,"120,839",28,5,4
2843,12095,Orange,FL,28.539415,-81.216368,1,90521,58,30,8,7,5,12,SOLAR,"2,969",13,5,4
2844,12103,Pinellas,FL,28.0479,-82.6853,1,60414,23,23,5,2,5,13,SOLAR,"2,902",25,5,4
2845,12111,St Lucie,FL,27.237778,-80.541389,1,88,48,28,6,4,4,15,SOLAR,"145,146",25,2,4
2846,12105,Polk,FL,27.917716,-82.048697,1,19808,48,43,21,8,4,21,SOLAR,"135,639",12,6,4
2847,12019,Clay,FL,29.89857,-81.69333,1,1192,5,25,20,3,7,24,SOLAR,"151,317",16,2,4
2848,12081,Manatee,FL,27.6058,-82.3456,1,443,27,20,17,3,1,19,GAS,"6,640,037",16,2,4
2849,12081,Manatee,FL,27.468889,-82.450833,1,34466,22,14,6,2,4,17,BIOMASS,0,30,4,4
2850,12081,Manatee,FL,27.607469,-82.355275,1,779,44,28,24,8,2,21,SOLAR,"71,632",15,3,4
2851,12087,Monroe,FL,24.710833,-81.0927,1,6943,52,28,13,12,6,21,OIL, (1),21,4,4
2853,12057,Hillsborough,FL,27.949528,-82.421182,1,70764,65,46,15,8,8,20,BIOMASS,"136,832",12,5,4
2854,12086,Miami Dade,FL,25.8356,-80.3566,1,97314,91,35,15,28,3,12,BIOMASS,"25,506",10,5,4
2855,12086,Miami Dade,FL,25.64,-80.49,1,17171,90,24,8,9,4,17,SOLAR,"137,352",11,6,4
2857,12049,Hardee,FL,27.641667,-81.9625,1,226,3,45,5,0,0,18,GAS,"2,681,992",14,6,4
2858,12105,Polk,FL,27.908,-81.9185,1,7851,25,14,5,1,3,18,OTHF,"125,255",14,5,4
2859,12057,Hillsborough,FL,27.8605,-82.3903,1,21726,61,34,12,4,5,19,OTHF,"183,955",8,7,4
2860,12105,Polk,FL,27.833642,-82.051937,1,1693,24,24,10,3,2,21,OTHF,"391,861",15,6,4
2861,12105,Polk,FL,27.76522,-81.938787,1,380,40,33,17,2,2,26,OTHF,"155,756",25,5,4
2862,12069,Lake,FL,28.815358,-81.682393,1,39522,33,35,10,5,5,20,SOLAR,0,27,5,4
2863,12069,Lake,FL,28.793954,-81.623138,1,20640,30,23,6,2,6,19,SOLAR,0,30,4,4
2864,12101,Pasco,FL,28.39799,-82.22043,1,11945,52,49,24,4,12,23,SOLAR,"90,184",14,6,4
2865,12105,Polk,FL,27.8489,-81.8775,1,3721,30,24,9,3,5,19,GAS,"399,724",20,4,4
2866,12089,Nassau,FL,30.50391,-81.88411,1,1858,7,29,14,0,3,20,SOLAR,"141,684",20,3,4
2867,12003,Baker,FL,30.2473,-82.226907,1,2334,17,37,13,0,7,22,SOLAR,"125,962",19,9,4
2868,12031,Duval,FL,30.4172,-81.5525,1,6257,35,15,4,0,3,21,GAS,"3,191,859",16,9,4
2869,12093,Okeechobee,FL,27.634167,-80.791111,1,11,24,40,14,0,7,23,GAS,"11,370,324",24,8,4
2870,12093,Okeechobee,FL,27.630392,-80.794784,1,11,24,40,14,0,7,23,SOLAR,"156,675",24,8,4
2872,12031,Duval,FL,30.3185,-81.888284,1,5483,45,24,10,2,1,24,SOLAR,"5,695",14,6,4
2873,12009,Brevard,FL,28.3661,-80.7947,1,22584,40,42,16,2,4,25,GAS,"383,577",23,5,4
2874,12061,Indian River,FL,27.59686,-80.57071,1,253,31,45,6,0,13,22,SOLAR,"158,727",22,10,4
2875,12105,Polk,FL,27.87082,-81.825061,1,15948,45,35,10,4,4,22,GAS,"390,954",16,6,4
2876,12095,Orange,FL,28.442623,-81.412343,1,62316,84,51,18,15,6,19,GAS,"1,015,327",11,4,4
2877,12097,Osceola,FL,28.1289,-81.0978,1,988,28,33,22,3,11,19,GAS,676,13,1,4
2878,12097,Osceola,FL,28.058078,-81.241681,1,43,48,33,21,2,0,11,SOLAR,"3,971",13,3,4
2879,12105,Polk,FL,28.0525,-81.8083,1,33679,38,45,19,7,5,23,GAS,"2,114,050",16,7,4
2880,12103,Pinellas,FL,27.859535,-82.601759,1,35541,31,25,6,2,4,20,GAS,"6,567,731",17,4,4
2881,12009,Brevard,FL,27.8421,-80.631554,1,391,19,17,0,2,2,16,SOLAR,"162,818",30,4,4
2882,12099,Palm Beach,FL,26.771389,-80.141944,1,30025,65,28,9,5,5,18,BIOMASS,"331,637",18,6,4
2883,12099,Palm Beach,FL,26.772439,-80.141815,1,30339,64,28,9,5,5,18,BIOMASS,"535,142",18,6,4
2884,12101,Pasco,FL,28.3681,-82.5583,1,12331,23,24,12,0,3,25,BIOMASS,"185,709",14,6,4
2885,12105,Polk,FL,27.664583,-81.964222,1,34,3,45,5,0,0,18,SOLAR,"114,116",14,6,4
2886,12113,Santa Rosa,FL,30.59208,-87.135391,1,22950,18,29,9,1,4,21,GAS,"88,399",15,6,4
2887,12105,Polk,FL,27.913306,-81.810111,1,16642,48,41,11,4,4,21,SOLAR,"91,360",14,6,4
2888,12111,St Lucie,FL,27.522,-80.54726,1,8,7,21,13,0,0,15,SOLAR,"158,328",28,5,4
2889,12011,Broward,FL,26.0106,-80.3046,1,139791,77,27,7,11,4,14,SOLAR,596,20,5,4
2890,12033,Escambia,FL,30.5958,-87.2525,1,11515,32,28,7,0,2,19,GAS,"487,067",16,8,4
2891,12033,Escambia,FL,30.57,-87.39,1,6359,22,21,6,0,2,20,BIOMASS,"17,439",15,4,4
2892,12123,Taylor,FL,30.119304,-83.560054,1,8877,30,41,12,0,7,23,SOLAR,"7,206",20,5,4
2893,12103,Pinellas,FL,27.8733,-82.6741,1,72314,32,28,11,3,7,21,BIOMASS,"428,246",19,3,4
2894,12111,St Lucie,FL,27.29783,-80.54214,1,132,48,28,6,4,4,15,SOLAR,"146,895",25,2,4
2895,12127,Volusia,FL,29.08,-81.1,1,3038,8,27,4,0,2,17,SOLAR,"130,848",35,1,4
2896,12105,Polk,FL,27.7286,-81.9897,1,45,40,33,17,2,2,26,GAS,"5,847,924",25,5,4
2897,12015,Charlotte,FL,26.790833,-81.965278,1,977,12,16,12,1,3,15,BIOMASS,"1,345",51,1,4
2898,12011,Broward,FL,26.0856,-80.1253,1,54485,38,27,6,5,4,15,GAS,"5,632,657",20,4,4
2899,12095,Orange,FL,28.488889,-81.182222,1,26883,49,16,9,2,3,7,SOLAR,"8,748",9,6,4
2900,12095,Orange,FL,28.4263,-81.5809,1,40524,44,21,2,7,4,15,GAS,0,8,7,4
2901,12057,Hillsborough,FL,27.68368,-82.47243,1,12936,52,26,13,3,7,22,SOLAR,"112,402",24,5,4
2902,12099,Palm Beach,FL,26.7653,-80.0525,1,70787,74,44,16,8,9,21,GAS,"7,263,642",19,6,4
2903,12027,DeSoto,FL,27.32063,-81.81024,1,1059,22,35,11,4,11,19,SOLAR,"158,306",36,3,4
2904,12129,Wakulla,FL,30.162304,-84.200673,1,457,18,20,8,0,1,19,GAS,"1,394,752",23,0,4
2905,12099,Palm Beach,FL,26.782655,-80.352619,1,6799,37,17,9,2,2,18,SOLAR,"160,882",12,4,4
2906,12005,Bay,FL,30.103137,-85.410393,1,77,6,27,5,0,1,20,SOLAR,"156,778",14,0,4
2907,12127,Volusia,FL,28.8419,-81.3256,1,25587,48,27,8,3,5,18,GAS,"7,926,168",14,5,4
2908,12001,Alachua,FL,29.52147,-82.432767,1,1906,20,9,4,1,3,18,SOLAR,"137,264",23,3,4
2909,12113,Santa Rosa,FL,30.5664,-87.115,1,15127,16,24,10,1,3,21,GAS,"1,128,125",14,6,4
2910,12115,Sarasota,FL,27.203,-82.387,1,1025,21,11,3,1,0,16,BIOMASS,"27,789",28,1,4
2911,12051,Hendry,FL,26.381386,-81.053721,1,4,64,38,35,2,10,22,SOLAR,"146,658",7,4,4
2912,12107,Putnam,FL,29.733056,-81.632778,1,1238,10,27,8,0,3,21,COAL,"9,880,840",41,1,4
2913,12117,Seminole,FL,28.790186,-81.089015,1,1680,8,12,4,0,6,2,BIOMASS,"16,336",23,5,4
2914,12031,Duval,FL,30.4178,-81.5978,1,17530,46,34,8,2,8,16,GAS,"128,869",12,8,4
2915,12101,Pasco,FL,28.3665,-82.558611,1,12206,23,24,12,0,3,25,GAS,"153,102",14,6,4
2916,12001,Alachua,FL,29.700407,-82.337828,1,44949,40,31,5,2,4,19,SOLAR,"1,468",15,6,4
2917,12086,Miami Dade,FL,25.549834,-80.336253,1,73533,84,33,16,17,6,19,BIOMASS,"20,701",13,6,4
2918,12001,Alachua,FL,29.6383,-82.34,1,93307,44,57,5,3,6,12,GAS,"44,028",8,3,4
2919,12081,Manatee,FL,27.573193,-82.191421,1,213,22,14,18,0,0,18,SOLAR,"180,617",14,0,4
2920,12009,Brevard,FL,28.4586,-80.6811,1,7182,19,19,4,0,6,17,SOLAR,"12,814",24,3,4
2921,12063,Jackson,FL,30.928333,-85.426111,1,689,56,54,23,0,0,26,BIOMASS,"32,902",22,3,4
2922,12111,St Lucie,FL,27.348611,-80.246389,1,860,12,18,4,0,5,18,NUCLEAR,"16,461,436",59,0,4
2923,12033,Escambia,FL,30.4736,-87.2361,1,62610,49,44,12,3,7,23,GAS,1,16,6,4
2924,12095,Orange,FL,28.488246,-81.166944,1,25911,48,13,8,2,3,5,GAS,"3,546,362",7,6,4
2925,12031,Duval,FL,30.494361,-81.600556,1,29176,42,24,10,1,5,24,SOLAR,"8,760",10,7,4
2926,12087,Monroe,FL,24.563333,-81.7342,1,20743,48,26,9,7,3,19,OIL,"2,978",17,6,4
2927,12073,Leon,FL,30.459813,-84.260028,1,81195,45,40,6,2,9,16,GAS,"15,579",13,4,4
2928,12111,St Lucie,FL,27.264113,-80.546851,1,92,48,28,6,4,4,15,SOLAR,"154,896",25,2,4
2929,12023,Columbia,FL,30.29,-82.75,1,2386,25,52,21,0,11,25,SOLAR,"137,845",25,3,4
2930,12121,Suwannee,FL,30.376389,-83.180556,1,930,13,45,22,0,9,22,GAS,"42,265",25,6,4
2931,12121,Suwannee,FL,30.376254,-83.174114,1,998,12,45,22,0,9,22,SOLAR,"16,687",25,6,4
2932,12085,Martin,FL,27.060112,-80.474488,1,6479,79,57,33,7,3,15,SOLAR,"126,406",21,8,4
2933,12047,Hamilton,FL,30.4522,-82.8644,1,87,18,45,19,0,14,20,OTHF,"91,490",25,4,4
2934,12057,Hillsborough,FL,27.965797,-82.532816,1,64006,59,29,12,14,4,19,SOLAR,"3,237",15,4,4
2935,12095,Orange,FL,28.503469,-81.048333,1,6510,55,15,7,0,1,22,SOLAR,"175,980",18,7,4
2936,12105,Polk,FL,27.746369,-81.849446,1,1680,60,52,19,8,4,18,GAS,"1,125,520",20,5,4
2937,12099,Palm Beach,FL,26.612767,-80.0677,1,120476,66,38,22,17,6,18,GAS,444,17,5,4
2938,12031,Duval,FL,30.227953,-82.040881,1,643,31,25,15,2,5,23,BIOMASS,"25,160",5,7,4
2939,12109,St Johns,FL,29.774987,-81.427853,1,2204,18,20,7,0,3,17,SOLAR,"144,663",36,3,4
2940,12111,St Lucie,FL,27.383889,-80.3775,1,26910,50,24,8,3,5,17,GAS,"1,789,325",18,7,4
2942,12041,Gilchrist,FL,29.635051,-82.843085,1,3105,28,44,15,5,3,20,SOLAR,"140,930",18,5,4
2943,12081,Manatee,FL,27.483358,-82.548341,1,87062,48,46,18,5,7,22,GAS,"188,110",22,5,4
2944,12086,Miami Dade,FL,25.4356,-80.3308,1,15,100,45,61,25,0,17,NUCLEAR,"20,061,348",2,7,4
2945,12107,Putnam,FL,29.612188,-81.844528,1,4605,16,50,13,0,6,24,SOLAR,"128,651",21,5,4
2946,12047,Hamilton,FL,30.466428,-82.968718,1,2821,63,68,43,0,1,20,SOLAR,"147,209",8,4,4
2947,12125,Union,FL,29.97397,-82.30099,1,759,17,29,13,0,3,28,SOLAR,"152,572",18,6,4
2948,12001,Alachua,FL,29.640278,-82.348611,1,95017,42,56,5,3,6,12,GAS,"377,183",8,3,4
2949,12049,Hardee,FL,27.523607,-81.923951,1,305,22,30,12,0,11,18,GAS,"714,178",28,0,4
2950,12095,Orange,FL,28.3737,-81.562589,1,4358,72,53,6,7,5,14,SOLAR,"8,226",3,12,4
2951,12021,Collier,FL,26.155833,-81.658055,1,14447,50,27,9,9,3,15,BIOMASS,"24,484",28,6,4
2952,12099,Palm Beach,FL,26.6986,-80.3747,1,2195,46,6,3,2,3,14,GAS,"19,965,749",9,8,4
2953,12011,Broward,FL,26.0687,-80.1986,1,107488,62,35,11,13,5,19,BIOMASS,"447,770",14,6,4
2954,12039,Gadsden,FL,30.6758,-84.74033,1,966,67,64,30,6,6,23,SOLAR,"135,301",27,1,4
2956,12081,Manatee,FL,27.448142,-82.080693,1,798,16,24,7,1,2,19,SOLAR,"167,433",18,2,4
2957,12057,Hillsborough,FL,27.730414,-82.263505,1,4960,69,63,27,6,3,19,SOLAR,"129,518",9,5,4
2958,12105,Polk,FL,28.0274,-82.0164,1,26227,44,42,15,6,4,21,OIL,0,24,5,4
2960,13121,Fulton,GA,33.7583,-84.3869,1,191810,56,33,6,1,7,12,OIL,0,8,4,4
2961,13289,Twiggs,GA,32.7755,-83.4348,1,369,31,36,22,0,3,25,BIOMASS,"17,739",20,5,4
2962,13303,Washington,GA,33.1189,-82.8608,1,163,50,47,12,0,0,19,GAS,"90,264",24,4,4
2963,13095,Dougherty,GA,31.5559,-84.1103,1,19927,91,68,24,1,15,24,BIOMASS,"254,173",14,6,4
2964,13015,Bartow,GA,34.1637,-84.7282,1,2310,14,21,9,5,9,24,HYDRO,"111,541",19,3,4
2965,13033,Burke,GA,33.137711,-81.748294,1,31,55,18,10,0,19,24,OIL,"1,074",19,0,4
2966,13245,Richmond,GA,33.33632,-82.06055,1,18893,73,33,9,1,8,22,SOLAR,"5,106",12,4,4
2967,13023,Bleckley,GA,32.399366,-83.343779,1,8100,42,48,12,0,8,22,SOLAR,"3,698",16,5,4
2968,13059,Clarke,GA,33.9625,-83.3981,1,69421,43,54,10,2,7,15,OIL,0,9,4,4
2969,13121,Fulton,GA,33.755421,-84.400933,1,182061,62,37,7,1,7,12,SOLAR,"1,058",8,4,4
2970,13121,Fulton,GA,33.7611,-84.3892,1,194083,55,32,6,1,6,12,OIL,0,8,4,4
2971,13303,Washington,GA,32.980833,-82.591667,1,2209,68,54,27,0,4,20,SOLAR,"12,198",14,5,4
2972,13087,Decatur,GA,30.91,-84.548,1,15427,59,52,17,0,8,23,SOLAR,"4,969",16,8,4
2973,13205,Mitchell,GA,31.3869,-84.08,1,1119,28,30,18,1,7,24,GAS,"36,237",23,2,4
2974,13087,Decatur,GA,30.967159,-84.625537,1,882,49,35,33,0,1,27,SOLAR,"2,024",14,4,4
2975,13121,Fulton,GA,33.7708,-84.3861,1,195178,52,30,6,2,6,11,OIL,0,8,4,4
2976,13001,Appling,GA,31.877717,-82.333892,1,1904,19,47,19,1,3,22,SOLAR,"56,510",13,7,4
2977,13021,Bibb,GA,32.777747,-83.756164,1,11248,62,45,15,1,8,16,SOLAR,"1,955",16,6,4
2978,13033,Burke,GA,33.126562,-81.999369,1,5803,75,55,17,2,5,23,SOLAR,"3,509",14,8,4
2979,13111,Fannin,GA,34.883889,-84.282222,1,5501,6,54,20,0,13,22,HYDRO,"21,183",36,4,4
2980,13103,Effingham,GA,32.277252,-81.284411,1,6929,27,26,10,1,7,23,GAS,"2,439,623",5,5,4
2981,13015,Bartow,GA,34.1256,-84.9222,1,6959,19,28,12,0,5,18,COAL,"10,228,093",11,5,4
2982,13261,Sumter,GA,32.05569,-84.20261,1,15672,63,52,15,1,7,22,SOLAR,"2,147",15,8,4
2983,13127,Glynn,GA,31.175406,-81.521637,1,20367,66,59,20,4,7,25,BIOMASS,"375,788",15,7,4
2984,13029,Bryan,GA,32.138772,-81.694036,1,394,41,48,9,0,11,24,SOLAR,967,21,3,4
2985,13117,Forsyth,GA,34.162279,-84.077367,1,27124,34,10,4,2,2,19,HYDRO,"166,166",13,6,4
2986,13301,Warren,GA,33.371,-82.678,1,1481,60,46,26,0,14,27,SOLAR,"108,223",26,5,4
2987,13031,Bulloch,GA,32.387793,-81.816029,1,18639,46,62,9,2,13,8,SOLAR,"6,411",3,4,4
2988,13031,Bulloch,GA,32.388399,-81.820552,1,13544,45,59,10,2,13,10,SOLAR,"6,363",4,4,4
2989,13031,Bulloch,GA,32.384398,-81.67292,1,4251,19,32,6,5,10,21,SOLAR,"5,521",17,3,4
2990,13241,Rabun,GA,34.7939,-83.5402,1,730,10,34,9,0,2,20,HYDRO,"17,005",32,6,4
2991,13269,Taylor,GA,32.575542,-84.316547,1,155,56,72,31,0,7,23,SOLAR,"39,547",12,11,4
2992,13269,Taylor,GA,32.561944,-84.275833,1,2340,63,65,30,0,9,23,SOLAR,"206,730",20,7,4
2993,13153,Houston,GA,32.40147,-83.56124,1,328,18,20,11,0,5,20,BIOMASS,"13,326",23,0,4
2994,13059,Clarke,GA,33.925556,-83.263889,1,8714,44,23,13,5,2,19,BIOMASS,"5,397",16,8,4
2995,13121,Fulton,GA,33.759167,-84.395,1,188606,58,34,6,1,7,12,OIL,100,8,4,4
2996,13131,Grady,GA,30.911286,-84.22888,1,7066,64,58,27,6,5,21,SOLAR,"3,526",15,7,4
2997,13205,Mitchell,GA,31.26955,-84.228721,1,3223,82,64,21,1,14,24,SOLAR,"336,921",19,14,4
2998,13205,Mitchell,GA,31.183889,-84.131944,1,2608,63,52,19,0,29,20,SOLAR,"25,157",12,2,4
2999,13199,Meriwether,GA,32.964722,-84.543889,1,1501,52,46,22,0,1,25,SOLAR,"3,197",19,5,4
3000,13213,Murray,GA,34.6121,-84.6733,1,557,13,45,17,1,2,23,HYDRO,"50,715",23,7,4
3001,13013,Barrow,GA,34.02783,-83.75747,1,16537,28,32,11,2,2,22,SOLAR,"3,358",15,6,4
3002,13149,Heard,GA,33.4072,-85.0386,1,484,16,39,12,0,5,23,GAS,"3,533,099",17,10,4
3003,13073,Columbia,GA,33.429859,-82.196002,1,24193,60,27,9,5,7,17,SOLAR,"2,808",7,7,4
3004,13073,Columbia,GA,33.567718,-82.299071,1,1671,18,16,11,0,4,18,SOLAR,"3,914",17,7,4
3005,13195,Madison,GA,34.0942,-83.1439,1,3283,32,49,22,5,6,21,SOLAR,"3,810",22,7,4
3006,13023,Bleckley,GA,32.367009,-83.374275,1,6126,47,51,14,0,10,22,SOLAR,"5,659",14,5,4
3007,13087,Decatur,GA,30.747916,-84.680492,1,419,25,42,15,0,12,24,SOLAR,"460,283",21,6,4
3008,13321,Worth,GA,31.844708,-83.940734,1,1304,25,31,21,0,10,25,GAS,882,28,7,4
3009,13267,Tattnall,GA,32.038819,-82.140318,1,3960,57,52,30,8,10,24,SOLAR,"1,875",9,5,4
3010,13157,Jackson,GA,34.042267,-83.397721,1,4977,43,48,12,1,7,23,GAS,"242,812",16,3,4
3011,13213,Murray,GA,34.718056,-84.931944,1,11392,59,54,33,9,5,23,SOLAR,"8,639",11,6,4
3012,13087,Decatur,GA,30.965,-84.626111,1,904,48,35,32,0,0,27,SOLAR,"41,635",15,4,4
3013,13087,Decatur,GA,30.991944,-84.633889,1,589,36,27,24,0,2,27,SOLAR,"171,559",12,2,4
3014,13071,Colquitt,GA,31.3,-83.8,1,802,16,34,15,0,12,23,SOLAR,"2,600",21,7,4
3015,13095,Dougherty,GA,31.512003,-84.044499,1,1203,46,46,12,0,12,21,SOLAR,"269,768",8,10,4
3016,13297,Walton,GA,33.837699,-83.699577,1,12144,47,46,20,0,5,23,GAS,"54,123",13,9,4
3017,13175,Laurens,GA,32.581,-82.926,1,10985,49,40,12,1,7,24,SOLAR,"5,049",18,6,4
3018,13293,Upson,GA,32.9111,-84.3064,1,15564,42,47,14,0,4,26,GAS,"200,154",16,5,4
3019,13001,Appling,GA,31.9342,-82.3447,1,874,16,49,18,0,2,22,NUCLEAR,"14,340,224",14,6,4
3022,13095,Dougherty,GA,31.6026,-84.137,1,27867,74,56,19,0,11,24,HYDRO,"37,352",14,7,4
3023,13193,Macon,GA,32.2544,-84.0667,1,3257,69,72,36,0,14,15,BIOMASS,"40,319",9,4,4
3024,13053,Chattahoochee,GA,32.352369,-84.968819,1,7832,50,41,2,4,6,0,SOLAR,"51,472",0,11,4
3025,13245,Richmond,GA,33.386625,-82.140117,1,18459,76,36,6,2,8,16,SOLAR,"55,001",9,9,4
3026,13179,Liberty,GA,31.90474,-81.595373,1,10497,55,54,7,4,12,2,SOLAR,"51,148",1,16,4
3027,13225,Peach,GA,32.501558,-83.883386,1,4604,85,48,10,0,6,1,SOLAR,"20,595",12,3,4
3028,13049,Charlton,GA,30.916375,-81.960231,1,79,44,46,16,0,7,18,SOLAR,"4,400",24,2,4
3029,13119,Franklin,GA,34.442071,-83.099118,1,4887,31,49,17,0,9,23,SOLAR,"6,554",16,7,4
3030,13261,Sumter,GA,32.182026,-84.14762,1,746,45,32,14,0,2,20,SOLAR,"2,703",17,5,4
3031,13119,Franklin,GA,34.376111,-83.330556,1,1373,15,60,24,6,8,24,BIOMASS,"375,360",17,8,4
3032,13195,Madison,GA,34.040559,-83.192902,1,3161,18,40,13,1,5,20,BIOMASS,"367,898",21,7,4
3033,13013,Barrow,GA,33.964988,-83.76564,1,17828,38,35,11,2,5,13,BIOMASS,"38,433",9,6,4
3034,13255,Spalding,GA,33.244192,-84.122025,1,3486,26,39,15,0,4,21,BIOMASS,"40,032",16,7,4
3035,13135,Gwinnett,GA,34.127146,-84.033376,1,41647,43,26,11,10,3,20,BIOMASS,"62,793",11,8,4
3036,13121,Fulton,GA,33.757513,-84.386871,1,192855,56,33,6,1,7,12,OIL,0,8,4,4
3037,13099,Early,GA,31.138,-85.031,1,363,30,46,14,0,8,25,SOLAR,"2,783",19,4,4
3038,13107,Emanuel,GA,32.605,-82.321,1,9185,53,49,19,1,11,24,SOLAR,"5,843",15,8,4
3040,13099,Early,GA,31.166,-85.0951,1,702,26,35,18,0,13,21,BIOMASS,"481,132",19,5,4
3041,13245,Richmond,GA,33.477027,-81.982732,1,51597,56,46,16,1,8,22,HYDRO,93,20,5,4
3042,13245,Richmond,GA,33.328259,-81.953078,1,6692,40,34,12,2,6,20,BIOMASS,"382,715",10,5,4
3043,13297,Walton,GA,33.844621,-83.697356,1,8629,42,35,16,0,4,22,SOLAR,"5,310",13,9,4
3044,13133,Greene,GA,33.631459,-83.093491,1,2394,62,46,20,0,2,22,SOLAR,"5,140",16,9,4
3045,13199,Meriwether,GA,33.045801,-84.714434,1,1793,60,48,22,0,6,25,SOLAR,"1,389",13,3,4
3046,13103,Effingham,GA,32.412773,-81.442846,1,756,22,16,15,0,3,23,SOLAR,"7,204",20,5,4
3048,13147,Hart,GA,34.339588,-82.819871,1,764,30,33,22,2,4,21,GAS,"207,100",25,5,4
3049,13147,Hart,GA,34.3564,-82.8219,1,945,26,25,16,3,6,21,HYDRO,"378,919",18,6,4
3050,13149,Heard,GA,33.358472,-84.991391,1,1821,22,34,17,0,1,23,GAS,"569,393",20,9,4
3051,13161,Jeff Davis,GA,31.819444,-82.602222,1,2889,31,52,12,4,7,25,SOLAR,"91,603",18,3,4
3052,13161,Jeff Davis,GA,31.832474,-82.602139,1,5284,36,49,18,4,8,25,SOLAR,"83,665",15,4,4
3053,13121,Fulton,GA,34.0864,-84.2677,1,71085,52,13,4,5,4,15,OIL,0,9,6,4
3054,13205,Mitchell,GA,31.269676,-84.176321,1,1931,81,60,22,0,16,23,SOLAR,"406,590",18,11,4
3055,13089,DeKalb,GA,33.665,-84.336111,1,39633,92,42,16,5,8,24,SOLAR,0,15,6,4
3056,13211,Morgan,GA,33.816547,-83.504932,1,4083,17,9,10,2,3,16,HYDRO,0,17,4,4
3057,13033,Burke,GA,33.262,-82.178,1,2417,32,49,15,0,4,6,SOLAR,"1,179",14,4,4
3058,13051,Chatham,GA,32.177535,-81.173775,1,9321,56,48,17,3,3,21,SOLAR,"1,792",9,9,4
3059,13051,Chatham,GA,32.143989,-81.14655,1,6978,52,61,16,2,7,22,GAS,"47,476",15,4,4
3061,13115,Floyd,GA,34.2528,-85.3275,1,3559,11,36,14,0,1,17,OIL,"358,025",16,10,4
3062,13095,Dougherty,GA,31.549425,-84.048594,1,6531,82,62,23,6,12,25,BIOMASS,"3,879",13,7,4
3063,13051,Chatham,GA,32.100354,-81.124248,1,29060,71,56,12,1,11,22,BIOMASS,"624,847",13,7,4
3064,13179,Liberty,GA,31.741629,-81.407856,1,740,76,50,22,0,18,23,BIOMASS,"103,894",27,3,4
3065,13067,Cobb,GA,33.8239,-84.4758,1,61297,56,21,4,1,5,16,GAS,"17,824,581",12,6,4
3066,13305,Wayne,GA,31.6593,-81.8439,1,4277,38,59,13,0,4,27,BIOMASS,"483,218",13,9,4
3067,13285,Troup,GA,33,-85.034,1,15391,70,59,19,3,7,24,SOLAR,"2,656",13,8,4
3068,13245,Richmond,GA,33.485245,-81.991203,1,55763,50,41,14,1,7,21,HYDRO,0,20,5,4
3069,13039,Camden,GA,30.827627,-81.556238,1,5065,21,31,5,0,6,11,SOLAR,"55,658",9,5,4
3070,13321,Worth,GA,31.847697,-83.941996,1,1424,23,29,20,0,9,25,HYDRO,"42,859",28,7,4
3071,13173,Lanier,GA,31.026944,-83.055,1,3786,46,70,16,1,1,22,SOLAR,"3,472",18,5,4
3072,13243,Randolph,GA,31.766506,-84.797206,1,3815,74,65,19,0,5,20,SOLAR,"185,182",19,5,4
3073,13089,DeKalb,GA,33.783333,-84.267778,1,120772,60,33,10,6,6,18,SOLAR,0,12,7,4
3074,13043,Candler,GA,32.423798,-82.102824,1,3167,45,42,27,7,4,25,SOLAR,"93,470",21,2,4
3075,13159,Jasper,GA,33.3207,-83.8414,1,2186,22,29,10,0,2,23,HYDRO,"70,291",22,8,4
3076,13185,Lowndes,GA,30.812481,-83.260397,1,20147,79,68,20,1,8,26,SOLAR,"1,081",13,7,4
3077,13185,Lowndes,GA,30.835452,-83.227515,1,15893,85,66,18,1,9,26,SOLAR,"2,945",12,7,4
3078,13185,Lowndes,GA,30.688193,-83.167146,1,3883,37,32,7,1,8,20,SOLAR,"4,823",16,7,4
3079,13121,Fulton,GA,33.655,-84.394444,1,41434,86,49,19,5,9,25,GAS,"41,515",14,8,4
3080,13095,Dougherty,GA,31.546111,-84.0675,1,7415,81,63,20,4,14,25,BIOMASS,"3,879",12,8,4
3081,13297,Walton,GA,33.8119,-83.6953,1,18515,53,54,24,0,9,24,GAS,"38,162",14,9,4
3082,13095,Dougherty,GA,31.560729,-84.093261,1,16576,89,71,22,3,15,25,SOLAR,"53,906",12,6,4
3083,13273,Terrell,GA,31.825063,-84.385575,1,705,50,41,19,9,4,24,SOLAR,"3,732",29,2,4
3084,13103,Effingham,GA,32.356287,-81.168347,1,996,41,30,6,0,1,21,GAS,"18,174",12,10,4
3085,13103,Effingham,GA,32.3478,-81.1817,1,1883,30,24,5,1,3,21,GAS,"9,107,240",12,8,4
3086,13127,Glynn,GA,31.213645,-81.546165,1,12878,28,32,11,3,4,23,OIL, (118),19,6,4
3087,13199,Meriwether,GA,32.877496,-84.644367,1,5487,53,46,11,0,5,23,SOLAR,"5,878",22,7,4
3088,13153,Houston,GA,32.4856,-83.6039,1,4592,42,15,6,0,5,20,GAS,"146,545",12,9,4
3089,13185,Lowndes,GA,30.9574,-83.2229,1,11581,43,29,6,0,5,21,SOLAR,"93,957",10,8,4
3090,13121,Fulton,GA,33.9681,-84.3841,1,81188,40,16,3,3,4,13,HYDRO,"29,197",15,6,4
3091,13297,Walton,GA,33.8388,-83.638,1,4286,21,30,15,0,5,24,SOLAR,"1,768",17,6,4
3093,13213,Murray,GA,34.769747,-84.813284,1,13026,28,35,27,2,4,24,SOLAR,"6,352",14,5,4
3094,13215,Muscogee,GA,32.49375,-84.861326,1,31796,76,40,10,1,8,21,SOLAR,"2,945",13,7,4
3095,13241,Rabun,GA,34.7549,-83.5012,1,337,11,38,8,0,1,20,HYDRO,"12,009",47,0,4
3096,13039,Camden,GA,30.7917,-81.5333,1,6683,35,46,6,0,11,10,OIL,403,7,8,4
3097,13215,Muscogee,GA,32.4994,-84.9965,1,54864,47,46,14,1,8,22,HYDRO,"98,025",16,6,4
3098,13291,Union,GA,34.959153,-84.08765,1,4019,4,35,11,0,3,11,HYDRO,"18,647",30,4,4
3099,13205,Mitchell,GA,31.196185,-84.147539,1,3128,66,48,18,0,27,20,SOLAR,"116,180",12,1,4
3100,13275,Thomas,GA,30.991,-84.066,1,1247,26,40,17,1,12,25,SOLAR,"2,888",17,6,4
3101,13165,Jenkins,GA,32.820676,-81.98176,1,2375,45,61,15,0,7,25,SOLAR,"39,715",25,1,4
3102,13215,Muscogee,GA,32.5155,-85.0004,1,48007,44,42,12,1,7,22,HYDRO,"134,373",17,7,4
3103,13185,Lowndes,GA,30.694444,-83.303056,1,2820,45,39,16,4,2,24,BIOMASS,"306,615",14,4,4
3104,13269,Taylor,GA,32.572875,-84.256778,1,2844,61,63,30,0,9,23,SOLAR,"60,941",21,6,4
3105,13185,Lowndes,GA,30.815,-83.3625,1,3326,48,43,8,0,3,21,BIOMASS,"30,311",19,4,4
3106,13171,Lamar,GA,33.045278,-84.125556,1,7859,49,35,11,0,7,23,BIOMASS,"390,207",19,3,4
3108,13297,Walton,GA,33.7368,-83.6971,1,4024,31,31,25,2,13,23,SOLAR,"4,283",19,5,4
3109,13233,Polk,GA,34.019643,-85.280881,1,14815,50,47,21,4,5,24,SOLAR,"4,592",14,7,4
3110,13233,Polk,GA,34.041911,-85.213918,1,9102,35,32,11,1,5,22,SOLAR,"5,237",18,6,4
3111,13051,Chatham,GA,32.1561,-81.1586,1,5082,45,63,18,2,6,22,BIOMASS,"433,204",16,3,4
3112,13237,Putnam,GA,33.317653,-83.39233,1,7123,56,30,8,0,6,24,SOLAR,"5,398",17,4,4
3113,13237,Putnam,GA,33.276821,-83.29845,1,2392,26,42,9,1,2,21,SOLAR,"5,743",22,8,4
3114,13027,Brooks,GA,30.86205,-83.65165,1,334,53,58,9,0,2,25,SOLAR,"346,315",14,8,4
3115,13027,Brooks,GA,30.849005,-83.643279,1,488,50,49,8,0,1,25,SOLAR,"345,062",16,7,4
3116,13267,Tattnall,GA,32.065366,-82.13351,1,4322,51,49,20,4,7,23,SOLAR,"5,669",16,5,4
3117,13105,Elbert,GA,34.0256,-82.5953,1,348,47,7,3,25,1,23,HYDRO,"330,631",29,0,4
3118,13259,Stewart,GA,32.088982,-84.663529,1,1768,74,40,12,1,4,23,SOLAR,"1,466",19,2,4
3119,13289,Twiggs,GA,32.638034,-83.378924,1,556,57,40,17,0,7,23,SOLAR,"33,628",24,3,4
3120,13245,Richmond,GA,33.318438,-82.082942,1,9272,68,37,10,1,8,24,SOLAR,"5,484",11,4,4
3121,13245,Richmond,GA,33.364,-82.022,1,31925,70,41,13,1,10,20,SOLAR,"2,459",12,5,4
3122,13103,Effingham,GA,32.292879,-81.284401,1,6443,28,24,10,1,5,23,SOLAR,"29,199",7,4,4
3124,13021,Bibb,GA,32.7714,-83.6281,1,7485,77,67,24,3,14,29,BIOMASS,"359,311",15,7,4
3125,13153,Houston,GA,32.5792,-83.5822,1,19391,52,24,6,2,7,20,GAS,331,11,6,4
3126,13021,Bibb,GA,32.681222,-83.616387,1,6573,68,55,16,1,10,25,SOLAR,"225,198",16,9,4
3127,13233,Polk,GA,34.014833,-85.022235,1,7819,24,44,18,0,8,25,SOLAR,"5,468",18,7,4
3128,13115,Floyd,GA,34.355538,-85.303942,1,395,11,19,4,0,5,21,HYDRO," (432,697)",23,6,4
3129,13099,Early,GA,31.402919,-84.836814,1,82,70,64,26,0,10,24,SOLAR,"45,910",18,8,4
3130,13099,Early,GA,31.415531,-84.830714,1,75,63,53,24,0,15,24,SOLAR,"207,561",17,12,4
3131,13099,Early,GA,31.2453,-85.086975,1,281,31,40,22,0,10,25,SOLAR,"146,047",28,3,4
3132,13061,Clay,GA,31.544831,-84.900566,1,188,39,35,26,0,1,26,SOLAR,"233,721",21,2,4
3133,13177,Lee,GA,31.886486,-84.021586,1,82,30,38,3,0,2,20,SOLAR,"290,638",33,2,4
3134,13177,Lee,GA,31.87042,-84.03574,1,100,34,37,4,0,1,20,SOLAR,0,31,2,4
3135,13177,Lee,GA,31.868033,-84.007772,1,52,34,37,3,0,1,21,SOLAR,0,31,2,4
3136,13161,Jeff Davis,GA,31.810278,-82.575,1,2081,30,59,10,4,4,25,SOLAR,"34,779",14,3,4
3137,13259,Stewart,GA,32.025,-84.7325,1,1726,81,64,40,0,0,20,SOLAR,"229,487",8,2,4
3138,13071,Colquitt,GA,31.06987,-83.596183,1,1058,37,55,19,0,5,17,SOLAR,"47,356",25,6,4
3139,13153,Houston,GA,32.39597,-83.762901,1,872,47,21,3,0,7,20,SOLAR,"156,964",7,7,4
3140,13161,Jeff Davis,GA,31.708821,-82.715724,1,447,23,50,16,0,1,24,SOLAR,"239,305",20,9,4
3141,13161,Jeff Davis,GA,31.697152,-82.764546,1,251,19,50,18,0,1,21,SOLAR,"62,598",21,8,4
3142,13273,Terrell,GA,31.871387,-84.361952,1,382,48,39,19,8,3,24,SOLAR,"171,475",30,3,4
3143,13103,Effingham,GA,32.331274,-81.201496,1,7957,31,20,9,1,4,23,OIL,"86,287",9,7,4
3144,13207,Monroe,GA,33.0606,-83.8075,1,853,28,25,8,0,1,22,COAL,"6,461,453",15,8,4
3145,13253,Seminole,GA,31.065112,-84.931702,1,963,62,39,13,1,7,24,SOLAR,"1,426",24,6,4
3146,13233,Polk,GA,33.9486,-85.2769,1,3226,23,41,22,1,6,26,GAS,"425,167",13,10,4
3147,13033,Burke,GA,33.107648,-81.980751,1,6987,68,57,14,2,5,23,SOLAR,"4,460",13,9,4
3148,13121,Fulton,GA,33.8111,-84.3928,1,159435,39,20,3,3,4,11,OIL,0,10,4,4
3149,13245,Richmond,GA,33.487881,-81.99252,1,53611,47,38,13,1,7,21,HYDRO,"8,864",21,5,4
3150,13297,Walton,GA,33.678056,-83.675833,1,5122,24,31,25,2,7,24,SOLAR,"48,566",26,5,4
3151,13009,Baldwin,GA,33.1405,-83.2018,1,5330,40,23,6,1,3,22,HYDRO,"120,162",19,4,4
3152,13207,Monroe,GA,32.9842,-83.8464,1,2003,8,21,7,0,2,19,GAS,"155,723",18,7,4
3153,13161,Jeff Davis,GA,31.715814,-82.74946,1,372,22,49,17,0,1,24,SOLAR,"177,055",20,9,4
3154,13067,Cobb,GA,33.979348,-84.556128,1,55749,48,24,6,4,4,15,SOLAR,"2,293",15,6,4
3155,13127,Glynn,GA,31.25,-81.433,1,5378,36,23,5,2,5,18,SOLAR,"25,760",18,7,4
3156,13105,Elbert,GA,34.052037,-82.722204,1,570,29,28,9,12,6,23,SOLAR,"43,931",33,3,4
3157,13185,Lowndes,GA,30.8625,-83.2894,1,52788,62,58,11,1,6,23,OIL,0,13,7,4
3158,13205,Mitchell,GA,31.3869,-84.08,1,1119,28,30,18,1,7,24,GAS,"77,220",23,2,4
3159,13121,Fulton,GA,34.086,-84.245,1,77183,55,14,4,4,5,15,OIL,0,9,6,4
3160,13031,Bulloch,GA,32.468039,-81.803722,1,17499,51,49,9,0,8,21,SOLAR,"6,517",14,6,4
3161,13073,Columbia,GA,33.562644,-82.051242,1,18695,32,15,3,2,4,9,HYDRO,"78,866",20,6,4
3162,13121,Fulton,GA,33.7625,-84.3872,1,193062,54,32,6,1,6,12,OIL,29,8,4,4
3163,13051,Chatham,GA,32.0303,-81.2722,1,22977,62,35,13,2,5,21,BIOMASS,"46,886",13,6,4
3164,13263,Talbot,GA,32.5892,-84.6917,1,848,37,21,4,0,3,19,GAS,"521,787",19,1,4
3165,13059,Clarke,GA,33.989153,-83.498448,1,6762,42,25,9,2,3,20,HYDRO,"6,408",17,5,4
3166,13137,Habersham,GA,34.7388,-83.3956,1,691,6,31,5,0,4,19,HYDRO,"100,414",32,3,4
3167,13269,Taylor,GA,32.4522,-84.3872,1,200,8,51,28,0,3,22,BIOMASS,"31,667",22,6,4
3168,13269,Taylor,GA,32.583056,-84.297222,1,368,81,73,30,0,9,23,SOLAR,"206,730",11,12,4
3169,13121,Fulton,GA,33.7756,-84.3899,1,191710,51,30,5,2,6,11,GAS,"1,366",8,4,4
3170,13271,Telfair,GA,32.058559,-82.871786,1,5984,55,53,29,0,0,18,SOLAR,"4,405",14,5,4
3171,13149,Heard,GA,33.3516,-84.9996,1,1972,22,37,17,0,1,23,GAS,"237,730",19,9,4
3172,13273,Terrell,GA,31.785503,-84.448411,1,5184,80,58,18,0,13,25,SOLAR,"3,380",15,6,4
3173,13241,Rabun,GA,34.7653,-83.4162,1,1355,9,34,11,0,1,19,HYDRO,"34,739",32,1,4
3174,13213,Murray,GA,34.7094,-84.9175,1,7729,50,57,31,8,6,23,GAS,"8,738,658",12,3,4
3175,13277,Tift,GA,31.457562,-83.558846,1,12905,50,41,11,1,3,23,SOLAR,926,13,4,4
3176,13277,Tift,GA,31.493821,-83.496654,1,15795,45,43,14,2,2,22,SOLAR,245,16,7,4
3177,13237,Putnam,GA,33.308113,-83.389601,1,6905,57,30,7,0,6,24,SOLAR,"1,710",17,4,4
3178,13145,Harris,GA,32.895935,-84.849483,1,2387,49,47,11,0,5,18,SOLAR,"4,557",18,8,4
3179,13285,Troup,GA,32.898784,-84.896165,1,1636,31,39,6,0,6,18,SOLAR,"2,939",21,5,4
3180,13137,Habersham,GA,34.714,-83.3522,1,333,15,35,5,2,9,18,HYDRO,"43,577",17,4,4
3181,13097,Douglas,GA,33.69915,-84.678913,1,30658,78,23,8,1,7,21,SOLAR,"5,247",9,7,4
3182,13289,Twiggs,GA,32.604997,-83.491239,1,173,60,37,20,0,7,22,SOLAR,"378,200",33,4,4
3183,13293,Upson,GA,32.93,-84.28,1,5939,49,50,17,0,6,26,SOLAR,"5,089",15,7,4
3184,13293,Upson,GA,32.920833,-84.343056,1,14109,35,42,13,0,3,25,SOLAR,"1,096",17,5,4
3185,13185,Lowndes,GA,30.81012,-83.225958,1,9530,65,57,19,2,6,24,SOLAR,"1,516",11,7,4
3186,13185,Lowndes,GA,30.9,-83.3,1,28244,44,38,6,1,3,20,SOLAR,"1,833",16,6,4
3187,13185,Lowndes,GA,30.9136,-83.2529,1,22866,45,35,8,1,4,21,OIL,42,12,8,4
3188,13185,Lowndes,GA,31.050322,-83.394659,1,1372,22,34,14,0,5,22,SOLAR,"1,379",12,7,4
3189,13033,Burke,GA,33.1427,-81.7625,1,120,55,18,10,0,19,24,NUCLEAR,"23,036,612",19,0,4
3190,13141,Hancock,GA,33.3502,-83.1574,1,490,13,43,22,2,2,9,HYDRO,"68,713",41,2,4
3191,13061,Clay,GA,31.624501,-85.065237,1,1350,73,57,15,0,6,26,HYDRO,"426,441",22,9,4
3192,13087,Decatur,GA,30.910985,-84.547304,1,15281,59,52,16,0,8,23,OIL,138,16,8,4
3193,13297,Walton,GA,33.8148,-83.6954,1,18100,53,55,24,0,9,24,GAS,"258,674",14,9,4
3194,13149,Heard,GA,33.4083,-85.0403,1,610,15,36,12,0,4,23,GAS,"2,968,409",17,8,4
3195,13149,Heard,GA,33.406385,-85.036988,1,506,16,39,13,0,4,23,GAS,"9,055,103",17,10,4
3196,13299,Ware,GA,31.196314,-82.322357,1,14685,43,44,16,2,4,24,SOLAR,"6,470",17,8,4
3197,13299,Ware,GA,31.196314,-82.322357,1,14685,43,44,16,2,4,24,SOLAR,"4,152",17,8,4
3198,13303,Washington,GA,33.092239,-82.979992,1,159,37,20,6,0,1,21,GAS,"88,459",17,4,4
3199,13033,Burke,GA,33.170593,-81.823938,1,856,55,18,10,0,19,24,SOLAR,"4,519",19,0,4
3200,13285,Troup,GA,32.918674,-85.1887,1,3640,63,49,16,2,6,22,HYDRO,"198,670",18,11,4
3201,13175,Laurens,GA,32.5036,-82.8443,1,3213,53,49,11,4,5,26,BIOMASS,"193,626",9,9,4
3202,13305,Wayne,GA,31.602803,-81.932581,1,7631,30,40,12,1,6,23,SOLAR,"5,849",24,4,4
3203,13033,Burke,GA,33.036789,-82.111292,1,185,56,16,13,0,1,24,SOLAR,"140,911",26,4,4
3204,13269,Taylor,GA,32.506017,-84.256976,1,385,51,67,31,0,12,23,SOLAR,"188,168",22,5,4
3205,13319,Wilkinson,GA,32.879593,-83.320986,1,3238,42,49,8,1,7,23,SOLAR,"3,240",18,8,4
3206,13319,Wilkinson,GA,32.8813,-83.3029,1,2968,40,48,9,1,7,23,SOLAR,"5,581",19,8,4
3207,13021,Bibb,GA,32.8061,-83.5456,1,4284,65,46,18,0,5,29,OIL,0,20,2,4
3208,13077,Coweta,GA,33.4622,-84.8986,1,2438,16,25,18,0,5,22,GAS,"2,239,181",21,3,4
3209,13257,Stephens,GA,34.6821,-83.3418,1,629,17,25,8,1,5,23,HYDRO,"35,023",19,7,4
3210,15007,Kauai,HI,22.0006,-159.7621,1,639,95,19,17,1,2,9,SOLAR,"24,637",20,3,9
3211,15007,Kauai,HI,21.90823,-159.491974,1,12044,66,21,4,3,7,15,SOLAR,"35,494",23,8,9
3212,15001,Hawaii,HI,19.902,-155.764,1,2433,55,19,8,4,7,12,SOLAR,"33,869",22,6,9
3213,15003,Honolulu,HI,21.406944,-158.151389,1,30501,94,31,9,1,11,23,SOLAR,"6,635",12,8,9
3214,15009,Maui,HI,20.596,-156.318,1,4,72,38,3,0,14,21,WIND,"83,556",25,9,9
3215,15003,Honolulu,HI,21.640774,-157.925056,1,9945,74,27,6,2,8,18,SOLAR,"5,724",9,6,9
3216,15007,Kauai,HI,21.965278,-159.460556,1,470,62,21,4,2,12,13,BIOMASS,"42,207",24,7,9
3217,15003,Honolulu,HI,21.3025,-158.101667,1,13506,78,17,6,2,4,17,OIL,"126,338",13,7,9
3218,15003,Honolulu,HI,21.452002,-158.187888,1,31821,90,42,11,3,10,22,SOLAR,"57,247",13,9,9
3219,15007,Kauai,HI,21.9178,-159.6294,1,4248,92,35,17,3,5,6,HYDRO,"43,525",18,4,9
3220,15003,Honolulu,HI,21.300036,-158.098615,1,11985,80,18,6,2,4,17,BIOMASS,"327,850",11,6,9
3221,15003,Honolulu,HI,21.336389,-157.919444,1,101468,80,24,12,9,6,10,BIOMASS,"2,477",14,7,9
3222,15001,Hawaii,HI,20.0939,-155.4711,1,3344,78,29,14,4,8,10,OIL,"267,384",19,6,9
3223,15009,Maui,HI,20.765833,-155.996111,1,686,78,29,3,0,9,21,OIL,115,25,5,9
3224,15003,Honolulu,HI,21.311667,-158.113889,1,12893,76,14,6,2,4,17,OIL,0,15,7,9
3226,15007,Kauai,HI,21.997272,-159.379194,1,17072,87,25,8,6,3,18,SOLAR,"18,873",19,6,9
3227,15007,Kauai,HI,22.131667,-159.303056,1,6219,77,24,6,2,4,16,SOLAR,"18,752",21,6,9
3228,15007,Kauai,HI,21.900833,-159.45,1,5087,65,18,5,2,9,12,SOLAR,"20,734",26,6,9
3229,15003,Honolulu,HI,21.356395,-158.128853,1,23834,84,24,6,1,8,20,OIL,"2,550,227",15,7,9
3230,15009,Maui,HI,20.81421,-156.551,1,12,30,22,3,2,10,16,WIND,"86,728",35,1,9
3231,15009,Maui,HI,20.79467,-156.536,1,265,30,22,3,2,10,16,WIND,"41,764",35,1,9
3232,15009,Maui,HI,20.8886,-156.3569,1,6883,54,24,9,1,10,15,HYDRO,0,18,5,9
3233,15003,Honolulu,HI,21.68097,-157.975,1,2688,79,30,6,3,10,12,WIND,"76,428",14,12,9
3234,15009,Maui,HI,20.896884,-156.462696,1,46773,88,21,11,7,5,17,OIL,"139,996",20,5,9
3235,15003,Honolulu,HI,21.302106,-158.096318,1,18828,83,19,7,2,4,17,OIL,"1,305,228",12,7,9
3236,15003,Honolulu,HI,21.328056,-158.04,1,102426,89,16,8,3,4,17,SOLAR,"5,159",11,8,9
3237,15003,Honolulu,HI,21.32,-158.086944,1,48042,83,19,6,1,5,15,SOLAR,"10,279",11,8,9
3238,15007,Kauai,HI,21.936075,-159.528581,1,8638,64,23,4,3,6,16,HYDRO,"2,419",23,8,9
3239,15001,Hawaii,HI,19.7052,-155.0625,1,31147,86,37,6,5,8,19,OIL,"3,631",23,4,9
3240,15007,Kauai,HI,22.080416,-159.331599,1,14870,64,16,6,2,3,16,SOLAR,"1,551",22,4,9
3241,15007,Kauai,HI,21.996451,-159.375803,1,17153,87,25,8,6,3,18,OIL,"178,995",19,6,9
3243,15003,Honolulu,HI,21.321111,-158.1175,1,14116,76,14,6,2,3,18,SOLAR,"1,442",16,7,9
3244,15003,Honolulu,HI,21.624,-158.055,1,3691,55,23,3,6,6,14,SOLAR,"71,818",21,6,9
3245,15003,Honolulu,HI,21.610278,-158.040833,1,2552,56,25,3,7,6,14,WIND,"113,855",23,6,9
3246,15001,Hawaii,HI,19.7317,-156.0283,1,7803,63,22,5,1,2,18,OIL,"245,398",19,5,9
3247,15009,Maui,HI,20.7937,-156.4339,1,14625,67,26,4,4,7,17,SOLAR,"1,344",13,5,9
3248,15009,Maui,HI,20.886013,-156.657889,1,13756,73,26,9,6,6,16,SOLAR,0,18,7,9
3249,15009,Maui,HI,20.7667,-156.9233,1,11,89,14,8,9,3,19,SOLAR,0,20,5,9
3250,15003,Honolulu,HI,21.4287,-158.02361,1,82799,92,15,7,3,4,16,SOLAR,"29,078",22,5,9
3251,15009,Maui,HI,20.80117,-156.492981,1,3175,60,27,3,3,4,16,OIL,"670,033",15,4,9
3252,15003,Honolulu,HI,21.679722,-157.984444,1,2997,75,30,6,3,9,12,SOLAR,"6,211",16,11,9
3253,15009,Maui,HI,20.79,-156.9342,1,2068,87,17,10,8,2,19,OIL,"35,068",21,4,9
3254,15003,Honolulu,HI,21.427916,-158.01985,1,87115,92,15,8,4,4,16,SOLAR,"68,226",22,5,9
3255,15003,Honolulu,HI,21.666944,-157.97,1,3863,78,29,6,3,11,14,WIND,"93,208",11,9,9
3257,15001,Hawaii,HI,18.9742,-155.6914,1,24,82,39,9,9,7,20,WIND,"102,984",20,8,9
3258,15009,Maui,HI,21.106,-157.0647,1,709,92,37,11,0,6,20,OIL,"31,074",20,5,9
3259,15003,Honolulu,HI,21.375556,-157.968056,1,102496,86,18,8,6,4,13,SOLAR,"1,333",20,6,9
3260,15007,Kauai,HI,21.899583,-159.585042,1,5873,90,25,14,3,4,10,OIL,"45,399",16,6,9
3261,15007,Kauai,HI,21.901944,-159.581667,1,5798,90,25,13,3,4,10,SOLAR,"9,987",16,6,9
3262,15001,Hawaii,HI,19.6316,-155.0313,1,3210,88,35,10,9,6,20,OIL,"51,130",25,4,9
3263,15001,Hawaii,HI,19.478976,-154.888362,1,3352,64,52,11,3,11,16,GEOTHERMAL,"192,588",19,8,9
3264,15001,Hawaii,HI,19.7264,-155.0908,1,28345,80,33,7,4,9,18,HYDRO,"5,498",24,4,9
3265,15003,Honolulu,HI,21.4785,-158.0581,1,38322,70,30,6,5,5,9,BIOMASS,"22,856",9,10,9
3266,15003,Honolulu,HI,21.303229,-158.091438,1,22653,84,19,7,2,5,16,OIL,"160,880",12,7,9
3267,15001,Hawaii,HI,19.7041,-155.0607,1,30682,87,37,6,5,8,19,OIL,"133,368",22,4,9
3268,15003,Honolulu,HI,21.388997,-157.961518,1,110952,89,17,8,6,4,14,OIL,"1,283,645",23,5,9
3269,15001,Hawaii,HI,19.7203,-155.1189,1,22835,77,30,6,4,8,18,HYDRO,0,24,4,9
3270,15003,Honolulu,HI,21.420069,-157.970694,1,89681,92,15,7,4,3,15,SOLAR,"62,694",24,5,9
3271,15003,Honolulu,HI,21.470556,-158.013333,1,80646,85,16,5,3,3,16,SOLAR,"6,444",18,5,9
3272,15003,Honolulu,HI,21.468889,-158.016389,1,80164,85,16,5,3,3,16,SOLAR,"1,792",17,5,9
3273,15001,Hawaii,HI,19.712994,-155.14857,1,11235,75,14,6,3,7,17,HYDRO,"20,333",24,5,9
3274,15001,Hawaii,HI,20.0252,-155.6955,1,4208,68,26,2,1,6,10,OIL,"1,655",29,4,9
3276,15003,Honolulu,HI,21.363514,-157.985594,1,96190,87,21,10,6,4,15,SOLAR,"23,730",16,7,9
3277,15003,Honolulu,HI,21.456,-157.982,1,63651,89,11,3,2,3,16,SOLAR,"86,892",19,5,9
3278,15003,Honolulu,HI,21.340339,-158.015084,1,99028,89,18,8,4,4,17,SOLAR,"39,309",11,8,9
3279,19001,Adair,IA,41.4236,-94.665,1,177,4,31,3,0,1,20,WIND,"518,014",18,16,7
3280,19003,Adams,IA,40.92,-94.671667,1,102,4,31,3,0,1,19,WIND,"440,076",19,7,7
3281,19163,Scott,IA,41.691944,-90.866389,1,402,6,17,2,0,6,10,BIOMASS,0,26,5,7
3282,19109,Kossuth,IA,43.0733,-94.2392,1,6114,11,30,7,3,5,19,OIL,"1,403",27,6,7
3284,19095,Iowa,IA,41.7958,-92.0592,1,3012,7,24,10,1,3,20,OIL,0,20,5,7
3285,19113,Linn,IA,42.0289,-91.5975,1,58767,12,19,4,1,4,18,OIL,15,19,6,7
3286,19113,Linn,IA,42.0356,-91.6458,1,71321,19,24,5,2,4,18,OIL,232,16,6,7
3287,19127,Marshall,IA,42.056,-92.8971,1,24948,46,36,22,8,7,22,OIL,38,16,7,7
3288,19005,Allamakee,IA,43.0906,-91.5542,1,2798,44,45,16,21,5,15,OIL,58,15,9,7
3289,19113,Linn,IA,41.935,-91.6361,1,24739,21,36,7,3,5,20,OIL,116,13,7,7
3290,19061,Dubuque,IA,42.490556,-90.745,1,33257,11,19,3,1,2,18,OIL,10,21,6,7
3291,19089,Howard,IA,43.3744,-92.1331,1,4413,4,25,5,0,0,20,OIL,4,20,7,7
3292,19061,Dubuque,IA,42.53,-90.6847,1,48372,14,31,8,1,5,20,OIL,47,19,6,7
3293,19113,Linn,IA,41.9167,-91.6542,1,15933,22,36,6,3,5,20,OIL,18,12,8,7
3294,19197,Wright,IA,42.83815,-93.60325,1,2810,16,42,3,1,3,18,OIL,0,27,5,7
3295,19113,Linn,IA,41.97007,-91.66623,1,69493,23,34,8,2,4,20,OIL,76,17,6,7
3296,19113,Linn,IA,42.02771,-91.7111,1,35703,20,23,5,3,4,17,GAS,67,16,6,7
3297,19021,Buena Vista,IA,42.6736,-95.3026,1,2803,34,34,11,2,12,15,OIL,372,12,7,7
3298,19095,Iowa,IA,41.79323,-91.89179,1,2003,7,15,5,0,1,17,OIL,947,17,4,7
3299,19169,Story,IA,42.0258,-93.6089,1,48744,20,40,3,4,7,8,GAS,"329,465",11,3,7
3300,19031,Cedar,IA,41.850833,-91.234167,1,193,5,27,3,0,4,19,WIND,"7,798",18,2,7
3301,19153,Polk,IA,41.6014,-93.5765,1,73673,41,43,16,5,7,23,OIL,27,12,7,7
3302,19029,Cass,IA,41.444224,-94.766474,1,948,2,23,6,0,1,20,OIL,12,33,2,7
3303,19001,Adair,IA,41.4669,-94.26271,1,222,8,26,7,0,2,19,SOLAR,"44,420",20,7,7
3304,19001,Adair,IA,41.404231,-94.261358,1,133,7,28,6,0,3,19,WIND,"1,069,343",20,7,7
3305,19113,Linn,IA,41.9221,-91.6875,1,24226,22,37,7,3,3,20,COAL,"942,184",12,7,7
3306,19045,Clinton,IA,41.8206,-90.2097,1,19874,13,37,12,0,6,21,COAL,"713,073",20,6,7
3307,19153,Polk,IA,41.624438,-93.584515,1,68823,41,44,16,5,7,23,COAL,"6,108",12,7,7
3308,19029,Cass,IA,41.409,-95,1,7124,7,39,10,0,1,21,GAS,115,23,5,7
3309,19173,Taylor,IA,40.764914,-94.475628,1,432,6,30,6,1,3,20,WIND,"6,759",28,4,7
3310,19109,Kossuth,IA,43.292628,-94.217075,1,706,7,34,7,1,3,18,OIL,320,32,6,7
3311,19195,Worth,IA,43.393,-93.091,1,123,4,37,4,0,1,19,WIND,"349,665",37,2,7
3312,19015,Boone,IA,42.106964,-94.164636,1,109,5,30,5,0,3,18,WIND,"1,299,752",28,5,7
3313,19097,Jackson,IA,42.25,-90.4167,1,2596,8,20,6,0,1,18,OIL,52,21,10,7
3314,19173,Taylor,IA,40.767636,-94.474375,1,441,6,30,6,1,3,20,WIND,"6,613",28,4,7
3315,19051,Davis,IA,40.7031,-92.4253,1,557,3,26,17,1,4,17,GAS,16,17,9,7
3316,19051,Davis,IA,40.75,-92.45,1,3527,6,29,16,4,2,18,SOLAR,"2,080",19,8,7
3317,19157,Poweshiek,IA,41.7278,-92.4479,1,1947,2,36,8,2,10,20,OIL,6,14,7,7
3318,19157,Poweshiek,IA,41.7394,-92.4394,1,1956,2,36,8,1,10,20,OIL,4,14,7,7
3319,19131,Mitchell,IA,43.385833,-92.759444,1,187,0,29,12,1,0,16,WIND,"4,956",23,8,7
3320,19001,Adair,IA,41.2258,-94.4406,1,571,5,24,4,0,5,18,WIND,"4,188",19,6,7
3321,19057,Des Moines,IA,40.7412,-91.116667,1,2693,15,19,7,1,1,20,GAS,"6,873",23,5,7
3322,19007,Appanoose,IA,40.70991,-92.84835,1,6254,8,47,8,0,8,24,WIND,"25,816",26,4,7
3323,19055,Delaware,IA,42.469289,-91.473933,1,5699,6,21,11,0,2,18,WIND,"22,758",27,6,7
3324,19033,Cerro Gordo,IA,43.140697,-93.098483,1,710,7,16,4,0,1,17,WIND,"26,514",18,6,7
3325,19135,Monroe,IA,41.1386,-92.6467,1,1270,3,36,5,0,4,17,GAS,"76,294",17,4,7
3326,19027,Carroll,IA,41.94143,-94.8861,1,209,4,24,6,0,1,17,WIND,"70,274",18,8,7
3327,19027,Carroll,IA,42.1622,-94.93,1,760,6,23,5,0,1,18,WIND,"548,830",15,8,7
3328,19061,Dubuque,IA,42.29821,-91.011974,1,2776,6,26,4,0,1,15,OIL,3,19,10,7
3329,19013,Black Hawk,IA,42.481409,-92.458184,1,25244,10,35,3,1,4,13,SOLAR,"2,289",13,5,7
3330,19079,Hamilton,IA,42.5644,-93.6369,1,94,6,26,6,0,2,19,WIND,"570,039",20,8,7
3331,19033,Cerro Gordo,IA,43.061204,-93.453642,1,131,5,12,3,0,4,14,WIND,"171,166",33,1,7
3332,19067,Floyd,IA,43.0003,-92.62,1,379,11,29,5,0,7,14,WIND,"258,290",19,10,7
3333,19037,Chickasaw,IA,43.14014,-92.32443,1,286,4,31,7,0,1,16,WIND,"14,258",16,7,7
3334,19113,Linn,IA,42.280827,-91.532705,1,1257,1,16,3,0,1,20,OIL,14,11,5,7
3335,19173,Taylor,IA,40.667406,-94.831625,1,114,1,33,4,0,0,17,WIND,"338,001",17,12,7
3336,19027,Carroll,IA,41.871043,-94.680777,1,1391,5,35,7,1,2,21,OIL,451,20,8,7
3337,19103,Johnson,IA,41.671877,-91.563999,1,71048,28,44,3,5,4,10,GAS,"1,028",10,5,7
3338,19003,Adams,IA,40.9871,-94.7352,1,1722,7,31,8,0,5,22,OIL,38,25,4,7
3339,19089,Howard,IA,43.397778,-92.473611,1,157,7,41,12,3,4,22,WIND,"282,210",20,6,7
3340,19147,Palo Alto,IA,43.0475,-94.9228,1,104,6,29,9,0,2,18,WIND,"57,834",23,8,7
3341,19189,Winnebago,IA,43.3192,-93.8836,1,72,1,31,1,0,2,16,WIND,"253,704",13,3,7
3342,19001,Adair,IA,41.226944,-94.434722,1,563,5,23,4,0,5,18,WIND,"4,908",20,6,7
3344,19163,Scott,IA,41.4928,-90.6275,1,25993,38,48,14,2,8,23,BIOMASS,"6,299",16,7,7
3345,19187,Webster,IA,42.260162,-94.069243,1,1027,4,22,4,0,4,19,OIL,15,22,2,7
3346,19169,Story,IA,42.0272,-93.5828,1,21016,19,34,3,3,5,14,OIL,"1,686",14,4,7
3349,19153,Polk,IA,41.573415,-93.557743,1,50553,41,37,14,6,7,20,BIOMASS,73,12,7,7
3350,19095,Iowa,IA,41.6744,-92.1642,1,310,5,41,8,0,4,19,WIND,"818,328",21,7,7
3351,19075,Grundy,IA,42.4622,-92.6264,1,1662,7,21,7,0,1,17,OIL,60,13,8,7
3352,19001,Adair,IA,41.30399,-94.46049,1,2154,6,29,5,0,3,21,OIL,6,26,4,7
3353,19031,Cedar,IA,41.59976,-90.91195,1,2237,9,22,4,0,2,9,OIL,48,17,4,7
3354,19041,Clay,IA,43.1606,-95.2569,1,266,4,20,3,0,3,18,GAS,"5,725",29,5,7
3355,19055,Delaware,IA,42.4942,-91.2725,1,1482,3,24,6,0,1,21,OIL,12,15,9,7
3356,19139,Muscatine,IA,41.596959,-91.036295,1,3380,8,26,2,0,1,22,SOLAR,"3,041",20,6,7
3357,19077,Guthrie,IA,41.554651,-94.685004,1,117,6,25,3,0,2,18,WIND,"754,226",19,6,7
3358,19013,Black Hawk,IA,42.4407,-92.4205,1,7850,16,22,2,1,5,19,GAS,"11,611",18,5,7
3359,19055,Delaware,IA,42.583889,-91.370833,1,406,1,18,3,0,3,20,WIND,"94,666",14,6,7
3360,19033,Cerro Gordo,IA,43.094,-93.292222,1,300,12,15,6,0,2,14,GAS,"2,898,339",25,5,7
3361,19157,Poweshiek,IA,41.57,-92.40718,1,397,5,29,4,1,1,18,WIND,"523,515",18,7,7
3362,19063,Emmet,IA,43.4028,-94.8433,1,6236,21,31,17,6,2,21,GAS,783,21,5,7
3363,19009,Audubon,IA,41.514365,-94.919729,1,259,0,22,5,0,0,21,GAS,"229,836",18,10,7
3364,19081,Hancock,IA,43.273731,-93.800002,1,130,2,23,3,0,0,18,WIND,"723,274",12,4,7
3365,19081,Hancock,IA,43.2125,-93.8311,1,401,4,12,7,1,1,20,WIND,"568,050",19,5,7
3366,19169,Story,IA,42.1044,-93.2722,1,174,9,24,3,1,5,19,WIND,"553,312",19,5,7
3367,19103,Johnson,IA,41.566688,-91.736663,1,1088,5,22,27,3,0,19,OIL,53,20,6,7
3368,19059,Dickinson,IA,43.3897,-95.2997,1,153,9,9,4,0,2,21,WIND,"86,715",17,3,7
3369,19001,Adair,IA,41.338889,-94.57,1,233,5,31,4,0,4,20,WIND,"5,195",17,6,7
3370,19189,Winnebago,IA,43.263235,-93.635383,1,4976,14,26,7,0,2,17,OIL,120,17,5,7
3371,19189,Winnebago,IA,43.276,-93.629,1,5015,13,26,7,0,2,17,SOLAR,"5,005",17,6,7
3372,19069,Franklin,IA,42.72084,-93.20609,1,4402,24,38,10,3,1,19,SOLAR,"13,639",22,5,7
3373,19069,Franklin,IA,42.606737,-93.336453,1,117,18,36,7,4,7,13,WIND,"236,198",17,5,7
3374,19083,Hardin,IA,42.224436,-93.373625,1,286,8,29,5,2,3,16,WIND,"381,500",21,6,7
3375,19013,Black Hawk,IA,42.512,-92.476,1,35289,9,31,3,1,3,13,GAS, (223),14,5,7
3376,19193,Woodbury,IA,42.32517,-96.37971,1,164,9,17,5,0,1,16,COAL,"1,252,853",26,4,7
3377,19193,Woodbury,IA,42.3006,-96.3617,1,359,9,17,4,0,1,16,COAL,"933,378",26,4,7
3378,19001,Adair,IA,41.496111,-94.327222,1,1754,7,24,9,1,3,18,OIL,1,21,6,7
3379,19035,Cherokee,IA,42.862,-95.772,1,268,16,25,10,0,2,18,WIND,"812,885",28,5,7
3380,19189,Winnebago,IA,43.430639,-94.016407,1,78,6,32,7,0,2,15,WIND,"750,126",24,5,7
3381,19187,Webster,IA,42.282807,-94.288965,1,1048,10,29,4,0,4,20,OIL,4,24,5,7
3382,19147,Palo Alto,IA,43.2397,-94.7498,1,1181,18,26,8,0,2,18,OIL,255,14,6,7
3383,19073,Greene,IA,42.0296,-94.3699,1,4351,9,28,7,1,3,20,OIL,1,28,4,7
3384,19079,Hamilton,IA,42.214126,-93.876685,1,168,6,20,1,0,1,15,WIND,"623,785",18,3,7
3385,19153,Polk,IA,41.5563,-93.5283,1,23743,36,27,11,4,9,16,GAS,"2,141,226",11,8,7
3386,19029,Cass,IA,41.373,-94.754,1,114,2,23,6,0,1,20,WIND,"6,317",33,2,7
3387,19001,Adair,IA,41.29,-94.485,1,2147,6,29,5,0,3,21,WIND,"4,749",26,4,7
3389,19081,Hancock,IA,43.052758,-93.629956,1,1054,10,24,10,0,2,17,WIND,"256,785",26,8,7
3390,19073,Greene,IA,42.0822,-94.365,1,195,3,25,8,0,2,20,WIND,"34,737",22,4,7
3391,19165,Shelby,IA,41.644542,-95.315283,1,5550,8,33,8,0,3,19,OIL,6,23,6,7
3392,19033,Cerro Gordo,IA,43.047222,-93.4775,1,111,4,16,4,0,3,14,WIND,"166,092",27,3,7
3393,19017,Bremer,IA,42.948889,-92.062222,1,180,9,27,7,0,1,14,WIND,"97,114",23,5,7
3394,19009,Audubon,IA,41.720323,-94.928422,1,2261,6,36,11,0,0,20,WIND,"744,045",27,7,7
3395,19009,Audubon,IA,41.71138,-94.80199,1,103,6,21,8,3,0,20,WIND,"408,823",15,5,7
3396,19141,O'Brien,IA,43.080278,-95.656111,1,1055,9,29,8,0,6,20,WIND,"1,616,400",21,9,7
3397,19187,Webster,IA,42.56867,-94.10277,1,208,10,18,8,2,4,18,SOLAR,"204,262",20,5,7
3398,19055,Delaware,IA,42.343542,-91.2471,1,963,2,24,8,1,2,20,OIL,2,16,5,7
3399,19169,Story,IA,42.003,-93.617,1,41873,19,47,3,4,8,6,SOLAR,"3,134",8,3,7
3400,19093,Ida,IA,42.326854,-95.458818,1,2277,5,26,5,0,4,18,WIND,"647,198",21,6,7
3401,19093,Ida,IA,42.355721,-95.42038,1,1724,5,28,6,0,3,18,WIND,"939,797",20,6,7
3402,19055,Delaware,IA,42.431604,-91.568638,1,169,7,12,4,0,0,19,WIND,"212,077",20,3,7
3403,19181,Warren,IA,41.359491,-93.563268,1,16055,8,22,4,2,4,18,OIL, (303),17,6,7
3404,19021,Buena Vista,IA,42.5539,-95.3283,1,95,1,8,3,0,1,13,WIND,"531,350",20,5,7
3405,19109,Kossuth,IA,43.034722,-94.140556,1,112,4,30,4,0,3,19,WIND,"4,347",16,3,7
3406,19097,Jackson,IA,42.069987,-90.697657,1,6562,7,35,4,0,7,22,HYDRO,"4,306",22,6,7
3407,19063,Emmet,IA,43.385347,-94.815655,1,6203,21,31,17,6,2,21,WIND,"2,270",21,5,7
3408,19059,Dickinson,IA,43.445,-94.980278,1,444,11,11,14,0,6,15,WIND,"34,806",20,5,7
3409,19169,Story,IA,42.0275,-93.6394,1,65733,22,40,3,5,7,8,GAS,"70,708",10,3,7
3410,19075,Grundy,IA,42.33327,-92.946436,1,156,8,19,3,0,2,19,WIND,"321,806",27,5,7
3411,19061,Dubuque,IA,42.5734,-90.6926,1,4615,6,20,9,1,4,18,OIL,127,22,6,7
3412,19103,Johnson,IA,41.57232,-91.54302,1,1834,16,35,8,1,3,19,SOLAR,"5,922",17,5,7
3413,19073,Greene,IA,42.098889,-94.269167,1,111,4,33,8,0,4,18,WIND,"24,156",18,6,7
3414,19111,Lee,IA,40.3965,-91.3719,1,12946,11,43,7,0,6,23,HYDRO,"834,919",21,6,7
3415,19113,Linn,IA,41.916558,-91.650897,1,15475,22,36,6,3,5,20,WIND,223,12,8,7
3416,19125,Marion,IA,41.315962,-93.060973,1,8391,8,30,7,0,3,22,OTHF, (32),22,5,7
3417,19125,Marion,IA,41.315962,-93.060973,1,8391,8,30,7,0,3,22,OIL,57,22,5,7
3418,19109,Kossuth,IA,42.994681,-94.128733,1,78,4,30,4,0,3,19,WIND,"522,933",16,3,7
3419,19109,Kossuth,IA,42.986667,-94.133611,1,70,4,30,4,0,3,19,WIND,"284,607",16,3,7
3420,19013,Black Hawk,IA,42.3159,-92.1928,1,2616,7,33,4,0,2,18,OIL,98,16,5,7
3421,19189,Winnebago,IA,43.4172,-93.5322,1,2285,10,28,6,1,3,19,OIL,32,29,3,7
3422,19189,Winnebago,IA,43.3864,-93.5589,1,2178,10,28,6,1,3,19,BIOMASS,"19,195",28,3,7
3423,19059,Dickinson,IA,43.4301,-95.3153,1,1350,6,15,1,0,1,21,OIL,46,24,5,7
3424,19109,Kossuth,IA,43.3839,-94.1475,1,435,5,30,8,0,1,14,WIND,"32,192",27,3,7
3425,19053,Decatur,IA,40.622,-93.9326,1,2471,18,42,10,0,7,18,OIL,135,17,5,7
3426,19005,Allamakee,IA,43.3359,-91.1675,1,330,2,35,6,0,2,23,COAL," (7,651)",32,7,7
3427,19127,Marshall,IA,41.883333,-92.933333,1,492,3,20,3,1,4,12,WIND,"431,333",24,2,7
3428,19151,Pocahontas,IA,42.8486,-94.8506,1,1306,6,35,10,2,8,21,OIL,955,25,5,7
3429,19109,Kossuth,IA,43.430082,-94.106954,1,174,4,30,8,0,2,14,WIND,"666,504",26,4,7
3430,19173,Taylor,IA,40.88,-94.5589,1,1647,32,22,16,8,3,19,OIL,12,20,3,7
3431,19083,Hardin,IA,42.498056,-93.367778,1,970,11,27,8,4,6,15,WIND,"11,210",23,6,7
3432,19033,Cerro Gordo,IA,43.2481,-93.205,1,1626,12,21,3,0,4,18,OIL,399,15,4,7
3433,19059,Dickinson,IA,43.3456,-95.3233,1,97,9,9,4,0,2,21,WIND,"260,843",17,3,7
3434,19115,Louisa,IA,41.3181,-91.0931,1,1090,11,29,10,0,3,19,COAL,"3,612,095",21,2,7
3435,19187,Webster,IA,42.334722,-94.170833,1,197,6,18,4,0,0,20,WIND,"805,841",26,8,7
3436,19191,Winneshiek,IA,43.326944,-91.810833,1,8304,7,25,4,1,3,16,WIND,10,25,5,7
3437,19121,Madison,IA,41.209167,-94.103611,1,186,2,22,9,1,2,15,WIND,"322,311",12,5,7
3438,19027,Carroll,IA,41.9067,-95.0347,1,1657,8,19,4,0,1,14,OIL, (62),25,6,7
3439,19131,Mitchell,IA,43.279547,-92.791272,1,4079,6,28,7,1,1,18,SOLAR,"2,870",24,5,7
3440,19097,Jackson,IA,42.035556,-90.665,1,6521,7,35,4,0,7,22,GAS,27,22,6,7
3441,19097,Jackson,IA,42.07,-90.66,1,6717,7,35,4,0,7,22,OIL, (210),21,6,7
3442,19127,Marshall,IA,42.0474,-92.859444,1,13411,52,42,24,10,9,20,GAS,"122,111",12,8,7
3443,19127,Marshall,IA,42.043333,-92.872778,1,20970,51,38,24,9,8,21,GAS,"3,581,966",13,7,7
3444,19043,Clayton,IA,43.023733,-91.174927,1,6940,8,32,8,0,2,19,OIL,4,24,4,7
3445,19001,Adair,IA,41.39,-94.445833,1,138,7,29,6,0,1,21,WIND,"5,048",21,11,7
3446,19067,Floyd,IA,43.0563,-92.6932,1,8069,15,32,7,2,3,20,GAS,756,24,6,7
3447,19153,Polk,IA,41.598889,-93.355,1,572,6,12,2,0,2,17,BIOMASS,"81,484",20,4,7
3448,19169,Story,IA,41.881,-93.623056,1,5174,7,12,2,0,2,9,WIND,"8,572",12,7,7
3449,19169,Story,IA,42.019,-93.514,1,1818,4,18,4,0,2,21,WIND,"8,607",22,4,7
3450,19015,Boone,IA,41.978,-93.700556,1,8653,21,43,1,5,6,1,WIND,"9,260",8,3,7
3451,19059,Dickinson,IA,43.326083,-95.148339,1,4794,5,22,4,0,2,17,OIL,616,26,4,7
3452,19157,Poweshiek,IA,41.586026,-92.5228,1,1759,7,29,5,0,10,18,OIL,138,24,6,7
3453,19001,Adair,IA,41.454241,-94.575056,1,205,4,32,2,0,1,21,WIND,"351,709",16,17,7
3454,19087,Henry,IA,40.971826,-91.551221,1,10098,20,30,12,3,3,20,OIL,59,17,4,7
3455,19139,Muscatine,IA,41.3917,-91.0569,1,14680,30,38,11,1,5,19,COAL,"538,908",13,7,7
3456,19169,Story,IA,42.046111,-93.579444,1,16092,19,26,3,3,3,16,GAS,"9,949",19,6,7
3458,19087,Henry,IA,40.955,-91.394444,1,2670,5,28,7,1,2,17,WIND,"4,690",16,8,7
3459,19193,Woodbury,IA,42.33304,-96.34822,1,434,9,16,4,0,1,15,SOLAR,"7,338",26,4,7
3460,19037,Chickasaw,IA,43.0689,-92.3201,1,4240,6,29,5,1,3,20,GAS,"2,398",21,9,7
3461,19047,Crawford,IA,42.159722,-95.439722,1,1048,25,27,14,8,5,19,WIND,"268,071",16,13,7
3462,19157,Poweshiek,IA,41.642776,-92.499064,1,129,15,26,9,6,4,18,WIND,"1,285,704",18,2,7
3463,19001,Adair,IA,41.3164,-94.455,1,2140,6,29,5,0,3,21,OIL,45,27,4,7
3464,19195,Worth,IA,43.3608,-93.2978,1,209,6,19,6,0,0,18,WIND,"129,080",19,7,7
3465,19141,O'Brien,IA,43.200421,-95.624313,1,1656,3,41,6,1,1,20,WIND,"834,611",28,7,7
3466,19103,Johnson,IA,41.7053,-91.6033,1,39073,29,22,4,5,2,17,GAS,0,12,7,7
3467,19015,Boone,IA,42.0372,-94.0462,1,2208,2,18,3,0,3,18,OIL,5,20,5,7
3468,19195,Worth,IA,43.3833,-93.4167,1,399,6,17,6,0,1,18,WIND,"106,815",18,7,7
3469,19169,Story,IA,42.019167,-93.513611,1,1889,4,18,4,0,2,21,WIND,"7,136",22,4,7
3470,19169,Story,IA,42.016389,-93.515833,1,1507,4,17,4,0,1,21,WIND,"8,299",23,4,7
3471,19169,Story,IA,42.014,-93.518056,1,1213,5,16,4,0,1,20,WIND,"8,190",24,4,7
3472,19169,Story,IA,42.006944,-93.523611,1,1049,8,9,5,0,0,19,WIND,"9,238",29,3,7
3473,19169,Story,IA,42.028333,-93.430278,1,7384,10,24,5,1,2,21,WIND,"10,133",17,4,7
3474,19001,Adair,IA,41.202447,-94.417197,1,561,5,23,4,0,5,18,WIND,"1,740,522",20,6,7
3475,19131,Mitchell,IA,43.279722,-92.810556,1,4045,6,28,7,1,1,18,WIND,"3,788",24,5,7
3476,19143,Osceola,IA,43.4303,-95.4167,1,318,20,14,24,1,3,12,WIND,"203,623",18,1,7
3477,19143,Osceola,IA,43.4303,-95.4167,1,318,20,14,24,1,3,12,WIND,"391,287",18,1,7
3478,19143,Osceola,IA,43.275,-95.809722,1,578,6,20,10,0,2,13,GAS,"41,989",25,4,7
3479,19179,Wapello,IA,41.0961,-92.555833,1,323,3,20,6,0,2,16,COAL,"3,140,616",13,1,7
3480,19179,Wapello,IA,41.016346,-92.414873,1,26055,26,41,14,4,5,22,HYDRO,"5,260",16,7,7
3481,19187,Webster,IA,42.319817,-94.287353,1,1215,10,25,4,0,3,20,GAS,"17,929",25,6,7
3482,19079,Hamilton,IA,42.3284,-93.6623,1,1383,7,28,4,0,1,12,GAS,"21,333",13,4,7
3483,19003,Adams,IA,40.966198,-94.795751,1,266,4,25,8,1,4,21,GAS,"15,007",27,3,7
3484,19195,Worth,IA,43.29236,-93.392798,1,665,1,16,5,0,3,18,GAS,"16,093",23,3,7
3485,19147,Palo Alto,IA,43.206691,-94.548094,1,77,6,20,2,0,4,19,WIND,"1,421,787",12,10,7
3487,19125,Marion,IA,41.4106,-92.9378,1,11746,6,13,5,2,1,17,OIL,291,19,6,7
3488,19131,Mitchell,IA,43.4839,-92.6131,1,153,3,28,7,0,1,16,WIND,"759,693",16,7,7
3489,19153,Polk,IA,41.5572,-93.5242,1,21913,33,27,10,4,9,16,GAS,"16,841",11,8,7
3490,19149,Plymouth,IA,42.842969,-95.941257,1,2019,7,23,9,2,2,18,WIND,"772,158",22,4,7
3491,19151,Pocahontas,IA,42.568056,-94.658056,1,619,7,38,5,0,1,20,WIND,"370,575",34,6,7
3492,19151,Pocahontas,IA,42.5842,-94.7467,1,147,6,11,1,0,0,20,WIND,"964,051",18,10,7
3493,19113,Linn,IA,41.944039,-91.639167,1,37601,24,35,9,2,5,20,COAL,"81,646",13,7,7
3494,19123,Mahaska,IA,41.4369,-92.703817,1,279,2,20,2,0,2,17,WIND,"567,458",18,4,7
3495,19097,Jackson,IA,42.0507,-90.3942,1,1420,7,29,4,0,0,15,OIL,54,20,7,7
3496,19125,Marion,IA,41.369722,-92.980833,1,1684,3,14,5,1,1,19,HYDRO,"103,592",18,7,7
3497,19161,Sac,IA,42.363152,-95.2263,1,170,0,9,3,0,1,19,WIND,"520,709",17,9,7
3498,19073,Greene,IA,42.006111,-94.237778,1,746,5,37,7,0,6,17,WIND,"151,084",16,8,7
3499,19153,Polk,IA,41.590218,-93.619499,1,97217,41,43,14,6,6,21,GAS,"1,761",11,6,7
3500,19119,Lyon,IA,43.429444,-96.169166,1,2996,7,19,6,1,4,19,OIL,13,19,4,7
3501,19067,Floyd,IA,43.0489,-92.9468,1,1079,6,38,8,0,4,18,OIL,0,19,6,7
3502,19195,Worth,IA,43.297222,-93.283333,1,265,6,17,6,0,2,18,WIND,"5,061",16,6,7
3503,19029,Cass,IA,41.1973,-94.7744,1,121,6,32,1,0,3,18,WIND,"1,504,435",20,7,7
3504,19111,Lee,IA,40.389167,-91.394167,1,12276,11,43,7,0,7,23,GAS,"144,131",21,6,7
3505,19029,Cass,IA,41.370997,-94.753929,1,114,2,23,6,0,1,20,WIND,"6,931",33,2,7
3506,19161,Sac,IA,42.421154,-94.995083,1,1979,4,30,8,0,2,21,WIND,"328,558",25,5,7
3507,19089,Howard,IA,43.448855,-92.280725,1,710,4,25,16,2,2,16,WIND,"259,690",21,7,7
3508,19145,Page,IA,40.77069,-95.37683,1,5100,10,39,8,0,6,22,OIL,78,26,7,7
3509,19143,Osceola,IA,43.396851,-95.74966,1,2946,14,36,13,5,7,19,OIL,18,23,6,7
3510,19143,Osceola,IA,43.405,-95.7261,1,2954,14,36,13,5,7,19,OIL,16,23,6,7
3511,19001,Adair,IA,41.29,-94.485,1,2147,6,29,5,0,3,21,WIND,"4,014",26,4,7
3512,19017,Bremer,IA,42.7317,-92.4711,1,10661,10,22,4,1,3,14,OIL,79,19,5,7
3513,19043,Clayton,IA,42.7114,-91.5469,1,1586,2,22,11,0,5,19,OIL,12,23,7,7
3514,19175,Union,IA,41.1113,-94.4667,1,140,3,27,2,0,3,16,WIND,"760,896",23,5,7
3515,19041,Clay,IA,43.144585,-95.144257,1,11445,9,27,4,0,5,19,OIL,"1,175",22,5,7
3516,19127,Marshall,IA,42.01667,-93.16333,1,1968,10,25,8,1,5,20,OIL,53,12,7,7
3517,19021,Buena Vista,IA,42.6878,-95.405,1,1112,7,16,7,0,2,20,WIND,"94,474",27,6,7
3518,19021,Buena Vista,IA,42.8417,-95.405,1,148,16,24,6,1,1,17,WIND,"125,639",17,7,7
3519,19169,Story,IA,42.186076,-93.600479,1,3679,5,27,3,0,4,17,OIL,233,24,8,7
3520,19169,Story,IA,42.208056,-93.599444,1,3619,5,28,3,0,4,17,WIND,"2,560",24,8,7
3521,19043,Clayton,IA,42.6786,-91.5452,1,1735,2,22,11,0,5,19,SOLAR,"2,242",23,7,7
3522,19013,Black Hawk,IA,42.5267,-92.4394,1,42139,10,30,3,1,3,14,GAS,"7,469",16,5,7
3523,19077,Guthrie,IA,41.503889,-94.3172,1,1772,7,24,9,0,3,18,OIL,0,21,6,7
3524,19175,Union,IA,41.1136,-94.3472,1,555,4,20,11,0,5,19,GAS,"72,078",21,6,7
3526,19153,Polk,IA,41.6722,-93.6769,1,36165,24,18,8,3,3,17,GAS,"10,663",17,8,7
3527,19031,Cedar,IA,41.7717,-91.1321,1,3673,6,22,8,0,2,19,OIL,42,24,4,7
3528,19195,Worth,IA,43.3597,-93.3208,1,181,5,18,6,0,1,18,WIND,"40,525",19,7,7
3529,19171,Tama,IA,42.1817,-92.4663,1,1738,7,23,5,0,3,16,OIL, (176),22,7,7
3530,19171,Tama,IA,42.1926,-92.4636,1,1749,8,22,5,0,3,16,OIL,7,21,7,7
3531,19171,Tama,IA,42.1925,-92.4747,1,1735,8,22,5,0,3,16,OIL,0,21,7,7
3532,19171,Tama,IA,42.161389,-92.4425,1,1723,6,24,5,0,3,15,WIND,"5,794",23,6,7
3533,19131,Mitchell,IA,43.429604,-92.839506,1,527,1,26,11,0,0,16,WIND,"635,687",26,9,7
3534,19103,Johnson,IA,41.6572,-91.54,1,76610,28,46,3,5,5,10,GAS,"6,121",12,5,7
3535,19013,Black Hawk,IA,42.513608,-92.459122,1,40324,10,30,3,1,3,14,GAS,"22,708",15,5,7
3536,19041,Clay,IA,43.207406,-95.349397,1,91,5,22,4,0,2,19,WIND,"1,063,249",26,7,7
3537,19157,Poweshiek,IA,41.741944,-92.672222,1,7050,13,24,4,1,3,20,WIND,"5,487",19,3,7
3538,19027,Carroll,IA,42.1169,-95.1292,1,176,19,28,8,2,4,20,WIND,"375,209",18,7,7
3539,19127,Marshall,IA,42.159444,-92.776111,1,211,7,19,4,0,1,18,WIND,"403,254",22,4,7
3540,19137,Montgomery,IA,40.9315,-94.9855,1,1170,8,36,11,0,2,21,OIL,13,29,6,7
3541,19011,Benton,IA,42.1697,-92.0222,1,5608,7,30,9,1,2,19,GAS, (380),22,4,7
3542,19155,Pottawattamie,IA,41.4517,-95.2383,1,1025,5,30,7,0,2,20,WIND,"538,067",45,4,7
3543,19155,Pottawattamie,IA,41.18,-95.8408,1,2223,19,28,7,3,1,15,COAL,"5,700,298",17,11,7
3544,19115,Louisa,IA,41.153697,-91.177102,1,2150,19,29,14,0,5,21,SOLAR,"209,653",26,2,7
3545,19019,Buchanan,IA,42.477778,-91.891111,1,7211,8,22,4,1,1,22,OIL,0,22,5,7
3546,19013,Black Hawk,IA,42.506156,-92.34558,1,50883,36,43,11,3,8,20,OIL,69,15,8,7
3547,19013,Black Hawk,IA,42.54389,-92.35535,1,12313,46,45,12,1,13,22,SOLAR,"5,911",17,8,7
3548,19017,Bremer,IA,42.7317,-92.4711,1,10661,10,22,4,1,3,14,WIND,"5,795",19,5,7
3549,19017,Bremer,IA,42.7317,-92.4711,1,10661,10,22,4,1,3,14,OIL,224,19,5,7
3550,19079,Hamilton,IA,42.471022,-93.81499,1,8020,19,27,10,1,5,19,OIL,"2,038",23,6,7
3551,19075,Grundy,IA,42.390833,-92.966667,1,178,7,20,3,0,2,18,WIND,"441,755",27,5,7
3552,19147,Palo Alto,IA,42.961151,-94.445574,1,1141,17,21,8,5,4,19,OIL,471,25,7,7
3553,19151,Pocahontas,IA,42.730291,-94.664394,1,1839,7,24,6,0,6,21,OIL,10,24,5,7
3554,19061,Dubuque,IA,42.491754,-90.79225,1,13677,9,16,2,1,3,18,SOLAR,"5,510",17,7,7
3555,19139,Muscatine,IA,41.569128,-91.26405,1,4455,48,26,25,9,4,20,OIL,39,13,5,7
3556,19047,Crawford,IA,42.021667,-95.363333,1,8726,58,44,26,11,7,21,OIL,12,14,5,7
3557,19069,Franklin,IA,42.774955,-93.418067,1,627,19,27,10,1,2,13,WIND,"703,411",19,14,7
3558,19069,Franklin,IA,42.630513,-93.206389,1,232,0,40,5,0,3,18,WIND,"459,373",11,4,7
3559,19139,Muscatine,IA,41.587748,-91.019456,1,3354,9,27,2,0,0,22,OIL,37,21,6,7
3560,19001,Adair,IA,41.469985,-94.339357,1,1360,7,25,9,0,2,18,WIND,"4,778",22,6,7
3561,19195,Worth,IA,43.384722,-93.221389,1,314,4,36,3,0,0,19,WIND,"4,426",35,2,7
3562,19189,Winnebago,IA,43.315,-93.77,1,117,2,31,2,1,1,16,WIND,"52,371",14,3,7
3563,19121,Madison,IA,41.3372,-94.0126,1,5928,6,25,3,0,2,21,OIL,115,20,5,7
3564,19029,Cass,IA,41.391944,-94.876389,1,248,2,24,6,0,1,20,WIND,"5,084",30,4,7
3565,19001,Adair,IA,41.3931,-94.4447,1,137,7,29,6,0,1,21,WIND,"3,969",21,11,7
3566,16063,Lincoln,ID,42.962333,-114.517194,1,68,54,35,18,8,9,19,HYDRO,"3,935",13,7,10
3567,16017,Bonner,ID,48.180245,-116.99859,1,4281,9,43,11,0,4,20,HYDRO,"164,413",28,4,10
3568,16027,Canyon,ID,43.6058,-116.5753,1,64466,33,37,13,4,4,20,GAS,"49,325",14,7,10
3569,16083,Twin Falls,ID,42.5328,-114.4328,1,30333,25,35,12,3,3,20,GAS,"36,527",15,7,10
3570,16077,Power,ID,42.7778,-112.8764,1,5130,49,47,21,15,8,20,HYDRO,"262,202",12,9,10
3571,16077,Power,ID,42.824,-112.752,1,347,11,17,5,0,1,20,SOLAR,"39,259",29,7,10
3572,16077,Power,ID,42.824,-112.752,1,347,11,17,5,0,1,20,SOLAR,"41,358",29,7,10
3573,16039,Elmore,ID,43.357066,-115.451517,1,3,14,37,13,0,4,20,HYDRO,"121,598",37,3,10
3574,16039,Elmore,ID,43.595,-115.9233,1,3,9,12,0,0,0,16,HYDRO,"55,910",30,0,10
3575,16043,Fremont,ID,44.07863,-111.497326,1,1375,15,41,9,6,7,19,HYDRO,"30,187",19,3,10
3576,16065,Madison,ID,43.816944,-111.785833,1,41104,15,61,2,1,8,19,GAS,"39,547",4,7,10
3577,16005,Bannock,ID,42.787778,-112.365556,1,2257,9,29,5,1,7,20,BIOMASS,"12,498",15,8,10
3578,16001,Ada,ID,43.561001,-116.121269,1,27611,23,12,2,2,3,17,HYDRO,"9,157",17,4,10
3579,16039,Elmore,ID,43.0536,-115.4803,1,18,20,36,13,2,1,21,WIND,"38,297",17,5,10
3580,16039,Elmore,ID,43.147153,-115.666637,1,18917,29,39,13,3,7,20,GAS,"725,648",14,8,10
3581,16047,Gooding,ID,42.8656,-114.7914,1,549,22,37,13,0,1,21,BIOMASS,"9,361",22,3,10
3582,16033,Clark,ID,44.027444,-112.719439,1,5,24,38,8,0,1,17,HYDRO,"9,178",12,5,10
3583,16045,Gem,ID,43.930462,-116.437172,1,1223,16,18,6,0,6,20,HYDRO,"56,934",25,6,10
3584,16039,Elmore,ID,42.90741,-115.181539,1,70,14,37,13,0,4,20,SOLAR,"60,651",37,3,10
3585,16047,Gooding,ID,42.69984,-114.822603,1,627,49,34,24,4,2,17,HYDRO,"4,260",18,6,10
3586,16047,Gooding,ID,42.913786,-115.070986,1,34,20,45,15,1,4,21,HYDRO,"295,069",24,7,10
3587,16001,Ada,ID,43.537685,-116.093756,1,13343,25,12,3,3,2,17,HYDRO,"8,585",15,5,10
3588,16087,Washington,ID,44.8367,-116.8975,1,57,2,35,8,0,0,20,HYDRO,"2,087,723",31,2,10
3589,16031,Cassia,ID,42.490341,-113.926605,1,505,50,26,21,8,0,17,WIND,"49,479",8,6,10
3590,16053,Jerome,ID,42.560876,-114.057461,1,309,41,34,28,3,3,20,HYDRO,"26,150",15,8,10
3591,16073,Owyhee,ID,42.944869,-115.977858,1,103,42,47,31,11,6,15,HYDRO,"377,063",16,8,10
3592,16017,Bonner,ID,48.084444,-116.053056,1,306,5,44,14,0,3,19,HYDRO,"815,740",35,6,10
3593,16039,Elmore,ID,42.811944,-115.048889,1,15,43,39,25,4,9,19,WIND,"63,688",15,7,10
3594,16047,Gooding,ID,42.7167,-114.6167,1,1450,35,35,18,7,4,20,BIOMASS, (486),20,7,10
3595,16085,Valley,ID,44.5256,-116.0483,1,1320,4,48,8,1,4,14,HYDRO,"35,535",41,4,10
3596,16083,Twin Falls,ID,42.8744,-115.0172,1,24,43,39,25,4,9,19,WIND,"37,923",15,7,10
3597,16083,Twin Falls,ID,42.8444,-115.0369,1,21,43,39,25,4,9,19,WIND,"17,577",15,7,10
3598,16043,Fremont,ID,44.018333,-111.583611,1,626,26,33,16,0,1,19,HYDRO,"6,827",15,4,10
3599,16019,Bonneville,ID,43.491398,-112.04541,1,60536,22,34,10,2,5,20,HYDRO,"39,134",14,7,10
3600,16047,Gooding,ID,42.66701,-114.78012,1,1181,28,33,20,2,0,17,HYDRO,"8,396",15,4,10
3601,16069,Nez Perce,ID,46.423056,-116.976389,1,18825,11,37,9,2,2,21,BIOMASS,"383,064",19,5,10
3602,16083,Twin Falls,ID,42.540968,-114.412523,1,26459,24,31,10,3,2,19,SOLAR,"2,800",15,6,10
3603,16039,Elmore,ID,43.028056,-115.400469,1,26,16,39,13,1,4,20,WIND,"50,831",36,3,10
3604,16083,Twin Falls,ID,42.622513,-114.50093,1,13430,19,22,7,1,4,21,HYDRO,"8,869",16,8,10
3605,16039,Elmore,ID,43.056622,-115.452025,1,27,18,36,13,1,2,21,WIND,"55,648",24,4,10
3606,16063,Lincoln,ID,42.836046,-114.267952,1,81,26,35,18,1,1,19,HYDRO,"8,707",17,4,10
3607,16023,Butte,ID,44.027444,-112.719439,1,5,24,38,8,0,1,17,HYDRO,"12,450",12,5,10
3608,16035,Clearwater,ID,46.5143,-116.2977,1,3264,15,29,8,1,3,21,HYDRO,"1,444,551",24,3,10
3609,16049,Idaho,ID,45.217784,-116.31577,1,149,2,34,2,0,15,18,HYDRO,"2,482",30,1,10
3610,16039,Elmore,ID,43.179176,-115.734315,1,4637,30,45,10,2,9,18,GAS,"566,667",13,7,10
3611,16043,Fremont,ID,44.0597,-111.3535,1,137,0,8,0,0,0,19,HYDRO,"44,249",43,0,10
3612,16027,Canyon,ID,43.625,-116.899722,1,5422,33,37,21,8,4,20,HYDRO,"3,476",14,5,10
3613,16081,Teton,ID,43.913476,-111.283319,1,34,25,64,9,2,4,15,HYDRO,"26,743",6,0,10
3614,16055,Kootenai,ID,47.531667,-116.93,1,377,15,27,4,0,6,14,BIOMASS,"17,013",30,3,10
3615,16035,Clearwater,ID,46.383828,-115.949338,1,708,7,55,12,0,3,21,HYDRO,"3,082",34,8,10
3616,16047,Gooding,ID,42.858056,-114.949444,1,170,25,42,16,1,4,21,WIND,"24,499",19,7,10
3617,16019,Bonneville,ID,43.420221,-112.101852,1,4585,19,25,12,2,6,18,HYDRO,"104,112",14,8,10
3618,16063,Lincoln,ID,42.954384,-114.462563,1,833,61,36,18,10,9,19,HYDRO,55,12,7,10
3619,16031,Cassia,ID,42.436804,-113.925536,1,239,50,26,21,8,0,17,WIND,"27,828",8,6,10
3620,16019,Bonneville,ID,43.467057,-111.836381,1,205,0,12,1,12,0,16,WIND,"316,813",14,7,10
3621,16029,Caribou,ID,42.53675,-111.793967,1,194,15,51,7,18,2,21,HYDRO,"72,869",18,6,10
3622,16039,Elmore,ID,42.989614,-116.093431,1,1028,22,30,26,1,4,13,SOLAR,"176,221",18,3,10
3623,16039,Elmore,ID,43.006133,-115.463289,1,8,28,53,14,7,3,20,WIND,"57,202",21,6,10
3624,16053,Jerome,ID,42.6051,-114.093,1,1357,48,32,35,4,4,20,HYDRO,"21,940",11,6,10
3625,16053,Jerome,ID,42.7628,-114.3958,1,137,25,30,27,4,1,20,HYDRO,"4,340",21,5,10
3626,16001,Ada,ID,43.697222,-116.271389,1,31299,12,18,4,0,5,17,BIOMASS,"23,956",21,4,10
3627,16083,Twin Falls,ID,42.88,-115.036667,1,23,28,47,18,2,6,21,WIND,"84,016",17,8,10
3628,16019,Bonneville,ID,43.386389,-111.726389,1,2,3,32,4,0,10,16,WIND,"149,368",26,2,10
3629,16015,Boise,ID,43.904085,-116.244193,1,1183,20,29,7,0,1,16,HYDRO,"35,484",28,5,10
3630,16001,Ada,ID,43.444,-116.333,1,1236,24,12,13,3,2,20,SOLAR,"91,684",8,2,10
3631,16043,Fremont,ID,44.418293,-111.395971,1,185,2,13,3,0,1,18,HYDRO,"16,285",47,0,10
3632,16083,Twin Falls,ID,42.189,-114.6218,1,98,43,39,25,4,9,19,SOLAR,"268,384",15,7,10
3633,16051,Jefferson,ID,43.631944,-112.279722,1,12,33,27,16,10,5,17,BIOMASS,"9,233",11,9,10
3634,16047,Gooding,ID,42.945664,-114.795698,1,579,23,36,14,0,0,22,HYDRO,"3,634",21,3,10
3635,16075,Payette,ID,43.904444,-116.819722,1,688,9,25,7,0,2,17,GAS,"1,628,533",15,7,10
3636,16029,Caribou,ID,42.603349,-111.705304,1,1331,23,29,8,7,5,21,HYDRO,"3,417",17,5,10
3637,16083,Twin Falls,ID,42.647376,-114.89031,1,226,34,42,17,4,2,17,HYDRO,"3,816",29,3,10
3638,16083,Twin Falls,ID,42.629637,-114.66162,1,763,10,12,15,0,0,20,HYDRO,"4,531",12,7,10
3639,16013,Blaine,ID,43.425228,-114.025597,1,35,43,54,6,0,4,13,HYDRO,"5,672",9,9,10
3640,16083,Twin Falls,ID,42.47711,-114.380118,1,1245,25,23,9,0,1,20,HYDRO,"7,859",21,5,10
3641,16047,Gooding,ID,42.865783,-114.906172,1,534,20,42,12,1,3,20,HYDRO,"106,771",23,6,10
3642,16019,Bonneville,ID,43.468679,-112.062499,1,42018,22,29,9,2,4,19,HYDRO,"39,583",14,6,10
3643,16019,Bonneville,ID,43.468398,-112.062602,1,41438,23,29,9,2,4,19,HYDRO,"2,971",14,6,10
3644,16047,Gooding,ID,42.841608,-114.903611,1,1715,17,38,9,0,2,18,HYDRO,"187,857",30,4,10
3645,16001,Ada,ID,43.528,-116.0583,1,2067,28,10,10,2,2,18,HYDRO,"331,848",12,7,10
3646,16001,Ada,ID,43.485529,-116.355047,1,7581,13,15,8,3,3,18,HYDRO,"7,802",10,6,10
3647,16013,Blaine,ID,43.2547,-114.3569,1,191,39,27,42,0,4,14,HYDRO,"20,026",29,1,10
3648,16039,Elmore,ID,43.04835,-115.412886,1,30,16,39,13,1,4,20,WIND,"54,920",36,3,10
3649,16053,Jerome,ID,42.636558,-114.557764,1,2391,26,14,14,0,2,21,HYDRO,"2,283",15,5,10
3650,16005,Bannock,ID,42.625972,-112.149344,1,965,9,20,5,0,5,15,HYDRO,"6,937",19,8,10
3651,16019,Bonneville,ID,43.524429,-111.803921,1,75,0,12,1,12,0,16,WIND,"266,174",14,7,10
3652,16053,Jerome,ID,42.740139,-114.161173,1,14,48,32,35,4,4,20,HYDRO,"3,681",11,6,10
3653,16031,Cassia,ID,42.466911,-114.004567,1,123,50,26,21,8,0,17,BIOMASS,"18,407",8,6,10
3654,16031,Cassia,ID,42.460629,-114.017297,1,129,50,26,21,8,0,17,WIND,"46,644",8,6,10
3655,16031,Cassia,ID,42.526786,-114.036889,1,325,45,30,19,5,1,18,HYDRO,"28,958",11,7,10
3656,16067,Minidoka,ID,42.669899,-113.483175,1,70,27,24,9,7,7,16,HYDRO,"59,436",15,4,10
3657,16041,Franklin,ID,42.260844,-111.665589,1,68,14,27,3,0,0,17,HYDRO,"10,540",13,8,10
3658,16001,Ada,ID,43.460012,-116.47254,1,4645,11,23,8,1,1,17,HYDRO,"4,336",10,11,10
3659,16039,Elmore,ID,43.0272,-115.4656,1,11,22,39,13,3,1,21,WIND,"34,676",18,5,10
3660,16021,Boundary,ID,48.7339,-116.1752,1,2082,5,33,20,0,4,19,HYDRO,"16,036",25,11,10
3661,16039,Elmore,ID,43.129,-115.752,1,9186,38,40,18,5,7,20,SOLAR,"38,185",11,9,10
3662,16073,Owyhee,ID,43.213,-116.439,1,3,28,28,15,0,0,13,SOLAR,"43,802",19,6,10
3663,16047,Gooding,ID,43.0451,-114.5588,1,217,37,33,19,3,7,19,HYDRO,"3,298",15,7,10
3664,16041,Franklin,ID,42.267774,-111.748531,1,111,14,27,3,0,0,17,HYDRO,"42,411",13,8,10
3665,16001,Ada,ID,43.467,-116.285,1,4605,26,15,14,3,1,21,SOLAR,"45,050",7,2,10
3666,16083,Twin Falls,ID,42.840556,-114.989722,1,36,43,39,25,4,9,19,WIND,"34,577",15,7,10
3667,16019,Bonneville,ID,43.334849,-111.205752,1,93,3,32,4,0,10,16,HYDRO,"564,558",26,2,10
3668,16083,Twin Falls,ID,42.825278,-115.010833,1,30,43,39,25,4,9,19,WIND,"59,766",15,7,10
3669,16083,Twin Falls,ID,42.7975,-114.998611,1,35,43,39,25,4,9,19,WIND,"31,798",15,7,10
3670,16009,Benewah,ID,47.331006,-116.890352,1,1477,37,39,13,1,4,23,BIOMASS,"8,800",18,5,10
3671,16055,Kootenai,ID,47.703333,-116.953889,1,39304,13,36,9,0,4,16,HYDRO,"47,966",13,8,10
3672,16077,Power,ID,42.738889,-112.748611,1,84,11,17,5,0,1,20,WIND,"48,081",29,7,10
3673,16077,Power,ID,42.703333,-112.757778,1,2,11,17,5,0,1,20,WIND,"41,240",29,7,10
3674,16031,Cassia,ID,42.099417,-113.38245,1,14,9,58,5,2,0,15,GEOTHERMAL,"88,590",19,9,10
3675,16055,Kootenai,ID,47.80427,-116.867312,1,12498,14,22,11,0,4,20,GAS,"779,307",17,7,10
3676,16055,Kootenai,ID,47.7858,-116.9203,1,11234,15,21,11,0,3,20,GAS,"1,809,544",17,7,10
3677,16083,Twin Falls,ID,42.632483,-114.538769,1,3531,21,15,12,1,3,21,HYDRO,"9,575",15,6,10
3678,16083,Twin Falls,ID,42.620724,-114.531489,1,7705,17,18,7,1,3,21,HYDRO,"5,786",14,9,10
3679,16077,Power,ID,42.674722,-112.901944,1,69,10,26,4,0,1,19,WIND,"219,435",27,6,10
3680,16039,Elmore,ID,43.037147,-115.439731,1,27,18,42,13,2,4,20,WIND,"52,364",34,4,10
3681,16053,Jerome,ID,42.586701,-114.067537,1,412,45,33,32,3,4,20,HYDRO,"22,961",13,7,10
3682,16059,Lemhi,ID,45.183368,-113.885307,1,4062,8,31,8,0,5,19,OIL,49,28,5,10
3683,16083,Twin Falls,ID,42.681944,-114.989167,1,23,43,39,25,4,9,19,WIND,"57,228",15,7,10
3684,16039,Elmore,ID,42.982222,-115.393333,1,47,30,57,14,8,3,20,WIND,"56,449",22,6,10
3685,16053,Jerome,ID,42.5975,-114.4033,1,11978,11,16,7,0,2,10,HYDRO,"42,312",23,5,10
3686,16039,Elmore,ID,43.288439,-115.955371,1,107,28,23,12,0,2,19,SOLAR,"46,535",14,8,10
3687,16005,Bannock,ID,42.908412,-112.52944,1,12971,15,29,6,1,2,19,OTHF,"72,415",12,7,10
3688,16021,Boundary,ID,48.959547,-116.557375,1,25,30,46,23,0,5,16,HYDRO,"50,885",20,7,10
3689,16029,Caribou,ID,42.64455,-111.696689,1,158,8,39,16,0,3,20,HYDRO,"16,486",23,3,10
3690,16083,Twin Falls,ID,42.4937,-114.3102,1,1630,33,53,19,5,0,19,HYDRO,"26,757",15,8,10
3691,16001,Ada,ID,43.2435,-116.3791,1,5,26,15,14,3,1,21,HYDRO,"113,009",7,2,10
3692,16003,Adams,ID,44.954853,-116.387134,1,99,7,23,1,0,9,19,BIOMASS,"13,036",19,4,10
3693,16047,Gooding,ID,42.740542,-114.836722,1,657,54,33,29,3,4,18,HYDRO,"54,222",14,8,10
3694,16083,Twin Falls,ID,42.870278,-114.967778,1,228,28,47,18,2,6,21,WIND,"32,225",17,8,10
3695,16083,Twin Falls,ID,42.836854,-114.969342,1,64,34,35,18,2,5,19,WIND,"28,820",19,4,10
3696,16083,Twin Falls,ID,42.8925,-115.0164,1,35,38,42,23,4,8,20,WIND,"30,373",16,8,10
3697,16083,Twin Falls,ID,42.5892,-114.3553,1,2765,6,11,3,0,3,18,HYDRO,"37,126",20,9,10
3698,16039,Elmore,ID,43.033781,-115.482592,1,11,22,39,13,3,1,21,WIND,"56,178",18,5,10
3699,16047,Gooding,ID,42.864267,-114.885542,1,713,18,41,10,1,3,19,HYDRO,"52,241",28,5,10
3700,16019,Bonneville,ID,43.552695,-112.050953,1,5744,15,22,5,1,10,19,HYDRO,"7,020",17,7,10
3701,16083,Twin Falls,ID,42.767422,-114.924692,1,327,29,33,15,1,3,18,HYDRO,"81,680",21,3,10
3702,16083,Twin Falls,ID,42.766397,-114.908236,1,489,28,33,15,1,3,18,HYDRO,"87,832",22,3,10
3703,16053,Jerome,ID,42.628889,-114.174722,1,976,41,34,28,3,3,20,HYDRO,"25,933",15,8,10
3704,16019,Bonneville,ID,43.4195,-111.8294,1,85,0,13,1,12,0,16,WIND,"134,704",14,7,10
3705,16083,Twin Falls,ID,42.770833,-114.988611,1,26,43,39,25,4,9,19,WIND,"60,920",15,7,10
3706,17177,Stephenson,IL,42.339696,-89.632719,1,8158,26,45,10,0,9,19,SOLAR,"3,177",21,6,5
3707,17163,St Clair,IL,38.4872,-90.0135,1,20935,34,35,8,1,5,22,SOLAR,"17,297",16,6,5
3708,17091,Kankakee,IL,41.19128,-87.666461,1,4449,32,30,13,3,5,22,SOLAR,"3,938",17,7,5
3710,17177,Stephenson,IL,42.362222,-89.803611,1,3256,5,27,7,1,2,17,GAS,"38,443",25,6,5
3711,17011,Bureau,IL,41.3017,-89.6236,1,174,3,20,8,1,2,18,WIND,"5,426",19,6,5
3712,17063,Grundy,IL,41.185,-88.231,1,2071,12,16,5,0,5,19,SOLAR,"1,057",17,9,5
3713,17031,Cook,IL,41.916874,-87.856212,1,177073,63,28,18,12,6,18,SOLAR,"3,035",14,5,5
3714,17111,McHenry,IL,42.40028,-88.4988,1,1226,12,19,3,1,1,18,SOLAR,"3,828",28,3,5
3716,17171,Scott,IL,39.569771,-90.43602,1,562,2,23,4,0,3,18,GAS,"20,106",24,5,5
3717,17039,DeWitt,IL,40.1972,-89.067655,1,198,4,8,0,0,3,19,WIND,"358,911",21,5,5
3718,17049,Effingham,IL,39.068747,-88.755547,1,3181,1,25,7,0,2,22,OIL,80,26,3,5
3719,17197,Will,IL,41.6721,-88.11549,1,70206,60,18,11,5,6,18,SOLAR,"3,174",13,5,5
3720,17197,Will,IL,41.424123,-87.772832,1,8698,52,22,7,0,4,19,SOLAR,361,16,5,5
3721,17183,Vermilion,IL,40.10351,-87.64977,1,16286,26,50,14,1,10,26,SOLAR,"3,564",19,6,5
3722,17085,Jo Daviess,IL,42.436665,-90.179581,1,928,4,25,7,1,2,15,SOLAR,"3,501",29,1,5
3723,17115,Macon,IL,39.870074,-88.890756,1,19611,30,44,13,1,9,23,COAL,"885,894",18,5,5
3724,17043,DuPage,IL,41.716534,-87.970608,1,42488,28,16,5,4,5,16,GAS,"47,616",23,5,5
3725,17043,DuPage,IL,41.8151,-88.2265,1,46524,43,16,7,3,4,16,GAS,"415,315",13,6,5
3726,17195,Whiteside,IL,41.780735,-89.689416,1,27485,28,39,11,1,5,21,OIL,171,21,5,5
3727,17157,Randolph,IL,38.205,-89.8544,1,562,1,38,2,0,12,19,COAL,"5,898,854",35,6,5
3728,17197,Will,IL,41.38109,-87.637542,1,7127,18,14,6,3,4,18,BIOMASS,"3,207",18,5,5
3729,17123,Marshall,IL,40.96038,-89.085363,1,362,4,28,5,0,6,21,WIND,"331,303",20,4,5
3730,17193,White,IL,38.050141,-88.295525,1,377,3,43,11,0,3,21,SOLAR,"334,766",29,7,5
3731,17011,Bureau,IL,41.599167,-89.456111,1,512,10,29,6,0,8,11,WIND,"674,716",20,3,5
3732,17143,Peoria,IL,40.677188,-89.604911,1,52674,47,52,15,2,11,24,GAS,"23,362",14,6,5
3733,17073,Henry,IL,41.215278,-90.120833,1,265,4,17,4,0,0,18,WIND,"564,142",36,1,5
3734,17073,Henry,IL,41.2325,-90.174167,1,164,4,16,4,0,0,18,WIND,"228,951",38,0,5
3735,17073,Henry,IL,41.211057,-90.276024,1,384,4,26,3,1,2,18,WIND,"404,332",22,4,5
3736,17105,Livingston,IL,41.1406,-88.53,1,107,9,28,4,0,3,18,WIND,"455,222",15,5,5
3737,17105,Livingston,IL,41.1508,-88.6233,1,518,4,34,4,0,11,20,WIND,"225,915",19,7,5
3738,17105,Livingston,IL,40.661079,-88.395079,1,263,2,11,5,0,1,23,WIND,"866,645",19,11,5
3739,17195,Whiteside,IL,41.769376,-89.843327,1,550,16,24,11,2,3,17,SOLAR,"4,113",20,4,5
3740,17197,Will,IL,41.2435,-88.2286,1,7953,10,23,4,0,4,22,NUCLEAR,"20,113,596",15,5,5
3741,17027,Clinton,IL,38.607456,-89.524514,1,5467,7,15,7,0,3,16,OIL,264,20,8,5
3742,17113,McLean,IL,40.701241,-88.701054,1,981,5,33,8,0,3,21,WIND,"681,924",19,4,5
3743,17099,LaSalle,IL,41.207028,-89.031736,1,1079,11,23,7,0,2,19,SOLAR,"4,037",17,4,5
3744,17099,LaSalle,IL,41.172704,-89.028765,1,764,7,24,5,0,4,19,SOLAR,"3,811",18,4,5
3745,17009,Brown,IL,39.973333,-90.699166,1,435,30,21,18,0,4,22,WIND,"2,597",21,2,5
3747,17109,McDonough,IL,40.548586,-90.513814,1,3041,4,39,9,0,5,23,OIL,36,19,8,5
3748,17141,Ogle,IL,42.0742,-89.2819,1,1021,6,8,7,0,0,18,NUCLEAR,"19,465,588",16,3,5
3749,17197,Will,IL,41.327123,-87.61052,1,5791,17,13,6,4,2,18,SOLAR,"3,500",15,5,5
3750,17019,Champaign,IL,40.138283,-88.291246,1,47520,45,35,8,4,5,19,SOLAR,"2,858",12,7,5
3751,17201,Winnebago,IL,42.339141,-89.198015,1,1066,11,6,6,0,3,20,SOLAR,"4,162",24,3,5
3752,17143,Peoria,IL,40.57629,-89.703554,1,3748,6,41,14,0,5,23,SOLAR,"3,713",17,4,5
3753,17091,Kankakee,IL,41.108211,-87.726108,1,2873,33,28,8,1,3,20,SOLAR,"3,087",23,3,5
3754,17031,Cook,IL,41.658794,-87.577716,1,73062,92,46,12,2,14,23,BIOMASS,"14,667",14,6,5
3755,17063,Grundy,IL,41.372222,-88.284444,1,3931,11,5,4,1,6,19,GAS,"3,447,283",14,6,5
3756,17141,Ogle,IL,42.065653,-89.433136,1,3387,9,39,18,1,5,21,SOLAR,"3,622",30,11,5
3757,17091,Kankakee,IL,41.1603,-87.8542,1,46032,32,34,10,1,6,21,GAS,"22,885",15,6,5
3758,17183,Vermilion,IL,40.211667,-87.878333,1,168,17,36,6,1,5,20,WIND,"676,067",19,8,5
3759,17031,Cook,IL,41.6835,-87.5563,1,65272,82,42,19,7,11,22,GAS,"2,152",15,6,5
3761,17109,McDonough,IL,40.588568,-90.751828,1,200,4,35,8,0,0,17,WIND,"544,020",22,5,5
3762,17027,Clinton,IL,38.6106,-89.3583,1,4008,10,26,3,0,3,22,OIL,189,17,5,5
3763,17193,White,IL,38.0967,-88.1631,1,5816,4,39,13,0,2,24,OIL,47,24,6,5
3764,17023,Clark,IL,39.310555,-87.992592,1,3306,6,32,10,0,4,21,OIL,174,20,7,5
3765,17195,Whiteside,IL,41.822595,-90.131166,1,1742,1,23,10,0,4,18,SOLAR,"7,898",21,5,5
3766,17177,Stephenson,IL,42.37195,-89.80797,1,3192,5,26,7,1,2,17,SOLAR,"3,573",25,7,5
3767,17111,McHenry,IL,42.2891,-88.413,1,17486,21,24,9,2,5,19,GAS,"8,570",16,6,5
3768,17111,McHenry,IL,42.2899,-88.40712,1,16161,22,24,9,2,5,18,SOLAR,"2,819",17,6,5
3769,17031,Cook,IL,41.870751,-87.678378,1,434541,65,34,14,8,8,17,GAS,"17,255",10,5,5
3770,17025,Clay,IL,38.75066,-88.50682,1,1743,4,50,20,0,14,23,SOLAR,"3,990",17,9,5
3771,17199,Williamson,IL,37.829241,-89.011483,1,11713,12,35,10,0,5,24,SOLAR,"2,157",20,6,5
3773,17039,DeWitt,IL,40.1719,-88.8339,1,428,0,25,3,0,3,20,NUCLEAR,"8,101,628",16,5,5
3774,17027,Clinton,IL,38.59587,-89.2751,1,646,8,19,4,2,0,21,SOLAR,"4,036",24,3,5
3775,17103,Lee,IL,41.660278,-89.249722,1,784,6,24,5,1,5,20,WIND,"6,488",16,9,5
3776,17051,Fayette,IL,39.0106,-88.8443,1,1873,4,41,10,0,6,18,SOLAR,"3,240",17,6,5
3777,17161,Rock Island,IL,41.712216,-90.279679,1,506,6,12,9,0,7,18,GAS,"770,247",24,2,5
3779,17011,Bureau,IL,41.25,-89.5708,1,145,2,23,12,0,2,18,WIND,"203,815",15,5,5
3780,17197,Will,IL,41.429444,-87.6187,1,16374,42,27,8,0,7,20,GAS,"54,112",23,5,5
3782,17167,Sangamon,IL,39.754803,-89.602389,1,29394,34,37,13,0,7,22,COAL,"643,132",19,5,5
3783,17099,LaSalle,IL,41.387792,-88.789656,1,3922,23,29,12,0,6,21,HYDRO,"11,436",18,6,5
3784,17011,Bureau,IL,41.33821,-89.30123,1,2408,48,34,19,1,6,10,SOLAR,"23,680",22,5,5
3785,17103,Lee,IL,41.845306,-89.481286,1,17812,19,34,13,1,3,19,HYDRO,"11,363",20,5,5
3786,17177,Stephenson,IL,42.379459,-89.842957,1,3121,5,26,7,1,2,18,SOLAR,"4,312",26,7,5
3787,17063,Grundy,IL,41.39,-88.27,1,12747,22,10,3,0,6,19,NUCLEAR,"15,269,198",9,6,5
3788,17051,Fayette,IL,39.186321,-89.03123,1,344,3,33,15,0,4,14,SOLAR,"233,643",18,6,5
3789,17031,Cook,IL,41.817,-87.735,1,311958,89,42,29,22,9,19,SOLAR,"1,536",13,6,5
3790,17031,Cook,IL,41.849,-87.669,1,378980,76,39,19,13,9,18,SOLAR,"2,264",12,5,5
3791,17177,Stephenson,IL,42.451481,-89.878428,1,352,6,23,5,1,3,18,WIND,"231,827",22,7,5
3792,17119,Madison,IL,38.814542,-89.997299,1,21420,14,28,4,1,7,19,SOLAR,"4,044",12,5,5
3793,17095,Knox,IL,40.885483,-90.016709,1,660,7,29,4,0,3,17,SOLAR,"1,559",21,8,5
3794,17031,Cook,IL,42.000061,-88.244572,1,54232,60,25,17,7,5,18,GAS,"212,045",14,8,5
3795,17197,Will,IL,41.4388,-88.1236,1,3324,15,22,4,2,2,20,GAS,"945,799",16,4,5
3796,17031,Cook,IL,42.044038,-87.699556,1,217283,46,24,8,5,6,15,GAS,0,18,6,5
3797,17031,Cook,IL,41.6758,-87.6514,1,148481,83,40,12,1,14,23,SOLAR,"12,586",16,6,5
3798,17197,Will,IL,41.4167,-88.1833,1,4177,8,14,5,0,7,18,OFSL,"179,974",16,4,5
3799,17037,DeKalb,IL,41.7678,-88.8867,1,1232,11,19,5,0,3,20,WIND,"622,204",21,4,5
3800,17167,Sangamon,IL,39.825934,-89.637282,1,48037,34,44,13,1,10,24,OIL,64,15,7,5
3801,17039,DeWitt,IL,40.24611,-88.638761,1,2146,1,28,7,1,5,19,OIL,36,20,4,5
3802,17031,Cook,IL,41.753932,-87.789421,1,149718,51,30,17,10,7,20,SOLAR,"1,958",15,6,5
3803,17031,Cook,IL,41.8508,-87.6533,1,342601,70,35,15,10,8,16,OIL," (1,020)",11,5,5
3804,17021,Christian,IL,39.5678,-89.3683,1,1769,2,30,7,0,2,20,BIOMASS,"21,925",31,5,5
3805,17025,Clay,IL,38.6693,-88.4635,1,5195,6,48,12,3,6,25,OIL,40,22,2,5
3806,17025,Clay,IL,38.6714,-88.4894,1,5409,6,47,12,3,6,25,OIL,27,22,2,5
3807,17053,Ford,IL,40.556285,-88.349491,1,285,14,26,6,1,4,17,WIND,"460,239",17,7,5
3808,17163,St Clair,IL,38.425556,-89.914444,1,5205,9,22,4,1,5,18,OIL,230,17,4,5
3809,17051,Fayette,IL,39.103333,-88.85898,1,503,5,48,11,1,1,18,GAS,"1,075",28,2,5
3810,17089,Kane,IL,42.06052,-88.5451,1,6586,18,16,14,1,3,15,SOLAR,"3,774",13,4,5
3811,17115,Macon,IL,39.77896,-88.901629,1,12739,8,15,4,1,3,18,OIL,0,25,5,5
3813,17103,Lee,IL,41.643611,-89.173056,1,462,10,20,6,1,4,19,WIND,"92,470",19,8,5
3814,17177,Stephenson,IL,42.356266,-89.836971,1,3070,5,26,7,1,2,18,SOLAR,"5,707",26,7,5
3815,17071,Henderson,IL,40.9199,-90.9484,1,1398,9,31,9,0,15,16,SOLAR,"2,839",32,3,5
3816,17073,Henry,IL,41.451494,-90.148547,1,7180,6,20,3,0,5,19,WIND,"7,376",26,3,5
3817,17089,Kane,IL,41.8911,-88.2711,1,36841,21,14,5,1,3,17,GAS,"3,655",17,4,5
3818,17053,Ford,IL,40.4705,-88.3987,1,3872,13,30,12,1,6,1,GAS,"75,820",19,5,5
3819,17125,Mason,IL,40.261377,-89.700876,1,147,7,21,6,0,3,21,WIND,"611,757",19,3,5
3820,17147,Piatt,IL,40.106931,-88.599867,1,763,13,21,7,0,2,18,GAS,712,15,8,5
3821,17099,LaSalle,IL,41.2269,-88.6836,1,137,1,31,6,0,24,20,OTHF," (7,320)",24,4,5
3822,17099,LaSalle,IL,41.143421,-88.758341,1,1285,12,26,7,0,6,22,SOLAR,"27,800",18,5,5
3823,17099,LaSalle,IL,41.2269,-88.6836,1,137,1,31,6,0,24,20,WIND,"426,021",24,4,5
3824,17077,Jackson,IL,37.6577,-89.511161,1,623,6,41,13,0,6,22,GAS,0,19,8,5
3825,17119,Madison,IL,38.6972,-90.1283,1,32887,29,38,11,0,10,24,GAS,"538,943",18,5,5
3826,17103,Lee,IL,41.620264,-89.557033,1,118,4,34,2,0,0,19,WIND,"503,781",22,1,5
3827,17043,DuPage,IL,41.73379,-88.084908,1,104582,44,18,7,4,6,14,BIOMASS,"26,082",15,5,5
3828,17111,McHenry,IL,42.164,-88.4625,1,23641,20,16,4,2,3,17,SOLAR,"2,874",39,4,5
3829,17041,Douglas,IL,39.83188,-88.072302,1,179,1,34,4,1,2,21,WIND,"691,663",26,3,5
3830,17113,McLean,IL,40.537,-89.019,1,39690,25,42,2,1,4,10,WIND,943,9,5,5
3831,17177,Stephenson,IL,42.432863,-89.906865,1,451,6,24,4,0,4,17,SOLAR,"13,961",16,6,5
3832,17113,McLean,IL,40.4792,-88.7989,1,268,10,21,4,0,2,17,WIND,"504,202",13,4,5
3833,17119,Madison,IL,38.7412,-89.6849,1,13018,7,18,4,0,2,18,OIL,105,19,4,5
3834,17107,Logan,IL,40.03,-89.381,1,169,42,13,24,0,6,15,WIND,"547,814",9,1,5
3835,17089,Kane,IL,41.998889,-88.302222,1,75889,56,23,16,7,5,18,GAS,943,13,7,5
3836,17173,Shelby,IL,39.223144,-88.758406,1,661,1,28,6,0,4,16,GAS,"2,457,662",21,7,5
3837,17183,Vermilion,IL,40.399722,-87.799167,1,130,4,26,4,0,4,22,WIND,"334,101",14,3,5
3838,17199,Williamson,IL,37.789506,-89.058709,1,19718,13,33,7,1,4,23,SOLAR,"4,454",18,6,5
3839,17197,Will,IL,41.471715,-88.043725,1,10814,49,22,13,3,7,22,SOLAR,"3,318",18,7,5
3840,17031,Cook,IL,41.49563,-87.7876,1,35758,54,12,4,1,7,21,SOLAR,"3,354",15,5,5
3841,17085,Jo Daviess,IL,42.348183,-90.011235,1,2126,7,33,6,0,4,19,SOLAR,"3,399",20,4,5
3842,17197,Will,IL,41.48,-88.07,1,17431,76,45,24,7,12,25,SOLAR,"1,611",15,6,5
3843,17019,Champaign,IL,40.0274,-88.04693,1,1670,4,13,3,0,5,16,SOLAR,"4,195",17,9,5
3844,17143,Peoria,IL,40.92402,-89.63196,1,823,3,16,1,0,2,17,SOLAR,"4,549",21,10,5
3845,17177,Stephenson,IL,42.452243,-89.638813,1,1261,1,30,7,0,10,15,SOLAR,"2,779",19,5,5
3846,17025,Clay,IL,38.6658,-88.4625,1,5135,6,48,12,3,6,25,OIL,73,22,2,5
3847,17119,Madison,IL,38.7417,-89.6847,1,13018,7,18,4,0,2,18,OIL,0,19,4,5
3848,17043,DuPage,IL,41.8108,-88.1486,1,63706,28,12,3,3,4,15,GAS,"27,646",17,5,5
3849,17031,Cook,IL,41.83442,-87.628465,1,270982,75,38,14,9,10,18,GAS,0,14,5,5
3850,17057,Fulton,IL,40.698522,-89.967943,1,2745,5,27,5,0,7,21,SOLAR,"3,612",17,7,5
3851,17195,Whiteside,IL,41.768199,-89.674385,1,25696,27,38,11,1,5,21,OIL,561,20,5,5
3852,17031,Cook,IL,41.7775,-87.8233,1,109130,52,27,16,10,6,20,GAS,"216,153",16,6,5
3853,17167,Sangamon,IL,39.8233,-89.5891,1,26736,30,43,12,1,10,23,GAS,"39,520",17,6,5
3854,17103,Lee,IL,41.774417,-89.606528,1,1952,16,22,6,0,3,21,GAS,"330,832",21,4,5
3855,17075,Iroquois,IL,40.774047,-87.754371,1,4992,11,47,14,1,4,23,SOLAR,"4,064",25,3,5
3856,17001,Adams,IL,39.859083,-91.399685,1,2505,4,26,3,0,4,18,SOLAR,"2,415",25,5,5
3857,17197,Will,IL,41.438536,-88.110626,1,3435,15,22,4,2,2,20,GAS,"7,096,466",17,4,5
3858,17199,Williamson,IL,37.750571,-89.085297,1,10532,13,29,5,1,4,20,SOLAR,"2,572",16,7,5
3859,17197,Will,IL,41.494636,-88.123827,1,41809,58,32,15,6,7,21,GAS,"707,790",14,5,5
3860,17197,Will,IL,41.4931,-88.1153,1,41234,63,36,17,6,9,22,GAS," (27,603)",13,6,5
3861,17091,Kankakee,IL,41.176011,-87.879523,1,39195,23,28,7,0,6,20,SOLAR,0,15,5,5
3862,17091,Kankakee,IL,41.1128,-87.8681,1,39982,48,47,17,2,6,22,HYDRO,0,15,6,5
3863,17091,Kankakee,IL,41.119258,-87.826519,1,32556,51,49,18,2,7,22,SOLAR,"3,618",15,6,5
3864,17197,Will,IL,41.25559,-88.21848,1,9205,9,23,5,0,4,22,SOLAR,"3,612",15,5,5
3865,17053,Ford,IL,40.9675,-88.1975,1,549,2,39,6,0,7,22,WIND,"592,418",17,8,5
3866,17093,Kendall,IL,41.4797,-88.2581,1,16710,19,10,3,0,6,16,GAS,"5,864,878",17,4,5
3867,17177,Stephenson,IL,42.312841,-89.903444,1,412,5,19,7,1,0,14,SOLAR,"3,998",33,6,5
3868,17055,Franklin,IL,37.897506,-88.952399,1,9029,3,48,13,0,11,18,SOLAR,"3,842",20,5,5
3869,17021,Christian,IL,39.590556,-89.496389,1,638,14,15,9,1,1,20,COAL,"2,229,160",12,1,5
3870,17121,Marion,IL,38.7619,-89.0128,1,379,4,17,8,0,2,23,GAS,"3,209",19,3,5
3871,17007,Boone,IL,42.215163,-88.920643,1,3556,22,13,4,0,4,18,SOLAR,"4,052",21,7,5
3872,17201,Winnebago,IL,42.221944,-89.093333,1,40868,56,55,22,6,12,23,BIOMASS,"8,825",12,8,5
3873,17197,Will,IL,41.4425,-87.7514,1,14547,72,23,5,0,6,22,GAS,"208,155",15,6,5
3874,17099,LaSalle,IL,41.245498,-88.669066,1,170,0,31,6,0,25,20,NUCLEAR,"19,444,476",24,4,5
3875,17091,Kankakee,IL,41.097265,-87.869294,1,29439,56,49,19,3,6,22,SOLAR,"4,049",16,7,5
3876,17111,McHenry,IL,42.251568,-88.596711,1,9434,15,23,7,2,7,18,SOLAR,"3,918",14,8,5
3877,17111,McHenry,IL,42.214828,-88.491906,1,1914,16,6,3,1,3,16,SOLAR,"3,330",16,10,5
3878,17097,Lake,IL,42.25416,-87.864282,1,29135,20,9,2,1,4,16,GAS,290,22,5,5
3879,17031,Cook,IL,42.10625,-87.813738,1,75564,26,11,3,5,3,12,BIOMASS,"11,766",24,5,5
3880,17167,Sangamon,IL,39.757327,-89.600512,1,29139,34,38,13,0,8,22,OIL,0,19,5,5
3881,17103,Lee,IL,41.8287,-89.4054,1,724,12,22,4,0,1,21,GAS,"66,958",23,2,5
3882,17177,Stephenson,IL,42.35681,-89.88398,1,666,5,24,7,0,2,16,SOLAR,"3,868",27,6,5
3883,17197,Will,IL,41.393315,-87.943612,1,2761,7,10,5,0,3,13,GAS,"11,981",21,9,5
3884,17167,Sangamon,IL,39.821944,-89.955833,1,127,5,10,3,0,1,20,WIND,"949,341",25,3,5
3885,17197,Will,IL,41.455,-87.752,1,21407,76,27,6,0,8,23,SOLAR,"2,508",16,6,5
3886,17105,Livingston,IL,40.9314,-88.6548,1,1550,15,41,8,0,8,20,BIOMASS,"64,032",14,11,5
3887,17197,Will,IL,41.5697,-88.0789,1,64083,58,36,21,9,7,20,HYDRO,0,12,6,5
3888,17011,Bureau,IL,41.203214,-89.601872,1,111,0,27,12,0,2,18,WIND,"267,165",15,6,5
3889,17037,DeKalb,IL,41.69398,-88.65309,1,1330,7,16,5,0,2,20,SOLAR,"3,778",18,7,5
3890,17031,Cook,IL,41.855833,-87.835556,1,198689,59,25,11,4,5,20,GAS,"3,263",16,6,5
3891,17199,Williamson,IL,37.836165,-89.042423,1,9205,13,36,11,0,5,25,SOLAR,"3,765",20,6,5
3892,17031,Cook,IL,41.852709,-87.61851,1,277485,61,28,9,7,7,15,OIL,0,12,4,5
3893,17031,Cook,IL,42.001944,-87.852222,1,140883,30,17,8,9,4,17,GAS,0,19,6,5
3894,17111,McHenry,IL,42.252733,-88.639983,1,8348,16,25,8,3,7,18,OTHF, (608),15,8,5
3895,17111,McHenry,IL,42.25974,-88.63587,1,8578,16,25,8,3,7,18,SOLAR,"3,713",15,8,5
3896,17199,Williamson,IL,37.619747,-88.953114,1,2909,12,18,7,0,7,19,COAL,"708,926",28,3,5
3897,17081,Jefferson,IL,38.315279,-88.756379,1,1642,13,32,15,2,6,19,SOLAR,"3,927",20,8,5
3899,17023,Clark,IL,39.392138,-87.68513,1,4835,3,23,5,0,3,24,OIL,202,22,6,5
3900,17109,McDonough,IL,40.555424,-90.851133,1,880,7,36,5,0,2,17,SOLAR,"4,336",21,6,5
3901,17111,McHenry,IL,42.331411,-88.274352,1,33852,20,18,8,2,4,19,OTHF, (30),17,5,5
3902,17065,Hamilton,IL,38.094683,-88.541331,1,3475,8,42,12,0,2,27,OIL,0,21,4,5
3903,17099,LaSalle,IL,41.54863,-89.15986,1,7673,26,31,12,3,4,20,SOLAR,"2,948",20,5,5
3904,17103,Lee,IL,41.7194,-89.0492,1,602,9,29,15,1,5,19,WIND,"243,065",19,7,5
3905,17099,LaSalle,IL,41.541339,-89.14808,1,7705,26,31,12,3,4,20,SOLAR,"4,104",20,5,5
3906,17073,Henry,IL,41,-89.996844,1,118,4,20,4,1,4,17,WIND,"27,641",28,3,5
3907,17163,St Clair,IL,38.6603,-90.1317,1,16684,82,58,19,1,13,24,GAS,"19,341",19,5,5
3908,17203,Woodford,IL,40.888611,-88.997222,1,2004,2,31,10,0,8,20,WIND,"580,423",16,5,5
3909,17161,Rock Island,IL,41.509959,-90.534021,1,86448,32,38,10,2,6,20,HYDRO,"21,527",17,6,5
3911,17089,Kane,IL,41.8244,-88.3331,1,52220,27,17,6,2,5,16,GAS,0,14,7,5
3912,17089,Kane,IL,41.8233,-88.3378,1,50614,28,16,6,2,5,16,SOLAR,"3,480",14,7,5
3913,17113,McLean,IL,40.379212,-88.843405,1,1979,6,20,2,0,0,19,SOLAR,"7,836",22,5,5
3914,17125,Mason,IL,40.170889,-89.895111,1,125,2,46,5,0,16,21,WIND,"55,460",23,4,5
3915,17137,Morgan,IL,39.82245,-90.55519,1,1108,4,43,11,0,3,19,SOLAR,"4,355",26,4,5
3916,17137,Morgan,IL,39.82215,-90.55457,1,1108,4,43,11,0,3,19,SOLAR,"4,411",26,4,5
3917,17137,Morgan,IL,39.606529,-90.227099,1,1595,5,32,9,1,3,18,SOLAR,"4,183",21,6,5
3918,17137,Morgan,IL,39.61409,-90.22076,1,1501,4,32,8,1,3,18,SOLAR,"4,139",21,6,5
3919,17063,Grundy,IL,41.411944,-88.332778,1,3168,25,18,7,0,6,19,GAS,"536,011",9,5,5
3920,17141,Ogle,IL,42.063506,-89.496181,1,659,12,26,12,2,2,20,SOLAR,"2,143",24,10,5
3921,17107,Logan,IL,40.09393,-89.4204,1,2697,45,13,25,0,7,15,SOLAR,"156,358",8,1,5
3922,17031,Cook,IL,41.790556,-87.582778,1,204014,89,47,10,2,15,23,GAS,37,15,6,5
3923,17043,DuPage,IL,41.800909,-88.197156,1,62691,40,15,5,3,4,16,GAS,"16,715",14,6,5
3924,17103,Lee,IL,41.774444,-89.607222,1,1978,16,22,6,0,3,21,GAS,"2,882,286",21,4,5
3925,17079,Jasper,IL,38.9361,-88.2781,1,298,9,14,0,0,5,16,COAL,"3,082,246",22,4,5
3926,17097,Lake,IL,42.306389,-87.851944,1,50978,64,38,18,6,7,15,GAS,"35,957",11,6,5
3927,17141,Ogle,IL,41.9093,-89.0498,1,9677,29,31,13,5,11,18,GAS,"1,530",17,4,5
3928,17031,Cook,IL,41.981111,-87.719167,1,407511,50,28,11,10,6,17,GAS,4,13,6,5
3929,17019,Champaign,IL,40.07,-88.243,1,60186,32,39,2,6,5,10,SOLAR,"19,026",13,4,5
3930,17031,Cook,IL,42.09972,-88.031041,1,115789,34,17,7,7,4,15,SOLAR,"1,516",17,6,5
3931,17031,Cook,IL,42.067753,-87.993492,1,109818,32,16,7,8,4,16,GAS,467,17,7,5
3932,17091,Kankakee,IL,41.207388,-87.837817,1,15832,20,21,5,0,5,20,SOLAR,"2,936",16,6,5
3933,17141,Ogle,IL,42.02005,-89.36263,1,5718,10,27,10,1,5,21,SOLAR,"4,147",26,5,5
3934,17113,McLean,IL,40.4792,-88.7989,1,268,10,21,4,0,2,17,WIND,"520,235",13,4,5
3935,17177,Stephenson,IL,42.371669,-89.796287,1,3198,5,26,7,1,2,17,SOLAR,"1,962",25,6,5
3936,17159,Richland,IL,38.721601,-88.126791,1,6110,8,37,9,2,6,22,SOLAR,"4,482",21,6,5
3937,17099,LaSalle,IL,41.055385,-88.993862,1,468,6,33,10,0,4,22,WIND,"434,749",21,7,5
3938,17149,Pike,IL,39.449185,-90.614119,1,176,3,41,22,0,3,16,OIL,64,26,12,5
3939,17099,LaSalle,IL,41.3237,-89.1123,1,21105,19,30,9,2,4,21,HYDRO,"33,034",22,5,5
3940,17091,Kankakee,IL,41.070396,-87.78887,1,3834,20,22,7,0,4,19,SOLAR,"3,393",21,5,5
3941,17019,Champaign,IL,40.081738,-88.244498,1,87375,36,43,3,6,5,11,SOLAR,"7,143",12,4,5
3942,17149,Pike,IL,39.6189,-90.8461,1,4210,5,31,7,0,7,21,WIND,"1,660",28,4,5
3943,17091,Kankakee,IL,40.999169,-88.056247,1,204,9,11,2,0,3,18,WIND,"568,025",27,6,5
3944,17145,Perry,IL,38.1114,-89.3467,1,3733,34,28,29,2,6,18,GAS,"42,403",15,3,5
3945,17037,DeKalb,IL,41.674386,-88.664448,1,5745,9,18,5,0,2,20,SOLAR,"2,749",20,7,5
3946,17075,Iroquois,IL,40.46405,-88.021517,1,293,1,43,6,0,0,18,WIND,"433,832",23,6,5
3947,17105,Livingston,IL,40.91806,-88.625,1,7761,12,35,7,0,4,23,SOLAR,"3,963",19,6,5
3948,17179,Tazewell,IL,40.5408,-89.6786,1,15197,8,32,13,0,5,23,COAL,"1,337,628",18,5,5
3949,17137,Morgan,IL,39.806053,-90.224433,1,510,0,15,12,0,4,19,SOLAR,"5,391",25,3,5
3950,17163,St Clair,IL,38.279167,-89.666944,1,269,1,26,12,1,1,20,COAL,"12,483,004",31,6,5
3951,17145,Perry,IL,38.208333,-89.579166,1,1355,5,33,13,0,13,21,SOLAR,"234,240",24,4,5
3952,17029,Coles,IL,39.544605,-87.97198,1,1530,2,35,9,0,9,18,SOLAR,"378,728",17,6,5
3953,17031,Cook,IL,41.9031,-87.6831,1,529797,48,25,8,4,6,15,OIL,13,9,6,5
3954,17177,Stephenson,IL,42.307119,-89.598098,1,19924,32,46,12,0,7,20,SOLAR,"3,972",19,7,5
3955,17115,Macon,IL,39.84919,-88.931944,1,50613,39,45,10,1,12,23,GAS,"300,668",18,6,5
3956,17011,Bureau,IL,41.375528,-89.464872,1,8532,10,31,7,0,6,13,GAS,"1,023",27,4,5
3957,17195,Whiteside,IL,41.721815,-89.804732,1,405,8,17,17,1,2,18,SOLAR,"5,230",21,2,5
3958,17011,Bureau,IL,41.2294,-89.5572,1,103,0,22,13,0,1,18,WIND,"148,132",14,5,5
3959,17161,Rock Island,IL,41.726111,-90.310278,1,426,5,16,8,0,7,18,NUCLEAR,"15,164,974",25,2,5
3960,17025,Clay,IL,38.6996,-88.5392,1,1554,4,36,14,1,3,24,GAS,778,27,4,5
3962,17179,Tazewell,IL,40.3692,-89.4022,1,275,8,19,4,0,5,19,WIND,"255,871",29,6,5
3963,17019,Champaign,IL,40.312222,-88.159444,1,13000,49,50,10,3,5,21,OIL,164,17,8,5
3964,17019,Champaign,IL,40.286726,-88.132797,1,12906,49,50,10,3,5,21,SOLAR,"2,986",16,8,5
3965,17157,Randolph,IL,38.2165,-89.9992,1,4536,6,15,6,0,1,20,OIL,123,20,7,5
3966,17111,McHenry,IL,42.110925,-88.240254,1,37820,66,29,24,6,6,19,SOLAR,"1,939",13,7,5
3967,17167,Sangamon,IL,39.806868,-89.641653,1,65824,33,43,12,1,9,23,OIL,66,16,6,5
3968,17183,Vermilion,IL,39.88821,-87.68593,1,1079,12,40,8,0,9,21,SOLAR,"4,170",20,7,5
3969,17023,Clark,IL,39.25906,-87.62817,1,287,2,29,7,0,0,20,SOLAR,461,17,5,5
3970,17141,Ogle,IL,41.924722,-88.998611,1,1068,37,24,8,0,8,18,BIOMASS,"18,682",20,11,5
3971,17201,Winnebago,IL,42.17606,-89.08479,1,6327,27,29,16,0,7,16,SOLAR,"3,988",21,5,5
3972,17201,Winnebago,IL,42.17606,-89.08479,1,6327,27,29,16,0,7,16,SOLAR,"3,945",21,5,5
3973,17201,Winnebago,IL,42.16572,-89.03686,1,6008,23,22,11,0,6,16,SOLAR,"3,986",21,4,5
3974,17201,Winnebago,IL,42.238558,-89.101202,1,53965,59,60,23,5,14,23,GAS,"107,086",13,8,5
3975,17201,Winnebago,IL,42.2383,-89.1011,1,53625,59,60,23,5,14,23,GAS,"46,369",13,8,5
3976,17201,Winnebago,IL,42.28525,-89.09937,1,82345,53,54,17,3,12,23,SOLAR,"3,988",16,7,5
3977,17201,Winnebago,IL,42.175278,-89.088333,1,6020,25,27,15,0,7,16,SOLAR,"3,591",21,5,5
3978,17201,Winnebago,IL,42.4511,-89.0756,1,19109,17,22,5,1,6,18,HYDRO,"5,756",15,7,5
3979,17089,Kane,IL,42.0931,-88.2397,1,44878,61,25,20,7,6,17,GAS,"17,823",14,6,5
3982,17007,Boone,IL,42.41894,-88.846141,1,506,5,9,3,0,11,17,SOLAR,"3,812",22,5,5
3983,17163,St Clair,IL,38.591745,-90.183286,1,58956,60,46,11,2,5,22,SOLAR,"2,994",11,7,5
3984,17195,Whiteside,IL,41.767012,-89.670331,1,24080,27,38,11,1,5,21,SOLAR,"1,708",20,5,5
3985,17019,Champaign,IL,40.318985,-89.177373,1,839,7,13,4,0,1,18,SOLAR,"3,601",15,5,5
3986,17143,Peoria,IL,40.765278,-89.56913,1,30511,25,27,4,1,5,21,SOLAR,"3,725",23,7,5
3987,17043,DuPage,IL,41.69963,-88.16644,1,79291,44,10,3,2,4,13,SOLAR,"1,686",10,5,5
3988,17183,Vermilion,IL,40.140564,-87.650494,1,27650,34,45,10,2,8,24,SOLAR,"2,711",20,6,5
3989,17077,Jackson,IL,37.711944,-89.215,1,23854,41,59,5,3,8,16,COAL,"5,423",10,3,5
3990,17177,Stephenson,IL,42.201229,-89.608809,1,630,3,23,2,0,3,18,SOLAR,460,21,6,5
3991,17177,Stephenson,IL,42.201355,-89.610992,1,653,3,23,2,0,3,18,SOLAR,450,21,6,5
3992,17199,Williamson,IL,37.727245,-88.849036,1,3143,5,23,3,0,2,19,SOLAR,672,18,5,5
3993,17089,Kane,IL,41.954902,-88.478372,1,5945,11,5,3,0,3,16,SOLAR,"3,352",17,4,5
3994,17037,DeKalb,IL,41.893409,-88.771045,1,17091,32,38,10,6,12,14,SOLAR,447,12,3,5
3995,17037,DeKalb,IL,41.894383,-88.771303,1,18742,34,38,10,5,12,13,SOLAR,432,11,3,5
3996,17063,Grundy,IL,41.19504,-88.30134,1,3311,17,30,7,0,10,20,SOLAR,"3,906",15,8,5
3997,17027,Clinton,IL,38.589905,-89.149348,1,2617,9,50,18,1,9,24,SOLAR,"4,595",19,5,5
3998,17039,DeWitt,IL,40.2945,-88.584553,1,201,2,15,3,0,3,19,WIND,"716,682",20,3,5
3999,17123,Marshall,IL,41.032235,-89.405223,1,2806,4,26,5,0,5,19,SOLAR,"3,716",26,5,5
4000,17099,LaSalle,IL,41.117733,-88.863709,1,16213,19,36,13,1,9,22,SOLAR,"6,068",22,5,5
4001,17089,Kane,IL,41.871914,-88.287721,1,47948,18,13,4,1,3,16,BIOMASS,"24,873",16,6,5
4002,17075,Iroquois,IL,40.694444,-87.570833,1,110,9,40,18,0,6,20,WIND,"321,384",18,4,5
4003,17103,Lee,IL,41.666523,-89.059804,1,443,9,27,15,1,6,19,WIND,"84,834",18,6,5
4004,17103,Lee,IL,41.666944,-89.059722,1,443,9,27,15,1,6,19,WIND,"318,802",18,6,5
4005,17173,Shelby,IL,39.2794,-88.4772,1,648,1,21,4,0,2,13,GAS,"169,974",24,10,5
4006,17201,Winnebago,IL,42.206076,-89.074384,1,27505,49,47,20,4,9,22,SOLAR,982,14,8,5
4007,17019,Champaign,IL,40.12065,-88.17846,1,52306,46,52,6,8,6,12,SOLAR,"3,524",11,4,5
4008,17019,Champaign,IL,40.12078,-88.17688,1,50348,45,51,6,8,6,13,SOLAR,"3,211",12,4,5
4009,17037,DeKalb,IL,41.758266,-88.656288,1,2694,15,21,4,0,14,19,SOLAR,"3,646",13,6,5
4010,17141,Ogle,IL,41.9092,-89.0504,1,9677,29,31,13,5,11,18,OIL,667,17,4,5
4012,17111,McHenry,IL,42.164,-88.383,1,53572,25,9,4,2,4,17,SOLAR,"2,091",11,6,5
4013,17113,McLean,IL,40.4535,-88.9605,1,44660,25,30,6,2,3,19,OIL,19,17,5,5
4014,17105,Livingston,IL,40.9969,-88.49,1,1023,5,37,9,0,4,18,WIND,"679,095",18,8,5
4015,17107,Logan,IL,40.074167,-89.291944,1,328,27,20,16,0,4,18,WIND,"606,875",19,3,5
4016,17139,Moultrie,IL,39.596667,-88.611944,1,5441,4,24,8,0,5,21,OIL,235,19,5,5
4017,17109,McDonough,IL,40.469681,-90.641075,1,13720,20,46,5,1,12,18,SOLAR,"2,006",18,3,5
4018,17019,Champaign,IL,40.089797,-88.243573,1,99416,39,45,4,6,5,12,SOLAR,266,12,4,5
4019,17179,Tazewell,IL,40.6817,-89.5167,1,21994,8,20,6,1,3,18,BIOMASS,"14,167",20,5,5
4020,17021,Christian,IL,39.51303,-89.037337,1,1172,7,34,6,0,4,16,SOLAR,"3,173",17,4,5
4021,17031,Cook,IL,41.6225,-87.5978,1,97957,95,44,11,2,13,22,GAS,0,15,6,5
4022,17031,Cook,IL,41.5839,-87.6047,1,66981,85,34,10,2,12,20,GAS,0,17,5,5
4023,17183,Vermilion,IL,40.106125,-87.653818,1,16307,26,50,13,1,9,26,GAS,"62,687",19,6,5
4025,17031,Cook,IL,41.916944,-87.845556,1,196616,60,27,16,11,5,18,GAS,127,14,5,5
4026,17091,Kankakee,IL,41.076,-88.06491,1,1666,8,14,2,0,5,17,SOLAR,"3,152",28,5,5
4027,17117,Macoupin,IL,39.35009,-89.79322,1,320,2,13,8,0,4,21,SOLAR,"4,651",27,3,5
4028,17037,DeKalb,IL,41.96455,-88.66696,1,18684,19,23,5,2,3,18,SOLAR,"4,067",14,6,5
4029,17197,Will,IL,41.440893,-87.753189,1,13313,70,22,6,0,5,22,GAS,"83,435",15,6,5
4030,17019,Champaign,IL,40.105169,-88.241528,1,108076,43,47,5,7,5,13,GAS,"234,979",11,5,5
4031,17031,Cook,IL,41.8675,-87.6524,1,427772,56,26,10,7,6,15,GAS,"107,604",11,4,5
4032,17195,Whiteside,IL,41.787115,-89.677526,1,27250,28,38,11,1,5,21,HYDRO,"9,194",21,5,5
4033,17119,Madison,IL,38.6642,-90.1764,1,39539,79,53,14,1,11,23,GAS,"13,742",16,6,5
4034,17183,Vermilion,IL,40.12437,-87.6292,1,30296,37,48,11,1,9,25,SOLAR,"3,768",18,7,5
4035,17117,Macoupin,IL,39.405457,-89.995709,1,851,2,42,18,1,8,20,SOLAR,"5,869",26,4,5
4036,17091,Kankakee,IL,41.10341,-87.97498,1,2196,4,10,2,0,6,17,SOLAR,"1,914",22,4,5
4037,17011,Bureau,IL,41.496667,-89.580278,1,180,4,33,8,1,5,18,WIND,"747,579",25,5,5
4038,17133,Monroe,IL,38.334786,-90.158939,1,11920,3,14,5,0,2,19,GAS,462,20,5,5
4039,17097,Lake,IL,42.3833,-87.8133,1,63055,81,40,25,12,6,20,OIL," (1,621)",11,6,5
4041,17113,McLean,IL,40.590833,-89.046666,1,693,6,13,4,0,2,15,WIND,"394,279",15,6,5
4042,17195,Whiteside,IL,41.85691,-90.15885,1,22161,13,38,12,0,5,21,SOLAR,"3,337",20,6,5
4043,17107,Logan,IL,39.929,-89.19,1,258,12,38,5,0,4,21,WIND,"174,425",16,5,5
4044,17031,Cook,IL,42.115589,-87.731025,1,44316,13,6,1,2,3,13,GAS,"3,824",19,7,5
4045,17037,DeKalb,IL,41.9506,-88.8308,1,9400,42,55,7,3,11,6,SOLAR,"4,157",5,6,5
4046,17089,Kane,IL,41.981004,-88.27452,1,36101,46,18,13,6,4,17,BIOMASS,"15,990",14,6,5
4047,17197,Will,IL,41.392408,-87.594633,1,4563,23,18,5,5,5,14,SOLAR,"4,297",21,5,5
4048,17197,Will,IL,41.392408,-87.594818,1,4563,23,18,5,5,5,14,SOLAR,"3,745",21,5,5
4049,17097,Lake,IL,42.4776,-87.895,1,19840,53,23,10,2,6,17,GAS,"310,517",14,6,5
4050,18129,Posey,IN,37.9053,-87.715,1,1667,3,27,8,0,2,19,COAL,"1,783,169",13,8,5
4051,18173,Warrick,IN,37.915,-87.3328,1,1342,10,18,7,0,1,18,COAL,"4,138,923",25,7,5
4052,18095,Madison,IN,40.0529,-85.7389,1,9758,15,32,9,0,3,20,GAS,"47,628",22,5,5
4053,18095,Madison,IN,40.081698,-85.642033,1,35381,23,45,12,1,7,24,SOLAR,"16,637",18,7,5
4054,18095,Madison,IN,40.082667,-85.636079,1,34276,23,44,12,0,7,24,SOLAR,"14,988",18,7,5
4055,18095,Madison,IN,40.085942,-85.632184,1,33371,22,43,11,0,7,24,SOLAR,"6,026",18,7,5
4056,18095,Madison,IN,40.085081,-85.746714,1,15199,33,35,11,1,7,23,SOLAR,"13,376",20,5,5
4057,18127,Porter,IN,41.635,-87.1387,1,5566,19,26,6,0,5,20,OFSL,"820,267",16,8,5
4059,18089,Lake,IN,41.6703,-87.4803,1,35624,74,45,19,6,7,22,OTHF,"445,184",16,7,5
4060,18065,Henry,IN,39.786742,-85.416371,1,894,1,32,7,1,3,18,SOLAR,"251,718",15,4,5
4061,18097,Marion,IN,39.72,-86.193056,1,42183,34,46,23,4,7,25,SOLAR,"5,064",11,7,5
4062,18007,Benton,IN,40.695,-87.4886,1,158,5,24,5,0,1,22,WIND,"327,530",18,7,5
4063,18181,White,IN,40.765611,-86.879682,1,890,7,31,6,0,2,19,BIOMASS,"30,170",17,8,5
4064,18075,Jay,IN,40.360533,-85.113149,1,2052,11,46,8,1,5,20,WIND,"366,798",15,9,5
4065,18075,Jay,IN,40.319,-84.9769,1,505,4,17,7,2,0,16,WIND,"375,199",25,4,5
4066,18073,Jasper,IN,41.1153,-87.2328,1,974,18,25,14,1,2,22,GAS,"6,830",16,5,5
4067,18099,Marshall,IN,41.46303,-86.163527,1,5692,21,35,18,5,0,20,SOLAR,"12,634",18,5,5
4068,18001,Adams,IN,40.846525,-84.933264,1,11998,11,34,5,0,3,20,GAS,"8,620",18,8,5
4069,18063,Hendricks,IN,39.81968,-86.45848,1,9982,11,5,5,3,1,17,SOLAR,"4,328",16,4,5
4070,18097,Marion,IN,39.7631,-86.1667,1,94833,43,45,19,3,7,23,GAS,"10,559",9,5,5
4071,18081,Johnson,IN,39.3617,-86.025,1,1140,7,29,10,0,2,21,SOLAR,629,15,3,5
4072,18157,Tippecanoe,IN,40.4175,-86.8447,1,62869,27,41,10,3,4,21,GAS,"27,341",13,7,5
4073,18165,Vermillion,IN,39.9242,-87.4244,1,1287,3,41,8,0,2,20,COAL,"4,327,440",22,7,5
4074,18177,Wayne,IN,39.828501,-85.003765,1,6180,7,28,9,1,4,23,SOLAR,"2,039",18,7,5
4075,18077,Jefferson,IN,38.7378,-85.4206,1,14580,10,37,11,1,3,23,COAL,"4,967,140",19,4,5
4076,18183,Whitley,IN,41.175519,-85.505304,1,11827,8,29,9,0,4,20,SOLAR,"7,174",18,7,5
4077,18097,Marion,IN,39.734456,-86.189075,1,51698,37,47,26,4,7,24,BIOMASS,0,9,6,5
4079,18101,Martin,IN,38.8164,-86.8842,1,503,2,27,21,1,1,20,SOLAR,"28,968",22,9,5
4080,18107,Montgomery,IN,40.055753,-86.88841,1,18735,13,40,14,2,5,22,SOLAR,0,18,6,5
4081,18107,Montgomery,IN,40.078126,-86.896811,1,12032,11,35,11,1,4,23,SOLAR,"8,446",16,6,5
4082,18107,Montgomery,IN,40.017668,-86.85987,1,13416,15,40,15,3,6,22,SOLAR,"18,056",17,7,5
4083,18107,Montgomery,IN,40.048889,-86.8992,1,19291,14,39,14,2,5,22,COAL,0,18,6,5
4084,18107,Montgomery,IN,40.049684,-86.880819,1,18372,13,40,14,2,5,22,SOLAR,"3,966",18,6,5
4085,18031,Decatur,IN,39.337893,-85.506398,1,12592,10,28,9,0,4,21,SOLAR,"1,651",20,7,5
4086,18053,Grant,IN,40.51,-85.64,1,23352,22,41,11,0,11,24,SOLAR,"3,268",17,5,5
4087,18091,LaPorte,IN,41.6514,-86.9036,1,8481,32,35,8,0,4,22,BIOMASS,"17,446",23,6,5
4088,18097,Marion,IN,39.910833,-86.245278,1,44053,51,26,7,2,4,20,SOLAR,"4,478",17,6,5
4089,18097,Marion,IN,39.890833,-86.255556,1,46488,64,29,9,2,4,20,SOLAR,"3,387",14,5,5
4090,18097,Marion,IN,39.904722,-86.26,1,35546,50,22,7,2,4,20,SOLAR,"3,893",18,5,5
4091,18073,Jasper,IN,41.17257,-87.00726,1,2863,8,22,8,0,14,20,SOLAR,"283,923",10,5,5
4092,18039,Elkhart,IN,41.622942,-85.975161,1,20765,49,43,21,7,2,21,BIOMASS,"25,506",15,7,5
4093,18089,Lake,IN,41.632222,-87.469167,1,60243,81,50,22,6,7,23,SOLAR,"2,915",14,6,5
4094,18083,Knox,IN,38.8067,-87.2472,1,806,2,21,7,0,5,19,COAL,"3,273,390",12,9,5
4095,34029,Ocean,NJ,40.0613,-74.1686,1,101234,21,39,9,3,7,21,GAS,"245,483",19,12,2
4096,34029,Ocean,NJ,40.0709,-74.1808,1,132505,17,49,10,3,7,21,SOLAR,751,12,15,2
4097,34019,Hunterdon,NJ,40.675833,-74.912222,1,13518,23,12,4,1,6,17,SOLAR,"2,510",12,5,2
4098,34039,Union,NJ,40.6322,-74.2156,1,190538,83,36,22,22,6,19,GAS,"5,644,192",13,7,2
4099,34039,Union,NJ,40.6217,-74.2072,1,167662,78,33,21,17,6,19,GAS,"4,689,366",13,7,2
4100,34039,Union,NJ,40.60395,-74.24549,1,119863,68,22,12,7,7,18,SOLAR,"6,191",14,7,2
4101,34039,Union,NJ,40.62,-74.2144,1,163046,78,32,21,16,6,19,SOLAR,"3,773",13,7,2
4102,34013,Essex,NJ,40.739381,-74.13811,1,233844,81,43,23,22,8,19,SOLAR,"1,234",11,6,2
4103,34023,Middlesex,NJ,40.5275,-74.438333,1,137391,67,25,12,10,7,15,SOLAR,"5,705",10,5,2
4104,34023,Middlesex,NJ,40.523611,-74.43,1,138756,66,26,13,10,6,15,SOLAR,577,11,5,2
4105,34009,Cape May,NJ,38.976718,-74.906513,1,18360,14,23,5,1,6,18,SOLAR,"1,943",28,4,2
4106,34025,Monmouth,NJ,40.256667,-74.349722,1,23995,23,10,4,3,5,15,SOLAR,"3,571",18,3,2
4107,34005,Burlington,NJ,40.11359,-74.70629,1,20358,32,12,4,2,4,18,SOLAR,"2,949",13,6,2
4108,34011,Cumberland,NJ,39.4875,-74.980833,1,42876,61,34,19,8,9,20,SOLAR,"3,268",17,7,2
4110,34023,Middlesex,NJ,40.534393,-74.269998,1,138619,63,27,17,12,7,18,SOLAR,"2,712",14,7,2
4111,34023,Middlesex,NJ,40.3622,-74.4797,1,25450,52,11,5,9,7,15,SOLAR,"3,676",24,4,2
4112,34003,Bergen,NJ,40.90192,-74.09369,1,260577,61,27,13,12,7,18,SOLAR,197,15,6,2
4113,34041,Warren,NJ,40.757615,-74.958162,1,15181,21,21,7,2,5,18,SOLAR,"13,268",16,4,2
4114,34021,Mercer,NJ,40.279722,-74.556389,1,36887,52,12,6,11,5,14,SOLAR,"17,172",19,5,2
4115,34001,Atlantic,NJ,39.421944,-74.639167,1,29258,45,24,7,2,7,19,SOLAR,"2,295",16,4,2
4116,34005,Burlington,NJ,39.922222,-74.806667,1,14111,16,11,3,0,5,16,SOLAR,"1,978",23,4,2
4117,34021,Mercer,NJ,40.255833,-74.645278,1,49914,37,7,3,4,4,16,SOLAR,"9,774",16,5,2
4118,34021,Mercer,NJ,40.290556,-74.681944,1,35317,54,12,3,7,5,13,SOLAR,405,14,6,2
4119,34039,Union,NJ,40.615616,-74.26529,1,140583,62,20,11,6,7,18,GAS,"42,309",15,6,2
4120,34015,Gloucester,NJ,39.8119,-75.249031,1,21853,29,17,7,3,5,20,GAS,"2,082",20,5,2
4121,34023,Middlesex,NJ,40.426389,-74.492222,1,54978,69,15,7,6,6,16,SOLAR,"5,862",14,5,2
4122,34023,Middlesex,NJ,40.4903,-74.3156,1,88078,64,26,17,13,7,18,BIOMASS,"99,380",15,6,2
4123,34023,Middlesex,NJ,40.528289,-74.435463,1,135577,66,24,12,10,7,14,SOLAR,"2,473",10,5,2
4124,34019,Hunterdon,NJ,40.614955,-75.156486,1,6465,9,10,3,0,6,16,SOLAR,"11,116",19,6,2
4125,34025,Monmouth,NJ,40.254975,-74.380834,1,15574,28,8,3,3,4,16,SOLAR,"2,025",16,3,2
4126,34005,Burlington,NJ,40.031388,-74.824722,1,39458,65,18,6,2,6,19,SOLAR,"5,077",17,6,2
4127,34011,Cumberland,NJ,39.376389,-75.033056,1,24750,41,34,15,1,9,24,SOLAR,"1,492",19,5,2
4128,34023,Middlesex,NJ,40.312,-74.425,1,32046,28,14,5,6,7,13,SOLAR,"17,786",47,2,2
4129,34031,Passaic,NJ,40.865207,-74.196651,1,159799,42,18,8,7,6,17,GAS,"47,030",18,6,2
4130,34005,Burlington,NJ,39.975579,-74.888716,1,43591,41,13,3,2,5,16,SOLAR,"3,704",19,4,2
4131,34027,Morris,NJ,40.881,-74.699,1,36212,30,14,5,3,6,16,SOLAR,"28,106",13,5,2
4132,34027,Morris,NJ,40.93207,-74.62377,1,33410,29,16,4,2,3,18,SOLAR,"2,851",16,4,2
4133,34023,Middlesex,NJ,40.350341,-74.59268,1,41918,60,7,2,8,4,13,SOLAR,"1,140",14,4,2
4134,34039,Union,NJ,40.684444,-74.404444,1,72069,29,6,3,2,5,14,SOLAR,"1,562",18,5,2
4135,34029,Ocean,NJ,40.070879,-74.161153,1,99425,23,37,9,2,7,20,SOLAR,583,16,11,2
4136,34041,Warren,NJ,40.76,-74.935,1,12033,20,22,8,1,5,18,SOLAR,"3,806",15,5,2
4141,34011,Cumberland,NJ,39.380565,-75.188312,1,11561,74,50,18,3,4,15,SOLAR,"15,413",8,6,2
4142,34017,Hudson,NJ,40.750833,-74.11,1,198578,75,35,15,19,7,18,SOLAR,"3,827",12,7,2
4143,34025,Monmouth,NJ,40.403238,-74.567786,1,48565,66,11,6,7,6,13,SOLAR,"16,542",13,5,2
4144,34013,Essex,NJ,40.707222,-74.125833,1,220915,78,39,17,18,8,19,GAS,"3,681,773",12,7,2
4145,34017,Hudson,NJ,40.818,-74.017,1,356331,65,26,13,16,6,14,SOLAR,"2,259",17,5,2
4146,34027,Morris,NJ,40.924167,-74.494722,1,35263,20,10,3,2,6,17,SOLAR,"4,501",19,5,2
4147,34005,Burlington,NJ,40.069601,-74.584842,1,11241,31,25,9,2,6,12,SOLAR,"7,608",11,10,2
4148,34025,Monmouth,NJ,40.257726,-74.441969,1,20108,48,13,8,10,4,16,SOLAR,"12,238",20,6,2
4149,34029,Ocean,NJ,40.024937,-74.250137,1,59411,18,26,8,2,5,19,BIOMASS,"83,818",31,8,2
4150,34029,Ocean,NJ,40.0633,-74.1672,1,102140,21,39,9,3,7,20,GAS,"232,632",18,12,2
4151,34023,Middlesex,NJ,40.446,-74.284,1,68063,49,18,8,5,6,19,SOLAR,353,15,5,2
4152,34025,Monmouth,NJ,40.444372,-74.243376,1,64174,43,19,7,4,7,19,SOLAR,"13,591",16,5,2
4153,34039,Union,NJ,40.711684,-74.354231,1,85600,35,9,4,4,5,14,OIL,0,15,6,2
4154,34007,Camden,NJ,39.838784,-75.052996,1,97879,33,20,7,2,6,20,SOLAR,"4,426",17,5,2
4155,34039,Union,NJ,40.727386,-74.3783,1,74142,31,8,3,2,5,14,SOLAR,691,15,6,2
4156,34041,Warren,NJ,40.860629,-74.822935,1,28020,31,17,5,4,7,15,SOLAR,"2,285",17,4,2
4158,34015,Gloucester,NJ,39.835833,-75.2225,1,25796,31,20,7,3,5,19,SOLAR,"7,715",20,5,2
4159,34005,Burlington,NJ,40.1275,-74.710833,1,21483,35,12,5,1,3,16,SOLAR,"12,314",12,5,2
4160,34023,Middlesex,NJ,40.456667,-74.328889,1,72849,54,19,9,7,6,19,SOLAR,487,14,6,2
4162,34035,Somerset,NJ,40.560556,-74.551389,1,63884,48,17,7,7,6,17,SOLAR,"1,161",19,5,2
4163,34015,Gloucester,NJ,39.84,-75.2583,1,16746,32,27,10,4,8,24,OFSL,"336,202",20,6,2
4164,34005,Burlington,NJ,39.981764,-74.697369,1,9543,47,20,7,2,5,22,SOLAR,"13,073",18,5,2
4165,34005,Burlington,NJ,39.979936,-74.701917,1,10023,47,19,7,2,5,21,SOLAR,"13,031",18,5,2
4166,34007,Camden,NJ,39.96307,-75.07949,1,171059,65,43,20,9,8,24,SOLAR,"15,816",12,7,2
4167,34007,Camden,NJ,39.9894,-75.04,1,124643,55,38,14,4,9,22,BIOMASS,"2,355",14,7,2
4168,34007,Camden,NJ,39.9894,-75.04,1,124643,55,38,14,4,9,22,SOLAR,"1,851",14,7,2
4169,34035,Somerset,NJ,40.711882,-74.663434,1,6664,21,11,2,2,4,15,SOLAR,"8,813",20,4,2
4170,34033,Salem,NJ,39.613028,-75.309477,1,4706,16,15,7,1,4,18,SOLAR,"26,109",17,2,2
4171,34033,Salem,NJ,39.539042,-75.179342,1,4359,18,23,9,0,9,17,SOLAR,"2,264",16,6,2
4172,34035,Somerset,NJ,40.605,-74.439444,1,137314,75,27,16,12,8,17,SOLAR,"1,238",13,7,2
4173,34029,Ocean,NJ,40.1094,-74.497779,1,8329,11,10,7,0,5,18,OTHF," (5,345)",15,6,2
4174,34041,Warren,NJ,40.67,-75.16,1,39880,34,26,8,3,6,20,SOLAR,"12,636",18,4,2
4175,34023,Middlesex,NJ,40.565,-74.218,1,121030,39,20,9,5,5,16,SOLAR,"1,396",16,6,2
4176,34037,Sussex,NJ,40.734,-74.087,1,335697,75,30,11,10,6,17,SOLAR,"4,677",11,7,2
4177,34013,Essex,NJ,40.691644,-74.196487,1,275855,89,44,21,20,8,20,SOLAR,14,11,7,2
4178,34023,Middlesex,NJ,40.339838,-74.62393,1,50679,50,12,2,8,5,11,GAS,"23,926",13,4,2
4179,34021,Mercer,NJ,40.379736,-74.625694,1,40380,45,9,3,6,4,11,SOLAR,"3,535",17,3,2
4180,34021,Mercer,NJ,40.341389,-74.657222,1,42943,45,14,3,7,5,10,GAS,"54,034",14,4,2
4181,34013,Essex,NJ,40.814586,-74.297098,1,78511,35,8,4,3,5,15,SOLAR,0,21,5,2
4182,34013,Essex,NJ,40.815363,-74.304989,1,77071,35,8,4,4,5,15,SOLAR,0,20,6,2
4183,34019,Hunterdon,NJ,40.522818,-74.944168,1,3886,16,9,2,1,2,12,SOLAR,"13,235",20,5,2
4184,34035,Somerset,NJ,40.483601,-74.650123,1,38599,44,6,3,4,4,15,SOLAR,0,13,5,2
4185,34003,Bergen,NJ,41.081,-74.174,1,44806,30,14,5,3,6,13,SOLAR,"3,394",18,4,2
4186,34035,Somerset,NJ,40.574444,-74.654167,1,47729,44,11,7,5,4,14,SOLAR,"1,959",15,5,2
4187,34019,Hunterdon,NJ,40.464221,-74.857879,1,15807,21,8,5,2,3,7,SOLAR,"12,199",17,3,2
4188,34019,Hunterdon,NJ,40.453864,-74.863033,1,9222,17,6,4,1,4,6,SOLAR,"12,218",20,2,2
4189,34035,Somerset,NJ,40.574444,-74.648056,1,48367,44,11,7,5,4,14,GAS,"2,454",15,5,2
4190,34023,Middlesex,NJ,40.448674,-74.348879,1,72136,51,19,10,8,6,18,GAS,"3,149,690",14,7,2
4191,34005,Burlington,NJ,39.926667,-74.813611,1,16519,17,11,3,1,5,16,SOLAR,"1,768",23,4,2
4192,34005,Burlington,NJ,39.928333,-74.814444,1,17511,18,11,3,1,5,17,SOLAR,"8,776",23,4,2
4193,34017,Hudson,NJ,40.7278,-74.1142,1,267885,80,40,16,19,7,19,SOLAR,"3,403",12,7,2
4194,34007,Camden,NJ,39.903056,-75.125833,1,178402,47,36,14,7,9,22,SOLAR,"10,693",14,6,2
4195,34021,Mercer,NJ,40.19247,-74.56597,1,10098,29,6,3,1,6,18,SOLAR,"2,109",19,4,2
4196,34025,Monmouth,NJ,40.229725,-74.225818,1,27277,31,15,6,4,4,16,SOLAR,"12,836",20,4,2
4197,34035,Somerset,NJ,40.539051,-74.532375,1,63584,56,16,6,6,6,17,SOLAR,"1,683",20,5,2
4198,34017,Hudson,NJ,40.66362,-74.100182,1,190785,68,31,13,8,7,20,SOLAR,"1,282",14,7,2
4199,34013,Essex,NJ,40.73928,-74.187633,1,455161,90,45,19,15,10,20,GAS,"23,369",12,7,2
4200,34023,Middlesex,NJ,40.524806,-74.467186,1,121028,68,27,13,9,6,15,SOLAR,0,10,5,2
4201,34023,Middlesex,NJ,40.522282,-74.472597,1,116687,68,29,14,9,6,15,SOLAR,0,10,5,2
4202,34023,Middlesex,NJ,40.479292,-74.437087,1,141001,63,32,18,11,6,17,SOLAR,0,11,5,2
4203,34035,Somerset,NJ,40.54009,-74.558799,1,56519,50,18,7,7,6,18,SOLAR,"3,705",21,5,2
4204,34023,Middlesex,NJ,40.475477,-74.320933,1,57450,51,18,8,6,6,18,SOLAR,"2,666",15,5,2
4206,34007,Camden,NJ,39.95526,-75.10218,1,231893,62,41,18,9,8,23,SOLAR,"1,560",12,6,2
4207,34015,Gloucester,NJ,39.78736,-75.24615,1,22544,26,12,6,2,4,19,SOLAR,"1,641",16,5,2
4208,34023,Middlesex,NJ,40.476525,-74.352336,1,56044,52,18,10,7,7,19,GAS," (1,752)",15,7,2
4209,34023,Middlesex,NJ,40.439,-74.3444,1,84797,49,18,9,7,6,18,GAS,"938,193",14,6,2
4210,34023,Middlesex,NJ,40.438,-74.336,1,83767,49,18,9,8,6,18,SOLAR,"5,431",14,6,2
4211,34011,Cumberland,NJ,39.485,-75.215,1,8408,43,28,17,2,9,18,SOLAR,"8,929",15,7,2
4212,34025,Monmouth,NJ,40.234177,-74.087225,1,40696,39,16,5,3,9,17,SOLAR,"4,450",25,5,2
4213,34029,Ocean,NJ,39.943333,-74.078611,1,16273,13,19,5,1,5,19,OIL,0,29,4,2
4214,34037,Sussex,NJ,41.152222,-74.744444,1,5379,15,12,4,1,4,18,SOLAR,"3,665",22,5,2
4215,34023,Middlesex,NJ,40.5558,-74.2469,1,138460,56,25,13,8,6,17,GAS,"3,201,982",14,6,2
4216,34025,Monmouth,NJ,40.182623,-74.539003,1,5227,22,10,4,1,7,17,SOLAR,"4,444",20,5,2
4217,34011,Cumberland,NJ,39.451,-75.0578,1,21945,73,44,24,12,10,20,GAS,"32,882",14,5,2
4218,34025,Monmouth,NJ,40.245,-74.243333,1,43092,37,18,10,6,5,17,SOLAR,"1,238",16,4,2
4219,34013,Essex,NJ,40.7397,-74.3642,1,74912,33,8,3,2,5,14,SOLAR,"3,129",15,6,2
4220,34023,Middlesex,NJ,40.494804,-74.399511,1,117258,63,29,15,10,6,16,SOLAR,"2,567",11,6,2
4221,34035,Somerset,NJ,40.450916,-74.717077,1,6025,42,3,3,3,5,16,SOLAR,"2,746",13,3,2
4222,34035,Somerset,NJ,40.574444,-74.648056,1,48367,44,11,7,5,4,14,SOLAR,595,15,5,2
4223,34035,Somerset,NJ,40.401528,-74.669697,1,21328,41,7,2,3,4,14,SOLAR,"1,615",17,3,2
4224,34023,Middlesex,NJ,40.545856,-74.473859,1,88109,64,16,7,7,6,13,SOLAR,322,13,5,2
4225,34015,Gloucester,NJ,39.846549,-75.212019,1,29456,31,22,7,2,6,21,SOLAR,"9,671",18,5,2
4226,34025,Monmouth,NJ,40.15,-74.05,1,49171,11,9,3,1,5,12,SOLAR,"2,632",24,4,2
4227,34029,Ocean,NJ,40.025166,-74.249492,1,59324,18,26,8,2,5,19,SOLAR,"4,469",31,8,2
4228,34005,Burlington,NJ,40.047769,-74.616461,1,9910,36,26,9,2,7,9,SOLAR,"13,383",10,9,2
4229,34005,Burlington,NJ,40.032087,-74.647387,1,10550,50,23,17,7,11,10,SOLAR,"11,905",8,4,2
4231,34001,Atlantic,NJ,39.488443,-74.535263,1,24342,50,23,9,4,4,17,SOLAR,"1,294",16,3,2
4232,34041,Warren,NJ,40.66538,-75.144467,1,23256,28,23,7,3,6,19,OTHF," (6,346)",17,5,2
4233,34023,Middlesex,NJ,40.5003,-74.3536,1,67658,57,15,8,7,6,18,SOLAR,"2,192",15,7,2
4234,34005,Burlington,NJ,39.987281,-74.801807,1,39910,40,15,5,1,5,19,SOLAR,"1,225",15,4,2
4235,34023,Middlesex,NJ,40.55,-74.25,1,154596,57,27,14,9,7,18,SOLAR,"1,768",14,7,2
4236,34011,Cumberland,NJ,39.505034,-74.997703,1,43516,63,36,22,11,9,21,SOLAR,"5,287",16,6,2
4237,34011,Cumberland,NJ,39.462376,-75.070039,1,19303,76,45,27,13,10,20,SOLAR,"3,475",12,5,2
4238,34021,Mercer,NJ,40.301409,-74.722117,1,34693,41,10,5,4,5,15,SOLAR,"7,047",16,4,2
4239,34035,Somerset,NJ,40.5737,-74.62947,1,58368,46,12,7,6,4,15,SOLAR,"1,740",16,5,2
4240,34007,Camden,NJ,39.760172,-75.014791,1,67952,38,20,5,2,7,18,SOLAR,"1,511",14,6,2
4241,34025,Monmouth,NJ,40.263889,-74.084167,1,40159,34,19,6,6,8,17,SOLAR,"43,300",24,5,2
4242,34027,Morris,NJ,40.815278,-74.475833,1,66101,34,14,5,5,5,16,SOLAR,"1,407",18,5,2
4243,34037,Sussex,NJ,41.200278,-74.491944,1,13607,16,12,3,0,6,15,SOLAR,"3,725",17,4,2
4244,34021,Mercer,NJ,40.292778,-74.847222,1,17462,18,9,3,2,4,17,SOLAR,"4,143",24,5,2
4245,34029,Ocean,NJ,39.989,-74.173,1,65156,19,16,7,1,6,20,SOLAR,"1,216",20,5,2
4246,34029,Ocean,NJ,39.987519,-74.236436,1,60541,25,22,8,2,6,14,SOLAR,"1,408",33,4,2
4247,34015,Gloucester,NJ,39.682767,-75.010939,1,40111,31,18,7,1,6,21,SOLAR,0,14,6,2
4248,34015,Gloucester,NJ,39.680519,-75.003409,1,41743,34,19,8,1,6,21,SOLAR,0,14,6,2
4249,34027,Morris,NJ,40.818888,-74.718611,1,17579,26,12,5,4,4,14,SOLAR,"4,890",15,6,2
4250,34021,Mercer,NJ,40.2314,-74.7539,1,166478,72,40,18,9,8,22,SOLAR,"1,591",13,7,2
4251,34023,Middlesex,NJ,40.534414,-74.275153,1,137694,65,27,17,12,7,18,SOLAR,"6,516",14,7,2
4252,34023,Middlesex,NJ,40.313573,-74.4847,1,32230,36,14,5,7,7,13,SOLAR,"2,983",44,4,2
4253,34039,Union,NJ,40.601264,-74.266372,1,141262,61,19,11,6,6,18,BIOMASS,"298,350",16,6,2
4254,34023,Middlesex,NJ,40.320556,-74.501667,1,30371,41,11,4,7,7,13,SOLAR,"3,291",39,3,2
4255,34021,Mercer,NJ,40.2167,-74.7667,1,154289,73,41,19,10,8,22,GAS,92,13,7,2
4256,34011,Cumberland,NJ,39.490271,-75.037391,1,43003,68,38,23,12,9,21,SOLAR,"1,162",15,6,2
4257,34011,Cumberland,NJ,39.4175,-74.973889,1,14911,41,25,11,1,7,20,SOLAR,"6,741",22,6,2
4258,34041,Warren,NJ,40.831012,-75.015775,1,7679,13,17,5,0,4,16,SOLAR,"1,441",21,3,2
4259,34017,Hudson,NJ,40.6772,-74.0919,1,194816,75,33,12,8,7,20,SOLAR,"2,059",14,7,2
4260,34023,Middlesex,NJ,40.51,-74.328333,1,92571,66,23,14,11,7,17,SOLAR,"2,807",15,7,2
4261,34041,Warren,NJ,40.788957,-75.10697,1,4468,7,20,11,1,3,17,SOLAR,"2,502",35,2,2
4262,34015,Gloucester,NJ,39.8414,-75.2214,1,25235,31,21,7,3,5,20,GAS,"2,167,830",20,5,2
4263,34005,Burlington,NJ,40.006667,-74.730278,1,13303,37,14,5,1,4,19,SOLAR,"10,411",14,4,2
4264,34017,Hudson,NJ,40.814092,-74.021325,1,346239,65,26,13,16,6,14,SOLAR,"1,088",17,5,2
4265,34015,Gloucester,NJ,39.8733,-75.1381,1,66728,36,32,9,4,7,23,BIOMASS,"80,214",15,6,2
4266,34027,Morris,NJ,40.814851,-74.47586,1,65661,34,14,5,5,5,16,SOLAR,468,18,5,2
4267,34031,Passaic,NJ,40.952084,-74.195502,1,156715,66,32,15,14,9,18,SOLAR,"1,618",15,7,2
4268,34023,Middlesex,NJ,40.387778,-74.455278,1,31562,45,9,5,8,6,15,SOLAR,"3,451",16,5,2
4269,34003,Bergen,NJ,40.825316,-74.09442,1,161193,49,21,10,11,6,18,SOLAR,"1,361",14,6,2
4270,34009,Cape May,NJ,39.231111,-74.780833,1,4158,31,32,18,4,5,21,BIOMASS,809,19,6,2
4271,34023,Middlesex,NJ,40.515,-74.318889,1,118694,72,28,17,14,8,17,GAS,"4,003,061",14,7,2
4272,34041,Warren,NJ,41.0006,-75.0314,1,1888,9,8,7,0,3,16,HYDRO," (165,216)",17,5,2
4273,34021,Mercer,NJ,40.168811,-74.656719,1,34968,25,10,5,1,4,16,SOLAR,"5,362",22,5,2
4274,35039,Rio Arriba,NM,36.239886,-106.423043,1,56,86,40,38,2,11,18,HYDRO,"46,475",42,4,6
4275,35013,Dona Ana,NM,32.114185,-106.846483,1,15,89,30,23,16,0,19,GAS,"1,434,480",17,1,6
4276,35035,Otero,NM,32.86571,-105.999775,1,8549,48,32,8,5,5,18,SOLAR,"11,300",15,5,6
4277,35001,Bernalillo,NM,35.168957,-106.60005,1,68027,58,32,7,4,6,19,SOLAR,"3,984",20,5,6
4278,35039,Rio Arriba,NM,36.091143,-106.040879,1,3554,94,31,12,6,2,19,SOLAR,"5,965",13,3,6
4280,35029,Luna,NM,32.572022,-107.486458,1,3,64,51,26,4,25,21,SOLAR,"58,061",17,11,6
4282,35005,Chaves,NM,33.013889,-103.865,1,4,60,43,24,11,5,17,WIND,"35,150",10,5,6
4283,35007,Colfax,NM,36.416867,-105.280664,1,599,33,38,5,1,5,9,SOLAR,"7,941",32,3,6
4285,35031,McKinley,NM,35.970349,-107.563075,1,50,99,79,38,36,19,23,OTHF,"149,260",16,8,6
4287,35006,Cibola,NM,35.24102,-107.952296,1,552,45,59,19,2,2,18,SOLAR,"6,750",54,0,6
4288,35045,San Juan,NM,36.716628,-108.215282,1,23446,58,51,14,7,8,20,GAS,"428,612",14,8,6
4290,35057,Torrance,NM,35.016,-106.098,1,2837,58,43,13,2,7,15,SOLAR,"140,729",18,3,6
4291,35009,Curry,NM,34.734179,-103.108047,1,5,25,37,8,1,0,18,WIND,"687,998",24,1,6
4292,35009,Curry,NM,34.727007,-103.166771,1,7,25,37,8,1,0,18,WIND,"544,747",24,1,6
4293,35009,Curry,NM,34.728056,-103.305,1,12,23,30,14,11,4,18,WIND,"33,424",17,3,6
4294,35009,Curry,NM,34.746944,-103.325,1,26,23,30,14,11,4,18,WIND,"33,424",17,3,6
4295,35035,Otero,NM,32.066593,-106.285301,1,1753,86,47,37,31,10,19,SOLAR,"266,373",1,1,6
4296,35057,Torrance,NM,34.783205,-106.051092,1,1674,68,43,14,0,34,18,SOLAR,"5,513",28,5,6
4297,35037,Quay,NM,34.982778,-103.378333,1,5,37,49,4,1,11,16,SOLAR,"62,316",30,1,6
4298,35037,Quay,NM,34.980556,-103.353889,1,3,37,49,4,1,11,16,WIND,"251,492",30,1,6
4299,35027,Lincoln,NM,33.610306,-105.747825,1,45,65,44,10,0,7,18,SOLAR,"1,507",29,1,6
4300,35037,Quay,NM,34.604989,-103.966089,1,12,47,37,12,1,7,19,WIND,"178,224",24,8,6
4301,35005,Chaves,NM,33.434335,-104.447561,1,1633,56,48,10,3,4,24,SOLAR,"53,497",16,7,6
4302,35005,Chaves,NM,33.45,-104.456,1,2058,52,42,9,2,4,22,SOLAR,"139,355",17,7,6
4303,35017,Grant,NM,32.6956,-108.1225,1,1592,76,48,10,1,5,17,GAS,"67,302",26,3,6
4304,35006,Cibola,NM,35.20115,-107.245156,1,6,83,33,7,8,10,19,SOLAR,"19,152",32,4,6
4305,35007,Colfax,NM,36.468078,-104.635659,1,78,62,40,14,1,3,9,SOLAR,"57,027",21,2,6
4306,35031,McKinley,NM,35.52236,-108.778791,1,12957,85,46,13,5,6,22,SOLAR,"13,741",14,5,6
4307,35043,Sandoval,NM,35.179889,-106.806583,1,351,74,44,25,32,33,15,SOLAR,"2,643",24,1,6
4308,35051,Sierra,NM,33.121111,-107.287778,1,5869,46,49,10,2,5,26,SOLAR,"1,361",25,5,6
4310,35029,Luna,NM,31.86673,-107.587513,1,12,72,65,67,23,12,19,SOLAR,"5,320",32,1,6
4311,35043,Sandoval,NM,36.017438,-106.945963,1,1137,92,46,24,13,5,19,SOLAR,"6,025",20,3,6
4312,35025,Lea,NM,32.7131,-103.3533,1,5,55,24,19,0,0,20,GAS,"1,294,624",16,5,6
4313,35029,Luna,NM,32.165833,-107.75056,1,1497,73,52,30,16,7,19,SOLAR,"19,390",23,8,6
4314,35027,Lincoln,NM,34.390679,-105.492126,1,4,77,42,11,3,10,18,WIND,"363,168",23,0,6
4315,35057,Torrance,NM,34.651111,-105.461667,1,54,77,42,11,3,10,18,WIND,"1,132,521",23,0,6
4316,35039,Rio Arriba,NM,36.592775,-106.73213,1,49,70,52,15,6,20,14,HYDRO,"1,525",24,5,6
4317,35051,Sierra,NM,33.153358,-107.191973,1,1621,32,69,11,5,1,25,HYDRO," (31,601)",35,4,6
4318,35043,Sandoval,NM,35.354,-106.858,1,25,82,49,18,18,4,19,SOLAR,"141,255",17,5,6
4320,35061,Valencia,NM,34.831,-106.762,1,17416,66,30,10,5,4,19,SOLAR,"25,962",20,6,6
4321,35001,Bernalillo,NM,35.08,-106.865,1,68,76,55,30,41,39,15,SOLAR,"27,059",31,0,6
4322,35001,Bernalillo,NM,35.075,-106.865,1,68,76,55,30,41,39,15,SOLAR,"26,877",31,0,6
4323,35001,Bernalillo,NM,35.084078,-106.625191,1,90915,62,45,11,5,7,20,GAS,"75,693",16,4,6
4324,35045,San Juan,NM,36.69,-108.4814,1,144,99,63,15,23,8,23,COAL,"7,434,911",15,6,6
4325,35017,Grant,NM,32.66176,-108.3628,1,28,45,36,6,0,10,15,OIL,0,26,11,6
4326,35005,Chaves,NM,33.3,-104.4,1,1030,57,43,16,5,4,18,SOLAR,"4,797",14,4,6
4327,35009,Curry,NM,34.734142,-103.092227,1,12,25,37,8,1,0,18,WIND,"849,074",24,1,6
4328,35006,Cibola,NM,35.14,-107.821,1,9028,76,46,19,7,4,23,SOLAR,"12,159",14,8,6
4329,35013,Dona Ana,NM,32.63,-107.259722,1,33,95,54,43,7,8,9,SOLAR,"10,640",14,8,6
4331,35057,Torrance,NM,34.466667,-105.9625,1,6,77,42,11,3,10,18,WIND,"350,139",23,0,6
4333,35035,Otero,NM,32.921261,-106.072411,1,21,57,50,11,2,12,19,SOLAR,"6,526",12,5,6
4335,35039,Rio Arriba,NM,36.141053,-107.171233,1,6,100,83,54,35,17,23,SOLAR,"132,546",12,6,6
4336,35055,Taos,NM,36.966667,-105.438056,1,119,62,20,0,0,0,18,SOLAR,"2,592",19,0,6
4337,35025,Lea,NM,32.978056,-103.323889,1,8372,77,38,26,13,3,21,GAS,"44,096",8,8,6
4338,35057,Torrance,NM,34.81,-105.74,1,10,22,53,0,0,0,18,WIND,"1,076,276",16,3,6
4339,35061,Valencia,NM,34.616111,-106.815,1,2592,77,57,23,2,5,22,GAS,"67,728",19,3,6
4340,35047,San Miguel,NM,35.643333,-105.206667,1,7555,87,46,16,8,5,22,SOLAR,"9,946",22,5,6
4341,35023,Hidalgo,NM,32.144722,-108.838333,1,64,51,36,14,6,4,13,GEOTHERMAL,"35,858",21,5,6
4342,35023,Hidalgo,NM,32.35051,-108.69799,1,2482,71,48,19,9,5,22,GAS,"113,310",22,7,6
4343,35028,Los Alamos,NM,35.875556,-106.31,1,13186,31,12,3,4,2,11,SOLAR,479,17,4,6
4344,35061,Valencia,NM,34.833136,-106.772413,1,14918,64,27,9,5,3,19,SOLAR,"15,068",21,6,6
4345,35029,Luna,NM,32.299349,-107.7834,1,6436,73,51,33,12,10,23,GAS,"3,576,285",21,9,6
4346,35029,Luna,NM,32.57,-107.48,1,3,64,51,26,4,25,21,SOLAR,"115,483",17,11,6
4349,35061,Valencia,NM,34.746667,-106.654444,1,9211,78,52,24,9,12,20,SOLAR,"17,536",12,6,6
4350,35061,Valencia,NM,34.81,-106.52,1,3032,83,63,20,11,8,26,SOLAR,"24,130",10,1,6
4351,35037,Quay,NM,35.17,-103.74,1,5867,64,49,16,3,5,25,WIND,"1,497",18,4,6
4352,35025,Lea,NM,32.978636,-103.371284,1,9673,75,39,27,11,4,21,SOLAR,"7,253",9,8,6
4353,35041,Roosevelt,NM,33.901781,-103.34675,1,111,40,47,19,7,6,17,WIND,"200,608",26,8,6
4354,35043,Sandoval,NM,35.3709,-106.854,1,23,81,48,18,17,4,19,SOLAR,"50,872",18,5,6
4355,35013,Dona Ana,NM,32.286048,-106.744529,1,56154,71,53,14,6,8,18,SOLAR,"7,677",17,4,6
4356,35045,San Juan,NM,36.8061,-107.6131,1,32,71,42,9,9,10,11,HYDRO,"91,393",18,4,6
4357,35013,Dona Ana,NM,32.380032,-106.753716,1,40394,62,32,10,5,6,19,GAS,"29,640",15,8,6
4358,35037,Quay,NM,34.63566,-104.04733,1,4,23,35,7,0,3,16,WIND,"584,363",31,1,6
4359,35025,Lea,NM,32.9323,-103.6664,1,10,63,18,26,0,0,17,WIND,"551,841",9,9,6
4360,35035,Otero,NM,32.976389,-105.971111,1,5263,37,24,4,3,21,19,SOLAR,"18,025",17,5,6
4361,35001,Bernalillo,NM,35.001944,-106.637222,1,6590,81,43,17,7,5,20,SOLAR,385,14,6,6
4362,35023,Hidalgo,NM,32.2363,-108.5494,1,7,67,55,9,0,2,17,GAS,"287,233",22,5,6
4363,35037,Quay,NM,35.182778,-103.731111,1,5884,64,49,16,3,5,25,OIL,858,18,4,6
4364,35055,Taos,NM,36.716944,-105.60944,1,2145,80,39,5,3,1,18,SOLAR,719,22,6,6
4365,35001,Bernalillo,NM,35.152721,-106.547222,1,116619,49,25,5,2,6,17,SOLAR,"2,058",21,5,6
4366,35027,Lincoln,NM,34.274062,-105.42291,1,5,18,34,0,0,6,18,WIND,"1,163,277",46,0,6
4368,35001,Bernalillo,NM,35.171,-106.6019,1,63450,58,32,7,4,6,19,GAS,"420,601",20,5,6
4369,35001,Bernalillo,NM,35.026,-106.644,1,25227,85,50,23,14,6,21,GAS,"552,279",15,6,6
4370,35061,Valencia,NM,34.582598,-106.682975,1,499,51,38,12,7,13,20,SOLAR,"25,478",19,1,6
4371,35061,Valencia,NM,34.692,-106.688,1,3561,70,27,12,1,4,20,SOLAR,"27,806",15,5,6
4372,35013,Dona Ana,NM,31.8047,-106.5472,1,55851,85,46,15,25,5,18,GAS,"895,066",16,5,6
4373,35043,Sandoval,NM,35.264444,-106.667778,1,57804,52,20,5,3,5,18,SOLAR,"2,280",21,5,6
4374,35001,Bernalillo,NM,35.10476,-106.48237,1,69390,48,29,5,2,6,19,SOLAR,"25,579",20,4,6
4376,35041,Roosevelt,NM,33.926111,-103.511111,1,11,40,47,19,7,6,17,WIND,"1,038,931",26,8,6
4377,35005,Chaves,NM,33.45293,-104.461074,1,2793,51,37,9,2,4,21,SOLAR,"159,310",18,8,6
4378,35006,Cibola,NM,35.098417,-107.614552,1,556,94,50,9,4,5,22,SOLAR,"146,003",18,5,6
4379,35005,Chaves,NM,33.351111,-104.506944,1,23021,73,52,21,7,6,23,SOLAR,"4,319",15,6,6
4380,35025,Lea,NM,32.12743,-103.137825,1,323,53,49,25,13,14,14,SOLAR,"22,118",12,2,6
4381,35025,Lea,NM,32.183611,-103.183056,1,19,53,49,25,13,14,14,SOLAR,"18,936",12,2,6
4383,35025,Lea,NM,32.681944,-103.303611,1,2,46,31,12,0,0,24,SOLAR,"22,319",24,0,6
4384,35015,Eddy,NM,32.345556,-104.234722,1,8950,58,21,11,5,3,25,SOLAR,"19,934",15,10,6
4385,35041,Roosevelt,NM,33.938421,-103.184611,1,38,40,47,19,7,6,17,WIND,"2,139,460",26,8,6
4387,35047,San Miguel,NM,35.63457,-105.1784,1,3750,91,46,23,6,2,23,SOLAR,"26,657",21,8,6
4388,35047,San Miguel,NM,35.63471,-105.1732,1,2626,92,48,27,8,2,24,SOLAR,"26,300",21,7,6
4389,35043,Sandoval,NM,35.283611,-106.812778,1,546,75,29,18,5,3,18,SOLAR,"15,579",8,5,6
4390,35049,Santa Fe,NM,35.587795,-106.060859,1,14995,74,32,14,4,5,15,SOLAR,"23,934",14,5,6
4391,35001,Bernalillo,NM,35.029719,-106.855498,1,1298,76,55,31,41,1,15,SOLAR,"22,930",1,0,6
4392,35017,Grant,NM,32.713889,-108.248056,1,2301,55,50,21,0,7,20,SOLAR,"1,978",23,5,6
4393,35009,Curry,NM,34.423035,-103.254078,1,18272,69,55,26,6,9,23,SOLAR,"5,181",13,8,6
4394,35001,Bernalillo,NM,34.986073,-106.736129,1,16572,84,41,21,8,5,15,SOLAR,"24,987",13,5,6
4395,35001,Bernalillo,NM,35.016111,-106.669722,1,28252,86,45,23,12,5,19,BIOMASS,"20,036",17,6,6
4396,35007,Colfax,NM,36.398056,-104.594167,1,1537,65,40,13,4,3,9,SOLAR,"2,204",29,4,6
4397,35025,Lea,NM,33.3596,-103.25058,1,10,39,31,32,21,8,17,WIND,"123,081",26,0,6
4398,35047,San Miguel,NM,35.656944,-105.183889,1,1005,85,43,19,12,5,23,SOLAR,"2,471",25,2,6
4399,35043,Sandoval,NM,35.313333,-106.657778,1,8740,52,13,3,1,5,18,SOLAR,"2,088",16,5,6
4400,35013,Dona Ana,NM,32.034383,-106.340986,1,10821,92,57,39,26,11,19,SOLAR,"25,621",11,6,6
4401,35013,Dona Ana,NM,32.251667,-106.913333,1,660,42,14,14,0,0,16,SOLAR,"26,276",19,2,6
4402,35007,Colfax,NM,36.544166,-105.2772,1,428,19,46,4,5,8,9,SOLAR,"2,302",38,4,6
4403,35039,Rio Arriba,NM,36.331724,-106.190105,1,569,92,68,17,0,1,18,SOLAR,"3,781",44,15,6
4404,35055,Taos,NM,36.810668,-105.588421,1,417,68,33,5,0,7,17,SOLAR,"4,013",21,2,6
4405,35055,Taos,NM,36.371326,-105.660152,1,4178,78,47,6,4,6,14,SOLAR,"8,191",23,8,6
4406,35055,Taos,NM,36.44,-105.62,1,4914,51,35,3,5,3,12,SOLAR,"38,845",29,1,6
4408,35009,Curry,NM,34.36,-103.0667,1,2636,56,37,23,7,1,19,WIND,0,15,9,6
4409,35061,Valencia,NM,34.611549,-106.732234,1,6701,62,41,11,1,12,21,GAS,"242,681",27,2,6
4410,35061,Valencia,NM,34.741,-106.655,1,8216,77,50,23,9,12,20,SOLAR,"27,419",13,6,6
4412,35051,Sierra,NM,33.1526,-107.249831,1,6847,42,55,10,3,4,26,SOLAR,"1,853",28,4,6
4413,35025,Lea,NM,32.952778,-103.285278,1,955,68,42,24,11,5,20,WIND,"56,495",9,8,6
4427,32003,Clark,NV,36.1039,-115.1794,1,132587,74,50,19,15,9,21,GAS,"64,556",13,6,9
4428,32003,Clark,NV,36.0875,-115.0507,1,140733,63,35,15,6,8,20,GAS,"570,663",16,5,9
4436,32003,Clark,NV,36.057181,-115.272131,1,137650,63,24,8,6,7,14,SOLAR,"3,652",12,7,9
4437,32003,Clark,NV,36.004293,-115.115305,1,148559,49,21,5,3,8,15,SOLAR,"2,878",18,5,9
4442,32001,Churchill,NV,39.542041,-118.560147,1,88,44,32,11,3,10,17,SOLAR,"32,402",21,6,9
4444,32003,Clark,NV,36.629761,-114.684033,1,12,40,24,5,5,2,17,SOLAR,"856,600",18,7,9
4445,32031,Washoe,NV,40.074741,-119.974166,1,45,26,57,13,0,27,20,SOLAR,"244,519",4,0,9
4446,32031,Washoe,NV,39.2851,-119.5933,1,6494,29,9,13,0,9,18,HYDRO,"19,473",14,7,9
4447,32019,Lyon,NV,39.1281,-119.1322,1,79,5,57,10,0,2,23,GAS,"418,217",25,0,9
4448,32019,Lyon,NV,39.128056,-119.14,1,94,13,54,10,0,6,23,SOLAR,"23,702",26,2,9
4449,32031,Washoe,NV,39.373189,-119.764507,1,18223,24,19,4,1,5,10,GEOTHERMAL,"38,097",21,5,9
4450,32031,Washoe,NV,39.388722,-119.748908,1,28809,25,18,4,1,5,13,GEOTHERMAL,"92,097",18,5,9
4451,32003,Clark,NV,35.809444,-115.411389,1,190,3,44,6,0,43,19,OTHF,"28,265",27,2,9
4455,32003,Clark,NV,35.967777,-115.14679,1,90126,51,22,5,3,7,14,SOLAR,"1,009",17,6,9
4456,32003,Clark,NV,36.270668,-115.046487,1,30019,73,39,18,5,12,7,SOLAR,86,9,9,9
4457,32003,Clark,NV,36.068926,-115.280825,1,135603,61,25,9,7,7,17,SOLAR,"1,403",13,7,9
4459,32001,Churchill,NV,39.4625,-119.0667,1,169,16,14,4,2,4,20,HYDRO,"8,109",23,2,9
4460,32003,Clark,NV,36.2319,-115.1222,1,162229,85,42,27,11,9,20,GAS,"339,696",9,7,9
4461,32003,Clark,NV,36.134444,-115.035278,1,137700,74,45,24,10,9,21,SOLAR,"5,772",13,6,9
4462,32021,Mineral,NV,38.546947,-118.19156,1,22,66,48,13,0,12,15,SOLAR,"125,247",30,4,9
4463,32023,Nye,NV,36.274825,-115.972367,1,2974,29,30,17,0,4,25,SOLAR,"18,669",36,3,9
4466,32003,Clark,NV,36.52995,-114.770308,1,3,96,69,16,2,9,17,SOLAR,"589,966",11,4,9
4469,32003,Clark,NV,36.260278,-115.0544,1,50704,78,41,23,5,10,10,SOLAR,"21,723",8,8,9
4470,32003,Clark,NV,36.206672,-115.047703,1,133344,79,49,30,12,10,17,SOLAR,"37,440",10,7,9
4474,32001,Churchill,NV,39.463569,-119.065227,1,169,16,14,4,2,4,20,HYDRO,"16,545",23,2,9
4477,32001,Churchill,NV,39.585833,-119.073056,1,93,13,11,3,0,4,18,GEOTHERMAL,"137,085",18,3,9
4482,32031,Washoe,NV,39.390843,-119.754593,1,31653,26,17,4,1,5,13,GEOTHERMAL,"110,131",18,4,9
4483,32003,Clark,NV,36.031616,-114.929399,1,52075,39,29,10,1,8,22,SOLAR,"28,897",18,6,9
4484,32003,Clark,NV,36.0417,-115.0117,1,99726,44,27,9,2,8,19,GAS,"209,084",16,5,9
4486,32003,Clark,NV,35.479722,-114.936111,1,335,22,48,20,5,12,23,SOLAR,"42,644",49,1,9
4487,32003,Clark,NV,35.793056,-115.35028,1,39,41,0,82,0,0,23,SOLAR,"112,661",0,0,9
4490,32001,Churchill,NV,39.5545,-118.85,1,472,38,23,8,0,5,17,GEOTHERMAL,"104,608",20,3,9
4491,32003,Clark,NV,36.087426,-115.175381,1,88934,70,46,15,14,10,21,SOLAR,"3,723",13,5,9
4492,32003,Clark,NV,36.088611,-115.177778,1,91648,71,47,15,14,10,21,SOLAR,"8,721",13,5,9
4495,32027,Pershing,NV,40.532133,-118.272015,1,5,23,13,8,0,11,18,GEOTHERMAL,"51,828",19,6,9
4496,32031,Washoe,NV,39.37,-119.766944,1,16383,23,19,4,0,5,9,GEOTHERMAL,"235,608",22,5,9
4497,32031,Washoe,NV,39.395603,-119.746762,1,36309,27,17,4,1,4,13,GEOTHERMAL,"42,097",18,5,9
4498,32031,Washoe,NV,39.394444,-119.7475,1,35000,27,17,4,1,4,13,GEOTHERMAL,"45,603",17,5,9
4499,32001,Churchill,NV,39.547537,-118.555613,1,66,33,29,11,2,9,17,GEOTHERMAL,"123,651",21,6,9
4500,32003,Clark,NV,36.1375,-115.0339,1,129048,74,44,24,10,9,21,GAS,"31,630",14,6,9
4501,32023,Nye,NV,36.518,-116.497,1,454,32,52,13,8,0,19,SOLAR,"216,495",21,3,9
4503,32011,Eureka,NV,40.7461,-116.5297,1,3,29,18,4,0,0,17,COAL,"1,085,753",28,3,9
4509,32029,Storey,NV,39.539511,-119.439158,1,7,39,24,12,3,0,17,SOLAR,"11,112",42,3,9
4510,32003,Clark,NV,35.937336,-114.883999,1,2135,16,28,6,5,4,10,SOLAR,"429,263",41,3,9
4511,32029,Storey,NV,39.5625,-119.525,1,12,39,24,12,3,0,17,GAS,"3,889,370",42,3,9
4515,32007,Elko,NV,41.4828,-116.1511,1,24,13,37,13,0,0,20,GEOTHERMAL,"125,758",47,0,9
4516,32031,Washoe,NV,39.3125,-119.585,1,5896,25,14,12,0,7,19,HYDRO,"17,843",18,10,9
4517,32003,Clark,NV,35.6139,-115.3561,1,318,58,69,24,21,0,23,GAS,"2,141,761",21,0,9
4518,32031,Washoe,NV,39.3022,-119.5604,1,10855,29,15,12,0,8,19,HYDRO,"11,133",20,9,9
4519,32031,Washoe,NV,39.493315,-119.620304,1,1056,39,24,12,3,0,17,BIOMASS,"23,692",42,3,9
4521,32019,Lyon,NV,39.163279,-119.180472,1,7,57,41,10,0,24,23,GEOTHERMAL,"17,710",29,13,9
4523,36093,Schenectady,NY,42.87657,-73.91048,1,19856,11,13,4,1,5,15,SOLAR,"1,732",22,6,2
4524,36087,Rockland,NY,41.09305,-73.9828,1,63614,38,15,8,4,5,15,SOLAR,"2,131",20,5,2
4525,36071,Orange,NY,41.294,-74.539,1,3827,17,16,6,0,3,16,SOLAR,"3,233",15,5,2
4526,36035,Fulton,NY,43.04296,-74.24935,1,5370,11,29,14,0,3,16,SOLAR,"7,201",19,3,2
4527,36035,Fulton,NY,43.04296,-74.24935,1,5370,11,29,14,0,3,16,SOLAR,"4,549",19,3,2
4528,36047,Kings,NY,40.6631,-74.0,1,910680,57,33,15,12,7,17,GAS,"52,540",13,7,2
4529,36091,Saratoga,NY,42.8826,-73.879,1,16293,10,9,3,1,4,14,SOLAR,"5,449",21,6,2
4530,36037,Genesee,NY,42.9994,-78.27517,1,3811,3,29,8,0,1,13,SOLAR,"5,098",32,3,2
4531,36037,Genesee,NY,43.00024,-78.26818,1,4136,4,28,9,1,1,13,SOLAR,"6,852",32,3,2
4532,36071,Orange,NY,41.311,-74.522,1,4364,19,17,6,0,2,15,SOLAR,"2,280",13,7,2
4533,36061,New York,NY,40.771285,-73.99115,1,1217187,47,22,8,8,6,14,GAS,612,17,5,2
4534,36111,Ulster,NY,41.787555,-74.288885,1,5007,26,27,12,1,4,19,SOLAR,"6,260",16,6,2
4535,36111,Ulster,NY,41.849012,-74.089932,1,6914,21,24,4,1,7,17,SOLAR,0,28,4,2
4536,36061,New York,NY,40.768,-73.9515,1,1208585,47,24,8,7,6,14,OIL,176,17,5,2
4537,36081,Queens,NY,40.679137,-73.840187,1,667966,84,32,19,12,8,17,OTHF, (158),15,6,2
4538,36029,Erie,NY,42.9971,-78.9017,1,75740,18,29,8,2,6,20,SOLAR,"2,920",18,5,2
4540,36089,St Lawrence,NY,44.492092,-75.2448,1,1497,7,45,14,2,6,16,SOLAR,123,15,6,2
4541,36089,St Lawrence,NY,44.488156,-75.244375,1,1417,7,44,13,2,6,16,SOLAR,1,15,7,2
4542,36075,Oswego,NY,43.328217,-76.358997,1,9935,9,41,12,0,6,20,SOLAR,"2,375",14,7,2
4543,36103,Suffolk,NY,40.830219,-73.352241,1,76798,30,11,6,2,4,16,GAS,"7,778",19,5,2
4544,36019,Clinton,NY,44.893641,-73.841731,1,914,4,30,16,0,4,22,SOLAR,"1,572",23,6,2
4545,36069,Ontario,NY,42.764688,-77.343879,1,1267,3,12,3,0,4,12,SOLAR,"3,293",35,1,2
4546,36071,Orange,NY,41.42827,-74.39665,1,44068,66,32,15,7,7,18,SOLAR,"6,020",15,7,2
4547,36001,Albany,NY,42.655,-73.7777,1,111701,46,38,11,4,7,18,GAS,"31,290",14,5,2
4548,36005,Bronx,NY,40.85132,-73.8483,1,844590,92,46,24,17,11,19,OIL,34,13,7,2
4549,36019,Clinton,NY,44.519153,-73.464752,1,4102,6,31,7,0,8,21,HYDRO,"5,022",21,4,2
4550,36003,Allegany,NY,42.5027,-78.0686,1,783,4,34,10,1,5,17,GAS,"11,734",21,6,2
4551,36089,St Lawrence,NY,44.660338,-74.860265,1,1248,6,26,3,1,7,12,HYDRO,"32,019",23,5,2
4552,36073,Orleans,NY,43.2205,-78.3574,1,7802,16,38,16,4,5,22,SOLAR,"7,822",16,7,2
4553,36059,Nassau,NY,40.759984,-73.504192,1,155174,40,10,7,4,5,15,GAS,"16,921",19,5,2
4554,36019,Clinton,NY,44.8216,-73.6509,1,334,4,40,11,0,1,17,WIND,"120,188",19,4,2
4555,36085,Richmond,NY,40.618892,-74.187521,1,169379,68,31,19,13,6,19,SOLAR,460,13,6,2
4556,36029,Erie,NY,43.049931,-78.746052,1,33788,19,15,4,3,5,16,SOLAR,"6,048",21,5,2
4557,36057,Montgomery,NY,42.953622,-74.119802,1,7027,23,37,8,2,8,18,SOLAR,"2,944",23,4,2
4558,36057,Montgomery,NY,42.948957,-74.126159,1,11565,36,42,11,5,8,14,SOLAR,"3,087",20,6,2
4559,36003,Allegany,NY,42.30639,-78.070392,1,990,4,36,10,1,4,12,SOLAR,"7,887",20,5,2
4560,36003,Allegany,NY,42.304408,-78.076676,1,910,3,36,12,0,4,13,SOLAR,"7,887",20,6,2
4561,36003,Allegany,NY,42.301546,-78.074922,1,781,4,36,10,0,4,13,SOLAR,"7,887",19,6,2
4562,36003,Allegany,NY,42.303015,-78.070922,1,959,4,36,10,0,4,12,SOLAR,"7,887",20,5,2
4563,36067,Onondaga,NY,43.151537,-76.414844,1,3495,2,16,3,0,1,17,SOLAR,"2,004",19,5,2
4564,36085,Richmond,NY,40.552176,-74.232565,1,138968,45,23,11,5,6,17,GAS,"40,076",14,7,2
4565,36085,Richmond,NY,40.536563,-74.240941,1,156717,52,28,16,11,7,17,GAS,"39,529",15,6,2
4566,36013,Chautauqua,NY,42.414911,-79.242681,1,1142,4,25,9,0,2,18,WIND,"224,137",21,4,2
4567,36085,Richmond,NY,40.591564,-74.200035,1,110913,50,24,11,7,5,15,GAS,"1,044,327",16,6,2
4568,36111,Ulster,NY,41.949,-74.2063,1,2439,16,21,7,1,18,12,HYDRO,"11,002",29,4,2
4569,36081,Queens,NY,40.7825,-73.8964,1,879090,77,39,21,19,8,17,GAS,"7,998,042",14,6,2
4570,36081,Queens,NY,40.787,-73.9048,1,962367,73,39,18,14,9,17,GAS,"4,902",15,6,2
4571,36081,Queens,NY,40.787674,-73.912561,1,1046752,69,38,16,12,9,17,GAS,"729,811",15,6,2
4572,36039,Greene,NY,42.2728,-73.8492,1,5132,24,27,8,5,5,19,GAS,"1,836,824",26,4,2
4574,36055,Monroe,NY,42.927,-77.738,1,5278,7,22,4,1,3,16,SOLAR,"5,674",26,4,2
4575,36105,Sullivan,NY,41.71525,-74.79739,1,1910,14,26,10,3,4,2,SOLAR,"4,096",16,9,2
4576,36105,Sullivan,NY,41.797,-75.068,1,1489,29,26,4,0,6,16,SOLAR,"2,670",21,3,2
4577,36013,Chautauqua,NY,42.265261,-79.072522,1,1529,6,50,22,8,5,17,WIND,"49,687",14,9,2
4578,36057,Montgomery,NY,43.070426,-74.730767,1,2023,7,29,10,0,6,18,SOLAR,"8,999",22,4,2
4579,36065,Oneida,NY,43.251388,-75.177222,1,2024,4,22,7,1,1,16,SOLAR,"1,241",21,8,2
4580,36101,Steuben,NY,42.375,-77.593,1,718,8,25,7,1,5,17,WIND,"265,649",19,5,2
4581,36077,Otsego,NY,42.6944,-74.9242,1,3275,14,18,3,5,5,19,OIL,0,34,2,2
4582,36037,Genesee,NY,42.9828,-78.1592,1,18781,15,31,8,1,5,20,GAS,"6,121",21,4,2
4583,36081,Queens,NY,40.610654,-73.762218,1,138512,65,34,17,12,8,19,GAS,"62,932",15,8,2
4584,36073,Orleans,NY,43.2256,-78.3559,1,7541,16,38,15,4,5,22,SOLAR,"5,588",16,7,2
4585,36043,Herkimer,NY,43.019113,-74.741349,1,1156,7,38,13,0,4,21,HYDRO,"53,237",21,8,2
4586,36049,Lewis,NY,43.8861,-75.4342,1,2475,3,40,10,0,4,8,GAS,"4,420",17,7,2
4587,36045,Jefferson,NY,43.9767,-75.9072,1,28930,21,38,10,1,6,20,HYDRO,"55,260",15,7,2
4588,36049,Lewis,NY,43.9275,-75.3331,1,689,2,35,11,0,5,13,HYDRO,"13,055",19,10,2
4589,36023,Cortland,NY,42.449783,-76.121116,1,709,2,29,16,1,3,12,SOLAR,"6,771",28,6,2
4590,36023,Cortland,NY,42.451944,-76.121116,1,647,2,28,16,1,2,11,SOLAR,"7,048",28,6,2
4591,36023,Cortland,NY,42.452956,-76.13176,1,575,2,28,16,1,2,11,SOLAR,"7,135",26,6,2
4592,36069,Ontario,NY,42.9352,-77.47107,1,3109,3,14,7,0,5,12,SOLAR,"1,868",23,4,2
4593,36075,Oswego,NY,43.5317,-75.9531,1,688,5,44,16,0,10,20,HYDRO,"95,987",13,8,2
4594,36001,Albany,NY,42.539006,-73.824295,1,4911,15,19,7,0,3,14,SOLAR,"2,144",21,5,2
4595,36001,Albany,NY,42.539006,-73.824295,1,4911,15,19,7,0,3,14,SOLAR,"2,144",21,5,2
4596,36001,Albany,NY,42.594196,-73.763752,1,19262,20,16,6,1,4,17,GAS,"4,357,870",17,6,2
4597,36001,Albany,NY,42.601145,-73.887416,1,13426,11,9,2,0,2,15,SOLAR,"2,501",23,3,2
4598,36059,Nassau,NY,40.7469,-73.4994,1,168780,36,10,6,3,4,15,GAS,"594,780",18,5,2
4599,36029,Erie,NY,42.766,-78.559,1,7977,5,11,2,0,3,18,SOLAR,"3,153",21,4,2
4600,36029,Erie,NY,43.00008,-78.793752,1,96260,24,22,5,3,3,14,SOLAR,"1,657",20,4,2
4601,36045,Jefferson,NY,44.000122,-75.813151,1,15895,31,39,6,4,11,6,HYDRO,"29,075",5,14,2
4602,36045,Jefferson,NY,44.03647,-75.77204,1,18958,37,39,2,5,11,2,BIOMASS,"71,726",2,15,2
4603,36049,Lewis,NY,43.591246,-75.344207,1,2341,3,40,8,0,8,13,HYDRO,"16,932",18,8,2
4604,36089,St Lawrence,NY,44.506474,-74.753442,1,88,4,52,11,0,0,14,HYDRO,"69,777",41,0,2
4605,36045,Jefferson,NY,44.25479,-76.01178,1,1558,4,21,10,1,8,10,SOLAR,"7,216",25,3,2
4606,36045,Jefferson,NY,44.25479,-76.01178,1,1558,4,21,10,1,8,10,SOLAR,"7,411",25,3,2
4607,36095,Schoharie,NY,42.4423,-74.4479,1,437,10,25,10,2,8,17,HYDRO," (145,950)",32,2,2
4608,36121,Wyoming,NY,42.5367,-78.3047,1,864,9,27,10,0,2,18,WIND,"160,779",15,5,2
4609,36059,Nassau,NY,40.76119,-73.49435,1,145346,38,9,6,4,5,14,GAS,"14,383",19,5,2
4610,36111,Ulster,NY,41.987467,-74.030193,1,8752,24,23,11,1,6,20,SOLAR,"3,630",23,4,2
4611,36007,Broome,NY,42.111758,-75.457779,1,427,6,40,6,0,3,19,WIND,"51,066",27,3,2
4612,36103,Suffolk,NY,40.815331,-73.182407,1,91564,51,17,13,5,5,17,SOLAR,"2,755",14,6,2
4613,36019,Clinton,NY,44.934274,-73.672382,1,1302,4,35,16,0,4,17,SOLAR,"2,993",17,4,2
4614,36019,Clinton,NY,44.933177,-73.67122,1,1571,8,36,18,0,6,17,SOLAR,"2,980",17,4,2
4615,36019,Clinton,NY,44.933525,-73.66933,1,1559,8,36,19,0,6,17,SOLAR,"2,749",17,4,2
4616,36019,Clinton,NY,44.928987,-73.666505,1,1559,10,36,20,0,6,17,SOLAR,"2,620",16,4,2
4617,36039,Greene,NY,42.209593,-73.995085,1,2508,10,38,5,1,3,16,SOLAR,"3,325",25,1,2
4618,36087,Rockland,NY,41.2044,-73.9689,1,46107,58,22,12,9,7,16,GAS,"935,829",17,7,2
4619,36015,Chemung,NY,42.088,-76.713,1,988,6,19,14,2,5,22,SOLAR,"3,149",23,1,2
4620,36103,Suffolk,NY,40.787062,-73.293412,1,89854,66,19,16,5,5,17,GAS,"35,515",14,6,2
4621,36103,Suffolk,NY,40.781389,-73.243889,1,134807,80,23,25,10,5,18,SOLAR,671,11,6,2
4622,36083,Rensselaer,NY,42.755594,-73.580034,1,6137,6,14,5,0,4,17,SOLAR,"6,195",17,5,2
4623,36117,Wayne,NY,43.201698,-76.968078,1,2102,17,38,14,2,6,18,SOLAR,"2,917",21,5,2
4624,36003,Allegany,NY,42.46,-77.73832,1,1050,7,30,7,0,6,18,SOLAR,"5,733",22,5,2
4625,36051,Livingston,NY,42.46723,-77.70378,1,946,10,32,11,0,5,18,SOLAR,"7,848",15,5,2
4626,36037,Genesee,NY,43.033,-78.24481,1,5547,9,34,14,1,2,14,SOLAR,"6,559",26,4,2
4627,36035,Fulton,NY,43.061306,-74.154885,1,4975,8,25,8,0,3,15,SOLAR,"2,651",22,7,2
4628,36057,Montgomery,NY,43.018029,-74.191836,1,5247,8,27,12,0,2,16,SOLAR,"2,130",20,5,2
4629,36029,Erie,NY,42.904125,-78.714255,1,75983,11,22,6,1,3,20,SOLAR,0,22,5,2
4630,36005,Bronx,NY,40.844114,-73.876888,1,1258881,94,51,27,21,12,19,GAS,"20,413",12,7,2
4631,36113,Warren,NY,43.308505,-73.636584,1,43163,8,27,9,1,6,19,HYDRO,"50,727",19,5,2
4632,36047,Kings,NY,40.690544,-73.97793,1,1206820,56,31,13,8,7,16,OIL,27,12,6,2
4633,36047,Kings,NY,40.699357,-73.976392,1,1216576,52,29,12,7,7,15,GAS,"2,021,873",12,6,2
4634,36007,Broome,NY,42.104731,-75.93073,1,79153,30,49,13,3,10,17,SOLAR,"5,665",17,4,2
4635,36089,St Lawrence,NY,44.211407,-75.059441,1,338,4,42,17,0,13,14,HYDRO,"59,480",30,4,2
4636,36029,Erie,NY,42.859297,-78.8418,1,95763,39,48,15,4,8,24,SOLAR,"2,626",16,6,2
4637,36029,Erie,NY,42.836293,-78.572791,1,8573,5,13,3,0,6,18,SOLAR,"6,745",20,4,2
4638,36065,Oneida,NY,43.19567,-75.26312,1,4708,7,14,11,1,2,16,SOLAR,709,16,7,2
4639,36055,Monroe,NY,43.275,-77.764,1,19657,10,19,6,1,5,18,SOLAR,"3,143",18,5,2
4640,36065,Oneida,NY,43.09534,-75.278357,1,70943,35,39,14,4,5,20,GAS,"17,064",18,6,2
4641,36119,Westchester,NY,41.266188,-73.946882,1,36605,48,20,11,6,9,17,SOLAR,"2,319",17,5,2
4643,36111,Ulster,NY,41.885716,-74.102718,1,4826,17,23,5,0,6,16,SOLAR,"4,906",22,5,2
4644,36089,St Lawrence,NY,44.7,-75.3,1,1053,2,19,15,0,3,14,SOLAR,"2,944",18,4,2
4645,36071,Orange,NY,41.561847,-74.345912,1,6422,35,15,5,1,5,15,SOLAR,"3,455",13,4,2
4646,36089,St Lawrence,NY,44.7,-75.3,1,1053,2,19,15,0,3,14,SOLAR,"2,121",18,4,2
4647,36019,Clinton,NY,44.695,-73.6219,1,3916,7,19,9,0,2,14,HYDRO,"26,293",23,2,2
4648,36007,Broome,NY,42.081843,-76.112885,1,20631,9,24,5,0,4,17,SOLAR,"8,204",21,4,2
4649,36103,Suffolk,NY,40.8142,-72.9403,1,37453,42,21,10,4,7,19,GAS,"2,464,329",16,5,2
4650,36103,Suffolk,NY,40.8224,-72.875,1,38322,33,23,10,2,7,20,SOLAR,"2,243",12,5,2
4651,36103,Suffolk,NY,40.811524,-72.857053,1,50399,33,23,10,3,6,20,SOLAR,"2,202",13,5,2
4652,36037,Genesee,NY,43.037794,-78.187295,1,14095,16,32,10,1,5,20,SOLAR,"2,274",22,4,2
4653,36037,Genesee,NY,43.023046,-78.178591,1,18524,15,33,9,1,5,20,SOLAR,"2,919",21,4,2
4654,36103,Suffolk,NY,40.921086,-72.743701,1,8755,20,25,7,1,5,15,SOLAR,"4,100",34,4,2
4655,36103,Suffolk,NY,40.91367,-72.750359,1,7239,19,26,7,1,5,14,SOLAR,"43,342",35,3,2
4656,36065,Oneida,NY,43.312306,-75.695263,1,1945,5,26,13,0,3,18,SOLAR,"2,558",23,6,2
4657,36069,Ontario,NY,42.86887,-77.284561,1,17339,10,25,6,1,2,19,SOLAR,"2,410",23,4,2
4658,36069,Ontario,NY,42.869086,-77.28446,1,17339,10,25,6,1,2,19,SOLAR,"1,708",23,4,2
4659,36099,Seneca,NY,42.85206,-76.8001,1,1956,4,34,14,1,4,16,SOLAR,"8,158",15,7,2
4660,36001,Albany,NY,42.685295,-73.824937,1,87911,33,28,7,3,5,15,SOLAR,"1,969",17,4,2
4661,36067,Onondaga,NY,43.06132,-76.08239,1,77903,34,36,10,4,7,18,GAS,"172,594",16,5,2
4662,36045,Jefferson,NY,43.997512,-75.662935,1,5156,16,37,11,1,10,19,SOLAR,"8,213",17,7,2
4663,36045,Jefferson,NY,43.990287,-75.661256,1,5574,17,35,12,1,9,19,SOLAR,"5,543",17,7,2
4664,36045,Jefferson,NY,43.9842,-75.6225,1,6996,16,33,13,1,6,20,GAS,"2,256",16,7,2
4665,36115,Washington,NY,43.6262,-73.3073,1,2126,7,29,7,0,5,20,HYDRO,"11,138",18,4,2
4666,36013,Chautauqua,NY,42.338333,-79.195556,1,486,7,31,9,3,3,18,WIND,"234,729",23,5,2
4667,36083,Rensselaer,NY,42.523,-73.703,1,6623,12,15,5,0,7,17,SOLAR,"8,315",19,6,2
4668,36083,Rensselaer,NY,42.5375,-73.7433,1,5993,13,18,6,0,7,16,GAS,"89,912",20,4,2
4669,36097,Schuyler,NY,42.285942,-76.953981,1,1697,6,29,8,0,6,18,SOLAR,"6,719",15,5,2
4670,36059,Nassau,NY,40.64889,-73.506672,1,90852,16,7,3,1,4,16,SOLAR,"2,555",17,5,2
4671,36115,Washington,NY,43.096677,-73.460172,1,3237,8,20,5,0,2,13,HYDRO,"4,627",20,5,2
4672,36111,Ulster,NY,41.828814,-74.131877,1,5247,21,24,4,1,9,15,HYDRO,"7,582",26,4,2
4673,36085,Richmond,NY,40.540416,-74.176847,1,141795,22,17,7,4,5,16,GAS,"54,968",17,5,2
4674,36029,Erie,NY,42.5831,-78.4864,1,1820,4,18,7,0,1,19,BIOMASS,"41,354",20,8,2
4675,36029,Erie,NY,42.93284,-78.55716,1,5691,13,25,14,0,2,15,SOLAR,"2,589",25,5,2
4676,36049,Lewis,NY,43.78013,-75.49986,1,4951,8,40,9,0,5,16,SOLAR,"2,334",23,5,2
4677,36015,Chemung,NY,42.187443,-76.894394,1,9272,13,18,5,4,4,18,SOLAR,"6,087",25,5,2
4678,36059,Nassau,NY,40.658333,-73.640556,1,219953,51,14,8,4,5,16,GAS,24,17,5,2
4679,36033,Franklin,NY,44.7533,-74.2169,1,407,8,30,4,0,11,18,HYDRO,"26,878",28,3,2
4680,36033,Franklin,NY,44.9318,-74.1125,1,1646,8,31,9,1,4,16,HYDRO,"4,693",16,6,2
4681,36033,Franklin,NY,44.8917,-74.0299,1,702,9,29,11,0,5,18,WIND,"140,583",16,6,2
4682,36033,Franklin,NY,44.909915,-74.085798,1,1520,9,30,9,0,4,16,HYDRO,"2,757",15,6,2
4683,36013,Chautauqua,NY,42.1989,-79.3186,1,1174,5,21,3,0,4,20,BIOMASS,"2,167",23,4,2
4684,36007,Broome,NY,42.198167,-75.927282,1,4491,4,25,10,0,2,15,SOLAR,"6,543",18,7,2
4685,36071,Orange,NY,41.339,-74.288,1,12005,37,14,6,1,5,15,SOLAR,"2,307",16,5,2
4686,36067,Onondaga,NY,43.147448,-76.086772,1,26073,9,19,6,1,4,18,SOLAR,"7,431",17,4,2
4687,36067,Onondaga,NY,43.151269,-76.08879,1,29281,9,17,6,1,4,18,SOLAR,"6,708",17,4,2
4688,36055,Monroe,NY,43.176918,-77.678512,1,101048,57,45,18,6,8,20,SOLAR,"2,849",14,7,2
4689,36089,St Lawrence,NY,44.671944,-74.949444,1,10265,17,46,9,3,7,9,SOLAR,"1,742",11,2,2
4690,36087,Rockland,NY,41.100409,-73.951593,1,45886,37,13,6,3,6,14,SOLAR,"2,655",22,4,2
4691,36067,Onondaga,NY,43.194525,-76.21195,1,21144,16,18,5,0,4,18,SOLAR,"4,435",17,5,2
4692,36091,Saratoga,NY,42.839013,-73.834722,1,21335,20,8,4,1,3,12,SOLAR,"8,151",17,5,2
4693,36091,Saratoga,NY,42.84037,-73.83546,1,21286,20,8,4,1,3,12,SOLAR,"3,145",17,5,2
4694,36019,Clinton,NY,44.8914,-74.0061,1,539,7,30,12,0,6,19,WIND,"123,054",18,6,2
4695,36019,Clinton,NY,44.6917,-73.5944,1,5614,6,21,9,0,2,13,BIOMASS,"47,327",23,3,2
4696,36103,Suffolk,NY,40.762465,-73.194441,1,115804,63,19,21,8,4,18,SOLAR,"4,873",14,6,2
4697,36101,Steuben,NY,42.45,-77.52,1,659,11,32,10,0,4,16,WIND,"185,388",20,4,2
4698,36001,Albany,NY,42.803325,-73.726741,1,41223,20,23,7,1,5,18,BIOMASS,"34,637",19,5,2
4699,36089,St Lawrence,NY,44.5839,-74.9583,1,1927,6,23,4,0,4,8,HYDRO,"171,759",27,5,2
4700,36071,Orange,NY,41.379107,-74.263804,1,10075,31,15,7,3,6,17,SOLAR,"3,347",15,4,2
4701,36071,Orange,NY,41.293747,-74.554452,1,3367,18,17,6,0,4,15,SOLAR,"3,500",16,5,2
4702,36049,Lewis,NY,43.899745,-75.660268,1,1411,9,35,7,0,3,18,HYDRO,"8,951",18,5,2
4703,36049,Lewis,NY,43.913056,-75.698611,1,1649,11,32,7,0,4,17,WIND,"221,831",17,5,2
4704,36069,Ontario,NY,42.866,-77.031,1,14683,26,34,10,4,3,18,SOLAR,"2,966",17,6,2
4705,36109,Tompkins,NY,42.451922,-76.485092,1,53113,35,36,3,3,4,10,HYDRO,"5,464",12,2,2
4706,36109,Tompkins,NY,42.4975,-76.46,1,14995,32,23,3,4,4,13,SOLAR,"1,592",20,3,2
4707,36109,Tompkins,NY,42.4428,-76.4764,1,51670,35,36,3,3,4,10,GAS,"216,689",11,2,2
4708,36029,Erie,NY,43.001066,-78.91407,1,53606,14,27,7,2,6,20,SOLAR,"7,459",19,4,2
4709,36023,Cortland,NY,42.606794,-76.154486,1,22890,12,38,9,0,5,19,SOLAR,"4,726",15,4,2
4710,36023,Cortland,NY,42.60575,-76.132472,1,15113,11,46,11,0,6,21,SOLAR,"6,707",14,4,2
4711,36001,Albany,NY,42.460556,-74.069444,1,2002,7,23,4,0,2,15,SOLAR,"3,016",20,3,2
4712,36097,Schuyler,NY,42.3771,-76.9022,1,3457,9,39,10,2,8,18,SOLAR,"3,187",28,4,2
4713,36017,Chenango,NY,42.27842,-75.5415,1,1681,3,32,16,1,6,17,SOLAR,"4,983",30,3,2
4714,36019,Clinton,NY,44.935,-73.677,1,1218,3,35,15,0,4,17,SOLAR,"5,945",17,4,2
4715,36101,Steuben,NY,42.027157,-77.582546,1,422,4,39,15,2,10,13,SOLAR,"8,658",21,5,2
4716,36027,Dutchess,NY,41.631398,-73.876845,1,31756,29,13,6,2,4,13,SOLAR,"2,902",21,5,2
4717,36103,Suffolk,NY,40.7348,-73.3868,1,111862,50,16,14,4,5,18,BIOMASS,"118,147",15,5,2
4718,36059,Nassau,NY,40.7389,-73.5906,1,180797,62,19,16,8,5,16,BIOMASS,"499,141",16,6,2
4719,36063,Niagara,NY,43.0839,-79.0056,1,50066,32,42,12,1,9,22,BIOMASS,"195,231",19,5,2
4720,36039,Greene,NY,42.33337,-73.8475,1,7623,26,23,29,1,4,13,SOLAR,"8,101",18,4,2
4721,36027,Dutchess,NY,41.75596,-73.87539,1,21458,25,17,6,1,5,18,SOLAR,"3,626",18,5,2
4722,36001,Albany,NY,42.8056,-73.72264,1,41948,20,24,7,1,5,18,HYDRO,"64,655",19,5,2
4723,36027,Dutchess,NY,41.676111,-73.581111,1,3933,28,19,9,2,7,22,GAS,"5,200,678",16,1,2
4724,36119,Westchester,NY,41.280404,-73.867575,1,41458,48,15,9,6,6,16,SOLAR,"5,143",19,4,2
4725,36013,Chautauqua,NY,42.08124,-79.36125,1,5358,7,21,4,0,5,18,SOLAR,"1,582",24,4,2
4726,36091,Saratoga,NY,43.2469,-73.8281,1,5495,5,28,12,2,7,19,HYDRO,"393,172",20,5,2
4727,36083,Rensselaer,NY,42.91408,-73.59598,1,3045,2,11,4,0,3,18,SOLAR,"3,419",19,6,2
4728,36045,Jefferson,NY,43.82,-75.9175,1,1051,7,24,10,0,7,15,BIOMASS,"22,513",15,3,2
4729,36111,Ulster,NY,41.738928,-74.368626,1,8255,42,33,25,3,4,20,SOLAR,"8,464",22,2,2
4730,36039,Greene,NY,42.35,-73.85,1,6673,27,21,33,0,4,12,SOLAR,"8,436",17,3,2
4731,36027,Dutchess,NY,41.578415,-73.72058,1,14024,32,11,16,1,3,14,SOLAR,"5,890",12,7,2
4732,36065,Oneida,NY,43.164033,-75.304087,1,9905,19,23,16,0,3,13,SOLAR,"4,713",18,4,2
4733,36029,Erie,NY,42.929982,-78.55481,1,6122,13,24,13,0,2,15,SOLAR,"8,025",25,5,2
4734,36115,Washington,NY,43.1033,-73.5369,1,5868,7,24,7,1,3,15,HYDRO,"44,645",17,5,2
4735,36071,Orange,NY,41.573361,-73.96457,1,20057,38,15,10,2,4,16,GAS,"19,229",16,5,2
4736,36111,Ulster,NY,41.8217,-74.0497,1,5913,21,27,3,2,6,16,HYDRO,"12,667",30,3,2
4737,36123,Yates,NY,42.760799,-77.247333,1,1798,7,28,13,4,4,14,SOLAR,"5,733",22,3,2
4738,36071,Orange,NY,41.42453,-74.36029,1,21232,47,21,12,3,5,19,SOLAR,"1,240",18,6,2
4739,36103,Suffolk,NY,40.760833,-73.193889,1,115952,62,19,20,7,4,18,SOLAR,"2,893",14,6,2
4740,36045,Jefferson,NY,44.0381,-75.6806,1,2739,18,38,6,2,15,13,HYDRO,"68,568",11,4,2
4741,36103,Suffolk,NY,40.763056,-73.323611,1,106082,54,16,12,3,5,18,SOLAR,"1,578",15,5,2
4742,36045,Jefferson,NY,44.003984,-76.041277,1,3379,7,22,5,0,10,18,HYDRO,"8,071",18,4,2
4743,36045,Jefferson,NY,43.978626,-75.886102,1,28615,21,39,10,1,6,20,HYDRO,"3,836",15,7,2
4744,36049,Lewis,NY,44.151944,-75.321725,1,1254,5,33,10,0,3,11,HYDRO,"8,327",19,4,2
4745,36043,Herkimer,NY,43.090635,-74.766961,1,3403,7,28,9,0,3,20,HYDRO,"14,060",21,5,2
4746,36099,Seneca,NY,42.944796,-76.790886,1,7001,9,31,16,1,5,17,SOLAR,"3,325",21,5,2
4747,36027,Dutchess,NY,41.680879,-73.576568,1,4022,28,18,8,3,7,22,SOLAR,"3,699",15,1,2
4748,36057,Montgomery,NY,43.014985,-74.683403,1,2951,9,45,16,0,5,22,SOLAR,"3,313",22,8,2
4749,36109,Tompkins,NY,42.487821,-76.319983,1,6433,10,26,5,1,6,13,SOLAR,"2,060",18,5,2
4750,36057,Montgomery,NY,42.762173,-74.201552,1,2549,14,19,8,0,6,17,SOLAR,"3,177",14,2,2
4751,36111,Ulster,NY,41.598889,-74.285833,1,7754,24,19,7,2,5,11,SOLAR,"2,117",15,4,2
4752,36009,Cattaraugus,NY,42.35131,-78.848243,1,1924,7,36,13,2,8,18,SOLAR,"8,057",17,4,2
4753,36089,St Lawrence,NY,44.336358,-75.50274,1,4862,14,40,15,0,6,18,HYDRO,"5,815",20,8,2
4754,36083,Rensselaer,NY,42.7677,-73.6247,1,27608,25,33,10,1,7,19,SOLAR,"7,845",17,4,2
4755,36101,Steuben,NY,42.5456,-77.4967,1,1397,8,37,10,1,4,15,WIND,"79,452",19,5,2
4756,36027,Dutchess,NY,41.647,-73.943,1,25034,29,13,5,2,4,15,BIOMASS,"10,039",22,5,2
4757,36059,Nassau,NY,40.616689,-73.647881,1,117794,30,13,6,3,5,16,GAS,"1,427,809",20,5,2
4758,36091,Saratoga,NY,43.318906,-73.920785,1,759,7,33,13,0,5,20,HYDRO,"69,374",28,4,2
4759,36119,Westchester,NY,41.066468,-73.822512,1,68192,53,16,11,5,7,15,SOLAR,526,18,6,2
4760,36021,Columbia,NY,42.20193,-73.78298,1,2680,25,23,12,1,4,15,SOLAR,"2,116",27,4,2
4761,36021,Columbia,NY,42.248364,-73.738017,1,12425,25,37,12,2,7,19,SOLAR,"8,071",19,4,2
4762,36021,Columbia,NY,42.237,-73.782,1,12162,29,38,12,2,8,21,SOLAR,"7,918",21,4,2
4763,36021,Columbia,NY,42.464,-73.691,1,5069,10,14,6,0,7,17,SOLAR,"8,143",24,6,2
4764,36021,Columbia,NY,42.169,-73.76708,1,2305,26,29,14,1,2,12,SOLAR,"3,158",28,2,2
4765,36111,Ulster,NY,42.041,-73.978,1,12797,19,22,9,1,4,17,SOLAR,"3,545",20,5,2
4766,36111,Ulster,NY,42.04,-74.074,1,6048,13,29,5,1,6,15,SOLAR,"3,368",33,2,2
4767,36049,Lewis,NY,43.909714,-75.200831,1,73,1,42,8,0,5,12,HYDRO,"33,496",24,8,2
4768,36027,Dutchess,NY,41.571,-73.829,1,23150,26,11,5,3,6,13,SOLAR,"3,457",20,4,2
4769,36103,Suffolk,NY,40.961751,-72.209858,1,10791,47,23,9,4,3,15,OTHF, (81),19,8,2
4770,36103,Suffolk,NY,40.961706,-72.210277,1,10791,47,23,9,4,3,15,OIL,"12,201",19,8,2
4771,36089,St Lawrence,NY,44.7989,-74.9856,1,2218,5,33,10,0,5,20,HYDRO,"26,698",19,6,2
4772,36075,Oswego,NY,43.546613,-76.10403,1,3546,7,38,12,1,4,18,OTHF, (10),20,5,2
4773,36061,New York,NY,40.7281,-73.9742,1,1154853,46,27,10,8,6,14,GAS,"3,078,707",14,5,2
4774,36117,Wayne,NY,43.203233,-77.206878,1,5297,10,21,8,0,5,18,SOLAR,0,16,7,2
4775,36103,Suffolk,NY,40.7861,-73.2931,1,91684,67,20,17,6,5,18,GAS,"97,254",14,6,2
4776,36089,St Lawrence,NY,44.638365,-75.49052,1,1262,3,25,10,1,3,13,HYDRO,"9,100",23,6,2
4777,36049,Lewis,NY,43.922831,-75.277923,1,302,2,36,10,0,5,13,HYDRO,"16,581",19,10,2
4778,36101,Steuben,NY,42.101642,-77.701111,1,310,2,33,10,0,10,12,WIND,"232,445",18,4,2
4779,36019,Clinton,NY,44.8914,-74.0061,1,539,7,30,12,0,6,19,WIND,"111,253",18,6,2
4780,36109,Tompkins,NY,42.444628,-76.433237,1,26866,40,40,2,3,4,6,SOLAR,"16,366",9,2,2
4781,36091,Saratoga,NY,42.899313,-73.709799,1,17517,9,22,7,0,4,16,SOLAR,"2,010",18,6,2
4782,36049,Lewis,NY,43.927536,-75.288322,1,244,2,35,11,0,5,13,HYDRO,"11,300",19,10,2
4783,36083,Rensselaer,NY,42.625239,-73.750021,1,69640,47,38,11,4,8,18,GAS,"3,032,072",12,6,2
4784,36109,Tompkins,NY,42.453307,-76.594813,1,3770,16,24,6,2,2,19,SOLAR,848,27,3,2
4785,36035,Fulton,NY,43.0092,-74.5372,1,1488,7,30,16,0,3,16,HYDRO,"9,121",22,4,2
4786,36119,Westchester,NY,41.071199,-73.819205,1,65990,53,17,11,6,7,15,GAS,"11,717",18,6,2
4787,36059,Nassau,NY,40.6439,-73.5683,1,137045,55,15,10,6,4,17,GAS,"54,658",15,6,2
4788,36091,Saratoga,NY,43.289874,-73.665834,1,39517,9,23,9,0,5,19,HYDRO,"28,002",17,5,2
4790,36113,Warren,NY,43.3084,-73.6376,1,43302,8,26,9,1,6,19,BIOMASS,"124,888",19,5,2
4791,36071,Orange,NY,41.4565,-74.5465,1,6919,45,14,19,1,3,17,SOLAR,"7,564",14,4,2
4792,36069,Ontario,NY,42.814025,-77.045631,1,1505,3,16,6,0,3,17,SOLAR,"2,952",27,5,2
4793,36057,Montgomery,NY,42.979546,-74.275082,1,4345,18,17,10,0,3,18,SOLAR,"7,472",20,4,2
4794,36103,Suffolk,NY,41.268611,-72.01,1,214,9,24,1,0,5,3,OIL,119,37,0,2
4795,36089,St Lawrence,NY,44.527491,-74.849177,1,426,3,29,4,0,1,8,HYDRO,"114,621",30,6,2
4796,36089,St Lawrence,NY,44.2217,-75.0742,1,349,3,43,18,0,13,14,HYDRO,"21,494",30,4,2
4797,36071,Orange,NY,41.508729,-74.349999,1,14614,53,17,8,4,4,18,SOLAR,"3,534",13,5,2
4798,36005,Bronx,NY,40.861278,-73.887419,1,1260568,91,49,26,20,12,19,OIL,48,13,7,2
4800,36091,Saratoga,NY,43.160868,-73.584076,1,1619,9,21,12,1,4,15,HYDRO,"19,526",17,4,2
4801,36091,Saratoga,NY,42.787575,-73.691676,1,54261,28,35,10,2,8,20,HYDRO,"11,317",17,5,2
4803,36033,Franklin,NY,44.4372,-73.9725,1,206,5,25,6,0,4,18,HYDRO,"12,514",24,3,2
4804,36033,Franklin,NY,44.86832,-74.306523,1,10204,23,42,23,0,6,21,SOLAR,"2,023",14,6,2
4805,36013,Chautauqua,NY,42.453047,-79.3408,1,24204,28,42,10,5,4,18,SOLAR,"1,548",20,5,2
4806,36039,Greene,NY,42.370433,-74.038047,1,2649,15,19,6,0,1,16,SOLAR,"3,921",22,5,2
4807,36059,Nassau,NY,40.6447,-73.5683,1,140327,55,15,10,6,5,17,GAS,"24,552",15,6,2
4808,36117,Wayne,NY,43.099866,-77.34513,1,11773,12,13,4,1,3,16,SOLAR,"2,404",13,5,2
4809,36117,Wayne,NY,43.099893,-77.343495,1,11435,12,13,4,1,3,16,SOLAR,"2,404",13,5,2
4810,36111,Ulster,NY,41.739327,-74.496708,1,1359,27,35,8,0,12,20,SOLAR,"3,398",19,2,2
4811,36085,Richmond,NY,40.540377,-74.17676,1,141795,22,17,7,4,5,16,GAS,"26,668",17,5,2
4812,36085,Richmond,NY,40.540457,-74.176559,1,142280,22,17,7,4,5,16,GAS,"28,300",17,5,2
4813,36005,Bronx,NY,40.87317,-73.85519,1,841882,90,44,23,16,11,19,GAS,"43,346",14,7,2
4814,36075,Oswego,NY,43.32411,-76.418984,1,15856,8,39,12,0,7,19,HYDRO,"5,966",15,7,2
4815,36035,Fulton,NY,43.0142,-74.4739,1,1325,3,13,14,0,2,16,BIOMASS,"14,550",16,3,2
4816,36117,Wayne,NY,43.241,-77.27,1,7539,9,20,5,0,2,9,SOLAR,"4,515",18,4,2
4817,36035,Fulton,NY,42.985644,-74.313086,1,4726,15,17,10,0,2,18,SOLAR,"10,561",19,4,2
4820,36011,Cayuga,NY,42.841631,-76.445347,1,1307,4,19,7,4,8,16,SOLAR,0,33,2,2
4821,36065,Oneida,NY,43.200586,-75.258084,1,4848,6,15,10,1,2,16,SOLAR,0,17,7,2
4822,36113,Warren,NY,43.723851,-74.062378,1,341,9,32,12,0,4,18,SOLAR,"2,580",34,4,2
4823,36107,Tioga,NY,42.116,-76.183,1,3561,3,31,5,0,11,14,SOLAR,"6,374",23,3,2
4825,36055,Monroe,NY,43.31085,-77.78582,1,13024,11,20,4,1,5,19,SOLAR,"4,259",15,5,2
4826,36051,Livingston,NY,42.821,-77.72,1,5446,8,21,3,0,11,18,SOLAR,"4,033",21,6,2
4827,36021,Columbia,NY,42.277433,-73.709201,1,5160,13,30,8,1,3,16,SOLAR,"5,323",21,5,2
4828,36093,Schenectady,NY,42.82395,-74.07086,1,1624,4,19,3,0,2,16,SOLAR,"2,628",20,7,2
4829,36107,Tioga,NY,42.108829,-76.297208,1,7030,7,29,9,0,6,16,SOLAR,0,23,6,2
4830,36107,Tioga,NY,42.106054,-76.290717,1,6833,8,29,9,0,6,17,SOLAR,0,23,6,2
4831,36045,Jefferson,NY,44.000608,-75.961156,1,13104,22,31,8,0,7,20,HYDRO,"137,189",12,7,2
4832,36071,Orange,NY,41.3698,-74.366,1,8385,30,16,10,3,5,15,SOLAR,"3,943",19,5,2
4833,36093,Schenectady,NY,42.83949,-73.93256,1,72717,37,32,11,2,7,19,SOLAR,17,16,6,2
4834,36059,Nassau,NY,40.827149,-73.647473,1,78944,29,15,7,6,4,14,OIL,568,20,5,2
4835,36073,Orleans,NY,43.2358,-78.3906,1,7895,15,37,16,4,5,22,HYDRO,"7,875",16,7,2
4836,36059,Nassau,NY,40.8275,-73.6478,1,78905,29,15,7,6,4,14,GAS,"154,411",20,5,2
4837,36035,Fulton,NY,43.052981,-74.308356,1,19557,15,46,15,1,6,21,SOLAR,"7,336",17,5,2
4838,36001,Albany,NY,42.76573,-73.75055,1,48655,26,22,7,3,5,15,SOLAR,"1,171",18,5,2
4839,36087,Rockland,NY,41.111498,-74.135402,1,52838,28,23,8,4,6,13,OIL,46,17,6,2
4840,36077,Otsego,NY,42.502473,-74.98356,1,1943,7,21,4,0,1,13,HYDRO,"2,304",25,1,2
4841,36115,Washington,NY,43.543378,-73.32307,1,1343,5,28,16,4,9,17,SOLAR,"2,732",15,8,2
4842,36049,Lewis,NY,43.612619,-75.339072,1,2304,3,39,8,0,8,13,HYDRO,"9,269",18,8,2
4843,36047,Kings,NY,40.6635,-74.0051,1,833708,55,33,15,12,7,16,OIL,"11,320",13,7,2
4844,36071,Orange,NY,41.578731,-74.17967,1,14919,35,23,11,1,4,17,SOLAR,"3,475",13,5,2
4845,36105,Sullivan,NY,41.8592,-74.5106,1,1236,24,33,5,19,4,21,HYDRO,"75,869",21,6,2
4846,36075,Oswego,NY,43.323441,-76.420841,1,15826,8,39,12,0,7,19,HYDRO,"36,967",15,7,2
4847,36119,Westchester,NY,41.21125,-73.72252,1,23728,38,13,13,6,4,13,SOLAR,608,17,8,2
4848,36045,Jefferson,NY,44.25479,-76.01178,1,1558,4,21,10,1,8,10,SOLAR,"7,776",25,3,2
4849,36001,Albany,NY,42.748106,-73.69022,1,93629,31,37,10,2,8,19,HYDRO,"44,412",15,4,2
4850,36067,Onondaga,NY,43.05,-75.95,1,7947,9,13,3,0,3,8,SOLAR,"7,555",18,7,2
4851,36039,Greene,NY,42.294823,-74.00076,1,4882,8,26,8,1,2,18,SOLAR,"1,475",21,4,2
4852,36123,Yates,NY,42.6789,-76.9483,1,1101,4,38,12,2,5,18,GAS,"624,116",25,5,2
4853,36103,Suffolk,NY,41.1055,-72.3758,1,7791,18,18,10,4,6,14,OIL,14,35,2,2
4854,36071,Orange,NY,41.356,-74.622,1,3679,21,17,4,2,3,20,SOLAR,"2,816",14,6,2
4855,36115,Washington,NY,43.0783,-73.5331,1,4384,6,22,6,0,3,15,SOLAR,"7,339",18,5,2
4856,36001,Albany,NY,42.727288,-74.000814,1,8276,13,12,5,2,4,15,SOLAR,"3,173",20,5,2
4858,36115,Washington,NY,43.543716,-73.325257,1,1361,5,29,16,4,9,17,SOLAR,"2,996",15,8,2
4860,36089,St Lawrence,NY,44.311681,-75.444992,1,5774,17,37,18,0,6,18,HYDRO,"8,080",19,6,2
4861,36035,Fulton,NY,43.01827,-74.32918,1,23048,13,42,14,1,5,21,SOLAR,"6,022",19,5,2
4862,36107,Tioga,NY,42.069077,-76.35324,1,1892,4,22,11,0,12,12,SOLAR,"8,137",21,3,2
4863,36055,Monroe,NY,43.33,-77.965,1,3724,5,27,9,0,4,21,SOLAR,"1,538",20,4,2
4864,36055,Monroe,NY,43.30141,-77.94429,1,6829,5,31,7,0,4,19,SOLAR,"9,541",19,8,2
4865,36089,St Lawrence,NY,44.296544,-75.36645,1,810,7,42,11,0,12,17,HYDRO,"8,860",22,4,2
4866,36089,St Lawrence,NY,44.6192,-74.9733,1,3474,15,28,6,1,5,7,HYDRO,"53,946",14,2,2
4867,36117,Wayne,NY,43.22731,-77.364092,1,9460,8,16,4,2,2,13,GAS,977,18,6,2
4868,36043,Herkimer,NY,43.112222,-74.878888,1,801,3,22,11,2,4,18,WIND,"154,684",15,9,2
4869,36109,Tompkins,NY,42.448,-76.245,1,1697,8,23,11,1,5,12,SOLAR,"2,976",16,7,2
4871,36005,Bronx,NY,40.7991,-73.9156,1,1206405,75,43,19,13,10,18,GAS,"92,527",14,6,2
4872,36031,Essex,NY,43.9719,-74.1861,1,107,8,21,13,0,7,12,OIL,1,40,2,2
4874,36005,Bronx,NY,40.799,-73.9094,1,1139553,78,44,20,14,10,18,GAS,"99,808",14,6,2
4875,36069,Ontario,NY,42.886944,-76.968333,1,16700,26,34,11,3,3,19,WIND,899,17,6,2
4876,36055,Monroe,NY,43.021133,-77.7068,1,15146,25,16,5,2,4,17,SOLAR,"7,560",14,4,2
4878,36045,Jefferson,NY,44.0217,-75.6511,1,2282,13,39,8,1,12,20,HYDRO,"26,582",15,7,2
4879,36083,Rensselaer,NY,42.873378,-73.622029,1,3324,4,9,5,0,3,18,SOLAR,"2,453",19,6,2
4880,36089,St Lawrence,NY,44.6172,-75.4042,1,1772,1,39,14,4,4,13,HYDRO,"4,890",13,7,2
4881,36089,St Lawrence,NY,44.705167,-75.007933,1,8017,13,43,9,2,8,13,HYDRO,"13,214",15,3,2
4882,36015,Chemung,NY,42.186827,-76.845064,1,17051,14,23,5,2,4,18,SOLAR,"3,035",24,5,2
4883,36015,Chemung,NY,42.186,-76.845,1,17043,14,23,5,2,4,18,SOLAR,"2,763",24,5,2
4884,36055,Monroe,NY,43.081667,-77.381667,1,20287,10,10,3,0,5,15,BIOMASS,"72,107",18,6,2
4885,36075,Oswego,NY,43.4436,-76.4961,1,26507,13,39,8,0,11,16,HYDRO,"3,841",15,5,2
4886,36049,Lewis,NY,43.9247,-75.3731,1,1707,3,38,10,0,4,10,HYDRO,"35,366",18,8,2
4887,36019,Clinton,NY,44.6389,-73.7492,1,1414,1,20,10,0,1,18,HYDRO,"88,472",21,3,2
4888,36121,Wyoming,NY,42.7794,-78.4269,1,973,6,18,8,1,1,16,WIND,"184,014",25,6,2
4889,36089,St Lawrence,NY,44.5306,-74.9331,1,1268,4,28,6,0,1,8,HYDRO,"39,051",28,6,2
4890,36087,Rockland,NY,41.1269,-74.1653,1,27628,36,19,7,4,6,15,GAS,665,18,5,2
4891,36069,Ontario,NY,42.86228,-77.05058,1,5251,19,22,8,5,2,17,SOLAR,"2,820",22,6,2
4892,36089,St Lawrence,NY,44.296453,-75.336142,1,697,5,42,11,0,11,17,HYDRO,"2,955",21,4,2
4893,36117,Wayne,NY,43.26034,-76.7217,1,2183,12,43,14,1,4,20,SOLAR,"3,013",18,7,2
4894,36103,Suffolk,NY,40.817037,-73.066265,1,90865,29,13,9,2,4,18,OIL,"15,889",15,6,2
4895,36103,Suffolk,NY,40.797667,-73.033977,1,88252,28,14,11,2,4,17,SOLAR,"2,123",15,5,2
4896,36009,Cattaraugus,NY,42.099342,-78.44095,1,20040,12,39,10,0,5,20,SOLAR,"2,189",19,5,2
4897,36009,Cattaraugus,NY,42.098128,-78.442286,1,20003,12,39,10,0,5,20,SOLAR,"2,160",19,5,2
4898,36083,Rensselaer,NY,42.726428,-73.602129,1,11929,10,12,4,1,3,17,SOLAR,"3,148",18,5,2
4899,36105,Sullivan,NY,41.774772,-75.036074,1,1845,28,27,5,0,6,16,SOLAR,"2,014",22,2,2
4900,36003,Allegany,NY,42.426731,-78.156589,1,2757,5,33,11,0,7,18,SOLAR,"2,785",16,5,2
4901,36101,Steuben,NY,42.315278,-77.538333,1,386,6,23,8,0,7,15,WIND,"107,626",19,4,2
4902,36071,Orange,NY,41.265258,-74.312978,1,13645,19,13,6,1,4,16,SOLAR,"2,153",21,5,2
4903,36075,Oswego,NY,43.63481,-76.08921,1,2633,5,38,11,0,6,10,SOLAR,"2,659",16,6,2
4904,36091,Saratoga,NY,43.2958,-73.5956,1,31806,8,30,10,1,6,20,HYDRO,"242,270",19,4,2
4905,36107,Tioga,NY,42.053168,-76.320493,1,2252,3,20,10,0,8,12,SOLAR,"5,780",18,3,2
4906,36103,Suffolk,NY,40.8814,-73.2906,1,70757,15,9,3,2,4,15,BIOMASS,"194,891",18,6,2
4907,36063,Niagara,NY,43.170948,-78.691551,1,31327,20,31,9,1,6,21,HYDRO,"7,458",18,4,2
4908,36003,Allegany,NY,42.2853,-78.0061,1,1123,5,37,9,0,5,13,BIOMASS,"34,091",20,5,2
4909,36089,St Lawrence,NY,44.3,-75.5,1,2993,14,43,17,0,6,18,SOLAR,"1,549",21,6,2
4910,36091,Saratoga,NY,43.25,-73.8125,1,5473,4,29,13,2,7,19,GAS,"514,142",20,5,2
4911,36009,Cattaraugus,NY,42.085944,-78.45425,1,20039,12,39,9,0,5,20,GAS,"36,222",18,5,2
4912,36075,Oswego,NY,43.471745,-76.493474,1,21508,10,41,8,0,9,16,GAS,"36,271",17,5,2
4913,36121,Wyoming,NY,42.6544,-78.0772,1,2567,9,35,8,0,8,19,GAS,"40,759",19,5,2
4914,36029,Erie,NY,42.9671,-78.9182,1,72697,36,40,11,5,7,20,GAS,"30,836",14,6,2
4915,36075,Oswego,NY,43.495,-76.4511,1,3389,6,24,3,0,3,18,GAS,"4,042,542",19,5,2
4916,36035,Fulton,NY,43.061017,-74.764347,1,2645,5,29,9,0,3,20,HYDRO,"30,454",22,5,2
4918,36027,Dutchess,NY,41.68963,-73.80517,1,10217,23,15,5,1,6,17,SOLAR,"1,890",14,6,2
4919,36119,Westchester,NY,41.109042,-73.862594,1,33288,48,20,15,8,6,14,OIL,8,19,5,2
4921,36081,Queens,NY,40.6097,-73.7622,1,137309,65,34,17,12,8,19,GAS,"55,510",15,8,2
4922,36075,Oswego,NY,43.52139,-76.408394,1,1063,4,23,6,0,6,18,NUCLEAR,"7,373,069",24,3,2
4923,36071,Orange,NY,41.409555,-74.587813,1,5111,28,16,7,1,4,20,SOLAR,0,15,5,2
4924,36065,Oneida,NY,43.3121,-75.109,1,1228,5,16,5,1,2,17,HYDRO,"31,631",20,7,2
4925,36045,Jefferson,NY,43.970958,-75.969805,1,14321,21,29,7,1,7,20,SOLAR,"2,730",16,7,2
4926,36033,Franklin,NY,44.888889,-74.103333,1,1566,10,29,10,0,4,16,WIND,"183,425",14,6,2
4927,36071,Orange,NY,41.399969,-74.502206,1,6951,27,17,5,1,7,21,SOLAR,"2,770",14,4,2
4928,36083,Rensselaer,NY,42.920374,-73.508886,1,2067,4,22,9,0,3,17,HYDRO,"13,644",15,3,2
4929,36035,Fulton,NY,42.999179,-74.314787,1,6278,12,26,11,0,3,18,SOLAR,"3,280",19,4,2
4930,36035,Fulton,NY,43.0724,-74.3228,1,19811,14,48,14,1,6,21,SOLAR,"4,903",17,6,2
4931,36065,Oneida,NY,43.15,-75.35,1,8098,23,19,17,0,2,12,SOLAR,"6,282",18,4,2
4932,36091,Saratoga,NY,42.962412,-73.746506,1,11608,14,18,7,1,4,14,OTHF," (2,410)",21,4,2
4933,36081,Queens,NY,40.6417,-73.7778,1,206596,87,26,14,5,8,17,GAS,"423,458",14,6,2
4934,36045,Jefferson,NY,44.0117,-75.7967,1,20146,35,38,4,4,10,4,HYDRO,"28,864",4,14,2
4935,36035,Fulton,NY,43.066012,-74.360177,1,19131,13,47,14,1,6,21,SOLAR,"2,240",18,6,2
4936,36035,Fulton,NY,43.064422,-74.360221,1,19279,13,47,14,1,6,21,SOLAR,"3,099",18,6,2
4937,36035,Fulton,NY,43.060223,-74.736424,1,1078,7,27,11,0,6,17,SOLAR,"2,149",20,5,2
4938,36105,Sullivan,NY,41.775422,-74.776464,1,6652,55,48,14,6,5,22,SOLAR,"2,821",14,10,2
4939,36105,Sullivan,NY,41.772796,-74.666717,1,4911,40,54,13,2,9,19,SOLAR,"2,578",14,3,2
4940,36019,Clinton,NY,44.7053,-73.5967,1,5521,5,21,8,0,2,13,HYDRO,0,22,3,2
4941,36085,Richmond,NY,40.542557,-74.236582,1,158219,49,26,14,8,6,17,SOLAR,"3,836",15,7,2
4942,36049,Lewis,NY,43.917267,-75.633822,1,1750,12,35,7,0,4,18,HYDRO,"2,127",17,5,2
4943,36103,Suffolk,NY,40.868294,-73.249281,1,65305,16,9,4,1,4,13,SOLAR,"3,401",19,5,2
4944,36103,Suffolk,NY,40.868294,-73.249281,1,65305,16,9,4,1,4,13,SOLAR,"3,402",19,5,2
4945,36047,Kings,NY,40.610181,-73.920008,1,580912,62,29,13,16,6,16,GAS,"17,780",19,6,2
4946,36047,Kings,NY,40.659328,-73.933752,1,1324474,76,34,14,6,8,19,OIL,32,14,6,2
4947,36001,Albany,NY,42.73035,-73.9691,1,17929,18,10,3,1,3,16,SOLAR,"6,697",19,5,2
4948,36037,Genesee,NY,43.0134,-78.4601,1,5872,5,29,10,1,8,18,SOLAR,"7,174",23,3,2
4949,36037,Genesee,NY,43.0148,-78.4609,1,5927,5,29,10,1,8,18,SOLAR,"5,934",23,3,2
4950,36049,Lewis,NY,43.614218,-75.332705,1,2166,3,39,8,0,8,13,HYDRO,"2,538",18,8,2
4951,36063,Niagara,NY,43.12163,-78.91409,1,16221,12,22,8,0,5,19,SOLAR,"8,335",21,4,2
4952,36097,Schuyler,NY,42.30895,-77.0403,1,647,6,35,6,0,3,22,SOLAR,"7,791",23,5,2
4953,36025,Delaware,NY,42.157714,-75.045106,1,521,4,21,12,0,3,20,SOLAR,"2,632",28,5,2
4954,36031,Essex,NY,43.849029,-73.420701,1,4233,2,28,10,0,6,20,HYDRO,"18,537",24,8,2
4955,36031,Essex,NY,43.843869,-73.431207,1,4164,2,28,10,0,6,20,HYDRO,"18,537",24,8,2
4956,36111,Ulster,NY,41.900186,-74.024392,1,31029,32,30,10,3,5,17,SOLAR,"5,054",18,6,2
4957,36111,Ulster,NY,41.90066,-74.027773,1,30511,32,30,10,3,5,17,SOLAR,"3,454",18,6,2
4958,36109,Tompkins,NY,42.59251,-76.56563,1,1868,10,15,5,0,2,19,SOLAR,"7,606",21,3,2
4959,36103,Suffolk,NY,40.925278,-72.763333,1,7111,19,22,7,1,6,14,SOLAR,"15,741",25,4,2
4960,36087,Rockland,NY,41.0772,-74.0181,1,83740,43,23,11,8,4,16,GAS,"122,010",17,7,2
4962,36121,Wyoming,NY,42.618969,-78.17952,1,733,8,29,6,0,3,20,SOLAR,"1,827",19,3,2
4963,36063,Niagara,NY,43.142973,-79.021958,1,28092,30,35,8,1,7,19,HYDRO," (226,158)",20,4,2
4964,36037,Genesee,NY,43.020053,-78.158181,1,18292,15,32,8,1,5,20,SOLAR,"2,641",21,4,2
4965,36075,Oswego,NY,43.524103,-75.970318,1,740,5,44,15,0,12,20,HYDRO,"24,163",13,9,2
4966,36027,Dutchess,NY,41.7754,-73.8758,1,16114,22,20,7,1,5,19,SOLAR,"5,775",20,4,2
4967,36027,Dutchess,NY,41.807744,-73.903508,1,12979,18,25,9,0,4,20,SOLAR,"2,319",24,4,2
4968,36111,Ulster,NY,42.09927,-73.95526,1,8828,16,25,11,2,3,18,SOLAR,"5,579",25,4,2
4969,36103,Suffolk,NY,40.78144,-73.083437,1,74678,23,12,6,2,4,18,SOLAR,"3,531",16,6,2
4971,36043,Herkimer,NY,43.040335,-74.850621,1,6007,10,37,7,0,4,18,HYDRO,"49,585",19,6,2
4972,36043,Herkimer,NY,43.05899,-74.88603,1,5840,10,37,7,0,5,18,SOLAR,"3,503",19,6,2
4973,36043,Herkimer,NY,43.05414,-74.85455,1,5795,10,37,7,0,4,18,SOLAR,"3,303",19,6,2
4974,36071,Orange,NY,41.33695,-74.55504,1,5351,21,18,5,1,2,15,SOLAR,"3,665",12,7,2
4975,36067,Onondaga,NY,43.109574,-76.189224,1,57404,20,27,9,2,5,18,OTHF,0,20,5,2
4976,36063,Niagara,NY,43.161947,-78.744971,1,15374,26,36,11,1,7,21,GAS,"95,999",13,5,2
4977,36103,Suffolk,NY,40.861111,-72.847777,1,18720,28,15,5,1,4,18,SOLAR,"45,636",15,5,2
4978,36045,Jefferson,NY,43.980806,-75.624677,1,7177,16,33,13,1,6,20,HYDRO,881,16,7,2
4979,36049,Lewis,NY,43.884444,-75.430556,1,2591,3,40,10,0,4,8,HYDRO,"5,164",18,7,2
4980,36019,Clinton,NY,44.6694,-73.5075,1,17878,12,39,11,1,7,17,HYDRO,"32,721",17,4,2
4981,36049,Lewis,NY,43.61863,-75.358577,1,2297,3,37,8,0,7,13,HYDRO,"28,279",18,8,2
4982,36049,Lewis,NY,43.618874,-75.30546,1,1191,3,39,8,0,9,12,HYDRO,"12,348",19,8,2
4983,36081,Queens,NY,40.7345,-73.870942,1,897748,73,31,19,24,6,15,GAS,"7,824",15,6,2
4984,36001,Albany,NY,42.704391,-73.850866,1,51233,29,16,6,3,5,15,BIOMASS,"9,742",18,4,2
4985,36083,Rensselaer,NY,42.698335,-73.67174,1,56466,29,31,9,2,6,19,SOLAR,"2,987",15,4,2
4986,36103,Suffolk,NY,40.7869,-73.1064,1,69512,25,12,6,2,5,18,BIOMASS,"54,219",16,6,2
4987,36117,Wayne,NY,43.058633,-77.346042,1,7817,9,12,5,0,4,15,SOLAR,"2,422",23,4,2
4988,36033,Franklin,NY,44.877326,-74.306288,1,10225,23,42,23,0,6,21,HYDRO,"7,258",14,6,2
4990,36053,Madison,NY,42.894722,-75.451666,1,1439,5,30,6,1,2,14,WIND,"13,511",20,4,2
4992,36029,Erie,NY,42.9976,-78.5047,1,6377,5,28,9,0,7,18,SOLAR,"8,219",23,4,2
4993,36033,Franklin,NY,44.870858,-74.307248,1,10256,23,42,23,0,6,21,SOLAR,"1,404",14,6,2
4994,36049,Lewis,NY,43.7853,-75.5753,1,688,5,34,9,0,3,15,WIND,"550,823",20,5,2
4997,36019,Clinton,NY,44.975833,-73.929722,1,176,2,40,13,0,15,22,WIND,"384,115",21,7,2
4998,36111,Ulster,NY,41.66398,-73.97007,1,16771,31,19,6,3,5,18,SOLAR,"3,214",23,5,2
4999,36101,Steuben,NY,42.163889,-77.528889,1,713,4,36,7,2,5,13,WIND,"38,128",17,9,2
5000,36089,St Lawrence,NY,44.9503,-74.8928,1,11821,6,40,11,1,6,21,GAS,"21,868",22,4,2
5001,36057,Montgomery,NY,42.893714,-74.216251,1,2252,25,22,10,1,6,21,SOLAR,"2,951",20,7,2
5002,36071,Orange,NY,41.463056,-74.247778,1,7004,30,19,7,1,3,20,SOLAR,"5,968",16,4,2
5003,36071,Orange,NY,41.401253,-74.179076,1,15775,33,30,9,2,6,17,SOLAR,"3,140",11,8,2
5004,36091,Saratoga,NY,42.876535,-73.680169,1,12854,8,24,6,0,4,17,HYDRO,"25,382",20,6,2
5005,36001,Albany,NY,42.466286,-74.099533,1,1365,6,22,4,0,3,11,SOLAR,"3,122",23,3,2
5007,36045,Jefferson,NY,43.96414,-75.98679,1,5756,18,21,5,0,6,20,SOLAR,"3,230",15,8,2
5008,36115,Washington,NY,43.098711,-73.525271,1,4965,6,23,7,0,3,15,HYDRO,"13,592",18,5,2
5009,36071,Orange,NY,41.40888,-74.509799,1,6588,30,15,6,1,7,21,SOLAR,"3,471",14,3,2
5010,36071,Orange,NY,41.3902,-74.5199,1,7079,26,16,4,1,6,21,SOLAR,"2,897",13,4,2
5011,36019,Clinton,NY,44.6967,-73.6122,1,4633,6,19,8,0,2,13,HYDRO,"29,094",23,2,2
5013,36037,Genesee,NY,43.063706,-77.932902,1,3189,6,21,8,0,2,16,BIOMASS,"52,852",15,6,2
5014,36027,Dutchess,NY,41.84581,-73.619485,1,1163,28,30,10,5,6,16,SOLAR,"1,775",20,5,2
5015,36029,Erie,NY,42.99208,-78.79084,1,103869,23,22,5,3,3,14,SOLAR,"6,434",20,4,2
5016,36075,Oswego,NY,43.4003,-76.4739,1,6169,6,27,7,0,6,18,HYDRO,"32,632",23,4,2
5017,36071,Orange,NY,41.353476,-74.515411,1,6000,22,17,5,1,5,17,SOLAR,"1,834",11,6,2
5018,36071,Orange,NY,41.319351,-74.515278,1,4440,21,18,7,0,2,15,SOLAR,"3,234",12,7,2
5019,36071,Orange,NY,41.321224,-74.514084,1,4529,21,17,7,0,2,15,SOLAR,"3,188",12,7,2
5020,36063,Niagara,NY,43.2094,-78.9836,1,5417,11,20,4,2,4,17,BIOMASS,"28,636",28,3,2
5021,36063,Niagara,NY,43.2094,-78.9836,1,5417,11,20,4,2,4,17,BIOMASS,"33,670",28,3,2
5022,36057,Montgomery,NY,42.9412,-74.372177,1,3282,7,28,11,1,2,18,SOLAR,"8,805",16,6,2
5023,36093,Schenectady,NY,42.767228,-73.956847,1,70361,38,31,11,2,7,21,SOLAR,"1,862",17,6,2
5024,36105,Sullivan,NY,41.537722,-74.771383,1,741,14,20,7,1,3,18,HYDRO,"8,731",16,6,2
5025,36055,Monroe,NY,43.103889,-77.610278,1,82875,42,35,8,4,7,18,GAS,0,15,4,2
5026,36055,Monroe,NY,43.174071,-77.392234,1,11170,9,13,7,2,3,15,SOLAR,"4,766",18,5,2
5027,36055,Monroe,NY,43.31879,-77.740208,1,7442,13,15,5,0,3,18,SOLAR,"9,153",18,5,2
5028,36103,Suffolk,NY,41.03988,-71.964359,1,3946,9,14,4,1,5,12,OTHF, (639),22,6,2
5029,36005,Bronx,NY,40.881389,-73.880278,1,898576,88,44,23,17,11,18,GAS,"28,717",14,7,2
5030,36005,Bronx,NY,40.840648,-73.848367,1,762408,91,47,24,17,11,19,OIL,3,14,7,2
5031,36119,Westchester,NY,40.902825,-73.868738,1,640865,84,38,20,12,9,18,OIL,55,16,6,2
5035,36063,Niagara,NY,43.213,-78.903,1,3894,7,16,6,0,3,17,SOLAR,"5,560",23,4,2
5036,36049,Lewis,NY,43.610664,-75.341325,1,2300,3,39,8,0,8,13,HYDRO,"31,909",18,8,2
5037,36043,Herkimer,NY,43.8719,-75.1364,1,30,0,44,6,0,5,11,HYDRO,"43,530",29,7,2
5038,36071,Orange,NY,41.467654,-74.509646,1,6860,35,16,18,1,3,18,SOLAR,"3,473",17,3,2
5039,36071,Orange,NY,41.466974,-74.509417,1,6870,36,16,18,1,3,18,SOLAR,"3,335",17,3,2
5040,36119,Westchester,NY,41.195478,-73.73606,1,24883,33,11,9,6,4,14,SOLAR,768,16,8,2
5042,36061,New York,NY,40.732666,-73.981597,1,1129733,43,25,9,8,6,13,OIL,35,15,5,2
5043,36061,New York,NY,40.78999,-73.953689,1,1240814,58,30,12,9,7,16,OIL,263,17,5,2
5044,36059,Nassau,NY,40.651614,-73.62993,1,201498,53,14,9,5,5,16,OIL,25,18,5,2
5046,36119,Westchester,NY,41.09999,-73.77155,1,36726,28,12,7,3,7,14,SOLAR,710,17,6,2
5047,36119,Westchester,NY,40.928827,-73.898015,1,222362,65,31,16,10,7,16,OIL,61,18,6,2
5048,36053,Madison,NY,42.9086,-75.5697,1,1542,7,30,3,1,2,13,WIND,"75,721",15,4,2
5049,36011,Cayuga,NY,42.731496,-76.663665,1,1500,14,23,5,0,3,12,SOLAR,"3,066",20,4,2
5050,36011,Cayuga,NY,42.731496,-76.663665,1,1500,14,23,5,0,3,12,SOLAR,"3,148",20,4,2
5051,36047,Kings,NY,40.65653,-73.94278,1,1322414,72,34,14,7,8,18,GAS,"7,727",14,7,2
5052,36047,Kings,NY,40.656847,-73.946662,1,1337436,70,35,14,7,8,18,GAS,"7,311",13,7,2
5053,36123,Yates,NY,42.659,-76.935,1,914,4,42,16,2,6,18,SOLAR,0,22,8,2
5054,36123,Yates,NY,42.659,-76.931,1,875,4,42,16,2,6,18,SOLAR,0,22,8,2
5055,36123,Yates,NY,42.659,-76.927,1,828,4,42,16,2,6,18,SOLAR,0,22,8,2
5056,36091,Saratoga,NY,42.899691,-73.707473,1,17030,9,22,7,0,4,16,SOLAR,"3,512",18,6,2
5057,36119,Westchester,NY,41.27803,-73.86612,1,38035,47,15,7,5,6,16,SOLAR,"1,282",19,4,2
5058,36081,Queens,NY,40.772982,-73.874722,1,701092,80,35,22,28,7,15,SOLAR,"1,526",15,6,2
5059,36061,New York,NY,40.764396,-73.95393,1,1244652,46,23,8,7,6,14,GAS,"48,111",17,5,2
5060,36045,Jefferson,NY,43.955471,-75.618066,1,6437,16,33,13,1,6,20,SOLAR,"4,684",17,7,2
5061,36071,Orange,NY,41.338012,-74.481046,1,3784,21,16,6,1,5,16,SOLAR,0,11,6,2
5062,36071,Orange,NY,41.333041,-74.484514,1,3793,20,16,6,0,4,16,SOLAR,0,11,6,2
5063,36073,Orleans,NY,43.281,-78.37,1,2274,20,28,15,1,3,20,SOLAR,924,13,6,2
5064,36081,Queens,NY,40.775397,-73.830918,1,472192,81,35,25,33,6,15,OIL,19,18,6,2
5065,36067,Onondaga,NY,43.1,-76.294,1,13513,10,22,8,1,5,16,SOLAR,"3,165",21,6,2
5066,36035,Fulton,NY,43.04232,-74.37876,1,24894,12,40,13,1,5,21,SOLAR,"4,889",18,5,2
5067,36051,Livingston,NY,42.9199,-77.7642,1,4516,7,23,4,1,2,16,SOLAR,"2,901",27,4,2
5068,36087,Rockland,NY,41.18512,-74.07467,1,23287,36,23,10,6,6,16,OTHF, (104),16,8,2
5070,36051,Livingston,NY,42.552187,-77.967989,1,2672,9,34,10,0,2,16,SOLAR,"8,670",18,3,2
5071,36083,Rensselaer,NY,42.962972,-73.586739,1,1650,7,14,8,0,3,16,SOLAR,"33,206",17,4,2
5072,36083,Rensselaer,NY,42.970331,-73.573258,1,826,1,11,9,0,2,13,SOLAR,"14,690",23,3,2
5073,36091,Saratoga,NY,42.926231,-73.711468,1,13585,7,24,7,0,5,17,SOLAR,745,17,6,2
5074,36057,Montgomery,NY,42.973,-74.321,1,4479,14,17,9,0,3,18,SOLAR,"23,989",19,5,2
5075,36023,Cortland,NY,42.453939,-75.931033,1,1041,4,29,16,0,15,17,SOLAR,"28,649",16,4,2
5076,36007,Broome,NY,42.252664,-75.834078,1,2916,6,37,11,0,7,16,SOLAR,"31,313",22,5,2
5077,36057,Montgomery,NY,42.95474,-74.313115,1,3867,14,16,9,0,3,18,SOLAR,"8,627",19,6,2
5078,36047,Kings,NY,40.58549,-73.965581,1,574184,46,38,18,31,7,16,OIL,50,20,7,2
5079,36061,New York,NY,40.739556,-73.976083,1,1187841,42,23,8,8,6,13,OIL,171,16,5,2
5080,36119,Westchester,NY,41.286739,-73.888802,1,49846,50,17,10,6,8,17,OIL,26,17,5,2
5081,36061,New York,NY,40.710315,-74.004965,1,980073,45,25,10,8,6,13,OIL,19,13,6,2
5083,36081,Queens,NY,40.75043,-73.82573,1,776135,77,32,20,28,6,14,OIL,64,18,6,2
5084,36045,Jefferson,NY,44.25479,-76.01178,1,1558,4,21,10,1,8,10,SOLAR,"7,514",25,3,2
5085,36061,New York,NY,40.746778,-73.972226,1,1231992,42,22,8,7,6,13,GAS,"42,897",17,5,2
5087,36047,Kings,NY,40.6467,-74.0211,1,613036,51,38,21,19,7,16,OIL,105,14,8,2
5088,36007,Broome,NY,42.243704,-75.982533,1,1961,5,36,8,1,4,16,BIOMASS,"26,122",18,7,2
5089,36047,Kings,NY,40.648611,-74.020833,1,609154,51,37,20,19,7,16,GAS,"31,350",14,8,2
5090,36105,Sullivan,NY,41.8194,-74.6358,1,2730,15,35,7,2,5,20,HYDRO,"21,308",15,3,2
5091,36111,Ulster,NY,41.892424,-74.093599,1,5360,17,21,5,0,4,16,SOLAR,"3,520",22,5,2
5092,36061,New York,NY,40.840854,-73.941391,1,1242383,88,49,24,18,12,18,OIL,126,13,6,2
5093,36091,Saratoga,NY,42.781779,-73.696096,1,59785,29,34,10,2,8,19,HYDRO,"49,346",17,5,2
5094,36061,New York,NY,40.7899,-73.9233,1,1183838,65,36,15,11,9,17,GAS,"74,191",16,6,2
5095,36047,Kings,NY,40.6679,-73.9787,1,1182785,61,36,15,10,7,17,OIL,65,12,8,2
5096,36109,Tompkins,NY,42.39131,-76.564236,1,4316,4,30,8,0,3,17,SOLAR,"8,660",18,5,2
5097,36043,Herkimer,NY,43.1853,-75.0169,1,1666,4,25,10,1,6,16,HYDRO,"5,348",23,6,2
5098,36063,Niagara,NY,43.1191,-79.00705,1,46175,36,45,12,1,9,21,SOLAR,"2,373",19,5,2
5099,36075,Oswego,NY,43.5211,-76.41,1,1056,4,23,6,0,6,18,NUCLEAR,"15,506,901",24,3,2
5100,36103,Suffolk,NY,40.916833,-73.129056,1,44900,31,10,3,1,6,11,GAS,"288,544",18,4,2
5101,36089,St Lawrence,NY,44.8053,-74.9975,1,2259,5,34,11,0,5,20,HYDRO,"31,601",20,5,2
5102,36001,Albany,NY,42.712356,-73.957324,1,15150,19,9,3,1,4,16,HYDRO,"2,721",19,5,2
5103,36047,Kings,NY,40.7171,-73.9664,1,1246730,50,28,11,8,6,15,GAS,"31,535",13,6,2
5105,36103,Suffolk,NY,40.763056,-73.323611,1,106082,54,16,12,3,5,18,SOLAR,958,15,5,2
5106,36067,Onondaga,NY,43.05,-75.95,1,7947,9,13,3,0,3,8,SOLAR,"7,377",18,7,2
5107,36119,Westchester,NY,41.196839,-73.725695,1,23328,34,11,10,6,4,14,OIL,0,16,8,2
5108,36103,Suffolk,NY,40.923565,-73.342323,1,25615,10,10,2,1,4,15,GAS,"2,390,172",21,5,2
5109,36017,Chenango,NY,42.552861,-75.529572,1,9929,11,33,10,0,10,21,SOLAR,"6,862",21,5,2
5110,36089,St Lawrence,NY,44.7439,-75.0042,1,3384,4,31,8,0,8,21,HYDRO,"13,632",19,5,2
5111,36049,Lewis,NY,43.839599,-75.569885,1,736,5,31,9,0,5,18,WIND,"137,713",22,4,2
5112,36061,New York,NY,40.754865,-73.983248,1,1260354,44,21,8,8,6,13,GAS,"25,363",17,5,2
5113,36067,Onondaga,NY,43.19133,-76.38954,1,7024,8,12,3,0,4,16,SOLAR,"4,213",16,7,2
5114,36051,Livingston,NY,42.875,-77.877,1,1834,9,21,9,2,3,15,SOLAR,"8,325",21,7,2
5115,36075,Oswego,NY,43.583,-76.18,1,2528,4,28,10,0,4,18,SOLAR,"6,402",22,5,2
5116,36045,Jefferson,NY,44.26323,-75.99105,1,1426,3,22,11,1,9,11,SOLAR,"9,220",25,3,2
5117,36033,Franklin,NY,44.922,-74.265,1,1487,6,30,17,0,2,16,SOLAR,"7,796",13,8,2
5118,36045,Jefferson,NY,44.017,-75.922,1,13279,25,42,13,1,6,20,SOLAR,"9,503",13,6,2
5119,36111,Ulster,NY,41.785648,-74.229036,1,3413,17,18,13,0,4,18,SOLAR,"6,347",17,6,2
5120,36089,St Lawrence,NY,44.704089,-75.487049,1,10388,13,40,15,0,5,19,HYDRO,"4,032",17,4,2
5121,36065,Oneida,NY,43.166353,-75.386866,1,5284,11,18,9,0,2,18,SOLAR,"2,328",19,4,2
5122,36065,Oneida,NY,43.169617,-75.404866,1,5075,11,20,11,1,2,20,SOLAR,"2,324",18,4,2
5123,36065,Oneida,NY,43.150761,-75.371258,1,4988,12,22,7,0,2,16,SOLAR,"1,847",18,5,2
5124,36065,Oneida,NY,43.462222,-75.418333,1,746,5,23,10,0,4,16,BIOMASS,"26,284",17,5,2
5125,36067,Onondaga,NY,43.183782,-76.224075,1,26259,15,17,5,0,4,17,SOLAR,"1,029",17,5,2
5126,36067,Onondaga,NY,43.172719,-76.130123,1,34184,10,15,6,1,5,17,SOLAR,"2,228",17,4,2
5127,36067,Onondaga,NY,43.0047,-76.1149,1,72772,48,45,12,4,9,15,BIOMASS,"224,871",15,6,2
5128,36075,Oswego,NY,43.429317,-76.515717,1,25612,13,40,8,0,11,16,SOLAR,"2,635",15,4,2
5129,36067,Onondaga,NY,42.986644,-76.064219,1,13160,20,11,6,2,3,15,SOLAR,"2,013",21,5,2
5130,36069,Ontario,NY,42.8586,-77.0872,1,1510,9,26,9,1,2,18,BIOMASS,"78,385",26,5,2
5131,36075,Oswego,NY,43.644,-76.156,1,1551,1,28,8,0,8,10,SOLAR,"2,133",28,5,2
5132,36065,Oneida,NY,43.18413,-75.476724,1,17474,20,49,19,1,3,19,SOLAR,"2,705",17,6,2
5133,36091,Saratoga,NY,43.096874,-73.744855,1,29171,14,22,6,2,3,12,SOLAR,"2,693",21,3,2
5134,36071,Orange,NY,41.404879,-74.359495,1,13704,35,14,9,2,5,18,SOLAR,"2,312",20,6,2
5135,36121,Wyoming,NY,42.738686,-78.239731,1,984,10,19,6,1,3,15,OTHF," (3,423)",22,4,2
5136,36103,Suffolk,NY,40.819031,-72.965736,1,48300,41,20,11,4,5,17,GAS,"42,637",17,5,2
5137,36039,Greene,NY,42.426,-73.817,1,3791,12,30,7,0,1,14,SOLAR,"7,465",19,3,2
5138,36089,St Lawrence,NY,44.27,-75.199167,1,387,3,42,13,0,11,17,HYDRO,"8,753",20,6,2
5139,36075,Oswego,NY,43.472383,-76.340961,1,2823,7,25,8,0,4,16,SOLAR,457,20,5,2
5140,36075,Oswego,NY,43.342437,-76.34325,1,3525,7,35,8,0,6,19,SOLAR,"2,063",13,6,2
5141,36075,Oswego,NY,43.348808,-76.425169,1,15217,8,41,12,0,8,20,BIOMASS,"7,281",16,7,2
5142,36075,Oswego,NY,43.3161,-76.4153,1,15609,8,39,12,0,7,20,HYDRO,"24,200",15,8,2
5143,36075,Oswego,NY,43.3156,-76.4172,1,15773,7,39,12,0,7,20,HYDRO,"8,369",15,8,2
5144,36075,Oswego,NY,43.4586,-76.5319,1,23469,14,42,9,0,12,16,OIL,"46,934",15,4,2
5145,36001,Albany,NY,42.586944,-73.865,1,18173,11,9,2,0,3,14,SOLAR,"3,367",21,4,2
5148,36089,St Lawrence,NY,44.63,-74.8258,1,1312,2,30,6,0,6,8,HYDRO,"16,560",18,6,2
5149,36107,Tioga,NY,42.210028,-76.523763,1,2315,6,34,10,1,2,18,SOLAR,"22,504",17,8,2
5150,36061,New York,NY,40.751111,-73.991667,1,1231572,45,21,8,8,5,13,GAS,"21,392",17,5,2
5151,36037,Genesee,NY,42.981335,-78.290418,1,3294,2,29,7,0,2,14,SOLAR,"3,070",28,5,2
5152,36037,Genesee,NY,42.981336,-78.290419,1,3294,2,29,7,0,2,14,SOLAR,0,28,5,2
5153,36063,Niagara,NY,43.09723,-78.75382,1,6714,10,14,3,1,4,14,SOLAR,"7,143",21,9,2
5154,36045,Jefferson,NY,44.158611,-75.708778,1,1586,15,40,10,0,8,13,HYDRO,"9,720",14,12,2
5155,36027,Dutchess,NY,41.65,-73.75,1,12679,27,14,5,1,5,17,SOLAR,"8,254",13,6,2
5156,36075,Oswego,NY,43.227058,-76.302137,1,9163,6,26,7,0,5,17,HYDRO,"10,882",20,5,2
5157,36089,St Lawrence,NY,44.233419,-74.566217,1,380,2,36,14,1,4,18,HYDRO,"14,287",27,2,2
5158,36103,Suffolk,NY,40.736611,-73.388424,1,107695,51,16,14,4,5,18,GAS,"81,722",15,5,2
5159,36059,Nassau,NY,40.6561,-73.5922,1,192046,58,14,10,6,5,17,OIL,20,16,6,2
5160,36109,Tompkins,NY,42.46806,-76.65289,1,2154,14,28,5,0,5,17,SOLAR,"3,130",24,3,2
5161,36003,Allegany,NY,42.415067,-78.23753,1,1087,5,43,16,0,4,17,SOLAR,"7,921",19,6,2
5162,36081,Queens,NY,40.7889,-73.9069,1,978495,73,39,18,13,9,17,GAS,"3,404,623",15,6,2
5163,36077,Otsego,NY,42.542175,-75.083378,1,1513,7,32,5,0,11,17,SOLAR,"3,003",26,4,2
5164,36103,Suffolk,NY,40.949696,-73.078507,1,35651,24,12,4,3,4,16,GAS,"355,468",18,5,2
5165,36049,Lewis,NY,43.583611,-75.339167,1,2096,3,42,8,0,9,13,HYDRO,"5,192",18,8,2
5166,36085,Richmond,NY,40.638056,-74.126111,1,256088,59,28,13,7,6,19,SOLAR,"1,534",15,6,2
5167,36013,Chautauqua,NY,42.39101,-79.42755,1,3930,21,32,16,1,9,14,SOLAR,0,22,6,2
5168,36085,Richmond,NY,40.6182,-74.06849,1,264048,49,26,14,10,6,17,GAS,"42,148",17,5,2
5169,36065,Oneida,NY,43.291861,-75.147734,1,1572,6,21,4,0,1,16,HYDRO,"81,068",21,11,2
5170,36089,St Lawrence,NY,44.522043,-75.188108,1,1031,5,33,4,0,12,17,HYDRO,"27,751",14,4,2
5171,36117,Wayne,NY,43.2777,-77.3099,1,4411,11,14,3,0,2,0,NUCLEAR,"4,644,953",23,3,2
5172,36055,Monroe,NY,43.1989,-77.6319,1,136742,60,49,18,8,8,20,GAS,"291,627",14,7,2
5173,36013,Chautauqua,NY,42.55,-79.15,1,5154,10,28,8,0,7,17,SOLAR,"1,913",26,4,2
5174,36055,Monroe,NY,43.076198,-77.66724,1,27200,33,31,9,6,8,15,SOLAR,"2,027",13,3,2
5175,36071,Orange,NY,41.5841,-74.2163,1,13149,35,22,9,1,4,17,SOLAR,"6,360",13,5,2
5176,36001,Albany,NY,42.44623,-74.01607,1,2624,6,22,5,0,0,16,SOLAR,"7,918",19,4,2
5177,36001,Albany,NY,42.44506,-74.01609,1,2675,6,22,5,0,0,16,SOLAR,"7,964",19,4,2
5178,36019,Clinton,NY,44.5236,-73.4617,1,4112,6,31,7,0,8,20,HYDRO,"9,838",21,4,2
5179,36089,St Lawrence,NY,44.5178,-74.8228,1,187,3,32,5,0,0,9,HYDRO,"118,561",32,5,2
5180,36063,Niagara,NY,43.1994,-78.949837,1,3068,13,24,5,2,5,18,SOLAR,"6,070",29,4,2
5181,36081,Queens,NY,40.759167,-73.946111,1,1240498,47,23,8,8,6,14,GAS,"2,702,525",17,5,2
5182,36089,St Lawrence,NY,44.835,-74.9803,1,2027,5,36,13,0,5,20,HYDRO,"14,299",20,4,2
5183,36055,Monroe,NY,43.2752,-77.966,1,4825,6,30,7,1,2,19,SOLAR,"2,735",20,6,2
5184,36055,Monroe,NY,43.2743,-77.965,1,5127,7,29,7,1,2,19,SOLAR,"8,285",19,6,2
5185,36119,Westchester,NY,41.07875,-73.82227,1,59132,51,17,11,6,7,15,OIL,45,17,6,2
5186,36119,Westchester,NY,41.077952,-73.820649,1,60436,52,17,11,6,7,15,GAS,"11,025",17,6,2
5187,36065,Oneida,NY,43.205594,-75.382968,1,8058,13,26,9,2,3,22,SOLAR,"6,946",15,7,2
5188,36111,Ulster,NY,41.743505,-74.514615,1,1416,28,34,8,0,11,20,SOLAR,"3,100",19,2,2
5189,36083,Rensselaer,NY,42.625325,-73.749955,1,69609,47,38,11,4,8,18,GAS,"24,730",12,6,2
5190,36103,Suffolk,NY,40.8158,-73.064,1,90864,29,13,9,2,4,18,GAS,"399,223",15,6,2
5193,36055,Monroe,NY,43.189133,-77.742717,1,39844,20,22,10,4,3,16,SOLAR,0,23,5,2
5194,36071,Orange,NY,41.469132,-74.078372,1,30663,47,21,9,2,7,15,SOLAR,"6,362",17,4,2
5195,36105,Sullivan,NY,41.4625,-74.7578,1,1624,11,24,6,1,7,16,HYDRO,"31,310",21,3,2
5197,36009,Cattaraugus,NY,42.06724,-78.47783,1,15689,12,41,10,0,4,20,SOLAR,"7,636",18,5,2
5198,36005,Bronx,NY,40.869972,-73.824437,1,490596,86,36,18,10,9,18,GAS,"169,043",16,6,2
5199,36103,Suffolk,NY,40.826111,-73.232222,1,89077,52,16,13,5,5,16,SOLAR,"1,484",14,6,2
5200,36103,Suffolk,NY,40.922992,-72.7645,1,6781,19,22,7,1,6,14,SOLAR,"30,414",25,4,2
5201,36049,Lewis,NY,43.709597,-75.616219,1,13,4,24,8,0,10,13,WIND,"170,128",20,5,2
5202,36063,Niagara,NY,43.1427,-79.0394,1,27968,34,39,8,1,8,20,HYDRO,"15,749,890",19,5,2
5203,36089,St Lawrence,NY,45.0038,-74.7994,1,132,12,26,13,0,4,19,HYDRO,"7,126,782",30,2,2
5205,36055,Monroe,NY,43.1522,-77.6098,1,194241,63,51,17,6,9,20,HYDRO,"5,413",13,6,2
5206,36055,Monroe,NY,43.1803,-77.6278,1,163955,68,54,19,7,10,20,HYDRO,"6,548",13,7,2
5207,36089,St Lawrence,NY,44.369913,-75.456999,1,5155,17,36,18,0,5,18,SOLAR,"5,951",17,8,2
5208,36087,Rockland,NY,41.190589,-74.065114,1,25042,37,22,9,6,5,16,GAS,19,17,8,2
5209,36065,Oneida,NY,43.193134,-75.427581,1,23939,18,41,15,2,4,19,SOLAR,"2,318",18,6,2
5210,36105,Sullivan,NY,41.71133,-74.54163,1,2810,36,30,6,2,12,19,SOLAR,"3,406",16,5,2
5211,36071,Orange,NY,41.573783,-73.966269,1,18817,36,15,8,2,4,17,OIL,"192,714",17,5,2
5212,36069,Ontario,NY,42.815086,-77.046128,1,1505,3,16,6,0,3,17,SOLAR,"6,307",27,5,2
5213,36121,Wyoming,NY,42.534,-78.151,1,816,4,36,10,0,6,18,SOLAR,"3,835",22,7,2
5214,36121,Wyoming,NY,42.533807,-78.15377,1,814,4,36,10,0,6,18,SOLAR,"9,120",22,7,2
5215,36019,Clinton,NY,44.725076,-73.467034,1,20700,15,37,9,0,7,12,SOLAR,"5,861",16,3,2
5216,36009,Cattaraugus,NY,42.0687,-78.3752,1,8200,11,37,10,0,7,18,SOLAR,"8,091",21,6,2
5219,36013,Chautauqua,NY,42.0933,-79.2478,1,37114,17,49,12,2,8,21,GAS,"52,436",19,7,2
5220,36093,Schenectady,NY,42.85,-74.05,1,2455,9,14,3,0,2,17,SOLAR,"6,405",18,7,2
5221,36093,Schenectady,NY,42.83447,-73.89808,1,63310,39,29,9,2,7,18,SOLAR,"4,207",17,6,2
5222,36093,Schenectady,NY,42.841167,-73.916454,1,68693,35,29,9,2,7,19,SOLAR,"1,360",17,6,2
5223,36093,Schenectady,NY,42.884182,-74.080778,1,2399,10,16,3,1,4,17,SOLAR,"3,207",21,5,2
5224,36093,Schenectady,NY,42.791847,-73.95683,1,97325,38,33,11,2,7,21,SOLAR,"3,441",16,6,2
5225,36055,Monroe,NY,43.134,-77.38,1,17311,13,14,5,1,3,16,SOLAR,"5,390",15,6,2
5226,36047,Kings,NY,40.65511,-73.94415,1,1321127,71,34,14,7,8,18,GAS,"13,417",14,7,2
5227,36103,Suffolk,NY,40.730844,-73.375833,1,118166,49,16,13,4,5,18,SOLAR,"13,305",16,5,2
5228,36059,Nassau,NY,40.797858,-73.565661,1,57869,63,16,13,7,5,15,GAS,0,15,5,2
5229,36103,Suffolk,NY,40.79,-72.93,1,33155,38,22,9,5,6,19,GAS,"57,448",18,5,2
5230,36105,Sullivan,NY,41.38251,-74.43526,1,7192,39,22,7,3,6,18,SOLAR,"3,391",14,5,2
5231,36105,Sullivan,NY,41.38251,-74.43526,1,7192,39,22,7,3,6,18,SOLAR,"2,578",14,5,2
5232,36103,Suffolk,NY,40.89952,-73.27093,1,43708,15,8,3,1,4,14,OIL,13,18,6,2
5233,36027,Dutchess,NY,41.741126,-73.882065,1,34285,35,26,9,3,6,19,SOLAR,"2,076",15,5,2
5234,36065,Oneida,NY,42.924419,-75.42005,1,3486,7,28,8,1,2,18,SOLAR,"3,904",19,4,2
5235,36099,Seneca,NY,42.947327,-76.785599,1,6548,8,32,16,1,5,17,SOLAR,"3,546",21,6,2
5236,36019,Clinton,NY,44.7132,-73.4557,1,23836,14,38,8,1,7,13,GAS,"234,445",17,4,2
5237,36091,Saratoga,NY,43.07072,-73.898068,1,10168,7,18,9,0,6,18,SOLAR,0,17,3,2
5238,36091,Saratoga,NY,43.068154,-73.920141,1,6553,6,23,11,0,5,19,SOLAR,0,17,3,2
5239,36091,Saratoga,NY,43.07377,-73.903954,1,8023,7,21,10,0,5,18,SOLAR,"7,678",17,3,2
5240,36083,Rensselaer,NY,42.8992,-73.5989,1,3325,2,10,4,0,3,18,HYDRO,"86,399",19,6,2
5241,36001,Albany,NY,42.78498,-73.707983,1,56185,28,33,10,1,8,20,HYDRO,"168,867",17,5,2
5242,36091,Saratoga,NY,43.096823,-73.582107,1,4787,7,24,8,1,4,16,HYDRO,"8,630",16,5,2
5244,36099,Seneca,NY,42.9281,-76.8408,1,11892,12,32,13,1,6,18,BIOMASS,"93,970",23,5,2
5245,36099,Seneca,NY,42.915299,-76.78672,1,9237,10,30,15,1,5,17,HYDRO,"10,247",21,5,2
5246,36029,Erie,NY,42.5809,-79.1027,1,3140,18,35,9,2,8,17,WIND,"2,997",24,4,2
5247,36045,Jefferson,NY,43.9775,-75.8942,1,28359,21,39,10,1,6,20,HYDRO,"14,623",15,7,2
5248,36095,Schoharie,NY,42.775105,-74.567145,1,1356,7,34,9,0,6,15,SOLAR,"2,261",18,7,2
5249,36091,Saratoga,NY,43.2797,-73.7094,1,16200,8,16,10,0,4,18,HYDRO,"204,221",17,5,2
5250,36071,Orange,NY,41.4278,-74.4186,1,43472,66,32,15,7,7,18,GAS,563,15,7,2
5251,36103,Suffolk,NY,40.957053,-72.865877,1,21855,15,13,6,0,4,18,OIL,"13,344",20,4,2
5252,36103,Suffolk,NY,40.934411,-72.888511,1,28708,16,13,6,1,5,19,SOLAR,"51,030",20,4,2
5253,36089,St Lawrence,NY,44.685589,-75.002868,1,10133,18,46,9,3,7,10,HYDRO,"15,723",11,2,2
5254,36091,Saratoga,NY,43.093682,-73.81132,1,25919,16,24,7,2,3,11,SOLAR,"2,300",22,3,2
5255,36071,Orange,NY,41.363,-74.503,1,6298,23,17,5,1,6,18,SOLAR,"3,356",11,5,2
5256,36107,Tioga,NY,42.053168,-76.320493,1,2252,3,20,10,0,8,12,SOLAR,"6,380",18,3,2
5257,36049,Lewis,NY,43.9206,-75.2433,1,174,2,38,10,0,5,13,HYDRO,"46,839",20,10,2
5258,36009,Cattaraugus,NY,42.086926,-78.448212,1,20097,12,39,10,0,5,20,SOLAR,"8,408",19,5,2
5259,36021,Columbia,NY,44.191729,-75.060901,1,801,13,43,12,0,9,14,SOLAR,"8,697",28,6,2
5260,36075,Oswego,NY,43.511296,-76.119554,1,1871,8,39,12,1,6,15,SOLAR,"2,791",18,6,2
5261,36013,Chautauqua,NY,42.517279,-79.221323,1,1884,8,18,5,0,2,18,SOLAR,"8,376",21,3,2
5262,36067,Onondaga,NY,43.12198,-76.04235,1,3618,9,18,8,1,5,14,SOLAR,151,22,4,2
5263,36119,Westchester,NY,42.613905,-76.16685,1,24676,11,37,9,0,5,18,SOLAR,8,15,4,2
5264,36065,Oneida,NY,43.191807,-75.185477,1,3157,3,10,7,2,4,17,SOLAR,824,16,13,2
5265,36065,Oneida,NY,43.334376,-75.17795,1,1633,6,23,6,0,1,19,SOLAR,0,22,9,2
5266,36039,Greene,NY,42.291275,-73.986452,1,4465,7,25,7,1,2,18,OIL,113,20,6,2
5267,36089,St Lawrence,NY,44.5133,-74.8831,1,726,3,29,4,0,1,8,HYDRO,"95,446",30,6,2
5268,36089,St Lawrence,NY,44.2678,-75.1961,1,391,3,42,13,0,11,17,HYDRO,"21,635",20,6,2
5269,36091,Saratoga,NY,43.304413,-73.63993,1,42409,8,26,9,1,6,19,HYDRO,"100,863",18,5,2
5270,36071,Orange,NY,41.3927,-74.3478,1,12664,28,14,10,3,5,16,SOLAR,"6,705",21,5,2
5271,36103,Suffolk,NY,40.899997,-72.381977,1,11288,32,11,2,3,5,17,OIL, (1),27,4,2
5272,36103,Suffolk,NY,40.6853,-73.4258,1,157516,35,14,9,3,5,17,GAS,"6,427",18,5,2
5273,36103,Suffolk,NY,41.1059,-72.3761,1,7788,18,18,10,4,6,14,OIL,693,35,2,2
5274,36091,Saratoga,NY,43.2339,-73.7556,1,2106,3,23,9,0,8,19,HYDRO,"252,904",21,4,2
5275,36119,Westchester,NY,40.968929,-73.886589,1,137518,64,31,15,10,6,16,OIL,6,17,6,2
5276,36081,Queens,NY,40.598688,-73.753461,1,131713,66,34,17,13,8,19,OIL,6,14,8,2
5277,36119,Westchester,NY,40.928827,-73.898015,1,222362,65,31,16,10,7,16,OIL,14,18,6,2
5278,36045,Jefferson,NY,43.932397,-75.872257,1,10626,19,34,8,2,5,18,SOLAR,"2,616",15,7,2
5280,36081,Queens,NY,40.77698,-73.77045,1,303153,63,25,15,22,6,14,OIL,36,22,5,2
5281,36027,Dutchess,NY,41.865,-73.703,1,2370,26,27,7,1,1,17,SOLAR,"9,351",21,6,2
5282,36089,St Lawrence,NY,44.4553,-74.7614,1,39,4,52,11,0,0,14,HYDRO,"110,541",41,0,2
5283,36105,Sullivan,NY,41.682259,-74.876541,1,1512,11,11,7,1,3,10,SOLAR,"7,152",27,4,2
5284,36123,Yates,NY,42.740808,-77.072419,1,1410,4,30,28,1,2,22,SOLAR,"8,107",18,10,2
5285,36065,Oneida,NY,43.070724,-75.4944,1,3633,6,30,9,0,4,17,SOLAR,0,17,4,2
5286,36029,Erie,NY,42.812811,-78.845313,1,51477,20,34,8,2,6,22,SOLAR,"4,416",18,6,2
5287,36029,Erie,NY,42.809003,-78.85337,1,39010,21,37,9,2,6,22,SOLAR,"2,737",19,6,2
5288,36029,Erie,NY,42.811146,-78.854217,1,39972,21,36,9,2,6,22,SOLAR,"3,002",18,6,2
5289,36029,Erie,NY,42.81849,-78.855377,1,45233,22,37,9,2,6,23,SOLAR,"2,867",17,6,2
5290,36029,Erie,NY,42.8072,-78.8617,1,29254,22,41,10,3,7,22,WIND,"40,211",19,6,2
5291,36029,Erie,NY,42.8167,-78.8675,1,24373,27,41,11,2,7,23,WIND,"59,530",17,7,2
5292,36083,Rensselaer,NY,42.556501,-73.377477,1,1863,8,15,8,0,21,19,OTHF," (7,071)",20,4,2
5293,36065,Oneida,NY,43.080338,-75.600963,1,12622,8,26,10,0,3,3,GAS,"2,131",21,6,2
5294,36103,Suffolk,NY,41.0675,-72.440278,1,7055,19,14,10,8,8,16,SOLAR,"1,603",25,5,2
5295,36091,Saratoga,NY,43.2978,-73.8853,1,2493,5,27,11,0,4,19,HYDRO,"133,572",24,5,2
5296,36091,Saratoga,NY,42.937465,-73.654393,1,10424,6,23,8,0,5,17,HYDRO,"11,550",15,6,2
5297,36043,Herkimer,NY,43.897386,-75.04,1,13,8,39,12,0,21,18,HYDRO,"5,834",31,0,2
5298,36121,Wyoming,NY,42.767614,-78.415843,1,840,7,19,7,2,3,16,WIND,"221,746",23,7,2
5299,36099,Seneca,NY,42.891451,-76.993915,1,16287,27,34,10,3,3,19,SOLAR,"3,379",17,6,2
5300,36111,Ulster,NY,41.848191,-74.046678,1,7607,20,27,4,1,5,18,HYDRO,"47,956",28,3,2
5301,36021,Columbia,NY,42.351389,-73.733889,1,4416,18,19,7,3,5,16,HYDRO,"22,148",23,4,2
5302,36091,Saratoga,NY,42.83259,-73.84255,1,23558,22,8,4,1,3,13,SOLAR,"8,195",17,5,2
5303,36089,St Lawrence,NY,44.642181,-74.976473,1,9765,18,42,6,1,7,9,HYDRO,"29,700",10,2,2
5304,36091,Saratoga,NY,42.822572,-73.84853,1,30066,23,8,3,1,2,14,SOLAR,"7,739",18,6,2
5305,36105,Sullivan,NY,41.7966,-74.708077,1,8069,53,49,14,4,7,22,SOLAR,"2,327",12,8,2
5306,36067,Onondaga,NY,43.160278,-76.283611,1,37019,12,23,6,1,4,16,SOLAR,"1,078",17,5,2
5307,36075,Oswego,NY,43.37,-76.464722,1,5931,6,32,9,1,4,17,SOLAR,"1,159",23,4,2
5308,36075,Oswego,NY,43.46,-76.464722,1,20001,9,38,7,0,8,17,SOLAR,759,18,5,2
5309,36027,Dutchess,NY,41.494632,-73.981635,1,51867,59,33,16,4,6,19,SOLAR,"3,190",14,5,2
5310,36093,Schenectady,NY,42.836275,-73.943953,1,77899,39,34,12,2,8,20,SOLAR,"5,612",16,6,2
5311,36093,Schenectady,NY,42.836275,-73.943953,1,77899,39,34,12,2,8,20,SOLAR,0,16,6,2
5312,36067,Onondaga,NY,43.0447,-76.0419,1,40965,22,22,8,1,5,17,SOLAR,"2,608",21,5,2
5313,36103,Suffolk,NY,40.928056,-72.771111,1,6428,18,20,7,1,5,15,SOLAR,"7,959",22,4,2
5314,36071,Orange,NY,41.535043,-74.322869,1,5040,37,10,5,1,4,16,SOLAR,"1,802",13,4,2
5315,36055,Monroe,NY,43.17,-77.941,1,8909,16,35,7,0,5,13,SOLAR,"6,887",13,5,2
5316,36105,Sullivan,NY,41.5717,-74.7828,1,654,19,17,10,1,7,18,HYDRO,"18,181",26,4,2
5317,36121,Wyoming,NY,42.828889,-78.055,1,1574,7,32,11,1,4,18,BIOMASS,"4,110",18,7,2
5318,36067,Onondaga,NY,43.0667,-76.2246,1,49239,15,25,7,3,4,18,GAS,"10,843",20,6,2
5319,36089,St Lawrence,NY,44.3083,-75.3083,1,536,4,42,11,0,10,17,HYDRO,643,18,6,2
5321,36065,Oneida,NY,43.239004,-75.534588,1,2099,9,30,8,0,6,19,SOLAR,"2,439",16,5,2
5322,36049,Lewis,NY,43.927002,-75.321877,1,580,2,34,11,0,5,13,HYDRO,"26,711",19,10,2
5323,36121,Wyoming,NY,42.561672,-78.17953,1,723,2,32,7,0,5,17,SOLAR,"6,054",24,6,2
5324,36121,Wyoming,NY,42.559475,-78.179411,1,720,2,32,7,0,5,17,SOLAR,"3,244",24,6,2
5325,36061,New York,NY,40.873268,-73.912967,1,936344,89,49,26,21,12,19,OIL,12,13,7,2
5326,36047,Kings,NY,40.659328,-73.933752,1,1324474,76,34,14,6,8,19,OIL,30,14,6,2
5327,36059,Nassau,NY,41.028481,-73.759073,1,105133,50,18,10,6,6,13,SOLAR,"1,566",19,5,2
5328,36045,Jefferson,NY,44.21742,-75.795173,1,1958,16,37,5,0,6,16,HYDRO,"1,255",10,6,2
5329,36031,Essex,NY,43.891437,-73.396998,1,935,4,30,5,1,5,18,OIL,"177,245",22,7,2
5330,36017,Chenango,NY,42.58319,-75.47034,1,1656,7,31,13,0,7,16,SOLAR,"8,086",23,3,2
5331,36101,Steuben,NY,42.337435,-77.375323,1,4005,6,50,14,0,10,19,SOLAR,"3,026",20,5,2
5332,36065,Oneida,NY,43.183689,-75.43048,1,19535,19,44,17,2,4,20,SOLAR,"1,777",17,6,2
5333,36107,Tioga,NY,42.14134,-76.28797,1,5622,7,34,11,0,3,17,SOLAR,"6,704",25,6,2
5334,36107,Tioga,NY,42.14134,-76.28797,1,5622,7,34,11,0,3,17,SOLAR,"6,704",25,6,2
5335,36109,Tompkins,NY,42.5025,-76.2865,1,5347,12,28,6,1,4,13,SOLAR,"1,418",17,6,2
5336,36091,Saratoga,NY,42.834978,-73.675675,1,12640,9,13,5,0,4,17,SOLAR,"1,439",23,4,2
5337,36117,Wayne,NY,43.244444,-77.174722,1,5860,12,21,8,0,6,17,SOLAR,"1,465",17,7,2
5338,36037,Genesee,NY,43.0421,-78.1337,1,3385,11,24,4,1,9,14,SOLAR,"6,921",18,7,2
5339,36097,Schuyler,NY,42.350101,-76.938014,1,1133,8,42,11,1,5,19,SOLAR,"5,786",20,4,2
5340,36065,Oneida,NY,43.2758,-75.1567,1,1951,5,22,5,0,1,16,HYDRO,"140,157",20,10,2
5341,36101,Steuben,NY,42.0121,-77.3751,1,1017,6,37,9,0,11,21,SOLAR,"8,245",15,8,2
5342,36015,Chemung,NY,42.09305,-76.67848,1,861,6,24,16,0,5,22,SOLAR,"2,712",24,2,2
5343,36037,Genesee,NY,43.0647,-78.2972,1,3590,10,33,16,1,4,15,GAS,"15,818",16,4,2
5344,36111,Ulster,NY,41.961896,-73.981234,1,25710,34,35,13,3,7,20,SOLAR,"1,749",16,7,2
5345,36027,Dutchess,NY,41.716281,-73.884263,1,60943,49,34,10,4,7,20,SOLAR,"3,891",15,5,2
5346,36019,Clinton,NY,44.510739,-73.913079,1,129,3,29,10,0,6,18,HYDRO,"9,803",28,3,2
5347,36011,Cayuga,NY,42.85,-76.65,1,2549,8,18,6,0,4,15,SOLAR,"8,484",21,5,2
5348,36011,Cayuga,NY,42.85,-76.65,1,2549,8,18,6,0,4,15,SOLAR,"8,349",21,5,2
5349,36027,Dutchess,NY,41.661,-73.742,1,7741,25,14,5,0,6,16,SOLAR,"2,090",14,6,2
5350,36089,St Lawrence,NY,44.714518,-74.996581,1,5994,8,40,10,3,7,17,HYDRO,"14,924",20,4,2
5351,36055,Monroe,NY,43.123889,-77.628889,1,105667,52,44,12,4,8,19,GAS,"32,546",13,5,2
5352,36049,Lewis,NY,43.883611,-75.428056,1,2591,3,40,10,0,4,8,HYDRO,"9,318",18,7,2
5353,36091,Saratoga,NY,42.9126,-73.6805,1,13332,7,24,7,0,5,17,HYDRO,"79,649",17,7,2
5354,36089,St Lawrence,NY,44.214444,-74.991389,1,228,10,39,9,0,9,14,HYDRO,"7,534",24,0,2
5355,36071,Orange,NY,41.4122,-74.4378,1,30368,63,31,13,6,6,18,GAS,"4,392,317",14,8,2
5356,36083,Rensselaer,NY,42.9044,-73.5625,1,3185,3,15,5,0,3,18,HYDRO,"11,285",18,5,2
5357,36057,Montgomery,NY,42.93404,-74.3782,1,3296,7,28,11,1,2,18,SOLAR,"9,022",16,6,2
5358,36075,Oswego,NY,43.4486,-76.5056,1,25650,13,40,8,0,11,16,HYDRO,"23,235",15,4,2
5360,36081,Queens,NY,40.7537,-73.9508,1,1269891,45,22,8,8,6,14,GAS,"120,384",17,5,2
5361,36011,Cayuga,NY,42.9197,-76.5477,1,31866,17,35,13,1,6,19,HYDRO,0,20,6,2
5362,36105,Sullivan,NY,41.757083,-74.960959,1,1732,11,33,8,0,4,17,SOLAR,"2,381",25,4,2
5363,36105,Sullivan,NY,41.756217,-74.961191,1,1732,11,33,8,0,4,17,SOLAR,"2,680",25,4,2
5364,36105,Sullivan,NY,41.754421,-74.96152,1,1674,11,33,8,0,4,17,SOLAR,"2,354",25,4,2
5365,36105,Sullivan,NY,41.754435,-74.958625,1,1665,11,33,8,0,4,17,SOLAR,"2,446",25,4,2
5366,36091,Saratoga,NY,42.80746,-73.84269,1,29539,19,7,2,1,3,14,HYDRO,"57,625",19,6,2
5367,36075,Oswego,NY,43.341,-76.354,1,5604,9,38,11,0,6,20,SOLAR,"4,543",12,7,2
5368,36015,Chemung,NY,42.005874,-76.61935,1,1846,4,23,9,0,8,21,SOLAR,"1,935",16,5,2
5369,36103,Suffolk,NY,40.956932,-72.877411,1,23170,16,13,6,1,4,18,OIL,"13,430",19,4,2
5370,36071,Orange,NY,41.55998,-74.195154,1,14185,34,24,9,1,4,17,HYDRO,840,14,6,2
5371,36071,Orange,NY,41.552749,-74.145471,1,15848,39,24,9,2,5,18,SOLAR,"2,941",15,5,2
5372,36027,Dutchess,NY,41.56544,-73.937972,1,30724,39,18,14,2,4,15,SOLAR,"3,312",19,4,2
5373,36027,Dutchess,NY,41.598395,-73.922036,1,27582,32,16,8,2,4,15,HYDRO,"11,785",21,5,2
5374,36113,Warren,NY,43.4833,-73.7986,1,3918,9,32,15,0,1,19,HYDRO,"16,104",20,4,2
5375,36093,Schenectady,NY,42.821552,-73.949911,1,96970,39,33,11,2,7,20,SOLAR,"7,181",16,6,2
5376,36055,Monroe,NY,43.173,-77.846,1,10437,9,18,6,0,3,14,SOLAR,"1,806",20,6,2
5377,36055,Monroe,NY,43.172,-77.844,1,10978,9,18,6,0,3,14,SOLAR,"2,800",19,6,2
5378,36055,Monroe,NY,43.175,-77.849,1,10051,9,19,6,0,3,14,SOLAR,"3,617",20,6,2
5379,36071,Orange,NY,41.424,-74.167,1,15711,37,20,9,1,4,17,SOLAR,"3,144",11,7,2
5381,36099,Seneca,NY,42.901914,-76.86233,1,8172,13,33,11,1,7,19,HYDRO,"3,787",24,5,2
5382,36073,Orleans,NY,43.3272,-78.2394,1,1635,10,29,14,1,4,20,HYDRO,"15,554",28,3,2
5383,36045,Jefferson,NY,43.975801,-75.874669,1,26780,21,40,11,1,6,20,HYDRO,"22,802",15,7,2
5385,36039,Greene,NY,42.350889,-73.815798,1,7026,28,24,31,0,4,12,GAS,521,17,4,2
5386,36107,Tioga,NY,42.192559,-76.259349,1,2014,7,36,13,0,3,17,SOLAR,"8,491",17,2,2
5387,36105,Sullivan,NY,41.859601,-74.510259,1,1228,24,32,5,19,4,21,HYDRO,"16,455",22,6,2
5388,36045,Jefferson,NY,43.98289,-75.620583,1,6998,16,33,13,1,6,20,HYDRO,"22,849",16,7,2
5390,36009,Cattaraugus,NY,42.449,-78.652,1,917,11,30,5,0,2,18,SOLAR,"14,972",23,5,2
5392,36119,Westchester,NY,41.08921,-73.80443,1,49099,43,14,10,4,7,15,OIL,102,16,6,2
5393,36001,Albany,NY,42.43822,-74.015894,1,2784,7,22,5,0,0,16,SOLAR,"3,256",19,4,2
5394,36071,Orange,NY,41.345,-74.561,1,5552,21,17,4,1,3,16,SOLAR,"3,196",12,7,2
5395,36071,Orange,NY,41.345455,-74.52377,1,5464,21,17,5,1,4,16,SOLAR,"3,165",11,7,2
5396,36121,Wyoming,NY,42.6697,-78.2278,1,548,8,26,7,2,3,21,WIND,"175,969",14,3,2
5397,36121,Wyoming,NY,42.678819,-78.243792,1,560,9,24,7,2,3,19,WIND,0,14,3,2
5398,36055,Monroe,NY,43.017211,-77.798702,1,4659,10,17,3,0,4,19,SOLAR,"6,026",21,7,2
5399,36055,Monroe,NY,43.015501,-77.798643,1,4626,10,17,3,0,4,19,SOLAR,"7,261",21,7,2
5400,36115,Washington,NY,43.3056,-73.591447,1,30104,8,31,10,1,7,19,BIOMASS,"62,860",19,4,2
5401,36119,Westchester,NY,41.277129,-73.942344,1,38413,53,20,11,6,9,17,BIOMASS,"398,707",16,5,2
5404,36119,Westchester,NY,41.008926,-73.757657,1,106345,45,16,9,5,5,12,SOLAR,"2,788",19,5,2
5405,36055,Monroe,NY,43.150002,-77.861396,1,6293,10,11,7,0,3,14,SOLAR,"2,525",21,6,2
5406,36101,Steuben,NY,42.358381,-77.304225,1,8153,7,39,12,0,7,16,SOLAR,"7,703",27,5,2
5407,36103,Suffolk,NY,40.776944,-72.850833,1,52302,35,27,13,4,6,19,GAS,"3,170",13,7,2
5408,36063,Niagara,NY,43.204,-78.943,1,2680,11,20,6,1,4,18,SOLAR,"5,949",27,4,2
5409,36117,Wayne,NY,43.1401,-77.0908,1,2108,6,21,9,5,2,18,SOLAR,"1,741",19,8,2
5412,36047,Kings,NY,40.704774,-73.94186,1,1240879,62,35,15,9,8,17,OIL,143,12,6,2
5413,36105,Sullivan,NY,41.594,-75.027,1,1244,15,39,13,0,13,13,SOLAR,"2,493",21,3,2
5414,36063,Niagara,NY,43.0483,-78.8539,1,60541,13,24,7,1,5,18,GAS,"49,285",19,5,2
5416,36089,St Lawrence,NY,44.7661,-74.9997,1,3726,4,32,9,0,6,21,HYDRO,"3,723",19,5,2
5417,36069,Ontario,NY,43.017848,-77.26049,1,3551,9,24,9,0,1,17,SOLAR,"3,034",24,5,2
5418,36069,Ontario,NY,43.016419,-77.26091,1,3241,9,25,9,0,1,17,SOLAR,"2,990",24,5,2
5419,36069,Ontario,NY,43.015301,-77.260662,1,3163,9,25,9,0,1,17,SOLAR,"2,993",24,5,2
5420,39069,Henry,OH,41.406667,-84.110833,1,9300,14,37,7,1,3,18,SOLAR,"4,555",20,7,5
5421,39173,Wood,OH,41.397369,-83.641236,1,29735,18,48,6,1,7,11,GAS,"2,067",10,4,5
5422,39033,Crawford,OH,40.7167,-82.789,1,13111,4,42,11,1,6,23,GAS,"1,950",21,5,5
5423,39069,Henry,OH,41.4079,-84.1095,1,9255,14,37,7,1,3,18,GAS,"1,968",20,7,5
5424,39153,Summit,OH,41.153333,-81.568889,1,33583,25,20,3,1,3,19,BIOMASS,"7,934",19,6,5
5425,39111,Monroe,OH,39.756982,-81.115503,1,3021,7,50,11,0,11,20,OIL,16,26,3,5
5426,39095,Lucas,OH,41.627222,-83.574722,1,76066,49,51,15,1,10,23,SOLAR,"1,523",15,5,5
5427,39007,Ashtabula,OH,41.890026,-80.7612,1,20117,24,52,18,1,12,24,GAS,"170,112",20,6,5
5428,39039,Defiance,OH,41.237206,-84.399756,1,7328,15,29,10,0,4,20,HYDRO,"6,774",25,6,5
5429,39041,Delaware,OH,40.260278,-82.833056,1,8708,11,13,5,1,2,19,OTHF,0,14,7,5
5430,39095,Lucas,OH,41.6917,-83.4378,1,12436,20,36,7,0,5,22,OIL,"938,347",18,7,5
5431,39095,Lucas,OH,41.688333,-83.484722,1,42111,42,54,16,1,10,25,GAS,424,15,8,5
5433,39097,Madison,OH,39.855658,-83.328428,1,1193,4,17,11,0,3,24,SOLAR,"97,303",13,2,5
5434,39161,Van Wert,OH,40.931515,-84.561824,1,533,5,22,6,0,7,20,WIND,"734,180",25,7,5
5435,39137,Putnam,OH,41.091714,-84.274371,1,2129,3,14,5,0,3,18,SOLAR,"24,662",21,3,5
5437,39173,Wood,OH,41.3786,-83.7383,1,2698,9,17,2,0,4,18,WIND,"4,596",14,6,5
5438,39139,Richland,OH,40.776111,-82.568611,1,28351,23,48,12,2,9,23,GAS,"2,845",17,7,5
5439,39015,Brown,OH,38.895,-83.903,1,5132,5,36,14,0,4,25,BIOMASS,"26,950",24,4,5
5440,39171,Williams,OH,41.471822,-84.543148,1,11095,7,30,10,0,3,21,GAS,917,25,5,5
5441,39171,Williams,OH,41.4609,-84.527,1,10316,7,31,10,0,3,22,OIL,237,25,5,5
5442,39171,Williams,OH,41.476389,-84.586111,1,10593,7,28,10,0,2,21,SOLAR,"2,490",25,5,5
5443,39101,Marion,OH,41.060477,-83.554437,1,8243,11,17,4,2,3,18,SOLAR,"3,920",26,5,5
5444,39057,Greene,OH,39.741944,-83.816944,1,5671,19,20,4,0,9,19,SOLAR,"2,085",9,4,5
5445,39081,Jefferson,OH,40.2522,-80.6486,1,5489,3,46,10,0,8,25,COAL,"9,679,859",25,3,5
5446,39019,Carroll,OH,40.60441,-81.05918,1,4648,2,32,14,0,2,22,GAS,"5,513,355",26,4,5
5447,39107,Mercer,OH,40.540556,-84.590556,1,12506,9,32,8,0,2,21,SOLAR,"6,549",19,8,5
5448,39061,Hamilton,OH,39.134533,-84.509419,1,131616,45,46,10,1,7,19,GAS,"225,959",12,5,5
5449,39155,Trumbull,OH,41.14889,-80.85162,1,3938,8,31,11,1,5,18,GAS,"6,207,468",25,5,5
5450,39035,Cuyahoga,OH,41.556714,-81.588233,1,85367,86,55,14,2,13,22,OIL,187,20,6,5
5451,39035,Cuyahoga,OH,41.5094,-81.682272,1,65526,65,58,18,4,13,15,GAS,"1,847",11,6,5
5452,39035,Cuyahoga,OH,41.4739,-81.6728,1,107988,62,60,20,5,14,19,OFSL,"143,863",11,6,5
5453,39155,Trumbull,OH,41.2119,-80.8176,1,36536,29,55,15,1,7,27,COAL,"47,528",16,7,5
5454,39027,Clinton,OH,39.295883,-83.960782,1,6305,3,40,12,0,9,24,OTHF, (381),16,7,5
5455,39143,Sandusky,OH,41.293294,-82.965261,1,8541,9,33,7,0,6,22,OIL,540,23,4,5
5456,39143,Sandusky,OH,41.319351,-82.984331,1,8375,9,32,6,0,6,22,SOLAR,"3,796",22,4,5
5458,39035,Cuyahoga,OH,41.555556,-81.589167,1,86426,86,55,15,2,13,22,BIOMASS,"2,051",20,6,5
5459,39161,Van Wert,OH,40.905833,-84.570277,1,7088,11,36,9,0,7,23,WIND,"11,501",18,7,5
5460,39035,Cuyahoga,OH,41.443122,-81.751526,1,164777,44,50,17,6,10,23,SOLAR,"4,135",13,6,5
5461,39153,Summit,OH,41.141773,-81.474535,1,81823,21,28,8,3,5,21,OIL,707,19,6,5
5462,39103,Medina,OH,41.012786,-81.764344,1,25304,6,23,6,0,4,20,SOLAR,"11,195",19,6,5
5463,39103,Medina,OH,41.000755,-81.75074,1,25229,6,24,7,1,4,20,SOLAR,"3,587",17,6,5
5464,39173,Wood,OH,41.396,-83.582,1,4034,19,56,8,0,9,15,SOLAR,"39,445",9,2,5
5465,39151,Stark,OH,40.702397,-81.58983,1,5408,2,28,9,2,2,20,SOLAR,"2,233",19,7,5
5466,39149,Shelby,OH,40.444969,-84.047247,1,2098,4,24,7,0,7,16,SOLAR,"2,771",22,6,5
5467,39169,Wayne,OH,40.856428,-81.759461,1,10640,14,27,9,2,3,18,SOLAR,"3,280",18,6,5
5468,39109,Miami,OH,40.13043,-84.25545,1,21283,8,37,10,0,4,22,SOLAR,"21,630",17,7,5
5469,39109,Miami,OH,40.140866,-84.23148,1,22363,7,36,10,0,4,22,SOLAR,"2,604",17,7,5
5470,39037,Darke,OH,40.2207,-84.4978,1,4386,2,14,4,0,1,18,SOLAR,"2,663",19,5,5
5471,39129,Pickaway,OH,39.7139,-83.1778,1,937,3,33,14,0,1,22,GAS,"557,272",18,5,5
5472,39123,Ottawa,OH,41.5967,-83.0861,1,1035,8,17,9,0,1,20,NUCLEAR,"7,985,728",37,1,5
5473,39089,Licking,OH,40.073337,-82.517957,1,13797,10,12,1,0,3,16,SOLAR,"1,980",15,5,5
5474,39017,Butler,OH,39.465,-84.3778,1,36100,22,34,14,2,6,22,GAS,"1,863",16,6,5
5475,39049,Franklin,OH,39.952367,-83.014425,1,125767,37,43,11,1,6,19,OIL,0,9,4,5
5477,39157,Tuscarawas,OH,40.5416,-81.4985,1,16118,9,25,8,0,4,19,OIL,134,21,3,5
5478,39119,Muskingum,OH,40.0928,-82.0276,1,3390,4,24,8,0,3,13,GAS,"3,910,371",16,4,5
5479,39061,Hamilton,OH,39.137935,-84.504948,1,134539,44,45,10,1,7,19,OIL,249,12,5,5
5480,39171,Williams,OH,41.449992,-84.767208,1,2691,9,38,8,0,7,18,OIL,110,19,5,5
5481,39063,Hancock,OH,41.06571,-83.40949,1,905,8,31,7,0,0,15,BIOMASS,"21,413",21,2,5
5482,39035,Cuyahoga,OH,41.602222,-81.496944,1,83926,51,33,7,1,7,20,WIND,560,17,5,5
5483,39063,Hancock,OH,41.101219,-83.644394,1,14272,13,35,7,1,3,18,WIND,"7,166",14,7,5
5484,39097,Madison,OH,39.777493,-83.367069,1,315,11,21,10,2,3,22,SOLAR,"7,995",18,7,5
5485,39155,Trumbull,OH,41.148019,-80.883753,1,4460,7,29,11,0,6,18,SOLAR,"1,532",25,5,5
5486,39143,Sandusky,OH,41.377116,-83.161388,1,10789,28,36,8,1,4,21,GAS,"3,372,146",19,5,5
5487,39033,Crawford,OH,40.7303,-82.7939,1,13302,4,43,11,1,6,23,OIL,167,21,5,5
5488,39053,Gallia,OH,38.9347,-82.1158,1,2036,6,23,12,0,1,22,COAL,"13,530,200",19,2,5
5489,39007,Ashtabula,OH,41.795,-80.91,1,9827,13,36,10,1,6,22,BIOMASS,"19,468",21,5,5
5490,39123,Ottawa,OH,41.5092,-83.3606,1,4269,17,15,11,0,2,21,OIL,130,17,6,5
5491,39145,Scioto,OH,38.6472,-82.8594,1,4022,6,31,6,0,5,14,HYDRO,"262,228",16,4,5
5492,39037,Darke,OH,40.075783,-84.615136,1,11934,6,44,11,0,4,22,GAS,"68,462",24,5,5
5493,39059,Guernsey,OH,39.9364,-81.5354,1,6427,3,37,12,0,8,22,GAS,"8,154,972",15,6,5
5494,39011,Auglaize,OH,40.398844,-84.387266,1,6404,3,13,6,0,1,17,OTHF,0,18,6,5
5495,39011,Auglaize,OH,40.390362,-84.401595,1,4858,2,11,7,0,1,17,SOLAR,"8,229",19,6,5
5496,39017,Butler,OH,39.4098,-84.5543,1,66629,23,39,14,3,8,25,GAS,776,16,6,5
5497,39017,Butler,OH,39.4128,-84.5558,1,64762,23,39,14,3,8,25,HYDRO,"5,718",16,6,5
5498,39087,Lawrence,OH,38.5731,-82.7833,1,5502,7,43,10,0,5,23,GAS,"10,533,130",20,5,5
5499,39065,Hardin,OH,40.659506,-83.813708,1,698,4,41,14,0,4,21,SOLAR,"285,584",16,12,5
5500,39175,Wyandot,OH,40.718292,-83.22865,1,955,3,21,5,0,1,16,WIND,"2,918",35,4,5
5501,39145,Scioto,OH,38.596657,-82.828642,1,5214,10,40,9,0,6,21,COAL,"353,432",16,4,5
5502,39125,Paulding,OH,41.016111,-84.5875,1,881,7,25,6,1,2,20,WIND,"11,722",13,8,5
5503,39015,Brown,OH,39.076972,-83.906046,1,2491,4,30,8,1,3,23,SOLAR,"386,518",15,6,5
5504,39065,Hardin,OH,40.793073,-83.728714,1,581,1,19,4,0,1,18,WIND,"195,053",19,6,5
5505,39153,Summit,OH,41.049604,-81.581577,1,57233,44,46,12,1,8,25,SOLAR,"2,341",18,6,5
5506,39097,Madison,OH,39.943015,-83.317748,1,6217,5,20,9,1,3,22,SOLAR,"2,586",20,4,5
5507,39173,Wood,OH,41.548503,-83.578654,1,24819,15,17,4,2,4,18,SOLAR,906,20,6,5
5508,39149,Shelby,OH,40.4597,-84.0401,1,1980,4,25,8,0,7,16,OIL,34,23,5,5
5509,39155,Trumbull,OH,41.27874,-80.83665,1,29167,27,51,12,0,9,25,SOLAR,"1,619",19,7,5
5510,39053,Gallia,OH,38.9144,-82.1289,1,3948,5,34,17,0,1,23,COAL,"4,561,822",27,3,5
5511,39035,Cuyahoga,OH,41.584444,-81.525555,1,88745,70,42,10,1,8,19,WIND,"4,248",18,6,5
5512,39125,Paulding,OH,41.192377,-84.61256,1,782,6,18,8,0,2,20,WIND,"11,195",13,8,5
5513,39111,Monroe,OH,39.70257,-80.84552,1,2939,2,40,7,0,6,21,GAS,"3,852,850",27,3,5
5514,39093,Lorain,OH,41.3006,-82.1803,1,10455,25,33,6,2,4,18,BIOMASS,"8,950",19,2,5
5515,39035,Cuyahoga,OH,41.516389,-81.597222,1,135671,76,50,13,2,12,20,SOLAR,478,19,6,5
5516,39017,Butler,OH,39.4522,-84.4647,1,26883,13,21,9,0,3,21,GAS,"928,096",13,7,5
5517,39099,Mahoning,OH,40.914444,-80.586111,1,3435,1,33,3,0,3,19,BIOMASS,"28,860",22,4,5
5518,39143,Sandusky,OH,41.466,-83.367,1,3273,10,18,4,0,5,19,WIND,0,19,6,5
5519,39061,Hamilton,OH,39.1128,-84.8036,1,3688,5,26,13,0,5,22,COAL,"2,781,603",16,4,5
5520,39017,Butler,OH,39.472222,-84.401389,1,36129,24,40,16,2,7,24,COAL,"333,038",15,5,5
5521,39017,Butler,OH,39.465,-84.347778,1,30714,22,29,12,1,5,19,GAS,"3,363,086",16,6,5
5522,39011,Auglaize,OH,40.39,-84.398,1,5021,2,11,6,0,1,17,SOLAR,12,19,6,5
5524,39077,Huron,OH,41.244288,-82.708949,1,2094,6,26,6,0,4,16,OIL,83,19,6,5
5525,39077,Huron,OH,41.230142,-82.711785,1,2004,6,25,6,0,4,16,SOLAR,"4,027",19,6,5
5526,39171,Williams,OH,41.5855,-84.5794,1,5036,6,42,11,0,4,21,OIL,323,19,7,5
5527,39113,Montgomery,OH,39.7667,-84.1739,1,97862,37,53,14,2,10,22,OIL,30,12,6,5
5528,39169,Wayne,OH,40.9692,-81.7756,1,9578,8,31,13,2,5,22,GAS,"13,933",17,5,5
5529,39069,Henry,OH,41.355556,-84.1025,1,5835,15,34,6,2,3,18,BIOMASS,0,18,6,5
5530,39069,Henry,OH,41.4079,-84.1095,1,9255,14,37,7,1,3,18,OIL,140,20,7,5
5531,39069,Henry,OH,41.388431,-84.095841,1,9244,14,37,7,1,3,18,SOLAR,"9,417",20,7,5
5532,39025,Clermont,OH,38.9255,-84.0174,1,3731,1,16,9,0,3,14,SOLAR,"1,354",14,6,5
5533,39071,Highland,OH,39.07183,-83.796107,1,1055,1,36,9,0,6,22,SOLAR,"42,418",14,6,5
5534,39155,Trumbull,OH,41.166928,-80.74769,1,37551,8,34,9,1,5,22,OIL, (376),22,4,5
5535,39155,Trumbull,OH,41.168019,-80.752918,1,35142,8,34,10,1,5,23,OIL,418,22,4,5
5536,39125,Paulding,OH,41.016944,-84.593611,1,884,7,25,6,1,2,19,WIND,"279,419",12,8,5
5537,39113,Montgomery,OH,39.6088,-84.2921,1,28782,10,25,8,1,7,22,GAS,208,18,5,5
5539,39093,Lorain,OH,41.2836,-82.2194,1,10061,27,34,5,2,5,19,GAS,292,20,2,5
5540,39093,Lorain,OH,41.302761,-82.227047,1,10218,27,34,5,2,5,19,SOLAR,"2,126",19,2,5
5541,39065,Hardin,OH,40.759622,-83.8391,1,6876,15,33,3,3,4,17,SOLAR,"4,354",10,3,5
5542,39173,Wood,OH,41.3884,-83.6402,1,30851,18,47,5,1,7,11,GAS,"1,523",10,4,5
5543,39017,Butler,OH,39.3528,-84.5183,1,60847,35,31,10,4,6,22,GAS,"1,505",15,6,5
5544,39095,Lucas,OH,41.667928,-83.443664,1,19543,26,32,11,2,9,22,GAS,"6,505,100",19,6,5
5545,39169,Wayne,OH,40.850964,-81.765764,1,10601,14,27,9,2,3,18,GAS,"10,623",18,6,5
5546,39169,Wayne,OH,40.86,-81.7586,1,10900,14,27,9,2,3,18,OIL,103,18,6,5
5547,39095,Lucas,OH,41.6447,-83.5364,1,91566,57,61,19,2,13,26,SOLAR,"1,419",12,7,5
5548,39173,Wood,OH,41.614879,-83.557244,1,59350,43,50,15,2,10,23,SOLAR,"2,431",14,6,5
5549,39147,Seneca,OH,41.1718,-83.3777,1,14219,24,34,8,2,6,22,GAS,"21,451",17,8,5
5550,39137,Putnam,OH,41.12055,-83.97062,1,3019,37,30,13,3,3,17,GAS,"13,046",20,8,5
5551,39101,Marion,OH,40.622,-83.157,1,19292,26,54,16,0,19,20,GAS,"29,731",13,5,5
5552,39049,Franklin,OH,39.961419,-83.049072,1,118449,29,39,12,2,5,20,OIL,3,11,5,5
5553,39085,Lake,OH,41.7265,-81.254,1,40868,27,31,11,3,5,21,COAL,749,16,6,5
5554,39061,Hamilton,OH,39.141852,-84.51074,1,134014,48,48,10,1,8,19,SOLAR,"1,408",12,6,5
5555,39125,Paulding,OH,41.025278,-84.779166,1,462,6,22,6,0,3,19,WIND,"300,185",15,8,5
5556,39125,Paulding,OH,41.121,-84.751,1,585,7,19,7,0,2,19,WIND,"299,463",23,6,5
5557,39085,Lake,OH,41.8006,-81.1439,1,6823,13,20,11,0,4,19,NUCLEAR,"8,220,912",20,4,5
5558,39109,Miami,OH,40.133848,-84.237258,1,21672,7,36,10,0,4,22,OIL, (242),17,7,5
5559,39141,Ross,OH,39.324611,-82.974039,1,23536,15,39,9,1,7,24,GAS,"291,641",20,6,5
5560,39061,Hamilton,OH,39.175,-84.5042,1,107472,57,46,11,1,8,23,GAS,"9,375",15,6,5
5561,39139,Richland,OH,40.53,-82.4,1,1397,2,40,17,1,1,21,OIL,38,10,13,5
5562,39101,Marion,OH,40.4411,-83.1883,1,2162,4,25,4,0,2,17,OIL,100,14,9,5
5563,39091,Logan,OH,40.449444,-83.893333,1,4274,7,36,9,0,5,23,WIND,"7,605",24,4,5
5564,39105,Meigs,OH,38.9153,-81.9081,1,1174,4,46,12,7,0,16,HYDRO,"215,267",12,9,5
5565,39043,Erie,OH,41.3362,-82.602,1,3039,2,11,4,0,3,19,BIOMASS,"11,148",27,7,5
5566,39049,Franklin,OH,39.9294,-83.012,1,87562,38,44,15,1,6,23,OIL,1,11,5,5
5567,39039,Defiance,OH,41.305203,-84.334622,1,13395,21,33,8,1,6,21,GAS,"231,458",18,6,5
5568,39161,Van Wert,OH,40.9297,-84.7392,1,1790,6,21,8,0,2,19,GAS,"184,978",18,10,5
5569,39163,Vinton,OH,39.0839,-82.3328,1,519,5,42,20,0,7,23,GAS,"2,273,194",23,1,5
5570,39049,Franklin,OH,39.95,-83.015833,1,121031,36,42,12,1,6,20,OIL,2,10,4,5
5571,39141,Ross,OH,39.41473,-82.96285,1,3143,12,31,11,0,7,21,SOLAR,"31,408",16,6,5
5572,39051,Fulton,OH,41.515211,-84.293549,1,5301,19,22,6,2,5,21,BIOMASS,"7,126",22,6,5
5573,39091,Logan,OH,40.561389,-83.736389,1,521,1,24,9,0,7,18,WIND,"521,333",26,8,5
5574,39103,Medina,OH,41.0317,-81.8714,1,6883,5,13,7,0,2,17,OIL,153,23,4,5
5575,39139,Richland,OH,40.8969,-82.6625,1,10184,5,30,8,0,2,21,OIL,23,18,7,5
5576,39139,Richland,OH,40.896042,-82.672395,1,10109,5,30,8,0,2,21,SOLAR,"3,665",18,7,5
5577,39139,Richland,OH,40.908889,-82.653333,1,9697,5,30,9,0,2,21,OIL,37,18,7,5
5578,39149,Shelby,OH,40.27917,-84.19097,1,18679,14,33,12,2,6,21,OIL,38,17,5,5
5579,39029,Columbiana,OH,40.63534,-80.678245,1,5507,10,38,13,0,5,24,GAS,"8,253,298",20,4,5
5580,39023,Clark,OH,39.893889,-83.805556,1,43466,33,51,17,2,9,25,SOLAR,"1,132",14,7,5
5581,39011,Auglaize,OH,40.5458,-84.3889,1,10464,5,19,7,0,1,20,OIL,73,17,7,5
5582,39171,Williams,OH,41.5014,-84.4283,1,2119,11,31,6,0,3,17,OIL,27,14,4,5
5583,39127,Perry,OH,39.912438,-82.244992,1,1660,3,20,9,0,3,18,BIOMASS,"30,506",14,9,5
5584,39133,Portage,OH,41.143056,-81.340833,1,38444,17,41,5,2,9,15,GAS,"30,954",12,4,5
5585,39175,Wyandot,OH,40.946934,-83.162438,1,1357,5,26,8,0,3,18,SOLAR,0,25,3,5
5586,39113,Montgomery,OH,39.727249,-84.211084,1,73555,39,43,11,1,11,18,GAS,"1,298,004",12,5,5
5587,39125,Paulding,OH,41.121,-84.751,1,585,7,19,7,0,2,19,WIND,"379,200",23,6,5
5588,39125,Paulding,OH,41.092297,-84.725702,1,2257,6,22,7,0,3,19,SOLAR,"25,041",18,7,5
5589,39095,Lucas,OH,41.6325,-83.5042,1,59944,40,54,17,2,13,24,OIL,"1,421",13,8,5
5590,39173,Wood,OH,41.47724,-83.45983,1,3775,8,14,5,0,1,21,GAS,"821,693",23,4,5
5591,39063,Hancock,OH,41.084329,-83.644131,1,25300,15,36,8,2,4,20,WIND,"6,940",16,6,5
5592,39037,Darke,OH,40.2247,-84.4769,1,4377,2,13,4,0,1,18,OIL,100,19,5,5
5593,39081,Jefferson,OH,40.5317,-80.6319,1,3756,5,31,12,0,7,22,COAL,"896,227",20,5,5
5594,39103,Medina,OH,41.03539,-81.74896,1,28761,5,18,4,0,3,18,OIL,383,19,5,5
5595,39103,Medina,OH,41.086303,-81.72744,1,12596,6,12,3,1,3,17,OIL,373,20,5,5
5596,39025,Clermont,OH,38.9917,-84.2981,1,5419,3,21,9,0,3,20,OTHF, (430),23,5,5
5597,39011,Auglaize,OH,40.544,-84.187,1,10179,8,31,8,0,4,20,SOLAR,"22,985",19,5,5
5598,39167,Washington,OH,39.58,-81.6564,1,2508,4,38,6,0,3,21,GAS,"5,241,651",20,7,5
5599,39167,Washington,OH,39.5333,-81.7178,1,1050,0,30,10,0,2,21,GAS,"5,425,452",23,4,5
5600,39093,Lorain,OH,41.163069,-82.227208,1,6377,4,21,10,0,2,21,OIL,32,17,8,5
5601,39035,Cuyahoga,OH,41.474,-81.7145,1,126975,51,54,18,6,11,21,GAS,0,11,6,5
5602,39093,Lorain,OH,41.429444,-82.264444,1,18461,26,18,7,1,5,19,OIL,"1,086,809",21,5,5
5603,39037,Darke,OH,40.131293,-84.609857,1,13587,4,44,9,0,3,21,WIND,"10,253",24,5,5
5604,39101,Marion,OH,40.591154,-83.178491,1,17733,13,50,13,0,8,26,WIND,"8,896",14,7,5
5605,39137,Putnam,OH,41.002764,-84.033742,1,6690,11,16,6,0,1,18,WIND,"3,782",18,5,5
5606,39061,Hamilton,OH,39.287747,-84.680313,1,6602,5,23,10,0,2,17,OTHF," (1,383)",18,5,5
5607,39017,Butler,OH,39.4492,-84.4611,1,28982,16,20,8,0,3,21,GAS,"166,823",13,7,5
5608,39143,Sandusky,OH,41.4587,-83.369009,1,3253,10,17,3,0,5,19,OIL,75,19,6,5
5609,39175,Wyandot,OH,40.8795,-83.317072,1,1261,3,25,5,0,2,19,SOLAR,"10,243",21,10,5
5610,39113,Montgomery,OH,39.603,-84.2047,1,57485,22,15,4,2,4,17,GAS,"4,712",17,6,5
5611,39141,Ross,OH,39.502511,-83.065575,1,470,2,41,12,0,17,21,SOLAR,"275,972",13,3,5
5612,39063,Hancock,OH,41.096111,-83.641381,1,18208,14,36,7,1,3,19,WIND,"10,062",14,6,5
5613,39063,Hancock,OH,41.093078,-83.637778,1,20597,15,36,7,1,3,20,WIND,"10,442",16,6,5
5614,40045,Ellis,OK,36.487,-99.739,1,32,15,26,17,0,8,22,WIND,"1,035,630",27,3,6
5615,40015,Caddo,OK,35.0847,-98.23,1,5721,71,54,12,2,7,29,GAS,"1,066,440",12,8,6
5616,40099,Murray,OK,34.386944,-97.136944,1,26,21,16,16,0,4,25,WIND,"354,618",19,4,6
5617,40047,Garfield,OK,36.300964,-97.567042,1,480,8,25,10,0,4,19,WIND,"875,906",21,3,6
5618,40007,Beaver,OK,36.518056,-100.847222,1,36,9,31,3,1,0,18,WIND,"975,274",27,5,6
5619,40031,Comanche,OK,34.850781,-98.577311,1,53,14,9,3,0,1,17,WIND,"64,372",20,4,6
5620,40031,Comanche,OK,34.8661,-98.6056,1,8,52,50,10,3,6,24,WIND,"568,497",18,6,6
5621,40015,Caddo,OK,34.8217,-98.4525,1,154,19,21,20,0,18,17,WIND,"271,995",13,4,6
5622,40015,Caddo,OK,34.910361,-98.5599,1,23,52,50,10,3,6,24,WIND,"294,745",18,6,6
5623,40007,Beaver,OK,36.552151,-100.587557,1,22,8,31,1,1,0,19,WIND,"750,277",29,5,6
5624,40153,Woodward,OK,36.546545,-99.357603,1,61,28,24,17,0,4,21,WIND,"594,920",9,3,6
5625,40047,Garfield,OK,36.476944,-97.685556,1,85,14,16,8,1,1,20,WIND,"364,890",23,6,6
5626,40089,McCurtain,OK,34.138779,-94.684498,1,120,20,24,10,0,1,17,HYDRO,"171,458",18,6,6
5627,40059,Harper,OK,36.7767,-99.6353,1,15,32,36,16,7,3,13,WIND,"21,757",21,7,6
5628,40013,Bryan,OK,33.96895,-96.434611,1,8307,38,44,11,2,4,21,SOLAR,"10,683",14,8,6
5629,40015,Caddo,OK,34.985072,-98.383823,1,217,51,44,8,0,7,15,WIND,"786,307",13,3,6
5630,40017,Canadian,OK,35.5331,-98.1011,1,179,21,23,6,0,3,20,OIL,"1,709",19,7,6
5631,40017,Canadian,OK,35.629722,-98.024722,1,239,12,20,5,0,3,17,WIND,"377,450",25,4,6
5632,40059,Harper,OK,36.637733,-99.601869,1,6,28,36,8,8,3,15,WIND,"164,224",18,6,6
5633,40071,Kay,OK,36.813889,-97.125278,1,250,26,35,12,0,5,22,GAS,"215,151",16,4,6
5634,40099,Murray,OK,34.47741,-97.105237,1,3389,29,37,12,1,5,25,SOLAR,"10,683",19,6,6
5635,40047,Garfield,OK,36.574722,-97.673611,1,219,14,17,6,0,2,19,WIND,"922,349",20,8,6
5636,40013,Bryan,OK,33.968856,-96.434578,1,8307,38,44,11,2,4,21,SOLAR,"9,721",14,8,6
5637,40097,Mayes,OK,36.222058,-95.277064,1,1239,38,44,11,0,5,23,GAS,"6,922,803",18,7,6
5638,40031,Comanche,OK,34.5431,-98.3244,1,3573,57,22,17,1,1,23,GAS,"511,873",15,1,6
5639,40143,Tulsa,OK,36.1319,-96.0181,1,44639,37,38,11,1,6,21,BIOMASS," (17,931)",16,5,6
5640,40047,Garfield,OK,36.31792,-97.58589,1,506,8,25,10,0,4,19,SOLAR,"18,338",21,3,6
5641,40043,Dewey,OK,36.035,-98.722222,1,50,25,30,7,7,0,18,WIND,"356,453",26,2,6
5642,40119,Payne,OK,35.982597,-96.775683,1,9382,26,43,11,0,4,24,GAS,575,15,6,6
5643,40015,Caddo,OK,34.8981,-98.227872,1,1289,33,36,6,0,12,12,SOLAR,"7,192",14,4,6
5644,40129,Roger Mills,OK,35.529778,-99.814456,1,74,19,51,9,2,6,15,WIND,"187,808",16,6,6
5645,40069,Johnston,OK,34.487369,-96.780459,1,54,29,27,15,0,5,20,WIND,"926,767",30,6,6
5646,40051,Grady,OK,34.827778,-97.957222,1,835,16,40,17,0,3,20,WIND,"383,423",17,5,6
5647,40129,Roger Mills,OK,35.4642,-99.8983,1,110,19,51,9,2,6,15,WIND,"558,283",16,6,6
5648,40061,Haskell,OK,35.3069,-95.3572,1,495,29,38,10,1,8,17,HYDRO,"216,065",25,3,6
5649,40021,Cherokee,OK,35.8693,-95.2269,1,1035,46,40,9,0,5,22,HYDRO,"140,447",14,7,6
5650,40109,Oklahoma,OK,35.44221,-97.647694,1,27042,46,33,12,4,5,21,GAS,"644,135",14,7,6
5651,40071,Kay,OK,36.838884,-97.181015,1,312,17,21,12,0,5,21,WIND,"493,613",11,2,6
5652,40071,Kay,OK,36.82478,-97.029777,1,320,23,32,11,0,6,21,WIND,"638,756",22,5,6
5653,40101,Muskogee,OK,35.7322,-95.2939,1,10167,40,38,8,1,3,23,GAS,"382,879",19,6,6
5654,40099,Murray,OK,34.514165,-96.915909,1,2089,30,40,10,2,0,24,WIND,"449,799",17,4,6
5655,40139,Texas,OK,36.541389,-101.565556,1,18,59,18,25,14,0,18,WIND,"745,738",16,5,6
5656,40097,Mayes,OK,36.190278,-95.2894,1,2185,36,44,12,0,6,23,GAS,"3,617,025",19,7,6
5657,40053,Grant,OK,36.9708,-97.7053,1,5,16,33,9,1,1,22,WIND,"506,669",28,6,6
5658,40053,Grant,OK,36.927071,-97.696331,1,40,16,33,9,1,1,22,WIND,"538,605",28,6,6
5659,40045,Ellis,OK,36.166503,-99.596006,1,42,16,25,8,2,5,17,WIND,"882,820",28,6,6
5660,40143,Tulsa,OK,35.9833,-95.9346,1,37693,26,15,4,1,3,17,GAS,"3,853,699",16,7,6
5661,40015,Caddo,OK,35.494656,-98.385661,1,1680,43,34,23,2,4,17,SOLAR,"3,361",9,7,6
5662,40109,Oklahoma,OK,35.50866,-97.17969,1,6118,22,36,11,0,3,22,GAS,"865,191",17,7,6
5663,40023,Choctaw,OK,34.0158,-95.3206,1,539,25,38,14,0,9,25,COAL,"635,257",28,5,6
5664,40089,McCurtain,OK,33.9961,-95.1114,1,1475,29,39,15,2,6,22,BIOMASS,"395,059",17,5,6
5665,40071,Kay,OK,36.6994,-96.9278,1,655,15,27,8,0,4,23,HYDRO,"8,555",24,6,6
5666,40071,Kay,OK,36.984167,-97.133611,1,70,13,29,6,1,4,21,WIND,"940,111",23,5,6
5667,40153,Woodward,OK,36.276111,-99.490833,1,62,21,23,9,9,6,21,WIND,"252,817",20,5,6
5668,40143,Tulsa,OK,36.1508,-96.2517,1,3019,30,27,11,1,3,20,HYDRO,"92,832",20,4,6
5669,40047,Garfield,OK,36.400148,-97.477464,1,70,11,24,6,0,5,19,WIND,"806,276",31,5,6
5670,40073,Kingfisher,OK,35.8575,-97.9277,1,5682,27,30,8,3,1,23,OIL,210,17,6,6
5671,40073,Kingfisher,OK,35.770278,-97.799722,1,144,23,23,7,2,3,12,WIND,"820,274",11,4,6
5672,40059,Harper,OK,36.7106,-99.8906,1,1226,25,36,2,8,3,17,OIL,283,16,5,6
5673,40149,Washita,OK,35.194722,-98.907222,1,31,14,32,6,0,4,18,WIND,"310,445",22,3,6
5674,40043,Dewey,OK,35.978889,-98.710278,1,44,25,30,7,7,0,18,WIND,"739,758",26,2,6
5675,40055,Greer,OK,34.8836,-99.5022,1,3149,25,51,17,0,11,24,GAS,0,15,8,6
5676,40085,Love,OK,33.943183,-97.108608,1,3368,50,50,27,3,3,27,SOLAR,"1,376",14,8,6
5677,40097,Mayes,OK,36.2317,-95.1822,1,2657,55,44,13,0,7,23,HYDRO,"123,474",16,5,6
5678,40093,Major,OK,36.293919,-98.164671,1,125,25,26,14,3,2,18,WIND,"912,097",17,7,6
5679,40087,McClain,OK,35.29774,-97.58985,1,8145,31,16,8,2,3,15,GAS,"2,583,740",11,6,6
5680,40051,Grady,OK,35.280278,-97.975556,1,1190,16,30,12,2,4,18,WIND,"343,863",18,6,6
5681,40051,Grady,OK,35.325278,-98.071389,1,384,19,23,10,3,4,17,WIND,"296,494",18,5,6
5682,40015,Caddo,OK,35.372359,-98.182731,1,193,20,39,15,1,3,18,WIND,"421,709",22,5,6
5683,40017,Canadian,OK,35.381047,-98.269562,1,174,21,41,14,2,4,19,WIND,"463,062",19,5,6
5684,40153,Woodward,OK,36.43725,-99.22543,1,1367,13,19,7,5,1,19,GAS,"86,819",16,5,6
5685,40101,Muskogee,OK,35.76135,-95.28732,1,7225,40,32,7,1,5,22,GAS,"1,804,982",18,5,6
5686,40017,Canadian,OK,35.46988,-97.67498,1,44409,44,36,11,3,5,19,GAS,"564,512",12,7,6
5687,40071,Kay,OK,36.846667,-97.4175,1,165,18,23,12,1,5,21,WIND,"89,320",12,3,6
5688,40027,Cleveland,OK,35.226913,-97.360353,1,9977,35,28,4,3,3,19,SOLAR,"4,196",18,5,6
5689,40131,Rogers,OK,36.4317,-95.7008,1,3347,30,29,9,0,6,19,GAS,"3,489,797",15,7,6
5690,40153,Woodward,OK,36.333803,-99.480144,1,44,21,23,9,9,6,21,WIND,"141,362",20,5,6
5691,40153,Woodward,OK,36.603967,-99.340047,1,36,29,27,17,2,4,20,WIND,"152,985",11,4,6
5692,40145,Wagoner,OK,36.0119,-95.6967,1,17201,23,14,5,1,4,14,GAS,"5,621,549",18,6,6
5693,40099,Murray,OK,34.446111,-97.269722,1,63,21,16,16,0,4,25,WIND,"519,805",19,4,6
5694,40113,Osage,OK,36.706944,-96.700278,1,207,21,32,9,0,5,21,WIND,"511,878",22,8,6
5695,40113,Osage,OK,36.669425,-96.347408,1,3400,44,45,11,2,3,25,OIL,375,18,2,6
5696,40097,Mayes,OK,36.4675,-95.041389,1,2008,39,40,13,0,4,12,HYDRO,"227,995",30,3,6
5697,40153,Woodward,OK,36.174278,-99.349164,1,282,15,32,8,0,5,22,WIND,"827,708",15,6,6
5698,40015,Caddo,OK,35.013397,-98.444717,1,121,46,44,10,0,6,20,SOLAR,"4,624",15,2,6
5699,40071,Kay,OK,36.71979,-97.085758,1,24498,31,43,10,1,7,23,GAS,"30,974",17,7,6
5700,40007,Beaver,OK,36.555532,-100.668949,1,44,8,31,1,1,0,19,WIND,"920,763",29,5,6
5701,40073,Kingfisher,OK,36.051,-97.784,1,92,11,10,1,5,0,19,WIND,"843,980",15,8,6
5702,40129,Roger Mills,OK,35.535,-99.3828,1,154,23,35,8,0,6,18,WIND,"151,978",17,7,6
5703,40051,Grady,OK,35.290759,-97.854,1,2739,16,22,10,0,8,19,WIND,"379,335",15,8,6
5704,40109,Oklahoma,OK,35.6856,-97.2264,1,1799,15,21,7,0,1,23,GAS,"5,026,413",18,4,6
5705,40079,Le Flore,OK,35.1931,-94.6458,1,2657,27,49,17,1,4,23,COAL,"554,308",20,7,6
5706,40143,Tulsa,OK,35.9978,-95.9567,1,44421,29,20,6,2,4,18,GAS,"1,121,335",15,7,6
5707,40135,Sequoyah,OK,35.34447,-94.7755,1,1024,32,37,13,0,3,22,HYDRO,"309,233",19,4,6
5708,40071,Kay,OK,36.927165,-97.4271,1,86,6,22,8,1,2,21,WIND,"378,248",38,5,6
5709,40049,Garvin,OK,34.39529,-97.29315,1,12,34,40,10,3,8,16,WIND,"518,375",17,10,6
5710,40075,Kiowa,OK,35.135556,-99.003056,1,82,17,33,8,1,5,21,WIND,"364,400",21,6,6
5712,40137,Stephens,OK,34.682883,-97.829283,1,211,16,31,7,0,3,21,WIND,"921,001",17,5,6
5713,40097,Mayes,OK,36.264685,-95.103558,1,1212,41,30,12,0,4,24,HYDRO," (53,042)",19,4,6
5714,40043,Dewey,OK,36.1225,-98.992222,1,75,25,31,6,6,1,18,WIND,"720,296",25,2,6
5715,40043,Dewey,OK,36.1225,-98.992222,1,75,25,31,6,6,1,18,WIND,"353,472",25,2,6
5716,40133,Seminole,OK,34.96645,-96.7258,1,1687,39,58,14,0,3,23,GAS,"2,660,627",19,8,6
5717,40149,Washita,OK,35.218328,-99.103992,1,74,15,38,9,1,6,20,WIND,"751,370",21,4,6
5718,40047,Garfield,OK,36.521428,-98.03436,1,127,14,14,4,0,6,18,WIND,"919,048",22,6,6
5719,40059,Harper,OK,36.640278,-99.500556,1,3,32,36,16,7,3,13,WIND,"75,357",21,7,6
5720,40103,Noble,OK,36.45307,-97.05279,1,269,52,48,10,0,9,22,COAL,"988,025",24,7,6
5721,40015,Caddo,OK,35.1009,-98.3524,1,476,35,30,11,0,4,11,GAS,"1,044,078",21,2,6
5722,40083,Logan,OK,35.7422,-97.655,1,1603,23,9,8,5,3,10,GAS,"184,586",11,6,6
5723,40119,Payne,OK,36.161944,-97.036944,1,20453,26,49,7,4,7,19,GAS,"88,395",10,3,6
5724,40151,Woods,OK,36.5597,-98.7492,1,38,24,27,6,2,1,21,WIND,"676,487",25,7,6
5725,40043,Dewey,OK,35.855556,-98.968333,1,88,18,36,8,0,9,19,WIND,"205,560",18,8,6
5726,40121,Pittsburg,OK,34.6831,-95.9349,1,349,36,45,15,0,6,20,GAS,"5,024,481",21,6,6
5727,40135,Sequoyah,OK,35.595,-95.0511,1,1164,32,43,15,0,10,21,HYDRO,"96,712",27,4,6
5728,40103,Noble,OK,36.522,-97.145,1,334,53,49,10,0,10,22,WIND,"977,647",24,7,6
5729,40109,Oklahoma,OK,35.414719,-97.373445,1,24938,36,33,7,1,6,19,GAS,"21,589",16,6,6
5730,40039,Custer,OK,35.727711,-97.793184,1,808,13,7,3,7,5,17,WIND,"3,211,975",12,8,6
5731,40143,Tulsa,OK,36.116492,-95.990974,1,63672,30,33,8,1,5,20,GAS,"214,317",17,5,6
5732,40113,Osage,OK,36.161953,-96.186509,1,3411,29,31,10,1,3,20,BIOMASS,"16,702",22,4,6
5733,40051,Grady,OK,35.266556,-97.846528,1,2646,17,22,11,0,7,19,SOLAR,"3,805",15,8,6
5734,40027,Cleveland,OK,35.2089,-97.4424,1,81594,33,46,6,3,7,15,GAS,0,12,4,6
5735,40015,Caddo,OK,35.0833,-98.2264,1,5759,71,54,12,2,7,29,GAS,"115,420",12,8,6
5736,40151,Woods,OK,36.651,-98.7656,1,31,24,27,6,2,1,21,GAS,"16,842",25,7,6
5737,40039,Custer,OK,35.5094,-98.7346,1,7917,28,52,9,1,6,21,WIND,"571,697",9,6,6
5738,40101,Muskogee,OK,35.5531,-95.1708,1,616,35,40,17,1,8,23,HYDRO,"96,712",30,5,6
5739,40107,Okfuskee,OK,35.3233,-96.1352,1,1323,47,56,18,0,3,19,GAS,"7,137",15,4,6
5740,40015,Caddo,OK,34.96684,-98.25689,1,209,39,43,4,0,5,9,WIND,"15,162",22,6,6
5741,40127,Pushmataha,OK,34.591031,-95.191808,1,84,38,48,18,3,7,10,WIND,"414,274",24,3,6
5742,41031,Jefferson,OR,44.528056,-121.152778,1,2146,45,21,12,3,3,19,HYDRO,"4,223",11,5,10
5743,41031,Jefferson,OR,44.675,-121.122,1,4295,41,39,11,2,10,22,SOLAR,"20,081",22,8,10
5744,41037,Lake,OR,42.170176,-120.402317,1,2419,33,49,15,0,8,20,SOLAR,"105,339",23,7,10
5745,41037,Lake,OR,43.31942,-121.0035,1,35,9,26,21,0,10,18,SOLAR,"24,215",24,5,10
5746,41021,Gilliam,OR,45.7167,-120.2008,1,861,20,32,13,2,5,18,WIND,"177,834",19,4,10
5747,41037,Lake,OR,42.175,-120.3598,1,3691,28,47,16,0,9,20,SOLAR,"16,997",26,6,10
5748,41001,Baker,OR,44.702418,-117.763482,1,118,11,40,15,0,0,24,SOLAR,"29,501",28,6,10
5749,41005,Clackamas,OR,45.269444,-122.771667,1,19719,26,26,6,1,6,16,SOLAR,"1,329",21,4,10
5750,41071,Yamhill,OR,45.077,-123.395,1,9337,24,33,11,0,5,18,SOLAR,"3,642",16,3,10
5751,41017,Deschutes,OR,44.060814,-121.237203,1,37361,16,29,6,2,3,17,SOLAR,"21,543",17,5,10
5752,41009,Columbia,OR,46.172401,-123.17392,1,901,18,29,8,0,3,18,GAS,"1,691,849",23,2,10
5754,41017,Deschutes,OR,44.062326,-121.313331,1,80459,16,24,4,1,4,14,HYDRO,83,16,5,10
5755,41001,Baker,OR,44.366944,-117.343889,1,10,6,70,15,0,7,24,WIND,"26,776",32,3,10
5756,41047,Marion,OR,44.7514,-122.2832,1,19,8,19,8,0,6,20,HYDRO,"75,821",35,4,10
5757,41049,Morrow,OR,45.655,-119.4647,1,51,16,27,5,1,1,17,WIND,"3,200",21,6,10
5758,41047,Marion,OR,44.965702,-122.954234,1,78900,53,45,24,7,7,21,SOLAR,"3,195",13,7,10
5759,41055,Sherman,OR,45.653745,-120.603414,1,25,16,32,15,0,3,16,WIND,"934,539",30,2,10
5760,41029,Jackson,OR,42.436111,-122.849958,1,16013,39,41,23,4,6,20,BIOMASS,"136,044",16,8,10
5761,41037,Lake,OR,42.17505,-120.362631,1,3691,28,47,16,0,9,20,SOLAR,"3,813",26,6,10
5762,41035,Klamath,OR,42.392193,-121.024494,1,312,11,44,12,1,6,17,SOLAR,"18,179",37,4,10
5763,41051,Multnomah,OR,45.6441,-121.941009,1,1431,23,20,7,0,6,16,HYDRO,"3,631,018",24,3,10
5764,41005,Clackamas,OR,45.431,-122.285,1,12672,16,16,6,3,3,18,SOLAR,"3,799",19,6,10
5765,41005,Clackamas,OR,45.384949,-122.084421,1,1438,6,21,5,0,7,18,SOLAR,"15,788",18,6,10
5766,41047,Marion,OR,45.15,-122.79,1,15510,61,40,27,12,4,19,SOLAR,"4,538",11,6,10
5767,41047,Marion,OR,44.984217,-122.813127,1,11598,20,27,6,1,7,15,SOLAR,"3,342",16,7,10
5768,41001,Baker,OR,44.465334,-118.204075,1,75,2,56,4,0,20,15,SOLAR,"6,097",58,0,10
5769,41071,Yamhill,OR,45.101804,-123.410102,1,9252,24,33,11,0,5,18,SOLAR,"7,746",16,3,10
5770,41059,Umatilla,OR,45.7017,-119.4222,1,44,13,10,4,0,1,18,WIND,"10,244",25,3,10
5771,41035,Klamath,OR,42.165833,-121.685,1,12721,22,28,7,4,7,20,HYDRO,"1,081",19,7,10
5773,41047,Marion,OR,45.075205,-122.92771,1,4719,57,26,23,4,4,17,SOLAR,"4,255",12,5,10
5774,41049,Morrow,OR,45.698611,-119.813056,1,30,70,42,43,2,2,19,GAS,"3,118,192",16,9,10
5775,41047,Marion,OR,45.172,-122.912,1,11507,54,35,24,6,4,19,SOLAR,"3,881",31,6,10
5776,41035,Klamath,OR,42.610732,-121.861248,1,1199,40,43,10,0,21,25,SOLAR,"19,188",29,3,10
5777,41059,Umatilla,OR,45.88,-118.463333,1,53,7,23,5,0,12,18,WIND,"25,634",7,1,10
5779,41019,Douglas,OR,43.266894,-122.409807,1,171,21,49,6,0,1,21,HYDRO,"26,295",22,4,10
5780,41019,Douglas,OR,42.961126,-123.359138,1,4327,15,37,13,1,13,22,BIOMASS,0,26,3,10
5781,41023,Grant,OR,44.458696,-118.720601,1,918,10,46,10,0,5,19,BIOMASS,0,34,9,10
5782,41003,Benton,OR,44.6969,-123.2234,1,1984,19,14,4,2,5,17,BIOMASS,"42,303",18,4,10
5783,41005,Clackamas,OR,45.17,-122.473,1,3603,13,22,5,0,4,20,SOLAR,"3,498",19,3,10
5784,41059,Umatilla,OR,45.943,-118.591,1,33,7,23,5,0,12,18,WIND,"73,288",7,1,10
5785,41021,Gilliam,OR,45.2766,-120.2794,1,12,15,37,7,0,7,17,WIND,"65,459",43,2,10
5786,41027,Hood River,OR,45.66523,-121.523761,1,14712,39,25,16,4,3,17,HYDRO,"15,577",16,6,10
5787,41053,Polk,OR,45.058,-123.499,1,2961,21,36,10,0,5,20,SOLAR,"3,986",16,6,10
5788,41039,Lane,OR,44.1307,-122.2439,1,181,8,36,2,0,7,18,HYDRO,"47,560",36,1,10
5790,41049,Morrow,OR,45.847998,-119.67392,1,4878,66,49,37,12,1,19,GAS,"1,914,656",11,9,10
5791,41049,Morrow,OR,45.848039,-119.673965,1,4878,66,49,37,12,1,19,GAS,"2,263,061",11,9,10
5792,41065,Wasco,OR,45.614375,-121.136885,1,10678,25,37,14,2,7,20,HYDRO,"41,603",19,6,10
5793,41005,Clackamas,OR,45.26866,-122.32942,1,8497,9,32,7,0,7,20,SOLAR,"3,793",19,5,10
5794,41071,Yamhill,OR,45.17,-123.135,1,2423,29,31,9,5,7,21,SOLAR,"3,562",28,5,10
5796,41039,Lane,OR,43.9242,-122.8055,1,3603,8,39,9,1,3,19,HYDRO,"45,050",21,5,10
5797,41019,Douglas,OR,43.0895,-123.4156,1,6794,19,41,11,0,4,22,BIOMASS,"114,025",28,5,10
5798,41039,Lane,OR,43.786667,-122.958056,1,1425,14,49,14,1,9,20,HYDRO,"11,139",23,2,10
5799,41019,Douglas,OR,43.2898,-123.361638,1,7925,19,29,9,0,6,21,BIOMASS,"17,115",34,5,10
5800,41047,Marion,OR,44.970572,-122.803509,1,8667,22,30,5,1,7,15,SOLAR,"3,529",16,7,10
5801,41029,Jackson,OR,42.3844,-122.7718,1,1141,13,11,8,0,3,19,BIOMASS,"13,497",27,4,10
5802,41005,Clackamas,OR,45.431,-122.286,1,12793,17,16,6,3,4,18,SOLAR,"3,110",19,6,10
5803,41001,Baker,OR,44.353056,-117.323056,1,470,6,70,15,0,7,24,WIND,"22,936",32,3,10
5804,41067,Washington,OR,45.400524,-122.765822,1,103081,28,16,5,2,5,14,BIOMASS,"8,729",19,6,10
5805,41005,Clackamas,OR,45.318,-122.331,1,8951,9,30,8,0,7,21,SOLAR,"19,216",20,5,10
5806,41029,Jackson,OR,42.514575,-122.757062,1,1414,9,33,10,0,15,20,HYDRO,"14,660",16,9,10
5807,41029,Jackson,OR,42.400814,-122.82917,1,19686,39,37,20,3,5,20,SOLAR,"18,074",13,8,10
5808,41035,Klamath,OR,42.224847,-121.795496,1,20657,24,48,13,1,9,22,HYDRO,0,17,6,10
5809,41031,Jefferson,OR,44.618,-121.205,1,1540,42,36,18,1,4,20,SOLAR,"21,781",17,5,10
5810,41061,Union,OR,45.085221,-117.816273,1,32,8,45,9,0,2,19,WIND,"312,303",26,6,10
5811,41059,Umatilla,OR,45.943,-118.591,1,33,7,23,5,0,12,18,WIND,"146,072",7,1,10
5812,41043,Linn,OR,44.770792,-122.611974,1,2852,12,22,6,1,6,20,BIOMASS,"37,987",27,5,10
5813,41059,Umatilla,OR,46.01279,-118.816246,1,8,30,32,6,1,2,16,WIND,"230,273",18,4,10
5814,41043,Linn,OR,44.396815,-122.350246,1,6,10,18,8,0,12,19,HYDRO,"13,758",21,7,10
5815,41005,Clackamas,OR,45.268045,-122.32009,1,8377,9,33,8,0,7,20,HYDRO,"92,526",19,5,10
5816,41049,Morrow,OR,45.69,-119.61,1,3,19,23,5,0,1,16,BIOMASS,"32,401",24,10,10
5817,41005,Clackamas,OR,45.35,-122.25,1,8658,12,11,8,0,4,20,SOLAR,"19,635",14,5,10
5818,41019,Douglas,OR,43.274221,-122.448978,1,186,21,49,6,0,1,21,HYDRO,"18,294",22,4,10
5819,41037,Lake,OR,43.320081,-121.003496,1,35,9,26,21,0,10,18,SOLAR,"23,829",24,5,10
5820,41037,Lake,OR,43.38988,-120.956087,1,38,9,26,21,0,10,18,SOLAR,"22,681",24,5,10
5821,41043,Linn,OR,44.4146,-122.6712,1,7497,16,41,19,0,8,23,HYDRO,"62,425",20,3,10
5822,41059,Umatilla,OR,45.7286,-119.4181,1,41,14,10,4,0,1,18,WIND,"17,041",25,3,10
5823,41049,Morrow,OR,45.6447,-119.4533,1,53,16,26,5,1,1,17,WIND,"17,297",21,6,10
5824,41047,Marion,OR,44.93013,-122.9375,1,48454,49,37,20,6,6,20,SOLAR,"2,433",16,6,10
5825,41019,Douglas,OR,42.8489,-123.1778,1,110,3,17,10,0,0,23,HYDRO,0,67,0,10
5826,41037,Lake,OR,42.16,-120.4,1,1242,41,53,16,0,7,20,SOLAR,"22,647",25,6,10
5827,41041,Lincoln,OR,44.611944,-123.931944,1,5120,19,41,12,0,14,21,BIOMASS,"59,638",17,6,10
5828,41007,Clatsop,OR,46.153955,-123.40658,1,1518,19,37,8,0,6,20,BIOMASS,"186,725",42,2,10
5829,41055,Sherman,OR,45.562715,-120.708464,1,431,16,32,15,0,3,16,WIND,"596,989",30,2,10
5830,41053,Polk,OR,45.054,-123.61,1,1506,38,42,21,0,4,19,SOLAR,"3,784",19,8,10
5831,41043,Linn,OR,44.4494,-122.5494,1,15,16,36,11,0,9,19,HYDRO,"97,263",25,5,10
5832,41029,Jackson,OR,42.121168,-122.547896,1,305,15,21,3,0,9,17,HYDRO,"32,701",24,2,10
5833,41047,Marion,OR,44.879414,-122.937451,1,17643,30,23,10,2,6,18,SOLAR,"1,883",18,6,10
5834,41045,Malheur,OR,43.936687,-117.381214,1,178,19,27,9,0,10,22,SOLAR,"13,225",28,10,10
5835,41055,Sherman,OR,45.52,-120.5744,1,10,16,32,15,0,3,16,WIND,"175,415",30,2,10
5837,41059,Umatilla,OR,45.8042,-119.37,1,978,27,17,5,2,7,19,GAS,"2,989,539",24,1,10
5838,41059,Umatilla,OR,45.794046,-119.313323,1,7233,56,29,24,9,1,19,GAS,"3,918,106",15,8,10
5839,41039,Lane,OR,43.7107,-122.4238,1,613,5,43,15,0,1,20,HYDRO,"73,727",26,3,10
5840,41021,Gilliam,OR,45.58555,-120.008249,1,26,19,26,13,2,4,17,WIND,"603,449",21,4,10
5841,41045,Malheur,OR,44.151256,-117.000071,1,385,22,38,15,0,4,17,SOLAR,"18,941",17,6,10
5842,41039,Lane,OR,44.0569,-122.9555,1,48005,23,34,10,1,6,21,BIOMASS,"91,225",17,6,10
5843,41047,Marion,OR,45.129,-122.899,1,26703,65,40,31,9,5,19,SOLAR,"3,444",19,6,10
5844,41001,Baker,OR,44.425,-117.273889,1,5,6,70,15,0,7,24,WIND,"25,727",32,3,10
5845,41035,Klamath,OR,42.093611,-122.0703,1,12,20,60,12,0,15,14,HYDRO,"192,002",37,6,10
5846,41055,Sherman,OR,45.71644,-120.69408,1,210,16,31,15,0,3,16,HYDRO,"6,793,297",31,3,10
5847,41017,Deschutes,OR,44.142698,-121.269747,1,8205,20,23,4,0,5,16,HYDRO,"10,926",19,6,10
5848,41005,Clackamas,OR,45.143,-122.609,1,12166,16,21,9,0,6,21,SOLAR,"3,149",13,6,10
5849,41047,Marion,OR,45.083,-122.904,1,4181,61,26,23,4,5,18,SOLAR,"3,849",12,5,10
5850,41035,Klamath,OR,42.173889,-121.810556,1,3914,14,38,12,1,7,21,GAS,"2,881,066",21,6,10
5851,41035,Klamath,OR,42.183,-121.764,1,26491,31,47,13,3,11,23,SOLAR,"5,968",18,7,10
5852,41035,Klamath,OR,42.172718,-121.814393,1,3883,15,38,12,1,7,21,GAS,"184,256",21,6,10
5853,41055,Sherman,OR,45.5563,-120.5507,1,23,16,32,15,0,3,16,WIND,"30,923",30,2,10
5854,41055,Sherman,OR,45.571,-120.593,1,13,16,32,15,0,3,16,WIND,"229,173",30,2,10
5855,41055,Sherman,OR,45.5836,-120.5042,1,22,16,32,15,0,3,16,WIND,"683,995",30,2,10
5856,41047,Marion,OR,45.023,-122.922,1,8127,49,34,23,4,2,16,SOLAR,"3,952",18,6,10
5857,41043,Linn,OR,44.597518,-122.685441,1,706,19,39,8,0,9,18,HYDRO,"4,162",24,8,10
5859,41021,Gilliam,OR,45.652457,-120.209783,1,3,17,31,14,2,6,17,WIND,"254,658",18,3,10
5860,41021,Gilliam,OR,45.651,-120.2598,1,10,17,31,14,2,6,17,WIND,"378,055",18,3,10
5862,41019,Douglas,OR,43.280611,-122.40248,1,171,21,49,6,0,1,21,HYDRO,"118,483",22,4,10
5863,41001,Baker,OR,44.396944,-117.271944,1,14,6,70,15,0,7,24,WIND,"4,787",32,3,10
5864,41039,Lane,OR,43.9153,-122.7531,1,1648,5,36,11,3,2,19,HYDRO,"116,815",23,4,10
5865,41029,Jackson,OR,42.6717,-122.6772,1,205,18,36,7,0,6,18,HYDRO,"221,290",23,3,10
5866,41059,Umatilla,OR,45.9402,-119.2988,1,4683,39,29,18,3,3,18,HYDRO,"3,645,547",17,2,10
5868,41045,Malheur,OR,43.771896,-117.155023,1,266,20,42,11,2,9,19,HYDRO,"4,374",20,9,10
5869,41027,Hood River,OR,45.480701,-121.59984,1,1466,56,54,24,10,3,15,HYDRO,"20,217",18,1,10
5870,41067,Washington,OR,45.57,-123.05,1,3623,39,14,9,3,3,16,SOLAR,"4,299",16,6,10
5871,41071,Yamhill,OR,45.16964,-123.13633,1,2423,29,31,9,5,7,21,SOLAR,"3,725",28,5,10
5872,41013,Crook,OR,44.154107,-120.53409,1,47,15,26,2,0,0,23,SOLAR,"138,956",16,7,10
5873,41005,Clackamas,OR,45.172332,-122.622665,1,9648,14,17,10,0,4,20,SOLAR,"2,947",15,6,10
5874,41021,Gilliam,OR,45.54,-120.18,1,25,17,31,14,2,6,17,SOLAR,"290,554",18,3,10
5875,41021,Gilliam,OR,45.5857,-120.0904,1,16,17,31,14,2,6,17,WIND,"480,516",18,3,10
5876,41045,Malheur,OR,43.951376,-117.07478,1,614,30,70,17,0,0,20,SOLAR,"6,306",17,5,10
5877,41005,Clackamas,OR,45.12795,-122.61382,1,12174,15,21,9,0,5,21,SOLAR,"4,229",13,6,10
5878,41005,Clackamas,OR,45.418564,-122.277905,1,17644,16,14,6,3,4,19,SOLAR,"3,772",16,6,10
5879,41045,Malheur,OR,44.023056,-117.46806,1,9,43,46,18,0,0,17,GEOTHERMAL,"175,991",9,1,10
5880,41017,Deschutes,OR,44.06803,-121.22838,1,30636,15,29,6,1,3,16,SOLAR,"19,692",17,5,10
5881,41035,Klamath,OR,42.695,-121.614,1,5,7,52,14,0,0,25,SOLAR,"9,823",46,0,10
5882,41059,Umatilla,OR,45.917,-119.343,1,6947,43,34,17,6,9,19,SOLAR,"11,427",13,8,10
5883,41005,Clackamas,OR,45.243287,-122.27995,1,2387,18,30,11,0,9,20,HYDRO,"155,141",25,2,10
5884,41021,Gilliam,OR,45.731611,-120.083466,1,6,17,31,14,2,6,17,WIND,"573,556",18,3,10
5885,41067,Washington,OR,45.472,-123.129,1,3513,25,18,5,1,2,18,SOLAR,"3,885",20,4,10
5886,41029,Jackson,OR,42.542084,-122.781338,1,801,11,37,10,0,12,21,SOLAR,"21,336",24,8,10
5887,41035,Klamath,OR,42.022336,-121.418873,1,1512,57,40,19,6,5,15,SOLAR,"23,273",12,7,10
5888,41035,Klamath,OR,42.030332,-121.611565,1,1421,38,32,12,5,4,17,SOLAR,"18,044",16,12,10
5889,41037,Lake,OR,42.208988,-120.367807,1,4364,26,43,15,0,8,20,SOLAR,"23,312",25,5,10
5890,41035,Klamath,OR,42.238888,-121.585833,1,163,19,35,10,1,6,17,SOLAR,"23,675",30,4,10
5891,41017,Deschutes,OR,44.061,-121.228,1,30156,15,30,6,2,4,16,SOLAR,"22,363",17,6,10
5894,41045,Malheur,OR,44.112841,-117.028093,1,583,28,47,20,4,1,18,SOLAR,"5,705",19,6,10
5895,41031,Jefferson,OR,44.49004,-121.298812,1,1441,12,23,8,0,2,16,HYDRO,"24,247",34,4,10
5896,41045,Malheur,OR,43.796766,-117.065311,1,554,21,42,11,2,8,19,SOLAR,"22,319",20,9,10
5897,41049,Morrow,OR,45.38,-119.3332,1,20,18,59,5,3,0,16,WIND,"25,543",10,6,10
5898,41049,Morrow,OR,45.38,-119.3332,1,20,18,59,5,3,0,16,WIND,"25,571",10,6,10
5899,41049,Morrow,OR,45.38,-119.3332,1,20,18,59,5,3,0,16,WIND,"25,441",10,6,10
5900,41049,Morrow,OR,45.38,-119.33322,1,20,18,59,5,3,0,16,WIND,"25,571",10,6,10
5901,41051,Multnomah,OR,45.528457,-122.66317,1,221857,25,22,3,2,6,16,SOLAR,"1,722",13,3,10
5902,41003,Benton,OR,44.564333,-123.289089,1,59336,25,42,4,3,9,9,GAS,"35,445",14,3,10
5903,41059,Umatilla,OR,45.7122,-119.4044,1,31,13,10,4,0,1,18,WIND,"21,245",25,3,10
5904,41035,Klamath,OR,42.254167,-121.785,1,16587,25,49,13,1,8,22,SOLAR,"2,378",17,5,10
5905,41003,Benton,OR,44.573484,-123.31695,1,51097,25,41,3,3,9,8,SOLAR,"1,193",14,3,10
5906,41037,Lake,OR,43.236944,-120.49,1,24,9,26,21,0,10,18,SOLAR,"7,123",24,5,10
5907,41045,Malheur,OR,43.641603,-117.24374,1,3,4,31,12,0,1,17,HYDRO,"13,663",16,9,10
5908,41001,Baker,OR,44.971643,-116.835042,1,59,0,36,10,0,0,20,HYDRO,"900,050",32,0,10
5910,41005,Clackamas,OR,45.448977,-122.151257,1,104,8,24,3,0,0,16,HYDRO,"30,232",27,6,10
5911,41057,Tillamook,OR,45.414444,-123.804167,1,4683,22,25,12,4,4,20,BIOMASS,629,20,8,10
5912,41055,Sherman,OR,45.613061,-120.616906,1,41,16,32,15,0,3,16,WIND,"25,514",30,2,10
5913,41049,Morrow,OR,45.6542,-119.4869,1,28,19,23,5,0,1,16,WIND,"16,048",24,10,10
5915,41071,Yamhill,OR,45.18484,-123.10175,1,3999,35,29,18,3,11,18,SOLAR,"3,882",21,8,10
5916,41021,Gilliam,OR,45.7119,-120.125,1,56,17,31,14,2,6,17,WIND,"190,457",18,3,10
5917,41031,Jefferson,OR,44.694374,-121.231379,1,173,41,17,9,3,5,20,HYDRO,"347,474",24,1,10
5918,41027,Hood River,OR,45.66764,-121.548455,1,15519,38,24,16,4,4,17,HYDRO,"6,276",17,6,10
5919,41047,Marion,OR,45.089244,-122.7705,1,5258,41,35,19,2,7,18,SOLAR,"3,374",21,5,10
5920,41009,Columbia,OR,46.17894,-123.172039,1,859,16,28,8,0,2,18,GAS,"3,067,547",24,2,10
5921,41009,Columbia,OR,46.178889,-123.171944,1,859,16,28,8,0,2,18,GAS,"1,172,401",24,2,10
5922,41013,Crook,OR,44.163296,-120.524077,1,22,15,26,2,0,0,23,SOLAR,"92,946",16,7,10
5923,41029,Jackson,OR,42.730717,-122.515122,1,663,19,34,7,0,6,18,HYDRO,0,24,2,10
5924,41029,Jackson,OR,42.731237,-122.513974,1,684,19,34,7,0,6,18,HYDRO,"163,295",24,2,10
5925,41029,Jackson,OR,42.730606,-122.41846,1,103,11,32,6,0,3,18,HYDRO, (174),31,2,10
5926,41029,Jackson,OR,42.733073,-122.515079,1,684,19,34,7,0,6,18,HYDRO, (60),24,2,10
5927,41001,Baker,OR,44.418056,-117.255,1,5,6,70,15,0,7,24,WIND,"25,188",32,3,10
5928,41047,Marion,OR,44.859838,-123.007913,1,38566,25,23,6,2,4,18,SOLAR,"3,811",18,5,10
5929,41045,Malheur,OR,43.998019,-117.10118,1,501,30,66,21,3,1,20,SOLAR,"9,815",18,5,10
5930,41071,Yamhill,OR,45.087389,-123.417361,1,9398,24,33,11,0,5,18,SOLAR,"3,987",16,3,10
5932,41005,Clackamas,OR,45.299991,-122.350023,1,8810,9,30,8,0,6,21,HYDRO,"83,830",20,4,10
5933,41047,Marion,OR,45.128,-122.828,1,27507,63,43,31,11,5,19,SOLAR,"3,268",17,6,10
5934,41071,Yamhill,OR,45.1672,-123.2511,1,7541,29,33,12,5,5,18,BIOMASS,"27,729",20,5,10
5935,41037,Lake,OR,43.39691,-120.93038,1,33,9,26,21,0,10,18,SOLAR,"23,234",24,5,10
5936,41019,Douglas,OR,43.186111,-123.380278,1,22278,13,36,8,0,5,21,BIOMASS,"5,533",20,5,10
5937,41031,Jefferson,OR,44.605837,-121.277334,1,189,22,14,15,0,1,19,HYDRO,"780,181",27,3,10
5938,41005,Clackamas,OR,45.42,-122.333,1,11017,18,11,6,3,5,18,SOLAR,"6,484",18,5,10
5939,41005,Clackamas,OR,45.102,-122.662,1,1776,19,14,12,0,1,19,SOLAR,"4,077",20,5,10
5940,41005,Clackamas,OR,45.182,-122.591,1,12759,15,20,8,0,5,20,SOLAR,"3,883",14,6,10
5941,41047,Marion,OR,45.139507,-122.904499,1,26553,64,39,31,9,5,19,SOLAR,"2,996",19,6,10
5942,41047,Marion,OR,44.985,-122.938,1,45921,55,42,23,6,5,20,SOLAR,"3,268",13,8,10
5943,41047,Marion,OR,45.11601,-122.793791,1,5862,63,39,28,10,6,19,SOLAR,"3,993",10,6,10
5944,41047,Marion,OR,45.254,-122.806,1,6608,25,37,9,2,5,18,SOLAR,"3,741",21,4,10
5945,41047,Marion,OR,44.922,-123.0183,1,105460,37,39,13,4,6,20,OTHF, (338),16,6,10
5946,41049,Morrow,OR,45.6447,-119.4767,1,43,18,34,5,1,1,16,WIND,"19,228",20,8,10
5947,41005,Clackamas,OR,45.431055,-122.29516,1,11671,17,16,7,4,4,18,SOLAR,"2,945",18,6,10
5948,41059,Umatilla,OR,45.90676,-118.4973,1,26,7,23,5,0,12,18,WIND,"22,162",7,1,10
5949,41039,Lane,OR,44.116306,-123.179007,1,43220,21,28,6,1,4,18,BIOMASS,"130,265",19,5,10
5950,41071,Yamhill,OR,45.32543,-123.1769,1,5146,24,20,10,3,3,16,SOLAR,"4,022",16,6,10
5951,41047,Marion,OR,44.826,-122.949,1,5807,15,10,4,0,3,15,SOLAR,"3,452",25,5,10
5953,41039,Lane,OR,43.96211,-122.997361,1,4857,10,27,6,0,3,18,BIOMASS,"22,224",21,8,10
5954,41047,Marion,OR,45.014,-122.807,1,12230,21,27,6,1,7,15,SOLAR,"3,744",17,7,10
5955,41017,Deschutes,OR,44.033022,-121.3297,1,59875,17,23,4,1,4,14,HYDRO,"15,572",17,6,10
5957,41019,Douglas,OR,43.2939,-122.4728,1,51,21,49,6,0,1,21,HYDRO,"48,057",22,4,10
5958,41019,Douglas,OR,43.3061,-122.5014,1,15,21,49,6,0,1,21,HYDRO,"39,506",22,4,10
5959,41013,Crook,OR,44.1843,-120.918,1,32,2,57,7,0,3,19,SOLAR,"115,976",14,9,10
5960,41021,Gilliam,OR,45.706262,-120.079987,1,4,17,31,14,2,6,17,WIND,"608,952",18,3,10
5961,41035,Klamath,OR,42.50136,-120.98944,1,3,7,48,11,0,0,17,HYDRO,"1,809",42,7,10
5962,41047,Marion,OR,45.11994,-122.9361,1,4403,67,25,25,4,4,19,SOLAR,"4,112",13,4,10
5963,41055,Sherman,OR,45.51,-120.48,1,3,16,32,15,0,3,16,WIND,"194,026",30,2,10
5964,41025,Harney,OR,43.50222,-119.14852,1,89,13,36,14,1,3,20,SOLAR,"22,234",27,3,10
5965,41053,Polk,OR,45.068,-123.47,1,2946,19,35,9,0,5,20,SOLAR,"3,779",16,5,10
5967,41005,Clackamas,OR,45.354004,-122.618954,1,75273,16,19,5,1,5,17,HYDRO,"93,421",18,5,10
5968,41005,Clackamas,OR,45.34891,-122.433515,1,3229,13,14,6,0,8,19,SOLAR,"4,191",23,4,10
5969,41047,Marion,OR,44.97,-122.78,1,9908,21,29,6,1,7,13,SOLAR,"4,744",16,6,10
5970,41047,Marion,OR,45.27,-122.82,1,8792,18,25,5,1,4,17,SOLAR,"3,389",19,4,10
5971,41071,Yamhill,OR,45.1,-123.52,1,2770,17,34,9,0,5,20,SOLAR,"4,470",17,5,10
5972,41005,Clackamas,OR,45.46,-122.29,1,5064,17,15,7,9,2,13,SOLAR,"3,830",24,4,10
5973,41071,Yamhill,OR,45.08,-123.4,1,9308,24,33,11,0,5,18,SOLAR,"4,683",16,3,10
5974,41005,Clackamas,OR,45.140551,-122.649655,1,3788,14,14,13,0,3,19,SOLAR,"4,665",16,7,10
5976,41065,Wasco,OR,45.614,-121.1346,1,10111,26,36,14,2,7,20,HYDRO,"5,406,985",19,6,10
5977,41005,Clackamas,OR,45.131407,-122.619475,1,12129,15,21,9,0,5,21,SOLAR,"4,006",13,6,10
5978,41049,Morrow,OR,45.6758,-119.9375,1,22,47,30,25,3,1,17,WIND,"19,549",21,6,10
5979,41049,Morrow,OR,45.71,-119.901111,1,11,70,42,43,2,2,19,GAS,"37,601",16,9,10
5980,41045,Malheur,OR,43.93097,-116.987626,1,848,49,55,28,6,5,19,SOLAR,"18,269",14,9,10
5981,41005,Clackamas,OR,45.375,-122.265,1,15590,14,14,7,0,4,20,SOLAR,"3,106",15,6,10
5983,41019,Douglas,OR,43.272729,-122.447498,1,186,21,49,6,0,1,21,HYDRO,"166,485",22,4,10
5984,41017,Deschutes,OR,44.192575,-121.233106,1,2957,13,24,4,3,4,18,SOLAR,"18,769",24,8,10
5985,41045,Malheur,OR,43.642023,-117.232674,1,3,4,31,12,0,1,17,HYDRO,"15,280",16,9,10
5986,41039,Lane,OR,44.048333,-123.073889,1,122457,22,42,6,2,8,15,GAS,528,16,4,10
5987,41045,Malheur,OR,43.965031,-117.25806,1,3116,21,39,12,2,7,22,SOLAR,"20,616",19,6,10
5988,41045,Malheur,OR,44.157874,-117.44434,1,192,15,41,9,1,5,21,SOLAR,"5,705",15,7,10
5989,41053,Polk,OR,45.033,-123.094,1,1807,16,21,8,2,5,14,SOLAR,"3,345",27,3,10
5990,41059,Umatilla,OR,45.936157,-118.65999,1,25,10,24,4,0,10,18,WIND,"61,721",10,1,10
5991,41059,Umatilla,OR,45.899167,-118.591389,1,12,7,23,5,0,12,18,WIND,"329,169",7,1,10
5992,41047,Marion,OR,45.00812,-123.05286,1,46783,31,26,10,2,5,17,BIOMASS,"8,409",18,6,10
5993,41049,Morrow,OR,45.6531,-119.4625,1,51,16,27,5,1,1,17,WIND,"6,238",21,6,10
5994,41063,Wallowa,OR,45.266702,-117.212732,1,62,19,27,10,3,5,18,HYDRO,"1,432",34,8,10
5995,41039,Lane,OR,44.069636,-122.835046,1,2521,16,13,5,1,7,18,HYDRO,"52,828",26,4,10
5996,41059,Umatilla,OR,45.6967,-119.4097,1,47,13,10,4,0,1,18,WIND,"14,243",25,3,10
5997,41031,Jefferson,OR,44.724242,-121.247729,1,1316,94,51,16,1,14,20,HYDRO,"57,080",11,6,10
5998,41021,Gilliam,OR,45.5739,-120.2969,1,23,17,31,14,2,6,17,BIOMASS,"78,679",18,3,10
5999,41025,Harney,OR,43.50259,-119.14713,1,89,13,36,14,1,3,20,SOLAR,"23,155",27,3,10
6000,41021,Gilliam,OR,45.675804,-120.31832,1,1,30,38,9,3,3,19,WIND,"190,777",27,5,10
6001,41049,Morrow,OR,45.55975,-119.6338,1,25,19,23,5,0,1,16,WIND,"273,253",24,10,10
6002,41049,Morrow,OR,45.55975,-119.6338,1,25,19,23,5,0,1,16,WIND,"682,120",24,10,10
6003,41047,Marion,OR,45.137,-122.799,1,17726,68,44,33,14,5,19,SOLAR,"4,253",10,6,10
6004,41049,Morrow,OR,45.6533,-119.9914,1,12,22,19,12,3,1,16,WIND,"139,988",25,4,10
6005,41001,Baker,OR,44.381944,-117.273056,1,615,6,70,15,0,7,24,WIND,"28,990",32,3,10
6006,41035,Klamath,OR,42.236443,-121.57766,1,193,19,36,10,1,6,17,SOLAR,"17,371",30,3,10
6007,41055,Sherman,OR,45.5846,-120.59994,1,24,16,32,15,0,3,16,SOLAR,"19,550",30,2,10
6008,41071,Yamhill,OR,45.108889,-123.278611,1,432,27,31,11,0,7,18,SOLAR,955,17,4,10
6009,42091,Montgomery,PA,40.139167,-75.191667,1,66366,23,11,3,2,4,18,SOLAR,"1,285",19,6,3
6011,42005,Armstrong,PA,40.896596,-79.478982,1,1412,2,29,8,0,5,21,HYDRO,"73,220",21,3,3
6012,42005,Armstrong,PA,40.955961,-79.550681,1,601,4,28,9,0,6,22,HYDRO,"86,656",25,4,3
6013,42005,Armstrong,PA,40.716389,-79.577222,1,2093,3,24,6,0,6,17,HYDRO,"34,706",22,3,3
6014,42005,Armstrong,PA,40.682875,-79.665298,1,5618,5,27,5,0,4,19,HYDRO,"34,706",21,3,3
6015,42021,Cambria,PA,40.383889,-78.579444,1,847,5,18,5,1,3,16,WIND,"178,172",20,3,3
6016,42081,Lycoming,PA,41.151111,-76.917777,1,6687,38,35,15,0,2,10,BIOMASS,"22,545",10,5,3
6017,42015,Bradford,PA,41.663056,-76.805556,1,3228,3,41,13,0,5,20,GAS,"53,657",21,7,3
6018,42029,Chester,PA,39.9647,-75.6578,1,29780,17,18,3,2,5,16,SOLAR,769,16,4,3
6019,42117,Tioga,PA,41.7619,-76.8553,1,776,2,38,10,0,2,19,WIND,"224,011",22,6,3
6020,42005,Armstrong,PA,40.638021,-79.351725,1,1459,2,19,7,1,7,19,GAS,"1,114,133",22,3,3
6021,42015,Bradford,PA,41.611389,-76.843056,1,1870,4,39,14,0,4,20,GAS,"68,136",21,7,3
6022,42007,Beaver,PA,40.691389,-80.323889,1,30779,11,26,5,1,6,20,SOLAR,514,22,5,3
6023,42007,Beaver,PA,40.6219,-80.4336,1,5585,12,26,7,0,8,21,NUCLEAR,"15,012,453",21,5,3
6024,42007,Beaver,PA,40.744105,-80.317839,1,32016,16,33,7,0,6,22,HYDRO,"4,849",21,6,3
6025,42095,Northampton,PA,40.6175,-75.3147,1,47727,42,28,11,6,5,18,GAS,"5,991,454",18,6,3
6026,42105,Potter,PA,41.869326,-77.665939,1,273,5,35,8,0,8,16,WIND,"254,596",27,5,3
6027,42011,Berks,PA,40.268522,-75.799669,1,14358,12,21,9,1,5,15,GAS,"3,239,674",19,6,3
6028,42069,Lackawanna,PA,41.475957,-75.600602,1,32261,9,30,8,0,4,21,OIL,128,22,5,3
6029,42117,Tioga,PA,41.706475,-77.08184,1,2542,6,33,8,0,4,19,GAS,136,18,4,3
6030,42055,Franklin,PA,39.961944,-77.561111,1,8528,15,16,7,0,3,14,BIOMASS,"45,938",24,6,3
6031,42107,Schuylkill,PA,40.669608,-76.380716,1,2382,2,34,13,1,4,24,BIOMASS,"30,285",24,3,3
6032,42133,York,PA,40.096111,-76.6962,1,13531,11,20,10,0,4,17,GAS,"2,684,893",16,6,3
6033,42003,Allegheny,PA,40.464851,-80.043761,1,108259,35,35,7,1,7,22,GAS,"105,248",17,6,3
6034,42119,Union,PA,40.955015,-76.878843,1,16860,16,24,10,1,3,13,GAS,"42,688",20,3,3
6035,42041,Cumberland,PA,40.2142,-77.2061,1,37823,19,26,8,3,4,20,SOLAR,1,20,6,3
6036,42033,Clearfield,PA,41.050201,-78.651901,1,939,3,30,6,0,3,20,SOLAR,"22,823",22,5,3
6037,42021,Cambria,PA,40.412,-78.855,1,4394,2,21,7,0,5,22,GAS,"7,213,102",25,4,3
6038,42021,Cambria,PA,40.350219,-78.645972,1,3935,2,28,6,0,4,10,SOLAR,"12,113",29,5,3
6039,42021,Cambria,PA,40.3042,-78.6908,1,2048,4,33,15,0,2,17,WIND,"121,554",27,5,3
6040,42111,Somerset,PA,39.85,-79.138,1,594,2,49,33,4,2,16,WIND,"85,772",10,12,3
6041,42055,Franklin,PA,39.866944,-77.685833,1,4696,8,27,13,0,3,15,GAS,"243,007",21,8,3
6042,42029,Chester,PA,39.8301,-75.3837,1,62210,61,41,11,1,11,23,OIL,50,15,6,3
6043,42045,Delaware,PA,39.843743,-75.358801,1,72459,57,37,10,2,10,22,GAS,"169,319",15,6,3
6044,42013,Blair,PA,40.522846,-78.476921,1,2706,2,23,4,0,3,18,WIND,"92,785",23,6,3
6045,42021,Cambria,PA,40.55108,-78.79794,1,1588,3,17,5,1,3,21,COAL,"702,327",24,3,3
6046,42063,Indiana,PA,40.3842,-79.0611,1,2312,6,38,8,0,7,20,COAL,"2,859,335",20,5,3
6047,42129,Westmoreland,PA,40.46439,-79.365703,1,1070,2,25,6,0,7,19,HYDRO,"44,547",25,6,3
6048,42045,Delaware,PA,39.8265,-75.3882,1,55055,62,40,11,1,11,23,BIOMASS,"572,070",14,6,3
6049,42091,Montgomery,PA,40.0967,-75.3103,1,91408,39,22,7,4,5,20,BIOMASS,"183,447",14,7,3
6050,42095,Northampton,PA,40.760545,-75.238452,1,17732,24,13,6,1,4,16,SOLAR,"2,709",22,3,3
6051,42017,Bucks,PA,40.08,-74.8917,1,79714,50,27,9,4,7,21,OIL,664,14,7,3
6052,42041,Cumberland,PA,40.1356,-77.5072,1,3267,5,29,16,2,3,19,BIOMASS,"45,785",17,8,3
6053,42071,Lancaster,PA,40.086463,-76.17603,1,12514,16,27,24,6,4,17,BIOMASS,"49,308",16,7,3
6054,42101,Philadelphia,PA,39.968021,-75.125203,1,382697,62,45,16,8,8,23,OIL,84,12,5,3
6055,42041,Cumberland,PA,40.1976,-77.2197,1,32080,18,27,7,2,3,20,SOLAR,"4,383",20,6,3
6056,42047,Elk,PA,41.491466,-78.675759,1,2805,2,27,9,0,5,22,GAS,"65,100",21,5,3
6057,42003,Allegheny,PA,40.43727,-79.98741,1,157443,35,40,7,2,6,15,GAS,"24,729",13,3,3
6058,42119,Union,PA,40.941757,-76.893549,1,15403,11,22,8,0,3,14,SOLAR,"2,165",20,3,3
6059,42027,Centre,PA,40.809167,-77.8475,1,66624,23,46,2,4,5,7,GAS,"46,837",10,2,3
6060,42021,Cambria,PA,40.455,-78.7472,1,6714,2,26,7,0,3,19,COAL,"285,119",26,4,3
6061,42045,Delaware,PA,39.858,-75.323,1,85238,36,30,8,2,9,22,GAS,"26,701",15,6,3
6062,42071,Lancaster,PA,40.152693,-76.581401,1,26595,11,17,7,2,2,19,SOLAR,"2,820",20,5,3
6063,42055,Franklin,PA,39.849241,-77.929148,1,4094,11,27,9,0,2,18,SOLAR,"37,867",19,6,3
6064,42055,Franklin,PA,39.799589,-77.811561,1,4284,7,26,7,0,3,16,SOLAR,"27,708",12,6,3
6065,42071,Lancaster,PA,40.188351,-76.171216,1,30833,12,26,14,5,3,18,OIL,75,19,6,3
6066,42017,Bucks,PA,40.1475,-74.7411,1,17906,29,20,5,1,4,18,GAS,"7,975,147",15,5,3
6067,42055,Franklin,PA,39.9389,-77.6583,1,34552,27,30,9,4,4,19,GAS,"1,779",21,6,3
6068,42017,Bucks,PA,40.176486,-74.789976,1,64132,33,24,11,7,6,22,OIL,60,16,6,3
6069,42051,Fayette,PA,39.8592,-79.9182,1,6944,11,34,9,0,6,23,GAS,"5,459,456",16,6,3
6070,42075,Lebanon,PA,40.427558,-76.57313,1,1806,12,23,11,0,2,17,SOLAR,"5,178",17,4,3
6071,42111,Somerset,PA,40.0853,-78.8633,1,1094,2,24,6,0,7,20,WIND,"44,308",27,4,3
6072,42097,Northumberland,PA,40.811189,-76.452951,1,12107,7,36,9,0,7,21,COAL,"103,718",23,5,3
6073,42071,Lancaster,PA,39.9589,-76.4442,1,3265,6,16,10,0,2,17,BIOMASS,"16,379",21,5,3
6074,42075,Lebanon,PA,40.3664,-76.4931,1,15505,16,25,8,1,3,20,BIOMASS,"14,214",16,5,3
6076,42007,Beaver,PA,40.511559,-80.313399,1,3152,12,23,9,0,8,20,SOLAR,"16,202",20,7,3
6077,42085,Mercer,PA,41.1694,-80.1055,1,12704,9,23,6,1,4,19,OIL,"2,809",17,3,3
6079,42107,Schuylkill,PA,40.7903,-76.1983,1,15781,31,38,14,3,5,23,COAL,"624,055",17,3,3
6080,42049,Erie,PA,42.003322,-80.320237,1,10359,9,27,5,0,4,12,OIL,80,18,4,3
6081,42111,Somerset,PA,40.00665,-79.041035,1,12668,14,37,12,0,5,22,BIOMASS,"11,055",18,4,3
6082,42101,Philadelphia,PA,39.942219,-75.188069,1,478128,58,39,9,4,8,21,GAS,"1,173,211",13,5,3
6083,42057,Fulton,PA,39.923887,-78.041221,1,2769,7,34,13,0,7,21,SOLAR,885,24,6,3
6084,42055,Franklin,PA,39.9016,-77.8682,1,2281,3,44,11,0,2,19,SOLAR,336,23,7,3
6085,42095,Northampton,PA,40.8592,-75.2627,1,17465,10,30,11,1,7,19,BIOMASS,"43,996",18,5,3
6086,42111,Somerset,PA,39.851389,-79.070556,1,1263,5,47,25,2,4,16,OTHF," (2,317)",14,9,3
6087,42133,York,PA,40.043856,-76.735474,1,22882,17,17,7,1,5,14,SOLAR,"1,643",16,6,3
6088,42001,Adams,PA,39.908732,-76.988454,1,8286,7,19,11,0,4,17,OIL, (57),20,5,3
6089,42015,Bradford,PA,41.7675,-76.39,1,4250,5,34,13,0,4,20,GAS,"6,211,134",21,6,3
6090,42081,Lycoming,PA,41.180833,-76.839167,1,6489,11,33,9,0,3,18,GAS,"6,399,412",13,7,3
6091,42121,Venango,PA,41.2908,-79.8061,1,619,4,23,6,0,2,17,GAS,"132,733",33,3,3
6092,42043,Dauphin,PA,40.244242,-76.853872,1,87671,54,40,11,6,7,21,BIOMASS,"108,400",14,7,3
6093,42091,Montgomery,PA,40.275214,-75.289218,1,63807,28,17,9,3,4,18,OIL,65,20,5,3
6094,42079,Luzerne,PA,40.949536,-76.04739,1,9112,47,50,16,6,4,22,OTHF," (12,119)",18,6,3
6095,42079,Luzerne,PA,40.928161,-76.040929,1,4065,32,49,15,7,5,23,GAS,"12,092",20,7,3
6096,42075,Lebanon,PA,40.3509,-76.3658,1,29144,29,31,16,5,5,18,GAS,"4,241,847",21,5,3
6097,42073,Lawrence,PA,40.994444,-80.43,1,6471,4,29,6,0,3,18,GAS,"6,567,027",27,6,3
6098,42021,Cambria,PA,40.319561,-78.680633,1,2351,3,30,13,0,3,15,WIND,"167,338",29,4,3
6099,42059,Greene,PA,39.894212,-79.938201,1,6335,5,33,6,1,3,19,GAS,"3,945,562",17,5,3
6100,42071,Lancaster,PA,39.827198,-76.331772,1,2586,5,25,14,3,2,19,HYDRO,"949,793",14,9,3
6101,42063,Indiana,PA,40.512825,-79.196107,1,4534,4,30,6,0,8,18,COAL,"1,014,661",22,5,3
6102,42109,Snyder,PA,40.839014,-76.825517,1,16242,10,36,9,1,4,20,GAS,"7,736,716",22,5,3
6103,42129,Westmoreland,PA,40.216382,-79.647108,1,6424,5,19,5,0,5,19,SOLAR,"3,607",25,5,3
6104,42079,Luzerne,PA,41.200556,-76.07,1,5140,19,36,11,2,4,23,GAS,"603,023",17,5,3
6105,42079,Luzerne,PA,41.2025,-76.068333,1,5714,19,37,12,2,4,23,GAS,"50,292",16,5,3
6106,42001,Adams,PA,39.8662,-77.1648,1,2967,12,20,12,1,3,20,GAS,"39,480",21,5,3
6107,42001,Adams,PA,39.8725,-77.1672,1,2968,12,20,12,1,3,20,GAS,"5,057,551",20,5,3
6108,42091,Montgomery,PA,40.095176,-75.306372,1,83627,37,21,7,3,5,20,SOLAR,0,14,6,3
6109,42063,Indiana,PA,40.6144,-79.1594,1,26640,12,35,4,1,7,13,GAS,"22,528",16,4,3
6110,42101,Philadelphia,PA,40.071128,-74.983057,1,132410,34,24,10,8,6,21,GAS,"2,499",18,7,3
6111,42117,Tioga,PA,41.838,-77.2759,1,903,3,27,9,0,5,21,SOLAR,"1,646",25,5,3
6112,42013,Blair,PA,40.533299,-78.384125,1,44286,11,43,8,0,5,22,GAS,0,17,6,3
6113,42005,Armstrong,PA,40.6604,-79.3411,1,2178,2,20,6,0,6,19,COAL,"2,763,505",23,2,3
6114,42071,Lancaster,PA,39.861111,-76.221111,1,5434,6,28,17,1,4,19,SOLAR,"7,333",20,7,3
6115,42041,Cumberland,PA,40.0264,-77.2344,1,2627,14,19,12,1,5,18,SOLAR,"4,205",21,4,3
6116,42071,Lancaster,PA,40.090556,-76.145556,1,11870,16,28,25,2,5,18,BIOMASS,"15,076",19,7,3
6117,42069,Lackawanna,PA,41.471389,-75.544167,1,20397,10,27,6,0,3,21,GAS,"10,468,498",19,6,3
6118,42051,Fayette,PA,39.720278,-79.856111,1,7248,5,29,9,0,6,21,HYDRO,"86,523",17,5,3
6119,42049,Erie,PA,42.060172,-80.020765,1,12228,12,31,5,0,3,14,BIOMASS,"39,510",25,3,3
6120,42071,Lancaster,PA,40.0711,-76.6436,1,5551,9,17,6,0,3,18,BIOMASS,"186,805",13,8,3
6121,42071,Lancaster,PA,40.1108,-75.9547,1,8554,4,22,25,4,2,20,BIOMASS,"17,747",14,9,3
6122,42081,Lycoming,PA,41.5323,-77.0296,1,196,3,32,8,0,4,17,WIND,"154,149",22,4,3
6123,42045,Delaware,PA,39.8614,-75.3358,1,98962,36,29,8,2,9,21,GAS,"3,995,302",15,6,3
6124,42091,Montgomery,PA,40.224303,-75.58744,1,34182,20,21,6,0,5,18,NUCLEAR,"19,094,075",17,5,3
6125,42101,Philadelphia,PA,39.900833,-75.1675,1,179579,45,32,12,6,8,22,SOLAR,"2,827",14,6,3
6126,42107,Schuylkill,PA,40.855,-76.1292,1,2458,17,45,12,2,13,24,WIND,"54,545",19,4,3
6127,42107,Schuylkill,PA,40.8411,-76.1547,1,7569,21,49,14,3,12,27,WIND,"187,773",18,5,3
6128,42029,Chester,PA,39.866667,-75.667777,1,20839,23,13,6,2,3,15,SOLAR,"1,990",25,5,3
6129,42111,Somerset,PA,39.8794,-78.9183,1,749,1,27,5,0,4,20,WIND,"86,810",26,4,3
6130,42095,Northampton,PA,40.801924,-75.107563,1,6575,7,20,10,0,4,18,GAS,"4,392,264",32,3,3
6131,42081,Lycoming,PA,41.151111,-76.917777,1,6687,38,35,15,0,2,10,BIOMASS,"18,585",10,5,3
6132,42011,Berks,PA,40.472,-75.785,1,14222,15,18,9,1,5,11,SOLAR,622,15,2,3
6133,42017,Bucks,PA,40.1483,-74.7772,1,29396,23,20,7,2,5,21,SOLAR,"3,079",15,5,3
6134,42005,Armstrong,PA,40.921111,-79.281667,1,891,1,42,14,0,6,15,HYDRO,"8,483",19,8,3
6135,42045,Delaware,PA,39.807038,-75.421606,1,46301,50,30,8,3,7,23,GAS,"5,907,246",16,6,3
6136,42029,Chester,PA,39.882778,-75.829444,1,2051,19,7,5,1,2,17,SOLAR,"1,492",23,6,3
6137,42071,Lancaster,PA,40.10596,-76.05934,1,15131,14,25,20,3,2,17,SOLAR,"1,581",23,7,3
6138,42095,Northampton,PA,40.797762,-75.105416,1,6196,7,20,10,0,4,18,OIL,"542,795",33,3,3
6139,42107,Schuylkill,PA,40.640556,-76.605417,1,1375,3,26,13,1,2,19,SOLAR,754,23,3,3
6140,42131,Wyoming,PA,41.420556,-76.049167,1,1914,2,32,9,0,7,21,WIND,"343,329",26,4,3
6141,42091,Montgomery,PA,40.217963,-75.298823,1,69676,27,13,6,3,4,16,GAS,"284,092",22,5,3
6142,42091,Montgomery,PA,40.215399,-75.28309,1,68021,28,14,6,3,4,16,SOLAR,"1,834",22,5,3
6143,42111,Somerset,PA,39.790739,-79.00205,1,3361,3,32,13,0,2,22,OTHF," (5,806)",28,4,3
6144,42111,Somerset,PA,39.790739,-79.002047,1,3361,3,32,13,0,2,22,WIND,"36,806",28,4,3
6145,42095,Northampton,PA,40.73998,-75.27774,1,31486,20,15,6,2,3,18,SOLAR,"4,481",22,4,3
6146,42015,Bradford,PA,41.894444,-76.582778,1,1077,6,30,9,0,5,17,GAS,"49,705",19,4,3
6147,42111,Somerset,PA,39.913408,-79.393644,1,515,6,43,13,0,10,22,WIND,"15,679",25,3,3
6148,42093,Montour,PA,41.0714,-76.6672,1,1930,3,30,12,2,3,18,GAS,"562,285",15,7,3
6149,42011,Berks,PA,40.174563,-75.913688,1,5021,8,17,14,1,2,17,BIOMASS,"4,800",17,5,3
6150,42011,Berks,PA,40.152069,-75.865916,1,8279,8,17,9,1,3,18,SOLAR,"1,264",19,6,3
6151,42091,Montgomery,PA,40.2352,-75.6193,1,48734,27,29,8,1,7,20,OIL,267,15,6,3
6152,42071,Lancaster,PA,40.10846,-76.476728,1,18152,13,18,7,1,4,18,GAS,0,22,5,3
6153,42041,Cumberland,PA,40.12282,-77.1716,1,8319,12,17,5,1,4,16,OIL,"2,982",18,4,3
6154,42055,Franklin,PA,39.8014,-77.7883,1,6288,9,21,6,0,2,17,BIOMASS,"27,038",16,7,3
6155,42079,Luzerne,PA,41.113056,-76.158056,1,2391,5,21,11,0,5,20,GAS,"7,042,515",23,3,3
6156,42071,Lancaster,PA,39.8076,-76.2993,1,2419,5,27,20,3,3,20,HYDRO," (465,686)",15,8,3
6157,42101,Philadelphia,PA,39.890223,-75.185539,1,107757,49,36,14,8,8,22,GAS,567,15,5,3
6158,42073,Lawrence,PA,40.937939,-80.369007,1,5395,7,36,8,0,4,19,GAS,"898,145",25,4,3
6159,42101,Philadelphia,PA,40.013993,-75.05283,1,253836,67,47,18,10,10,23,GAS,"8,383",11,8,3
6160,42013,Blair,PA,40.4381,-78.5436,1,3759,6,30,7,0,3,21,WIND,"72,841",19,4,3
6162,42095,Northampton,PA,40.6917,-75.4792,1,38515,21,23,7,2,5,19,COAL,"508,908",19,5,3
6163,42015,Bradford,PA,41.7792,-76.6258,1,995,8,24,13,0,5,16,BIOMASS,"8,842",28,4,3
6164,42011,Berks,PA,40.4219,-75.9356,1,27660,29,20,9,2,5,18,GAS,"4,166,082",18,5,3
6165,42055,Franklin,PA,39.9109,-77.6667,1,28058,29,33,10,5,4,20,GAS,"16,193",19,6,3
6166,42001,Adams,PA,39.8442,-77.3508,1,2814,8,26,12,3,1,19,OIL, (104),22,7,3
6167,42131,Wyoming,PA,41.608611,-75.870556,1,1628,6,26,6,0,2,17,GAS,"62,378",26,4,3
6168,42025,Carbon,PA,40.860142,-75.852206,1,9712,18,43,11,0,13,24,SOLAR,"13,018",17,7,3
6169,42025,Carbon,PA,40.86159,-75.84656,1,8401,16,43,11,0,12,24,SOLAR,"12,264",17,7,3
6170,42069,Lackawanna,PA,41.485,-75.5406,1,18436,8,26,7,0,2,21,GAS,"112,042",20,6,3
6171,42003,Allegheny,PA,40.481959,-80.253073,1,13903,12,15,5,1,5,19,SOLAR,"4,489",13,5,3
6173,42003,Allegheny,PA,40.442222,-79.731111,1,41572,20,16,3,1,4,17,OIL,0,24,5,3
6174,42071,Lancaster,PA,39.959167,-76.455555,1,3283,5,17,12,0,1,18,WIND,"5,641",18,5,3
6175,42101,Philadelphia,PA,39.988611,-75.083333,1,248307,72,52,22,12,8,24,BIOMASS,"24,989",10,7,3
6176,42025,Carbon,PA,40.8556,-75.8781,1,9804,17,40,11,0,10,25,COAL,"476,490",17,7,3
6177,42021,Cambria,PA,40.63067,-78.696078,1,6139,3,30,7,1,4,20,WIND,"81,248",22,4,3
6178,42043,Dauphin,PA,40.2653,-76.8771,1,102961,56,38,11,6,7,21,GAS,414,14,7,3
6179,42133,York,PA,39.758936,-76.268742,1,1403,9,21,24,3,10,21,NUCLEAR,"22,197,093",19,6,3
6181,42017,Bucks,PA,40.379054,-75.30352,1,28493,11,11,5,0,4,18,OIL,99,18,4,3
6182,42043,Dauphin,PA,40.229379,-76.75007,1,38972,27,24,7,2,4,19,GAS,"4,238",18,5,3
6183,42029,Chester,PA,40.120556,-75.488056,1,40972,20,14,4,3,4,17,SOLAR,"1,885",14,6,3
6184,42007,Beaver,PA,40.61655,-80.45815,1,4955,13,28,6,0,8,20,SOLAR,623,21,6,3
6185,42007,Beaver,PA,40.61575,-80.471,1,4905,13,29,6,0,8,20,SOLAR,978,22,6,3
6186,42107,Schuylkill,PA,40.5553,-76.3886,1,5624,2,21,10,0,8,20,OIL,22,27,3,3
6187,42031,Clarion,PA,41.192088,-79.433501,1,5184,12,38,5,0,7,19,HYDRO,"55,217",9,4,3
6188,42011,Berks,PA,40.275,-75.8167,1,18520,11,19,8,1,6,17,BIOMASS,"41,070",18,6,3
6189,42003,Allegheny,PA,40.495,-80.233,1,21839,9,11,3,1,4,18,GAS,"118,443",18,5,3
6190,42133,York,PA,39.870935,-76.868117,1,11054,10,14,7,0,3,18,BIOMASS,"410,556",22,6,3
6191,42089,Monroe,PA,41.061022,-75.514924,1,1872,37,36,10,0,10,21,SOLAR,"3,087",24,6,3
6192,42095,Northampton,PA,40.910205,-75.079398,1,4906,12,16,5,1,5,16,GAS, (792),19,5,3
6193,42131,Wyoming,PA,41.574259,-76.043233,1,2645,5,24,9,0,6,18,GAS,"847,741",19,6,3
6194,42017,Bucks,PA,40.446517,-75.34042,1,26678,16,19,7,1,7,19,OIL,12,16,5,3
6195,42107,Schuylkill,PA,40.6191,-76.45,1,1309,3,32,11,0,3,23,COAL,"156,307",17,3,3
6196,42101,Philadelphia,PA,39.984469,-75.075247,1,221462,71,51,21,11,8,24,OIL,830,10,7,3
6197,42111,Somerset,PA,39.744722,-79.188056,1,971,13,39,17,1,2,18,WIND,"99,927",24,4,3
6198,42079,Luzerne,PA,40.936111,-76.038888,1,6420,54,59,19,9,6,24,SOLAR,"1,701",16,7,3
6199,42115,Susquehanna,PA,41.657778,-76.049167,1,1309,9,27,12,1,4,19,GAS,"60,259",18,7,3
6200,42029,Chester,PA,39.8639,-75.8428,1,5176,22,12,6,2,3,18,BIOMASS,"3,390",18,6,3
6201,42071,Lancaster,PA,39.9244,-76.39,1,3975,9,21,7,0,2,17,HYDRO,"989,241",18,4,3
6202,42013,Blair,PA,40.745335,-78.222305,1,1426,3,36,5,0,8,21,WIND,"69,139",17,4,3
6203,42013,Blair,PA,40.729207,-78.28735,1,430,5,20,9,0,3,21,WIND,"114,500",11,3,3
6204,42101,Philadelphia,PA,39.9419,-75.1883,1,477662,58,39,9,4,8,21,OIL,44,13,5,3
6205,42107,Schuylkill,PA,40.630683,-76.178126,1,12874,8,27,7,0,5,20,OIL,124,23,5,3
6206,42121,Venango,PA,41.2691,-79.8134,1,579,3,25,7,0,2,17,COAL,"287,646",31,4,3
6207,42123,Warren,PA,41.8389,-79.0056,1,141,2,17,3,0,4,19,HYDRO," (346,117)",31,4,3
6208,42063,Indiana,PA,40.40625,-79.03366,1,2601,6,36,6,0,7,20,COAL,"2,031,753",25,3,3
6209,42089,Monroe,PA,41.061194,-75.058242,1,8375,51,24,7,1,8,15,OIL, (150),12,6,3
6210,42033,Clearfield,PA,41.06755,-78.366228,1,831,2,40,13,0,8,20,GAS,"1,550,822",21,3,3
6211,42007,Beaver,PA,40.671667,-80.336389,1,21627,6,17,4,0,6,18,GAS,"1,530,623",24,5,3
6212,42111,Somerset,PA,39.979167,-79.012778,1,5340,24,36,12,1,5,21,WIND,"5,686",14,2,3
6213,42051,Fayette,PA,39.7513,-79.7271,1,244,1,37,10,0,9,22,WIND,"95,790",20,2,3
6214,42101,Philadelphia,PA,39.9144,-75.135,1,256166,50,35,13,6,8,21,OIL,73,14,5,3
6215,42091,Montgomery,PA,40.183889,-75.234167,1,46222,24,11,3,2,4,16,GAS,"8,090",22,4,3
6216,42003,Allegheny,PA,40.546667,-79.768333,1,33959,14,31,5,0,7,21,GAS,"128,196",22,5,3
6217,42003,Allegheny,PA,40.545278,-79.768611,1,33563,15,31,5,0,7,21,GAS,"4,480,397",22,5,3
6218,42107,Schuylkill,PA,40.8222,-76.1736,1,12867,32,49,15,3,9,24,COAL,"647,094",16,3,3
6219,42111,Somerset,PA,40.0311,-78.8153,1,725,2,20,6,0,3,18,WIND,"128,004",26,3,3
6220,42109,Snyder,PA,40.8361,-76.825,1,15768,10,36,9,1,4,20,OIL,79,23,4,3
6221,42109,Snyder,PA,40.795166,-76.882525,1,10556,9,29,14,0,2,13,SOLAR,"4,737",20,4,3
6222,42071,Lancaster,PA,40.198529,-76.161594,1,32068,11,25,15,5,3,18,SOLAR,"5,843",19,6,3
6223,42079,Luzerne,PA,41.0919,-76.1462,1,1643,3,18,12,0,4,19,NUCLEAR,"19,000,960",23,4,3
6224,42101,Philadelphia,PA,39.98,-75.150556,1,433804,63,46,15,7,8,22,GAS,652,12,5,3
6225,42011,Berks,PA,40.423484,-75.925225,1,29698,28,20,9,3,5,18,SOLAR,"2,302",18,5,3
6226,42129,Westmoreland,PA,40.175249,-79.696665,1,3929,4,20,5,0,8,20,GAS,"6,660,501",23,6,3
6227,42011,Berks,PA,40.3056,-75.9081,1,91297,58,44,19,11,8,22,OIL," (1,215)",14,7,3
6228,42133,York,PA,39.760634,-76.635341,1,14106,11,15,7,0,4,19,OIL,188,25,3,3
6229,42015,Bradford,PA,41.814444,-76.2875,1,916,2,29,11,0,7,17,GAS,"15,376",23,5,3
6230,42007,Beaver,PA,40.733545,-80.314795,1,37289,15,32,7,1,6,22,HYDRO,"17,649",21,6,3
6231,42077,Lehigh,PA,40.556211,-75.593873,1,48308,29,13,4,4,3,14,SOLAR,46,18,6,3
6232,42017,Bucks,PA,40.151389,-74.780556,1,33338,20,19,7,3,5,21,BIOMASS,"13,193",15,5,3
6233,42111,Somerset,PA,39.760556,-78.874722,1,753,2,31,13,1,5,18,WIND,"382,545",19,5,3
6234,42033,Clearfield,PA,40.963184,-78.179153,1,3325,5,27,10,0,7,17,SOLAR,"30,963",21,5,3
6235,42003,Allegheny,PA,40.3097,-79.8819,1,35606,26,38,8,1,9,22,COAL,"109,369",21,5,3
6236,42003,Allegheny,PA,40.3925,-79.8564,1,82536,37,41,7,1,9,21,OTHF,"473,700",21,5,3
6237,42027,Centre,PA,40.817019,-77.844117,1,61958,23,48,2,4,5,7,SOLAR,"2,220",9,2,3
6238,42041,Cumberland,PA,40.126389,-77.164444,1,8932,13,17,5,1,3,16,OIL,73,18,4,3
6239,42127,Wayne,PA,41.467858,-75.130895,1,3281,15,28,7,1,6,11,HYDRO,"90,206",28,4,3
6240,42123,Warren,PA,41.835947,-79.188668,1,10579,5,32,5,0,4,21,GAS,"19,819",24,6,3
6241,42061,Huntingdon,PA,40.540042,-78.034628,1,5554,22,26,9,0,5,17,HYDRO,78,16,3,3
6242,42125,Washington,PA,40.2058,-80.2611,1,30580,15,29,8,1,6,23,BIOMASS,"38,700",21,5,3
6243,42127,Wayne,PA,41.5533,-75.4542,1,10741,23,39,13,2,5,22,WIND,"102,834",18,4,3
6244,42025,Carbon,PA,40.947494,-75.827206,1,3175,8,30,9,0,8,21,OIL,42,23,3,3
6245,42027,Centre,PA,40.792778,-77.864722,1,74078,23,43,2,4,6,8,GAS,"45,208",10,3,3
6246,42017,Bucks,PA,40.162633,-74.768164,1,27281,36,29,13,8,6,22,BIOMASS,"315,837",15,6,3
6247,42055,Franklin,PA,40.139673,-77.609986,1,2009,1,28,23,3,5,18,SOLAR,"23,445",18,7,3
6248,42055,Franklin,PA,39.904211,-77.814218,1,3587,3,38,7,0,4,21,SOLAR,"36,734",16,8,3
6249,42055,Franklin,PA,39.87817,-77.769144,1,4131,6,29,7,0,5,19,SOLAR,"32,299",15,9,3
6250,42061,Huntingdon,PA,40.432915,-78.002887,1,726,4,29,7,0,3,16,HYDRO,"65,502",26,4,3
6251,42079,Luzerne,PA,41.235278,-75.753056,1,1285,7,20,5,0,10,18,WIND,"52,542",27,1,3
6252,42015,Bradford,PA,41.610981,-76.299361,1,492,8,28,7,0,8,20,GAS,"66,101",26,4,3
6253,42133,York,PA,40.0017,-76.7183,1,53928,41,36,12,5,8,20,BIOMASS,"255,291",16,6,3
6254,42133,York,PA,39.7375,-76.306666,1,4206,6,18,16,0,8,21,GAS,"8,631,405",20,3,3
6255,42133,York,PA,40.113625,-76.71195,1,9802,9,18,8,0,4,19,HYDRO,"110,378",16,5,3
6256,42111,Somerset,PA,39.801637,-79.368214,1,1311,7,35,8,0,11,23,HYDRO,"38,594",27,2,3
6319,44003,Kent,RI,41.63269,-71.49625,1,25581,16,14,4,1,4,17,SOLAR,"7,729",21,5,1
6320,44007,Providence,RI,41.797953,-71.546775,1,15720,13,14,7,0,4,17,SOLAR,"2,001",21,4,1
6321,44007,Providence,RI,41.797544,-71.545929,1,16155,13,14,7,0,4,17,SOLAR,"2,886",21,4,1
6322,44009,Washington,RI,41.407547,-71.748328,1,6646,5,15,5,0,8,16,SOLAR,"23,773",15,3,1
6323,44001,Bristol,RI,41.7186,-71.2342,1,32948,6,14,10,4,4,16,SOLAR,"6,148",24,4,1
6324,44007,Providence,RI,42.014467,-71.5444,1,56552,31,34,13,4,8,21,HYDRO,"3,487",16,7,1
6325,44009,Washington,RI,41.175556,-71.5711,1,962,4,30,5,0,8,15,OIL,55,35,1,1
6327,44007,Providence,RI,41.987579,-71.583963,1,17959,17,21,10,3,5,19,SOLAR,"1,509",19,5,1
6328,44007,Providence,RI,41.795,-71.787,1,2812,15,16,9,0,3,17,SOLAR,"3,201",26,3,1
6329,44007,Providence,RI,41.744973,-71.458415,1,80082,27,20,9,3,5,18,GAS,"18,813",18,5,1
6330,44007,Providence,RI,41.97636,-71.61372,1,9968,7,11,9,0,5,16,SOLAR,"2,343",19,4,1
6331,44009,Washington,RI,41.55742,-71.50726,1,14525,10,11,5,0,4,17,SOLAR,"5,855",18,5,1
6332,44007,Providence,RI,41.773056,-71.338889,1,48648,19,18,8,3,5,18,SOLAR,"3,371",19,6,1
6333,44007,Providence,RI,41.84242,-71.71459,1,3837,7,12,4,0,1,17,SOLAR,"1,573",20,5,1
6334,44005,Newport,RI,41.57677,-71.2782,1,15470,14,14,5,0,2,16,SOLAR,"6,861",22,5,1
6335,44007,Providence,RI,41.861544,-71.596239,1,14966,8,11,4,0,4,18,SOLAR,"2,498",24,3,1
6336,44009,Washington,RI,41.438293,-71.781092,1,5941,6,15,5,1,6,17,SOLAR,"15,788",15,4,1
6337,44007,Providence,RI,41.807129,-71.505379,1,73086,46,31,12,10,7,19,SOLAR,"5,751",16,6,1
6338,44009,Washington,RI,41.522911,-71.684093,1,5579,8,16,7,0,4,18,SOLAR,"1,922",16,7,1
6339,44003,Kent,RI,41.606,-71.647,1,2934,6,8,9,1,6,20,SOLAR,"27,587",17,4,1
6340,44003,Kent,RI,41.657866,-71.687478,1,4828,7,13,8,1,6,19,SOLAR,"2,674",17,4,1
6341,44007,Providence,RI,41.966678,-71.525993,1,38403,32,33,13,5,9,21,SOLAR,"13,211",17,6,1
6342,44007,Providence,RI,41.967314,-71.519606,1,42245,32,33,13,5,9,21,SOLAR,"12,633",17,6,1
6343,44007,Providence,RI,41.963066,-71.516929,1,39094,32,32,13,5,9,20,SOLAR,"13,506",17,6,1
6344,44007,Providence,RI,41.963066,-71.516929,1,39094,32,32,13,5,9,20,SOLAR,"13,793",17,6,1
6345,44003,Kent,RI,41.734903,-71.528175,1,46928,15,22,8,2,4,19,SOLAR,"27,453",16,6,1
6346,44007,Providence,RI,41.789486,-71.384771,1,140579,51,36,17,12,7,17,WIND,"1,453",15,5,1
6347,44007,Providence,RI,41.786045,-71.385542,1,137208,51,35,17,11,8,18,WIND,"3,104",14,6,1
6348,44007,Providence,RI,41.7479,-71.5263,1,39927,14,19,8,1,3,18,SOLAR,"15,919",16,5,1
6349,44003,Kent,RI,41.61609,-71.566825,1,6088,16,7,8,0,3,17,SOLAR,"10,543",17,8,1
6350,44009,Washington,RI,41.443293,-71.791133,1,5326,6,14,4,1,5,17,SOLAR,"3,653",15,4,1
6351,44007,Providence,RI,41.864,-71.618,1,9021,7,13,5,0,3,18,SOLAR,842,22,4,1
6352,44007,Providence,RI,41.735147,-71.46304,1,67244,22,19,8,2,4,18,SOLAR,"4,241",19,5,1
6353,44007,Providence,RI,41.803333,-71.523333,1,32072,20,19,7,4,5,18,BIOMASS,"231,028",20,5,1
6354,44007,Providence,RI,41.800906,-71.559472,1,9552,10,10,6,1,4,16,SOLAR,"1,649",19,3,1
6355,44007,Providence,RI,41.833746,-71.369746,1,129580,41,31,14,7,6,17,SOLAR,"3,344",16,5,1
6356,44005,Newport,RI,41.555955,-71.188221,1,4234,3,8,5,0,3,16,SOLAR,"1,966",28,6,1
6357,44009,Washington,RI,41.471571,-71.494452,1,28328,14,20,4,1,8,11,SOLAR,"6,004",17,3,1
6358,44009,Washington,RI,41.498281,-71.533414,1,16275,17,18,3,1,9,6,SOLAR,"5,713",14,3,1
6359,44007,Providence,RI,41.93139,-71.57895,1,10045,12,9,6,1,3,11,SOLAR,"10,916",13,2,1
6360,44005,Newport,RI,41.6202,-71.26842,1,14444,9,11,4,0,4,15,SOLAR,"7,170",20,3,1
6361,44009,Washington,RI,41.385761,-71.732202,1,5942,4,14,5,1,10,15,SOLAR,"6,369",22,3,1
6362,44003,Kent,RI,41.727505,-71.449611,1,72329,20,20,8,2,4,18,SOLAR,"8,235",19,4,1
6363,44007,Providence,RI,41.799201,-71.436048,1,212223,61,37,16,13,8,18,SOLAR,"1,453",13,6,1
6364,44007,Providence,RI,41.8167,-71.4042,1,223208,60,38,17,13,7,18,GAS,"1,724,419",13,6,1
6365,44005,Newport,RI,41.57196,-71.289757,1,14572,16,14,5,0,2,16,SOLAR,693,21,5,1
6366,44007,Providence,RI,41.79413,-71.38919,1,156250,51,36,17,12,7,17,WIND,"5,781",15,5,1
6367,44007,Providence,RI,41.941786,-71.662038,1,12623,11,15,6,1,6,13,SOLAR,"4,024",17,6,1
6368,44009,Washington,RI,41.543781,-71.447334,1,12485,9,11,4,1,3,16,SOLAR,"3,316",21,4,1
6369,44007,Providence,RI,41.869826,-71.476493,1,87158,36,26,9,5,7,17,SOLAR,"3,272",17,5,1
6370,44007,Providence,RI,41.9759,-71.586,1,11949,7,12,8,1,4,17,SOLAR,919,20,4,1
6371,44007,Providence,RI,41.938,-71.685,1,12770,10,15,5,1,5,13,OTHF, (348),18,6,1
6372,44007,Providence,RI,42.009722,-71.668909,1,6527,6,10,4,0,6,16,GAS,"1,322,327",14,6,1
6373,44007,Providence,RI,42.0099,-71.6701,1,6514,6,10,3,0,5,16,GAS,"1,082,097",15,6,1
6375,44007,Providence,RI,41.821004,-71.562498,1,10760,11,8,6,1,4,17,SOLAR,"7,798",21,3,1
6376,44007,Providence,RI,41.793111,-71.553484,1,11842,11,12,6,0,4,17,SOLAR,"3,696",19,4,1
6377,44007,Providence,RI,41.8103,-71.41,1,227444,60,38,17,13,7,18,GAS,"17,359",13,6,1
6378,44005,Newport,RI,41.613,-71.156,1,9846,8,12,8,1,8,17,SOLAR,1,21,4,1
6379,44007,Providence,RI,41.8017,-71.5186,1,37075,24,21,8,6,5,19,GAS,"3,600,346",20,5,1
6380,44009,Washington,RI,41.440191,-71.715387,1,3892,4,14,5,1,7,18,SOLAR,"6,355",17,3,1
6381,44007,Providence,RI,41.8069,-71.53,1,27902,19,19,6,3,5,18,BIOMASS,"10,193",20,4,1
6382,44003,Kent,RI,41.640197,-71.629497,1,5672,10,12,5,1,4,21,SOLAR,172,24,3,1
6383,44005,Newport,RI,41.579508,-71.273083,1,15954,14,13,5,0,2,16,SOLAR,"4,718",22,5,1
6384,44007,Providence,RI,41.92237,-71.520368,1,14558,13,14,9,2,7,12,SOLAR,"4,389",19,2,1
6385,44007,Providence,RI,41.979212,-71.581309,1,16215,15,20,10,2,5,18,SOLAR,"19,328",19,5,1
6386,44005,Newport,RI,41.57196,-71.28976,1,14572,16,14,5,0,2,16,SOLAR,"4,353",21,5,1
6387,44007,Providence,RI,41.99897,-71.517434,1,63816,34,34,14,4,8,21,HYDRO,"4,046",16,7,1
6388,44005,Newport,RI,41.6422,-71.1706,1,35713,19,28,15,7,7,18,GAS,"1,653,199",20,5,1
6389,44009,Washington,RI,41.593802,-71.427609,1,14196,14,16,4,1,4,18,GAS,"157,284",22,4,1
6390,44007,Providence,RI,41.954239,-71.661196,1,12707,11,15,6,0,6,12,SOLAR,"4,066",17,6,1
6391,44003,Kent,RI,41.6133,-71.6593,1,2888,7,7,8,1,7,21,SOLAR,"31,191",16,3,1
6392,44003,Kent,RI,41.675833,-71.7075,1,4840,7,14,9,1,5,15,WIND,"2,343",17,4,1
6393,44003,Kent,RI,41.6725,-71.705833,1,4847,7,14,9,1,5,16,WIND,"7,272",17,4,1
6394,44003,Kent,RI,41.695556,-71.720833,1,3693,7,14,9,1,3,10,WIND,"2,348",19,5,1
6395,44003,Kent,RI,41.686389,-71.728333,1,3459,7,14,10,0,5,10,WIND,"2,159",18,4,1
6396,44003,Kent,RI,41.659722,-71.699722,1,4680,7,13,9,1,6,18,WIND,"2,381",17,4,1
6397,44003,Kent,RI,41.669722,-71.708333,1,4751,7,13,9,1,6,16,WIND,"6,793",17,4,1
6398,44003,Kent,RI,41.697563,-71.722267,1,3275,7,14,9,1,3,9,SOLAR,"5,027",20,4,1
6399,44007,Providence,RI,41.937033,-71.487574,1,24220,17,14,8,1,5,15,SOLAR,"4,443",19,5,1
6400,44007,Providence,RI,41.79785,-71.529736,1,26753,17,18,7,3,4,18,WIND,"5,779",21,4,1
6401,44009,Washington,RI,41.492253,-71.619114,1,4669,8,11,4,0,4,15,SOLAR,"4,013",18,6,1
6402,44009,Washington,RI,41.49175,-71.624581,1,4900,8,11,3,0,4,15,SOLAR,"1,815",18,6,1
6403,44009,Washington,RI,41.581667,-71.486667,1,19120,11,14,4,1,4,17,WIND,"2,159",20,4,1
6404,44007,Providence,RI,41.794583,-71.539967,1,19217,14,15,6,1,4,18,WIND,"5,931",21,4,1
6405,44007,Providence,RI,41.793519,-71.530622,1,25254,16,17,7,3,4,18,WIND,"5,823",21,4,1
6406,44007,Providence,RI,41.796078,-71.535825,1,21607,15,16,7,2,4,18,WIND,"4,751",21,4,1
6407,44005,Newport,RI,41.612027,-71.249262,1,18132,10,10,4,0,4,15,WIND,"4,169",21,4,1
6408,44007,Providence,RI,41.798456,-71.540656,1,19114,14,15,6,1,4,18,WIND,"6,684",21,4,1
6409,44007,Providence,RI,41.800111,-71.536189,1,21790,16,16,7,2,4,18,WIND,"6,103",21,4,1
6410,44007,Providence,RI,41.799078,-71.549331,1,14650,13,13,7,0,4,17,WIND,"6,442",21,4,1
6411,44009,Washington,RI,41.518751,-71.686461,1,5828,8,16,6,0,4,18,SOLAR,"2,640",17,6,1
6412,44009,Washington,RI,41.603611,-71.477222,1,21203,15,15,4,1,3,18,SOLAR,"2,621",21,5,1
6413,44003,Kent,RI,41.649444,-71.71,1,3949,7,12,10,1,9,19,SOLAR,"2,627",15,4,1
6414,44009,Washington,RI,41.400949,-71.839504,1,22431,14,21,8,3,6,17,SOLAR,"9,809",21,5,1
6415,45031,Darlington,SC,34.3368,-80.081493,1,9372,48,46,10,1,9,22,SOLAR,"4,311",16,8,4
6416,45021,Cherokee,SC,35.0314,-81.4936,1,1098,3,28,14,0,4,25,HYDRO,"62,087",14,7,4
6417,45083,Spartanburg,SC,34.99647,-82.0421,1,18349,35,37,17,8,5,20,SOLAR,"2,939",16,7,4
6418,45083,Spartanburg,SC,34.99647,-82.0421,1,18349,35,37,17,8,5,20,SOLAR,"3,349",16,7,4
6419,45027,Clarendon,SC,33.678358,-80.240292,1,6877,57,46,20,0,7,22,SOLAR,"3,928",25,4,4
6420,45007,Anderson,SC,34.722882,-82.525795,1,12081,17,16,8,1,2,19,SOLAR,"2,050",14,6,4
6421,45007,Anderson,SC,34.695185,-82.528284,1,9936,12,21,11,1,3,19,SOLAR,"4,530",13,5,4
6422,45005,Allendale,SC,32.995,-81.281944,1,3542,84,64,21,0,11,25,BIOMASS,"120,972",18,4,4
6423,45063,Lexington,SC,33.899338,-81.400467,1,4656,20,41,15,2,8,21,SOLAR,"106,477",16,5,4
6424,45007,Anderson,SC,34.493707,-82.676137,1,34127,47,56,22,1,9,24,SOLAR,"4,045",16,6,4
6425,45007,Anderson,SC,34.5739,-82.4621,1,4354,21,44,20,0,6,23,BIOMASS,0,18,6,4
6426,45083,Spartanburg,SC,35.030303,-81.808469,1,6985,20,44,15,2,3,24,SOLAR,"3,891",20,3,4
6427,45047,Greenwood,SC,34.124,-82.13,1,5755,50,48,21,3,5,21,SOLAR,"4,146",16,5,4
6428,45083,Spartanburg,SC,34.894167,-82.178333,1,8968,36,26,12,3,4,21,BIOMASS,"31,730",14,6,4
6429,45073,Oconee,SC,35.0075,-82.9975,1,19,8,28,13,4,5,18,HYDRO," (441,531)",55,2,4
6430,45083,Spartanburg,SC,35.04354,-82.112843,1,14755,20,32,13,2,3,22,SOLAR,"4,328",19,5,4
6431,45041,Florence,SC,33.953775,-79.93713,1,1339,57,49,21,2,5,24,SOLAR,"4,328",27,2,4
6432,45011,Barnwell,SC,33.237,-81.351,1,6745,51,43,16,1,9,20,SOLAR,"9,521",17,6,4
6433,45051,Horry,SC,33.667675,-78.917988,1,25423,35,46,10,3,4,20,SOLAR,"2,522",22,5,4
6434,45015,Berkeley,SC,33.121111,-80.029444,1,12403,35,17,6,0,4,19,BIOMASS,"2,454",11,5,4
6435,45045,Greenville,SC,34.639249,-82.328691,1,5319,28,38,17,7,5,19,SOLAR,"3,094",15,6,4
6436,45081,Saluda,SC,33.945207,-81.571162,1,2519,28,35,12,0,3,21,SOLAR,"147,530",17,5,4
6437,45061,Lee,SC,34.2081,-80.22832,1,4945,75,58,19,0,3,25,SOLAR,"15,536",20,6,4
6438,45041,Florence,SC,33.900481,-79.755961,1,8919,61,47,15,0,6,23,SOLAR,"3,892",16,4,4
6439,45011,Barnwell,SC,33.342619,-81.258933,1,2289,72,57,23,0,4,27,SOLAR,"15,623",24,4,4
6440,45011,Barnwell,SC,33.344319,-81.261774,1,2432,72,56,23,0,4,27,SOLAR,"26,163",24,4,4
6441,45027,Clarendon,SC,33.610454,-80.336613,1,2609,70,50,24,0,16,23,SOLAR,"3,730",27,3,4
6442,45007,Anderson,SC,34.599083,-82.739217,1,6087,19,34,12,3,2,19,SOLAR,"6,605",24,5,4
6443,45027,Clarendon,SC,33.617189,-80.362997,1,2365,72,49,30,1,18,23,SOLAR,"3,615",29,4,4
6444,45027,Clarendon,SC,33.720936,-80.190821,1,4935,60,47,21,1,10,21,SOLAR,"3,599",25,4,4
6445,45045,Greenville,SC,34.455514,-82.199339,1,1445,5,47,18,0,5,24,HYDRO,"3,752",18,8,4
6446,45047,Greenwood,SC,34.08475,-82.10133,1,1109,21,39,12,1,5,20,SOLAR,"3,884",20,5,4
6447,45021,Cherokee,SC,35.0786,-81.575,1,4501,21,51,15,3,5,26,GAS,"291,258",18,6,4
6448,45083,Spartanburg,SC,35.01308,-81.928709,1,26073,41,35,11,2,4,23,SOLAR,"2,327",12,6,4
6449,45075,Orangeburg,SC,33.489767,-80.870272,1,23120,79,52,17,1,12,22,GAS, (37),19,5,4
6450,45055,Kershaw,SC,34.2338,-80.6558,1,7697,38,38,11,1,8,22,GAS,0,24,5,4
6451,45017,Calhoun,SC,33.574,-80.707,1,957,34,28,9,0,4,23,SOLAR,"43,364",20,6,4
6452,45017,Calhoun,SC,33.567,-80.699,1,1058,34,29,9,0,4,23,SOLAR,"7,934",19,6,4
6453,45067,Marion,SC,34.199824,-79.38585,1,8238,67,64,14,2,4,25,SOLAR,"16,328",22,4,4
6454,45091,York,SC,35.0514,-81.0694,1,19096,30,9,3,2,3,17,NUCLEAR,"19,165,522",13,6,4
6455,45057,Lancaster,SC,34.5414,-80.8756,1,2057,39,51,17,2,4,26,HYDRO,"138,717",20,7,4
6456,45025,Chesterfield,SC,34.708762,-80.118838,1,3059,24,28,18,0,2,23,SOLAR,"142,586",20,2,4
6457,45077,Pickens,SC,34.679444,-82.840278,1,26151,19,49,7,1,8,8,GAS,4,9,1,4
6459,45063,Lexington,SC,33.794732,-81.262417,1,4350,17,42,18,0,5,24,SOLAR,"21,231",13,8,4
6460,45021,Cherokee,SC,35.0727,-81.613,1,17126,48,61,21,1,9,25,GAS,"116,412",16,7,4
6461,45021,Cherokee,SC,35.0642,-81.5458,1,2631,3,34,13,1,2,26,HYDRO,"1,452",13,6,4
6462,45089,Williamsburg,SC,33.762185,-79.458012,1,3984,67,50,21,1,4,22,SOLAR,"20,884",13,11,4
6463,45087,Union,SC,34.7225,-81.646944,1,11892,39,54,19,1,13,26,OIL,64,18,6,4
6464,45083,Spartanburg,SC,34.9953,-81.8344,1,12458,22,37,13,1,4,21,HYDRO,"3,590",22,5,4
6465,45079,Richland,SC,33.980254,-81.04067,1,63552,36,47,7,2,6,14,GAS,400,13,4,4
6466,45029,Colleton,SC,32.913333,-80.6925,1,10367,50,49,16,1,10,25,SOLAR,"2,735",20,5,4
6468,45017,Calhoun,SC,33.8697,-81.0178,1,3713,66,48,14,1,5,24,GAS,"2,465,905",15,6,4
6469,45075,Orangeburg,SC,33.3644,-81.03,1,533,46,46,23,0,4,22,GAS,"1,375,971",23,8,4
6470,45015,Berkeley,SC,33.371506,-80.113235,1,1313,53,50,17,0,5,15,COAL,"8,449,234",32,5,4
6471,45057,Lancaster,SC,34.648205,-80.719878,1,6469,26,34,14,4,2,22,SOLAR,"6,249",23,5,4
6472,45031,Darlington,SC,34.4185,-80.1657,1,2962,13,34,9,1,4,22,GAS,"22,124",17,6,4
6473,45031,Darlington,SC,34.32,-79.917,1,8612,55,51,18,0,8,25,SOLAR,"19,447",21,3,4
6474,45023,Chester,SC,34.5583,-80.8914,1,3018,44,53,18,1,5,27,HYDRO,"86,857",24,6,4
6475,45009,Bamberg,SC,33.347128,-81.142844,1,4162,85,47,25,0,15,24,SOLAR,"13,058",17,7,4
6476,45063,Lexington,SC,33.786193,-81.273625,1,4229,17,41,17,0,5,24,SOLAR,"9,987",12,8,4
6477,45035,Dorchester,SC,33.238611,-80.450278,1,1443,45,38,21,4,3,22,BIOMASS,"152,300",13,8,4
6478,45077,Pickens,SC,34.6779,-82.8231,1,29990,22,50,6,1,8,10,GAS,"108,527",9,2,4
6479,45079,Richland,SC,33.918542,-80.6467,1,694,71,47,18,0,4,22,SOLAR,"78,131",30,3,4
6480,45011,Barnwell,SC,33.244191,-81.386156,1,5964,54,45,17,1,9,20,SOLAR,"8,578",16,7,4
6481,45045,Greenville,SC,34.8008,-82.1847,1,32169,27,12,5,2,3,17,BIOMASS,283,12,7,4
6482,45049,Hampton,SC,32.763843,-81.242151,1,2309,94,64,21,4,10,20,SOLAR,"34,542",23,6,4
6483,45005,Allendale,SC,32.727842,-81.253453,1,3307,88,61,24,3,8,21,SOLAR,"18,137",18,6,4
6484,45039,Fairfield,SC,34.3061,-81.3308,1,328,75,33,18,0,2,20,HYDRO,"231,609",24,5,4
6485,45023,Chester,SC,34.6,-80.8928,1,2612,46,52,18,2,6,28,HYDRO,"143,324",25,5,4
6486,45041,Florence,SC,34.1497,-79.5606,1,916,38,53,16,0,9,23,BIOMASS,"393,850",20,7,4
6487,45033,Dillon,SC,34.287,-79.148,1,660,37,49,13,0,5,26,SOLAR,"7,836",20,5,4
6488,45061,Lee,SC,34.192353,-80.218533,1,4141,75,60,20,0,3,25,SOLAR,"4,035",18,5,4
6489,45061,Lee,SC,34.199094,-80.221678,1,4614,75,59,19,0,3,25,SOLAR,"3,879",19,6,4
6490,45063,Lexington,SC,33.778378,-81.110251,1,5501,35,51,22,1,9,24,SOLAR,"9,783",15,5,4
6491,45021,Cherokee,SC,35.1381,-81.5975,1,2550,30,56,15,2,12,23,HYDRO,"19,301",21,7,4
6492,45063,Lexington,SC,33.774657,-81.110546,1,5134,36,51,22,1,9,24,SOLAR,"20,085",15,5,4
6493,45043,Georgetown,SC,33.453611,-79.316111,1,1235,38,32,13,0,0,22,BIOMASS,0,24,2,4
6494,45047,Greenwood,SC,34.0726,-82.2263,1,623,44,41,12,0,10,24,SOLAR,"3,127",22,2,4
6495,45041,Florence,SC,33.962884,-79.562891,1,1790,47,50,17,0,14,23,SOLAR,"3,909",26,8,4
6496,45023,Chester,SC,34.5592,-80.8917,1,3018,44,53,18,1,5,27,HYDRO, (52),24,6,4
6497,45063,Lexington,SC,33.761136,-81.066705,1,3066,30,41,13,1,5,23,SOLAR,"157,144",20,4,4
6498,45031,Darlington,SC,34.4017,-80.1589,1,4936,14,31,8,1,4,22,NUCLEAR,"6,694,374",16,6,4
6499,45019,Charleston,SC,32.8265,-79.9634,1,48958,50,40,11,1,6,21,GAS,"23,323",16,5,4
6500,45005,Allendale,SC,33.023402,-81.29337,1,2901,86,65,17,0,10,24,SOLAR,"9,191",21,4,4
6501,45049,Hampton,SC,32.881,-81.136,1,3454,49,43,11,1,12,22,SOLAR,"39,927",26,4,4
6502,45049,Hampton,SC,32.879,-81.133,1,3699,50,44,12,1,12,22,SOLAR,"12,575",25,5,4
6503,45071,Newberry,SC,34.249814,-81.648947,1,7648,59,49,21,4,5,24,SOLAR,"6,435",14,7,4
6504,45069,Marlboro,SC,34.69382,-79.82006,1,1315,51,57,21,1,7,27,SOLAR,"4,730",24,4,4
6505,45013,Beaufort,SC,32.208871,-80.698754,1,17288,31,21,10,3,3,11,OIL, (28),34,4,4
6506,45007,Anderson,SC,34.527475,-82.374964,1,1607,17,55,21,1,9,22,HYDRO,"9,327",19,11,4
6507,45001,Abbeville,SC,34.44128,-82.3652,1,4690,14,43,15,0,7,22,OIL,66,20,6,4
6508,45051,Horry,SC,33.8125,-78.967222,1,16380,29,32,8,1,7,18,BIOMASS,"8,441",19,4,4
6510,45043,Georgetown,SC,33.360185,-79.302573,1,10331,51,40,11,0,7,24,BIOMASS,"468,612",22,2,4
6511,45065,McCormick,SC,33.6602,-82.1961,1,494,27,36,16,0,2,7,HYDRO,"632,438",28,2,4
6512,45075,Orangeburg,SC,33.57398,-80.837105,1,3196,79,43,10,1,3,24,SOLAR,"1,863",21,4,4
6513,45053,Jasper,SC,32.3594,-81.1242,1,580,84,73,27,1,16,20,GAS,"5,318,402",7,15,4
6514,45015,Berkeley,SC,33.244404,-79.990909,1,4313,39,30,11,3,2,22,HYDRO,"247,605",17,6,4
6515,45031,Darlington,SC,34.349567,-80.058122,1,10519,56,49,13,2,10,23,SOLAR,"16,961",18,7,4
6516,45067,Marion,SC,34.230544,-79.390606,1,2874,52,47,9,0,6,27,SOLAR,"3,693",17,6,4
6517,45077,Pickens,SC,34.9594,-82.9147,1,608,11,26,9,0,7,19,HYDRO," (244,523)",29,5,4
6518,45007,Anderson,SC,34.347734,-82.774478,1,834,17,33,21,5,10,21,GAS,"5,588,958",15,5,4
6519,45019,Charleston,SC,32.9,-79.9667,1,28447,52,41,14,3,5,22,BIOMASS,"153,176",12,8,4
6520,45077,Pickens,SC,34.7981,-82.8872,1,3561,9,22,11,0,1,19,HYDRO,"48,293",41,2,4
6521,45051,Horry,SC,33.723937,-79.091998,1,2148,16,46,10,0,5,20,SOLAR,"11,812",15,6,4
6522,45061,Lee,SC,34.181042,-80.267777,1,3459,74,61,20,0,2,25,BIOMASS,"22,649",14,6,4
6523,45005,Allendale,SC,33.094931,-81.434842,1,293,74,62,17,0,19,24,SOLAR,"158,450",18,18,4
6524,45083,Spartanburg,SC,34.94861,-81.987777,1,44838,60,47,18,4,9,23,SOLAR,"3,637",15,7,4
6525,45083,Spartanburg,SC,34.99389,-81.87819,1,20216,37,33,11,2,2,21,SOLAR,"2,828",21,7,4
6526,45083,Spartanburg,SC,34.956394,-81.979834,1,44846,62,50,21,5,8,24,SOLAR,"5,569",14,7,4
6527,45087,Union,SC,34.7792,-81.4561,1,1352,19,45,9,0,12,23,HYDRO,"61,714",20,5,4
6528,45013,Beaufort,SC,32.329402,-80.694722,1,4113,53,46,1,4,2,0,GAS,"31,536",0,7,4
6529,45061,Lee,SC,34.12784,-80.14985,1,1127,73,61,15,0,6,25,SOLAR,"1,139",15,9,4
6530,45069,Marlboro,SC,34.605,-79.785,1,199,87,47,17,0,9,29,BIOMASS,0,21,9,4
6531,45031,Darlington,SC,34.371908,-80.021614,1,6053,60,49,18,4,10,26,SOLAR,"4,381",19,5,4
6532,45063,Lexington,SC,34.0556,-81.2172,1,23440,26,17,4,1,2,17,GAS,"729,071",19,5,4
6533,45017,Calhoun,SC,33.648979,-80.942818,1,1289,63,26,18,0,7,19,SOLAR,"140,003",16,3,4
6534,45087,Union,SC,34.421,-81.393,1,344,77,32,19,0,5,20,SOLAR,"21,063",19,3,4
6535,45021,Cherokee,SC,35.1597,-81.4306,1,3860,12,46,14,0,10,24,GAS,"38,496",15,5,4
6536,45053,Jasper,SC,32.620653,-80.995994,1,807,24,23,11,0,3,26,SOLAR,"138,043",18,5,4
6537,45021,Cherokee,SC,35.08849,-81.62438,1,17648,50,61,20,2,9,25,SOLAR,"8,551",17,7,4
6538,45051,Horry,SC,33.708283,-78.924146,1,42542,34,43,9,3,5,18,OIL, (706),17,5,4
6539,45087,Union,SC,34.6642,-81.4486,1,111,63,43,22,0,13,25,HYDRO,"5,751",19,2,4
6540,45075,Orangeburg,SC,33.5452,-80.9109,1,9523,67,32,9,3,3,19,OIL, (271),18,6,4
6541,45073,Oconee,SC,34.7939,-82.8986,1,4139,8,18,9,0,5,19,NUCLEAR,"22,246,735",40,1,4
6542,45063,Lexington,SC,33.79,-81.266,1,4271,17,42,18,0,5,24,SOLAR,"17,452",13,8,4
6543,45025,Chesterfield,SC,34.66565,-80.39065,1,2236,43,46,20,0,10,22,SOLAR,"4,656",18,5,4
6544,45015,Berkeley,SC,33.133705,-80.253716,1,1023,39,21,25,3,1,20,SOLAR,"10,363",16,3,4
6545,45063,Lexington,SC,33.9324,-81.0514,1,13802,44,37,7,1,5,22,SOLAR,"2,750",17,6,4
6546,45041,Florence,SC,34.23933,-79.79227,1,15105,75,51,17,0,10,26,SOLAR,"1,634",18,7,4
6547,45083,Spartanburg,SC,34.8986,-81.7397,1,3948,25,29,15,0,6,24,OIL, (90),20,6,4
6549,45039,Fairfield,SC,34.2642,-81.3308,1,455,32,24,9,0,4,17,GAS,199,25,5,4
6550,45039,Fairfield,SC,34.26132,-81.330852,1,462,31,24,9,0,4,17,HYDRO,"46,942",25,5,4
6551,45007,Anderson,SC,34.616522,-82.447913,1,9064,13,36,16,1,7,23,HYDRO,"4,606",20,4,4
6552,45007,Anderson,SC,34.657642,-82.501964,1,11794,17,35,16,2,7,22,SOLAR,"2,019",16,4,4
6553,45007,Anderson,SC,34.642371,-82.45444,1,10796,19,36,17,2,6,23,HYDRO,"4,606",19,4,4
6554,45075,Orangeburg,SC,33.502,-81.254,1,1022,73,63,31,0,9,22,SOLAR,"67,424",19,10,4
6555,45045,Greenville,SC,34.702021,-82.462102,1,13257,30,34,17,2,4,23,HYDRO,"4,423",15,6,4
6556,45083,Spartanburg,SC,34.72,-82.06,1,6308,24,28,17,1,4,24,SOLAR,"39,144",13,4,4
6557,45041,Florence,SC,34.23453,-79.655149,1,3870,35,37,11,1,3,30,SOLAR,"19,109",15,6,4
6558,45031,Darlington,SC,34.274414,-79.887503,1,12791,64,53,19,0,6,26,SOLAR,"3,718",20,5,4
6559,45011,Barnwell,SC,33.27774,-81.35173,1,4829,48,36,16,1,11,20,SOLAR,"4,871",16,3,4
6560,45079,Richland,SC,34.102996,-80.790494,1,5105,46,20,9,0,8,19,BIOMASS,"12,050",13,9,4
6561,45053,Jasper,SC,32.465,-80.961,1,5929,64,45,14,1,4,21,SOLAR,"18,657",14,5,4
6562,45061,Lee,SC,34.107849,-80.128107,1,886,70,63,17,0,13,25,SOLAR,"3,853",14,7,4
6563,45007,Anderson,SC,34.2572,-82.6097,1,1839,14,27,11,0,5,16,HYDRO,"5,588",21,4,4
6564,45075,Orangeburg,SC,33.436637,-80.847389,1,4966,78,59,18,3,13,26,GAS,770,20,7,4
6565,45051,Horry,SC,33.667675,-78.917988,1,25423,35,46,10,3,4,20,SOLAR,"3,291",22,5,4
6566,45049,Hampton,SC,32.89,-81.106,1,4850,51,44,12,1,10,22,SOLAR,"3,475",24,5,4
6567,45053,Jasper,SC,32.497759,-80.956084,1,7241,70,53,14,1,3,21,SOLAR,"14,685",13,5,4
6568,45075,Orangeburg,SC,33.491,-81.297,1,820,77,62,27,0,9,22,SOLAR,"11,262",18,9,4
6569,45045,Greenville,SC,34.852224,-82.483959,1,28889,46,48,22,5,5,24,HYDRO,"6,212",15,7,4
6570,45063,Lexington,SC,34.0533,-81.2172,1,24800,25,15,4,1,3,17,HYDRO,"109,483",18,5,4
6571,45081,Saluda,SC,34.011,-81.739,1,4191,68,53,25,7,4,23,SOLAR,"6,329",19,10,4
6572,45081,Saluda,SC,33.96839,-81.7829,1,3447,65,48,24,8,3,23,SOLAR,"12,100",18,9,4
6573,45041,Florence,SC,33.887786,-79.783683,1,8609,67,47,14,0,6,23,SOLAR,"3,685",16,3,4
6575,45013,Beaufort,SC,32.56445,-80.742047,1,2333,66,43,11,1,4,19,SOLAR,"104,231",29,3,4
6576,45091,York,SC,34.965278,-81.1872,1,7629,24,25,16,0,8,19,OIL,63,14,2,4
6577,45073,Oconee,SC,34.6875,-82.9525,1,16799,32,41,13,1,8,22,OIL,"1,004",22,6,4
6578,45003,Aiken,SC,33.674689,-81.754444,1,1930,28,37,20,0,0,22,SOLAR,"170,972",20,9,4
6579,45069,Marlboro,SC,34.680287,-79.54074,1,5305,49,48,21,1,9,24,SOLAR,"7,911",19,7,4
6580,45031,Darlington,SC,34.385278,-80.067778,1,14993,45,42,12,2,7,25,BIOMASS,"57,732",15,7,4
6581,45041,Florence,SC,33.995392,-79.606062,1,2135,45,47,16,0,11,23,SOLAR,"3,854",22,7,4
6582,45005,Allendale,SC,32.947262,-81.215942,1,3083,71,44,21,0,15,25,SOLAR,"16,574",23,3,4
6583,45083,Spartanburg,SC,35.1103,-81.9675,1,9158,15,31,12,1,5,20,HYDRO,"1,892",16,6,4
6584,45015,Berkeley,SC,33.453759,-80.163986,1,198,83,78,7,0,8,1,HYDRO,"11,785",11,3,4
6585,45015,Berkeley,SC,33.4261,-79.93,1,2907,60,56,18,0,6,18,HYDRO,"205,824",24,9,4
6586,45017,Calhoun,SC,33.6867,-80.7586,1,2809,64,47,19,0,14,24,SOLAR,"19,291",28,5,4
6587,45075,Orangeburg,SC,33.440183,-80.8417,1,5249,79,57,18,3,13,26,GAS,122,20,7,4
6588,45063,Lexington,SC,33.791505,-81.256166,1,4709,18,43,18,0,5,23,SOLAR,"22,925",13,7,4
6589,45079,Richland,SC,33.8872,-80.6397,1,641,86,59,19,0,10,22,BIOMASS,"527,694",25,5,4
6591,45031,Darlington,SC,34.301806,-79.924456,1,7961,56,54,19,0,7,25,SOLAR,"4,573",20,3,4
6592,45091,York,SC,34.8894,-81.0725,1,14340,65,32,10,0,6,23,OIL,55,14,6,4
6593,45013,Beaufort,SC,32.470606,-80.748189,1,11441,55,41,10,3,1,14,SOLAR,"23,326",12,7,4
6594,45087,Union,SC,34.61577,-81.818661,1,636,25,25,21,1,1,23,BIOMASS,"21,141",20,3,4
6595,45083,Spartanburg,SC,34.921389,-81.745556,1,4139,24,31,15,0,5,24,HYDRO,"3,681",20,6,4
6596,45003,Aiken,SC,33.435,-81.9111,1,7228,76,64,21,0,8,25,GAS,"1,799,264",16,7,4
6597,45039,Fairfield,SC,34.2983,-81.3153,1,353,74,34,16,0,3,19,NUCLEAR,"7,515,709",24,5,4
6598,45073,Oconee,SC,34.65724,-83.03832,1,4336,11,27,13,1,4,22,OIL,30,30,5,4
6599,45061,Lee,SC,34.091583,-80.108313,1,1133,78,61,17,0,24,26,SOLAR,"3,627",13,4,4
6600,45007,Anderson,SC,34.6022,-82.435,1,5722,14,32,14,0,5,23,GAS,"5,961,177",24,4,4
6601,45059,Laurens,SC,34.404006,-82.233581,1,3752,31,54,18,0,4,21,HYDRO,0,20,13,4
6602,45067,Marion,SC,34.238081,-79.251953,1,4987,70,56,17,0,10,27,SOLAR,"2,549",19,7,4
6603,45031,Darlington,SC,34.523944,-79.844619,1,828,51,42,15,0,0,24,SOLAR,"3,714",20,2,4
6604,45079,Richland,SC,33.8264,-80.6228,1,171,81,38,11,0,10,22,COAL,"1,744,006",27,4,4
6605,45055,Kershaw,SC,34.3355,-80.7021,1,694,23,13,8,2,2,24,HYDRO,"201,268",35,1,4
6606,45061,Lee,SC,34.069422,-80.078469,1,1150,79,60,17,0,20,26,SOLAR,"4,035",18,3,4
6607,45087,Union,SC,34.5567,-81.4919,1,487,84,42,19,0,8,25,OIL,83,14,3,4
6608,45083,Spartanburg,SC,35.001194,-82.130278,1,15100,20,27,9,1,4,21,BIOMASS,79,14,8,4
6609,45045,Greenville,SC,34.786327,-82.398437,1,36679,55,42,16,3,6,20,SOLAR,"3,437",14,8,4
6610,45033,Dillon,SC,34.398056,-79.383611,1,8375,64,57,22,1,5,25,SOLAR,"23,330",20,11,4
6611,45007,Anderson,SC,34.721613,-82.524315,1,12292,17,17,8,1,2,19,SOLAR,"4,146",14,6,4
6612,45015,Berkeley,SC,33.0158,-79.9297,1,67,13,4,5,0,0,18,COAL,"1,994,060",7,7,4
6613,45041,Florence,SC,33.984625,-79.564983,1,2228,49,49,16,1,13,23,SOLAR,"3,925",23,8,4
6614,45043,Georgetown,SC,33.33184,-79.357236,1,1219,31,49,12,2,4,23,COAL,"2,646,676",25,2,4
6615,45047,Greenwood,SC,34.188925,-82.134332,1,27390,60,57,20,2,8,21,SOLAR,"4,295",15,6,4
6616,45091,York,SC,35.0218,-81.0078,1,47969,29,10,5,2,3,15,HYDRO,"128,935",13,5,4
6617,45013,Beaufort,SC,32.705139,-80.903275,1,1158,72,50,17,0,12,24,SOLAR,"21,375",16,6,4
6618,46013,Brown,SD,45.429884,-98.49396,1,19849,19,33,8,5,4,19,GAS,"39,552",15,6,8
6619,46099,Minnehaha,SD,43.60347,-96.6356,1,7152,9,11,3,0,1,18,GAS,"232,283",11,6,8
6620,46039,Deuel,SD,44.574965,-96.55942,1,326,12,30,3,0,2,7,GAS,"407,230",10,8,8
6621,46003,Aurora,SD,43.730833,-98.764167,1,452,4,21,7,2,1,14,WIND,"70,845",24,5,8
6622,46009,Bon Homme,SD,43.16,-98.08,1,35,13,41,9,1,4,13,WIND,"274,538",18,7,8
6623,46103,Pennington,SD,44.087235,-103.260959,1,42193,26,36,6,1,4,20,GAS,"3,103",22,6,8
6624,46017,Buffalo,SD,44.0384,-99.4463,1,1218,82,66,18,1,16,23,HYDRO,"770,542",7,14,8
6625,46051,Grant,SD,45.303652,-96.510067,1,1234,8,33,15,0,2,19,COAL,"1,566,639",32,4,8
6626,46005,Beadle,SD,44.369507,-98.17223,1,10541,33,34,14,10,2,19,GAS,"96,386",15,9,8
6627,46015,Brule,SD,43.717,-98.922,1,587,8,32,5,0,9,16,WIND,"64,637",20,3,8
6628,46011,Brookings,SD,44.4328,-96.4779,1,171,1,17,5,0,1,18,WIND,"94,481",24,5,8
6629,46011,Brookings,SD,44.5281,-96.6267,1,148,8,25,3,0,2,11,WIND,"368,965",14,7,8
6630,46021,Campbell,SD,45.753333,-100.275,1,19,6,22,5,0,2,16,WIND,"318,839",26,2,8
6631,46015,Brule,SD,43.848529,-99.24757,1,101,9,41,6,0,1,17,WIND,0,18,4,8
6632,46025,Clark,SD,44.876484,-97.732102,1,1246,13,27,8,3,5,17,OIL, (116),32,5,8
6633,46011,Brookings,SD,44.45,-96.55,1,175,0,16,5,0,1,18,WIND,"382,648",24,5,8
6634,46025,Clark,SD,45.051544,-97.826423,1,15,3,23,7,0,7,17,WIND,"768,627",28,6,8
6635,46029,Codington,SD,45.154947,-96.836839,1,35,5,27,10,0,3,14,WIND,"641,868",19,6,8
6636,46029,Codington,SD,45.0054,-96.929945,1,200,3,26,3,0,0,10,WIND,"776,431",19,5,8
6637,46051,Grant,SD,45.267621,-97.103982,1,127,6,27,10,0,3,14,WIND,"517,709",19,6,8
6638,46037,Day,SD,45.215,-97.9056,1,25,18,29,13,7,0,22,WIND,"408,511",27,8,8
6639,46011,Brookings,SD,44.39624,-96.53332,1,165,2,15,5,0,1,18,GAS,"1,060,819",23,5,8
6640,46039,Deuel,SD,44.863583,-96.534631,1,50,7,27,7,0,3,7,WIND,"1,029,857",26,8,8
6641,46047,Fall River,SD,43.15523,-103.34385,1,7,22,21,6,0,3,18,SOLAR,"46,622",26,7,8
6642,46049,Faulk,SD,45.036685,-99.120186,1,738,5,15,15,0,8,16,OIL, (139),28,7,8
6643,46023,Charles Mix,SD,43.0653,-98.5539,1,248,46,45,12,0,15,16,HYDRO,"1,453,602",16,10,8
6644,46117,Stanley,SD,44.368056,-100.380833,1,12761,15,20,3,0,0,18,OIL,53,18,5,8
6645,46013,Brown,SD,45.3735,-98.098689,1,53,2,16,0,0,7,18,GAS,"201,897",20,1,8
6646,46077,Kingsbury,SD,44.364871,-97.381063,1,699,10,19,7,1,0,19,OIL,76,24,3,8
6647,46103,Pennington,SD,44.1203,-103.26,1,18762,29,40,6,1,3,21,GAS,"38,170",20,8,8
6648,46069,Hyde,SD,44.377333,-99.6601,1,26,12,17,6,0,0,15,WIND,"37,767",24,7,8
6649,46065,Hughes,SD,44.4504,-100.3866,1,936,27,13,4,0,0,15,HYDRO,"2,050,154",15,5,8
6650,46025,Clark,SD,44.933333,-97.741389,1,126,4,24,7,0,7,17,WIND,"66,695",29,6,8
6651,46035,Davison,SD,43.80237,-98.10182,1,301,3,12,12,0,0,14,GAS,"17,570",28,6,8
6652,46125,Turner,SD,43.3705,-96.9598,1,601,10,25,9,0,1,18,GAS,"23,362",15,6,8
6653,46083,Lincoln,SD,43.096898,-96.476983,1,499,6,18,9,0,1,19,GAS,"17,514",23,2,8
6654,46065,Hughes,SD,44.388753,-100.307043,1,14713,19,20,3,0,1,18,SOLAR,17,17,6,8
6655,46073,Jerauld,SD,43.886389,-98.7875,1,10,4,23,7,2,1,15,WIND,"343,717",23,5,8
6656,46135,Yankton,SD,43.039,-97.526,1,128,2,19,4,0,1,14,WIND,"786,987",15,9,8
6657,46059,Hand,SD,44.477778,-99.133889,1,19,5,23,6,0,4,16,WIND,"79,708",17,7,8
6658,46069,Hyde,SD,44.5492,-99.5,1,50,5,21,9,0,1,17,WIND,"80,581",26,8,8
6659,46081,Lawrence,SD,44.478333,-103.854722,1,13277,12,28,4,0,2,19,HYDRO,"21,425",22,3,8
6660,46027,Clay,SD,42.897663,-96.990494,1,132,1,21,5,0,2,18,OIL,"8,839",13,7,8
6662,46059,Hand,SD,44.386814,-98.801075,1,24,5,23,6,0,4,16,WIND,"174,601",17,7,8
6663,46039,Deuel,SD,44.592,-96.576,1,330,12,30,3,0,2,7,WIND,"560,752",10,8,8
6664,46069,Hyde,SD,44.40104,-99.603836,1,13,23,18,9,0,0,17,WIND,"918,415",20,3,8
6665,46051,Grant,SD,45.221111,-96.637222,1,3926,9,28,4,5,3,19,OIL,17,24,5,8
6666,46029,Codington,SD,44.901667,-97.108333,1,20785,10,29,10,1,2,17,OIL,"5,231",19,6,8
6667,46073,Jerauld,SD,44.0025,-98.590833,1,30,16,14,8,1,1,17,WIND,"207,085",24,5,8
6669,46135,Yankton,SD,42.893333,-97.353333,1,14278,14,26,5,1,2,19,GAS, (280),19,6,8
6670,47157,Shelby,TN,35.074087,-90.14868,1,701,98,54,36,0,13,26,GAS,"5,333,302",24,7,4
6671,47139,Polk,TN,35.167712,-84.295601,1,597,10,45,14,0,6,25,HYDRO,"435,935",33,3,4
6672,47125,Montgomery,TN,36.540556,-87.544444,1,2095,16,14,7,0,4,22,BIOMASS,"11,221",16,7,4
6673,47163,Sullivan,TN,36.4403,-82.4381,1,15333,8,21,7,0,5,20,HYDRO,"153,158",23,3,4
6674,47075,Haywood,TN,35.5438,-89.198,1,604,50,45,16,1,6,20,GAS,"21,104",14,4,4
6675,47001,Anderson,TN,36.120994,-84.338733,1,91,1,37,17,0,0,25,WIND,0,13,2,4
6676,47001,Anderson,TN,36.127092,-84.344168,1,29,1,51,23,0,8,27,WIND,"16,213",13,2,4
6677,47001,Anderson,TN,36.0211,-84.1567,1,11837,11,32,9,1,6,20,COAL,"755,288",22,4,4
6679,47041,DeKalb,TN,36.0972,-85.8274,1,650,6,43,12,0,1,23,HYDRO,"308,080",11,11,4
6680,47065,Hamilton,TN,35.024583,-85.208617,1,53311,50,38,12,3,7,22,SOLAR,"2,428",18,6,4
6681,47043,Dickson,TN,36.3208,-87.2219,1,1505,11,31,11,0,3,22,HYDRO,"177,341",15,5,4
6682,47089,Jefferson,TN,36.168176,-83.49768,1,3982,9,37,11,0,9,21,HYDRO,"301,344",20,5,4
6683,47065,Hamilton,TN,35.101791,-85.229467,1,30064,40,30,8,1,5,19,HYDRO,"657,325",18,6,4
6684,47009,Blount,TN,35.5453,-84.0503,1,225,3,34,9,0,2,3,HYDRO,"146,935",28,4,4
6685,47159,Smith,TN,36.289539,-85.94416,1,4335,13,35,14,1,1,26,HYDRO,"280,706",19,5,4
6686,47161,Stewart,TN,36.3903,-87.6539,1,1027,15,36,21,0,7,23,COAL,"8,619,518",18,7,4
6687,47027,Clay,TN,36.5378,-85.4517,1,1522,8,51,20,2,12,26,HYDRO,"92,789",30,3,4
6688,47163,Sullivan,TN,36.5489,-82.5667,1,34475,10,45,14,1,6,24,GAS,"127,615",24,5,4
6689,47155,Sevier,TN,35.9623,-83.5393,1,6039,8,44,14,0,7,22,HYDRO,"364,854",16,5,4
6690,47163,Sullivan,TN,36.5219,-82.5431,1,27750,11,44,12,1,6,24,OTHF,"940,999",24,5,4
6691,47103,Lincoln,TN,35.06,-86.34,1,1025,4,21,15,0,1,23,SOLAR,"347,413",20,3,4
6692,47105,Loudon,TN,35.7917,-84.2431,1,16148,21,38,12,1,4,24,HYDRO,"676,508",17,7,4
6693,47163,Sullivan,TN,36.4982,-82.5086,1,23902,8,30,8,0,6,20,HYDRO,"94,407",24,4,4
6694,47165,Sumner,TN,36.3156,-86.4006,1,5711,16,23,9,1,4,20,COAL,"3,750,321",12,10,4
6695,47183,Weakley,TN,36.2454,-88.612,1,1752,11,37,18,0,1,22,GAS,"37,925",18,4,4
6696,47177,Warren,TN,35.806732,-85.634063,1,1544,14,41,14,1,5,25,HYDRO,"32,174",15,8,4
6697,47075,Haywood,TN,35.5775,-89.286944,1,9598,70,52,17,1,10,25,SOLAR,"5,546",20,6,4
6698,47157,Shelby,TN,35.189991,-89.799302,1,75219,59,26,7,3,5,19,SOLAR,856,14,6,4
6699,47037,Davidson,TN,36.1564,-86.6186,1,45378,40,26,6,2,3,14,HYDRO,"45,491",12,6,4
6700,47073,Hawkins,TN,36.3767,-82.9639,1,4804,7,45,17,1,6,25,GAS,"4,280,543",25,7,4
6701,47085,Humphreys,TN,36.0278,-87.9861,1,2542,13,33,11,0,3,23,GAS,"590,121",20,5,4
6702,47145,Roane,TN,35.8992,-84.5194,1,11189,10,35,10,0,7,23,COAL,"2,412,079",23,4,4
6703,47075,Haywood,TN,35.6578,-89.3964,1,216,31,41,21,0,4,26,GAS,"3,417,626",24,6,4
6704,47069,Hardeman,TN,35.306387,-89.167539,1,5661,57,44,30,0,2,20,SOLAR,"24,884",10,2,4
6705,47149,Rutherford,TN,35.851389,-86.365,1,63299,38,45,10,2,5,19,GAS,"37,022",12,6,4
6706,47177,Warren,TN,35.705,-85.7439,1,12074,21,47,18,2,4,26,OIL,143,18,6,4
6707,47105,Loudon,TN,35.8853,-84.3003,1,2762,5,23,16,0,1,19,HYDRO,"91,459",21,2,4
6708,47157,Shelby,TN,35.351533,-89.854725,1,6654,43,45,12,0,10,20,SOLAR,"103,400",16,4,4
6709,47179,Washington,TN,36.309609,-82.377504,1,47809,19,48,10,1,6,22,OIL,2,15,5,4
6710,47109,McNairy,TN,35.131944,-88.586667,1,3326,11,37,12,0,7,24,SOLAR,"25,993",21,4,4
6711,47037,Davidson,TN,36.248832,-86.746776,1,54261,59,35,13,4,5,24,SOLAR,"2,627",14,8,4
6712,47115,Marion,TN,35.0017,-85.6218,1,1334,5,47,21,0,11,25,HYDRO,"509,619",24,6,4
6713,47001,Anderson,TN,36.2242,-84.0914,1,4136,5,25,6,0,2,19,HYDRO,"294,841",25,6,4
6714,47131,Obion,TN,36.38638,-88.99194,1,1899,31,45,13,0,10,19,SOLAR,"181,645",23,2,4
6715,47139,Polk,TN,35.0947,-84.6478,1,1012,14,24,17,0,7,22,HYDRO,"69,797",30,2,4
6716,47139,Polk,TN,35.082271,-84.49115,1,36,31,19,23,0,0,24,HYDRO,"80,710",15,1,4
6717,47139,Polk,TN,35.075,-84.4833,1,65,23,32,18,0,6,23,HYDRO,"141,416",17,2,4
6718,47165,Sumner,TN,36.2972,-86.6556,1,46113,34,28,9,2,4,16,HYDRO,"368,682",13,6,4
6719,47037,Davidson,TN,36.211389,-86.694444,1,46829,35,22,7,2,4,23,GAS,"30,758",14,7,4
6720,47071,Hardin,TN,35.0471,-88.2661,1,1325,4,26,16,0,4,24,BIOMASS,"415,525",28,2,4
6721,47071,Hardin,TN,35.0683,-88.2494,1,1479,3,28,18,0,4,24,HYDRO,"1,121,157",25,1,4
6722,47067,Hancock,TN,36.5748,-83.0321,1,480,3,47,18,0,11,19,OIL,66,24,6,4
6723,47105,Loudon,TN,35.735092,-84.319301,1,8948,20,36,24,3,7,22,GAS,"402,441",26,5,4
6724,47113,Madison,TN,35.578333,-89.047779,1,538,67,35,13,2,5,22,SOLAR,"23,964",20,2,4
6725,47065,Hamilton,TN,35.055795,-85.387934,1,5465,16,25,8,0,1,20,HYDRO," (553,751)",22,6,4
6726,47107,McMinn,TN,35.2964,-84.7569,1,2513,12,36,20,0,5,21,BIOMASS,0,16,4,4
6727,47003,Bedford,TN,35.57,-86.46,1,2400,15,23,8,0,7,20,SOLAR,"6,523",16,5,4
6728,47069,Hardeman,TN,35.256656,-89.020275,1,5521,69,54,19,0,20,27,SOLAR,"6,478",20,4,4
6729,47125,Montgomery,TN,36.52119,-87.31507,1,36710,33,37,5,1,5,21,SOLAR,62,14,8,4
6730,47125,Montgomery,TN,36.523317,-87.31664,1,37387,33,37,5,1,5,21,SOLAR,93,14,7,4
6731,47059,Greene,TN,36.294811,-82.698881,1,2164,9,24,16,0,2,21,SOLAR,"10,297",32,6,4
6732,47059,Greene,TN,36.1905,-82.740047,1,9812,11,38,11,1,7,7,SOLAR,"10,162",20,5,4
6733,47157,Shelby,TN,35.300066,-89.962991,1,5095,46,34,10,0,6,16,SOLAR,"3,542",17,5,4
6734,47113,Madison,TN,35.607757,-88.917046,1,1650,29,29,11,0,20,26,SOLAR,"2,225",16,2,4
6735,47179,Washington,TN,36.252039,-82.520924,1,8417,7,26,14,0,3,21,SOLAR,"7,715",26,3,4
6736,47113,Madison,TN,35.574169,-88.926606,1,1068,33,23,10,0,10,25,SOLAR,"68,571",17,2,4
6737,47079,Henry,TN,36.445894,-88.327688,1,1544,18,40,16,0,10,24,SOLAR,"12,696",25,5,4
6738,47179,Washington,TN,36.347384,-82.598402,1,3114,5,23,7,0,8,22,SOLAR,"20,172",23,4,4
6739,47089,Jefferson,TN,36.12323,-83.28383,1,6911,9,35,17,2,7,22,SOLAR,0,22,5,4
6740,47109,McNairy,TN,35.149722,-88.555278,1,4079,14,34,11,0,7,25,SOLAR,"26,003",22,4,4
6741,47109,McNairy,TN,35.140556,-88.551111,1,3418,11,32,10,0,7,24,SOLAR,"17,773",22,4,4
6742,47109,McNairy,TN,35.166111,-88.646667,1,2738,19,46,16,0,7,25,SOLAR,"14,668",18,5,4
6743,47065,Hamilton,TN,35.2267,-85.0917,1,9819,4,20,7,0,4,21,NUCLEAR,"19,227,596",19,8,4
6744,47047,Fayette,TN,35.22492,-89.35083,1,3801,46,50,14,0,7,22,SOLAR,"3,202",17,9,4
6745,47163,Sullivan,TN,36.523174,-82.090213,1,1873,6,42,10,0,5,13,HYDRO,"94,630",20,6,4
6746,47051,Franklin,TN,35.1967,-86.2783,1,889,4,33,9,0,1,22,HYDRO,"41,704",35,1,4
6747,47093,Knox,TN,35.949209,-83.926065,1,67236,29,57,14,1,5,18,GAS,"34,215",10,5,4
6748,47037,Davidson,TN,36.145896,-86.803833,1,120657,38,32,7,2,4,17,GAS,"94,294",11,5,4
6749,47065,Hamilton,TN,35.0975,-85.126944,1,20523,33,17,7,1,2,19,SOLAR,"11,084",15,6,4
6750,47019,Carter,TN,36.3413,-82.1264,1,5455,9,39,11,3,4,23,HYDRO,"113,018",22,3,4
6751,47143,Rhea,TN,35.619673,-84.785527,1,1699,9,34,12,0,8,25,HYDRO,"812,422",26,2,4
6752,47143,Rhea,TN,35.6021,-84.7895,1,905,7,36,14,0,6,25,NUCLEAR,"18,709,841",26,3,4
6753,47005,Benton,TN,36.057892,-88.141965,1,4856,6,41,16,0,5,26,BIOMASS,"38,974",20,5,4
6754,47075,Haywood,TN,35.408611,-89.3875,1,352,58,39,19,0,14,24,SOLAR,"2,555",24,2,4
6755,47019,Carter,TN,36.341667,-82.126389,1,5603,8,39,10,3,4,23,HYDRO,"13,427",22,3,4
6756,47047,Fayette,TN,35.058165,-89.368619,1,1393,36,30,13,0,9,23,SOLAR,"18,909",25,6,4
6757,48003,Andrews,TX,32.116388,-102.528333,1,1,56,14,39,4,7,24,SOLAR,"905,296",20,6,6
6759,48253,Jones,TX,32.811041,-99.91749,1,30,27,30,8,3,1,27,SOLAR,"446,132",37,3,6
6760,48309,McLennan,TX,31.48819,-97.20061,1,46659,36,26,7,3,3,17,GAS,0,18,6,6
6761,48187,Guadalupe,TX,29.593951,-98.040734,1,9308,43,31,12,4,3,19,HYDRO,753,18,7,6
6762,48195,Hansford,TX,36.4725,-101.3278,1,4,18,29,13,0,0,18,WIND,0,18,2,6
6763,48201,Harris,TX,29.6225,-95.0458,1,17480,41,20,9,1,5,20,GAS,"2,248,185",13,6,6
6764,48245,Jefferson,TX,29.866497,-93.96515,1,8701,94,52,18,4,11,21,OFSL,"1,194,968",20,6,6
6765,48481,Wharton,TX,29.122,-96.276,1,567,41,17,19,5,1,16,SOLAR,"499,188",14,7,6
6766,48371,Pecos,TX,30.993056,-102.270833,1,7,65,38,19,0,0,19,SOLAR,"246,554",20,0,6
6767,48047,Brooks,TX,26.88913,-98.233324,1,140,84,48,34,42,12,19,SOLAR,"17,377",44,0,6
6770,48113,Dallas,TX,32.648611,-96.644444,1,13692,85,51,40,13,4,21,BIOMASS,"27,763",6,9,6
6771,48465,Val Verde,TX,29.449827,-101.06011,1,47,67,25,11,21,6,14,HYDRO,"87,642",12,4,6
6774,48189,Hale,TX,33.865,-101.843333,1,3301,47,26,15,4,1,19,GAS,"255,931",16,6,6
6775,48461,Upton,TX,31.157269,-101.831603,1,2,38,28,21,2,6,20,WIND,"694,547",13,2,6
6777,48439,Tarrant,TX,32.639069,-97.242906,1,47301,70,36,21,9,6,19,HYDRO,0,12,6,6
6778,48039,Brazoria,TX,29.2558,-95.2103,1,630,29,15,18,0,3,21,GAS,"192,856",13,8,6
6779,48381,Randall,TX,34.769544,-102.052422,1,23,8,24,3,0,1,16,WIND,"567,014",13,2,6
6780,48453,Travis,TX,30.293424,-97.784408,1,91033,30,23,1,1,5,11,HYDRO,"4,704",11,3,6
6781,48453,Travis,TX,30.3344,-97.6217,1,29315,78,31,19,10,5,17,BIOMASS,"37,898",7,9,6
6782,48453,Travis,TX,30.22021,-97.61968,1,14147,72,34,20,6,4,18,SOLAR,0,7,5,6
6784,48207,Haskell,TX,33.021601,-99.61463,1,54,7,14,18,0,2,20,SOLAR,"556,744",48,2,6
6785,48447,Throckmorton,TX,33.169139,-99.266006,1,35,12,38,5,0,0,20,OTHF,"787,094",26,12,6
6786,48039,Brazoria,TX,29.002,-95.394,1,23346,66,35,16,6,8,22,GAS,"588,606",11,6,6
6787,48303,Lubbock,TX,33.695594,-101.970718,1,4583,35,25,10,0,4,21,SOLAR,"1,204",18,5,6
6788,48059,Callahan,TX,32.28938,-99.291596,1,30,14,26,11,1,3,21,WIND,"780,755",30,2,6
6789,48057,Calhoun,TX,28.5707,-96.8333,1,14,32,12,12,0,0,20,OTHF," (5,758)",11,7,6
6790,48217,Hill,TX,32.18398,-97.07141,1,256,36,5,21,0,1,20,SOLAR,"226,170",29,3,6
6791,48097,Cooke,TX,33.5493,-97.1798,1,286,25,20,6,0,0,17,SOLAR,"127,767",17,3,6
6792,48157,Fort Bend,TX,29.787919,-95.799137,1,87650,56,21,8,7,6,15,GAS,243,11,7,6
6793,48167,Galveston,TX,29.49233,-94.98483,1,24860,49,34,14,2,7,21,GAS,"251,981",9,6,6
6795,48003,Andrews,TX,32.295946,-102.54,1,14976,61,30,25,8,3,22,OIL,877,9,8,6
6796,48385,Real,TX,29.681032,-99.762212,1,647,27,22,14,3,1,20,SOLAR,"3,395",35,3,6
6798,48355,Nueces,TX,27.6064,-97.3117,1,7703,34,27,9,1,4,21,GAS,"1,540,696",15,4,6
6799,48237,Jack,TX,33.052226,-98.328415,1,59,8,35,14,0,9,16,WIND,"241,581",17,5,6
6800,48021,Bastrop,TX,30.1458,-97.55,1,5491,77,41,32,10,9,20,GAS,"3,022,115",13,4,6
6801,48319,Mason,TX,30.737745,-99.231778,1,2643,29,29,21,7,3,12,OTHF," (15,429)",23,12,6
6802,48263,Kent,TX,32.969722,-100.524167,1,6,31,25,7,0,6,23,WIND,"59,055",20,8,6
6803,48071,Chambers,TX,29.7731,-94.9019,1,20931,52,22,18,5,8,21,GAS,"5,051,327",14,6,6
6804,48173,Glasscock,TX,31.727237,-101.582,1,109,42,17,12,8,0,17,WIND,"596,030",9,8,6
6805,48481,Wharton,TX,29.45527,-96.088253,1,193,11,18,16,0,0,17,SOLAR,"20,496",17,1,6
6807,48227,Howard,TX,32.2075,-101.388333,1,62,26,18,5,3,0,22,WIND,"62,503",27,7,6
6808,48233,Hutchinson,TX,35.6957,-101.36,1,6019,52,39,21,4,5,25,GAS,"1,353,096",17,5,6
6809,48025,Bee,TX,28.2078,-97.522673,1,49,79,38,16,4,3,22,WIND,"321,269",23,3,6
6810,48017,Bailey,TX,34.03821,-102.665242,1,31,61,22,20,28,0,17,WIND,"537,529",9,1,6
6811,48185,Grimes,TX,30.705329,-96.069829,1,615,21,27,10,1,4,17,OTHF,"249,796",20,3,6
6812,48487,Wilbarger,TX,34.225882,-99.477986,1,735,42,26,34,10,1,21,WIND,"366,160",11,7,6
6813,48197,Hardeman,TX,34.170488,-99.563436,1,80,41,13,6,0,2,21,WIND,"724,631",22,4,6
6814,48487,Wilbarger,TX,34.299,-99.399,1,99,10,14,11,2,0,21,OTHF," (2,520)",18,10,6
6815,48487,Wilbarger,TX,34.292913,-99.367734,1,104,10,14,11,2,0,21,WIND,"492,554",18,10,6
6816,48029,Bexar,TX,29.304177,-98.400339,1,11987,82,36,14,4,4,20,SOLAR,"17,787",9,5,6
6817,48431,Sterling,TX,31.87,-100.828,1,7,34,33,10,2,0,14,SOLAR,"76,418",13,9,6
6818,48431,Sterling,TX,31.888,-100.825,1,13,32,40,10,1,1,8,SOLAR,"286,745",15,6,6
6820,48233,Hutchinson,TX,35.6647,-101.4354,1,10968,39,30,17,3,3,23,OFSL,"45,620",16,5,6
6821,48035,Bosque,TX,31.8594,-97.3586,1,1838,6,26,9,0,4,21,GAS,"4,864,815",29,2,6
6822,48015,Austin,TX,29.631324,-96.076894,1,1711,49,43,20,1,12,17,SOLAR,"16,132",16,8,6
6823,48157,Fort Bend,TX,29.480277,-95.620277,1,591,56,18,9,9,1,2,GAS,"291,809",19,3,6
6824,48303,Lubbock,TX,33.585257,-101.886093,1,96351,56,52,16,4,5,17,GAS,"21,734",10,5,6
6826,48039,Brazoria,TX,29.1779,-95.7612,1,786,19,17,5,3,5,20,SOLAR,"433,173",18,2,6
6827,48039,Brazoria,TX,29.191,-95.663,1,2013,30,18,14,6,7,21,SOLAR,"411,929",20,3,6
6828,48157,Fort Bend,TX,29.4731,-95.6244,1,745,59,19,11,8,0,0,GAS,"3,305,314",19,3,6
6829,48415,Scurry,TX,32.94793,-101.147784,1,12,29,17,15,0,0,24,WIND,"82,888",19,4,6
6830,48349,Navarro,TX,32.067483,-96.585136,1,873,45,41,21,4,10,22,SOLAR,"263,227",19,4,6
6831,48497,Wise,TX,33.195763,-97.802547,1,2877,33,24,22,7,3,20,GAS,"49,615",14,6,6
6832,48025,Bee,TX,28.430988,-97.889555,1,117,50,63,9,0,1,20,SOLAR,"103,215",13,5,6
6833,48045,Briscoe,TX,34.432267,-101.237233,1,13,31,51,13,2,4,13,WIND,"414,570",35,6,6
6834,48341,Moore,TX,36.0075,-101.8614,1,2552,57,41,32,15,4,19,WIND,"3,695",8,9,6
6835,48157,Fort Bend,TX,29.537482,-95.969548,1,996,68,41,23,6,8,17,SOLAR,"14,269",14,3,6
6836,48039,Brazoria,TX,29.364128,-95.435068,1,2942,76,18,27,4,13,17,GAS,"239,098",11,6,6
6837,48489,Willacy,TX,26.522222,-97.691111,1,88,82,62,35,9,10,16,WIND,"568,276",14,7,6
6838,48041,Brazos,TX,30.64741,-96.372316,1,74494,61,53,18,6,7,18,GAS,"3,892",8,6,6
6840,48299,Llano,TX,30.7507,-98.4176,1,2224,22,20,6,0,2,20,HYDRO,"14,094",41,2,6
6842,48143,Erath,TX,32.371306,-98.377389,1,155,15,28,11,0,4,15,WIND,"368,382",16,4,6
6843,48353,Nolan,TX,32.318221,-100.176986,1,43,11,42,10,1,1,10,WIND,"424,857",30,2,6
6844,48353,Nolan,TX,32.2878,-100.1,1,45,8,48,8,1,1,0,WIND,"292,130",23,2,6
6846,48033,Borden,TX,32.929014,-101.578617,1,14,18,22,5,0,2,0,WIND,"269,034",18,9,6
6847,48039,Brazoria,TX,29.056,-95.686,1,6468,37,28,15,2,6,22,OTHF," (2,622)",19,4,6
6848,48227,Howard,TX,32.273178,-101.422386,1,9947,49,28,11,1,5,24,GAS,"99,556",11,8,6
6849,48103,Crane,TX,31.254361,-102.31165,1,6,61,42,20,8,9,16,SOLAR,"406,595",20,2,6
6850,48057,Calhoun,TX,28.650278,-96.539722,1,444,53,17,9,4,0,18,GAS,"929,928",23,7,6
6851,48469,Victoria,TX,28.79346,-97.01223,1,29244,77,51,29,3,7,22,OIL,85,15,7,6
6852,48029,Bexar,TX,29.377966,-98.26922,1,4624,57,29,24,13,3,20,SOLAR,"1,798",21,5,6
6853,48095,Concho,TX,31.112474,-100.028142,1,16,34,34,29,3,16,11,WIND,"459,805",24,5,6
6855,48215,Hidalgo,TX,26.34172,-98.175759,1,41421,92,56,21,13,7,19,GAS,"2,791,281",8,8,6
6856,48061,Cameron,TX,26.195278,-97.466111,1,808,91,39,22,13,3,21,WIND,"345,986",12,8,6
6857,48117,Deaf Smith,TX,35.200164,-102.315517,1,17,43,53,24,6,0,19,WIND,"824,746",14,5,6
6858,48091,Comal,TX,29.87056,-98.194733,1,6498,22,21,6,2,4,12,HYDRO,0,23,10,6
6859,48431,Sterling,TX,31.951958,-101.018936,1,5,34,33,10,2,0,14,WIND,"2,009,860",13,9,6
6861,48481,Wharton,TX,29.205355,-96.023384,1,604,48,50,20,8,3,18,SOLAR,"21,316",15,7,6
6862,48461,Upton,TX,31.255,-102.272,1,6,61,42,20,8,9,16,SOLAR,"396,246",20,2,6
6863,48333,Mills,TX,31.39376,-98.35936,1,55,9,26,13,0,1,15,WIND,"495,814",40,2,6
6864,48255,Karnes,TX,28.871642,-97.696944,1,1301,81,49,23,4,1,16,SOLAR,"22,575",14,10,6
6865,48127,Dimmit,TX,28.34705,-99.673703,1,4,97,62,41,10,12,21,OTHF, (299),29,2,6
6866,48071,Chambers,TX,29.75,-94.9256,1,39748,68,41,24,8,8,22,GAS,"2,940,340",11,7,6
6867,48071,Chambers,TX,29.751645,-94.92312,1,38797,67,40,24,8,8,21,GAS,"1,904,676",11,7,6
6871,48041,Brazos,TX,30.617778,-96.343333,1,99024,45,60,9,4,7,13,GAS,"127,816",5,4,6
6872,48201,Harris,TX,29.883214,-95.111345,1,12516,68,31,14,7,6,22,GAS,"116,316",9,8,6
6873,48353,Nolan,TX,32.3983,-100.6481,1,108,12,20,10,3,3,20,WIND,"306,785",25,5,6
6874,48201,Harris,TX,29.7189,-95.2319,1,69012,92,52,40,17,10,19,OFSL,"3,917,523",9,9,6
6875,48201,Harris,TX,29.836952,-95.121744,1,32275,90,39,28,13,7,12,GAS,"4,962,494",5,8,6
6876,48355,Nueces,TX,27.5925,-97.500833,1,62,76,29,13,5,0,21,WIND,"595,197",8,10,6
6877,48439,Tarrant,TX,32.904444,-97.386111,1,57388,49,13,7,2,4,18,OTHF," (6,327)",7,9,6
6878,48277,Lamar,TX,33.63291,-95.39071,1,1675,16,23,14,2,1,21,SOLAR,"21,901",27,4,6
6880,48215,Hidalgo,TX,26.320997,-98.351744,1,33921,99,74,56,22,11,19,OIL,645,5,9,6
6881,48201,Harris,TX,29.845265,-95.553945,1,73286,74,38,23,16,6,19,OIL,707,13,7,6
6882,48121,Denton,TX,33.2706,-96.979168,1,14709,29,15,4,1,3,18,SOLAR,"1,845",12,7,6
6883,48065,Carson,TX,35.254184,-101.186622,1,19,7,25,11,0,0,10,WIND,"851,239",21,8,6
6884,48175,Goliad,TX,28.7128,-97.214167,1,750,38,36,9,1,6,19,COAL,"2,660,191",16,1,6
6885,48481,Wharton,TX,29.2878,-96.0683,1,7469,61,37,21,4,2,22,GAS,"2,416,287",20,8,6
6886,48481,Wharton,TX,29.289415,-96.065399,1,7614,62,37,21,4,2,22,GAS,"7,844,808",20,8,6
6887,48425,Somervell,TX,32.298365,-97.785515,1,1351,36,20,14,7,2,16,NUCLEAR,"18,892,726",18,5,6
6888,48029,Bexar,TX,29.43445,-98.61765,1,112901,90,50,22,10,8,17,OTHF, (964),11,8,6
6889,48029,Bexar,TX,29.43445,-98.61765,1,112901,90,50,22,10,8,17,SOLAR,"8,590",11,8,6
6890,48451,Tom Green,TX,31.214,-100.255,1,11,25,21,9,8,0,17,SOLAR,"336,108",7,12,6
6891,48147,Fannin,TX,33.404486,-96.082472,1,1477,18,23,10,0,4,20,SOLAR,"209,420",28,3,6
6892,48141,El Paso,TX,31.7569,-106.375,1,98189,92,52,25,23,8,19,GAS,"48,678",18,6,6
6893,48479,Webb,TX,27.634677,-99.258329,1,471,100,47,42,57,4,19,SOLAR,"306,291",14,7,6
6894,48355,Nueces,TX,27.811083,-97.595813,1,19589,69,33,12,3,5,21,GAS,"72,907",10,7,6
6895,48355,Nueces,TX,27.8139,-97.4283,1,29039,88,65,33,9,3,24,GAS,"2,548,040",17,6,6
6896,48355,Nueces,TX,27.8322,-97.5281,1,9227,72,24,13,2,6,22,GAS,"272,842",12,7,6
6897,48153,Floyd,TX,34.060333,-101.187628,1,8,32,28,0,0,0,21,WIND,"198,961",24,6,6
6898,48351,Newton,TX,30.2588,-93.7353,1,2008,7,34,6,0,8,22,GAS,"5,896,856",24,2,6
6899,48029,Bexar,TX,29.3467,-98.6536,1,44115,86,58,27,12,10,16,BIOMASS,"20,602",8,8,6
6901,48415,Scurry,TX,32.84879,-100.866458,1,12,44,50,28,17,0,21,WIND,"645,663",43,0,6
6902,48391,Refugio,TX,28.197778,-97.444953,1,2,34,42,24,2,4,17,WIND,"579,192",28,0,6
6904,48231,Hunt,TX,33.004305,-96.075913,1,2927,20,22,11,0,5,21,OTHF," (4,370)",16,5,6
6905,48157,Fort Bend,TX,29.409669,-95.73405,1,1111,35,16,10,4,5,18,SOLAR,"211,976",10,8,6
6906,48201,Harris,TX,29.956811,-95.527643,1,114095,79,39,16,8,8,16,OIL,769,12,7,6
6908,48453,Travis,TX,30.3033,-97.6128,1,25858,85,41,26,15,6,17,GAS,0,5,11,6
6909,48221,Hood,TX,32.403056,-97.700556,1,13130,16,13,5,1,5,19,GAS,"95,499",29,4,6
6910,48201,Harris,TX,29.713414,-95.134508,1,54254,66,31,20,7,7,21,GAS,"6,870,029",13,7,6
6911,48181,Grayson,TX,33.8181,-96.5692,1,1445,13,26,8,0,1,21,HYDRO,"104,225",26,6,6
6912,48121,Denton,TX,33.214869,-97.209692,1,9193,33,42,6,5,7,11,GAS,"309,654",10,3,6
6913,48415,Scurry,TX,32.863769,-100.975128,1,45,44,50,28,17,0,21,WIND,"872,033",43,0,6
6916,48217,Hill,TX,31.78,-97.51,1,327,22,20,12,5,3,6,SOLAR,"31,908",21,8,6
6917,48187,Guadalupe,TX,29.640187,-98.045934,1,16049,45,28,9,4,3,20,HYDRO,698,14,8,6
6918,48015,Austin,TX,29.740788,-96.15994,1,6958,52,31,18,3,4,19,SOLAR,"1,233",15,8,6
6919,48061,Cameron,TX,26.19208,-97.664239,1,52703,88,57,23,11,5,20,OIL,599,14,7,6
6920,48415,Scurry,TX,32.747058,-100.954661,1,3096,43,32,16,6,0,21,GAS,"686,947",18,4,6
6922,48377,Presidio,TX,29.566263,-104.35535,1,3337,100,84,56,35,29,21,OTHF,0,16,12,6
6923,48323,Maverick,TX,28.829535,-100.552234,1,342,95,35,59,38,0,19,HYDRO,"42,977",11,13,6
6924,48453,Travis,TX,30.4214,-97.4614,1,1370,73,40,23,7,5,19,SOLAR,"303,588",7,15,6
6925,48371,Pecos,TX,31.000883,-102.281744,1,6,65,38,19,0,0,19,SOLAR,"266,984",20,0,6
6926,48203,Harrison,TX,32.4481,-94.6903,1,10516,78,47,24,4,5,21,GAS,"2,564,560",13,7,6
6928,48309,McLennan,TX,31.291151,-97.260738,1,4690,31,31,18,7,6,22,SOLAR,"16,248",19,8,6
6929,48277,Lamar,TX,33.599167,-95.525056,1,723,18,34,9,0,6,21,SOLAR,"69,958",13,8,6
6930,48409,San Patricio,TX,27.992706,-97.743983,1,329,47,31,20,3,11,19,WIND,"634,782",26,4,6
6931,48275,Knox,TX,33.732181,-99.726392,1,15,31,50,20,0,1,23,WIND,"731,425",15,2,6
6932,48163,Frio,TX,28.883196,-99.178605,1,7,86,29,29,20,11,23,SOLAR,"300,209",12,4,6
6933,48227,Howard,TX,32.1408,-101.3986,1,1130,40,28,16,0,1,22,WIND,"390,744",7,8,6
6934,48487,Wilbarger,TX,34.102943,-99.118746,1,136,31,44,30,0,3,21,WIND,"855,276",19,7,6
6935,48189,Hale,TX,33.865,-101.843333,1,3301,47,26,15,4,1,19,GAS,"934,428",16,6,6
6936,48139,Ellis,TX,32.467194,-97.054333,1,5378,38,21,11,2,4,19,SOLAR,"15,064",8,8,6
6937,48139,Ellis,TX,32.23256,-96.706121,1,1085,46,31,26,4,6,15,SOLAR,"301,393",17,3,6
6938,48371,Pecos,TX,31.09331,-102.35964,1,2,87,71,47,10,1,21,SOLAR,"283,847",33,5,6
6939,48233,Hutchinson,TX,35.66704,-101.432004,1,11760,39,31,17,3,3,23,OTHF,"40,472",16,5,6
6940,48139,Ellis,TX,32.32,-96.675,1,13298,59,31,18,3,3,22,GAS,"1,440,180",13,5,6
6941,48071,Chambers,TX,29.8247,-94.9197,1,10623,45,14,12,2,8,20,GAS,"147,129",13,6,6
6942,48201,Harris,TX,29.753517,-94.997277,1,60255,78,44,27,11,9,21,GAS,"1,190,206",10,8,6
6943,48201,Harris,TX,29.759124,-95.009648,1,46553,77,42,23,10,10,20,GAS,"2,630,866",10,9,6
6944,48245,Jefferson,TX,30.0636,-94.0753,1,27961,90,51,24,8,7,26,GAS,"4,253,881",13,6,6
6945,48493,Wilson,TX,29.220361,-98.250865,1,5004,64,22,10,2,1,11,SOLAR,"2,096",14,4,6
6946,48493,Wilson,TX,29.220942,-98.251671,1,4120,64,27,12,2,1,10,SOLAR,"2,096",16,4,6
6947,48493,Wilson,TX,29.129219,-98.106298,1,4028,53,32,13,5,3,19,SOLAR,"2,162",20,5,6
6948,48493,Wilson,TX,29.128666,-98.107043,1,4109,53,32,13,5,3,19,SOLAR,"2,162",20,5,6
6949,48493,Wilson,TX,29.128151,-98.107343,1,4119,53,32,13,5,3,19,SOLAR,"2,162",20,5,6
6950,48493,Wilson,TX,29.13398,-98.193353,1,7030,60,33,12,4,3,19,SOLAR,"2,219",19,5,6
6951,48493,Wilson,TX,29.133613,-98.192753,1,7292,60,33,12,3,3,19,SOLAR,"2,219",19,5,6
6952,48157,Fort Bend,TX,29.575316,-95.636882,1,70668,65,11,5,7,5,13,GAS,"1,837",18,4,6
6953,48427,Starr,TX,26.5575,-99.1642,1,202,100,69,43,46,12,21,HYDRO,"30,557",22,3,6
6954,48121,Denton,TX,33.031111,-96.957222,1,73033,64,24,9,6,4,12,BIOMASS,"24,101",8,6,6
6956,48157,Fort Bend,TX,29.358425,-95.746388,1,1287,50,35,12,3,6,18,SOLAR,"491,742",12,8,6
6957,48421,Sherman,TX,36.4453,-101.8761,1,15,44,41,33,3,0,10,WIND,"1,648",13,5,6
6958,48027,Bell,TX,30.998647,-97.259017,1,1316,29,22,8,5,1,18,SOLAR,"43,384",19,5,6
6959,48341,Moore,TX,36.0264,-101.9,1,18,74,38,38,9,5,19,WIND,"2,053",8,8,6
6960,48333,Mills,TX,31.684511,-98.603358,1,20,9,25,13,0,0,15,WIND,"814,525",40,3,6
6962,48389,Reeves,TX,31.197285,-103.361771,1,2,62,36,19,9,2,21,OTHF," (7,801)",40,3,6
6963,48415,Scurry,TX,32.931944,-101.143611,1,21,29,16,15,0,0,24,WIND,"497,772",19,4,6
6964,48155,Foard,TX,33.915315,-99.740278,1,1,32,39,20,4,6,16,WIND,"1,163,892",30,4,6
6966,48057,Calhoun,TX,28.6917,-96.5417,1,463,53,17,9,3,0,18,GAS,"4,489,977",23,7,6
6967,48257,Kaufman,TX,32.7563,-96.4916,1,26551,46,21,8,1,5,18,GAS,"10,423,121",7,9,6
6968,48157,Fort Bend,TX,29.560311,-95.98036,1,842,56,41,20,2,3,19,SOLAR,"104,647",18,2,6
6969,48141,El Paso,TX,31.829986,-106.372861,1,13727,66,50,7,13,6,8,SOLAR,"4,661",5,8,6
6970,48003,Andrews,TX,32.381434,-102.78282,1,2,52,42,18,18,3,19,OIL,645,9,11,6
6971,48039,Brazoria,TX,28.991289,-95.407481,1,19464,62,37,16,6,8,22,GAS,"2,279,234",11,6,6
6972,48039,Brazoria,TX,28.988761,-95.395417,1,16907,75,40,20,6,8,23,GAS,"1,243,286",11,6,6
6973,48039,Brazoria,TX,28.979167,-95.306944,1,2369,28,30,15,0,8,27,GAS,"598,266",27,2,6
6974,48161,Freestone,TX,31.8907,-96.1131,1,69,22,38,11,0,5,19,GAS,"7,559,621",31,3,6
6975,48147,Fannin,TX,33.500378,-96.146489,1,476,17,31,17,0,4,21,SOLAR,"170,371",24,6,6
6976,48167,Galveston,TX,29.380114,-94.953418,1,44609,67,44,16,5,9,20,OIL,433,16,7,6
6977,48303,Lubbock,TX,33.59145,-102.056875,1,2712,46,28,16,2,1,22,WIND,"24,258",15,3,6
6978,48095,Concho,TX,31.435932,-99.796613,1,45,31,24,20,7,2,11,SOLAR,"566,065",36,8,6
6979,48095,Concho,TX,31.446237,-99.902973,1,17,27,23,19,7,1,11,SOLAR,"51,122",39,9,6
6980,48039,Brazoria,TX,29.16801,-95.445062,1,21613,42,24,9,3,3,20,OTHF," (14,568)",17,6,6
6981,48033,Borden,TX,29.109147,-96.528761,1,113,46,31,18,10,1,17,SOLAR,"65,626",12,8,6
6982,48431,Sterling,TX,31.951944,-100.791389,1,2,34,33,10,2,0,14,WIND,"245,727",13,9,6
6983,48359,Oldham,TX,35.243611,-102.21,1,226,35,41,12,0,0,19,WIND,"192,543",9,3,6
6984,48135,Ector,TX,31.975269,-102.63501,1,301,58,28,33,6,3,27,OIL,670,7,11,6
6985,48333,Mills,TX,31.383333,-98.466667,1,94,32,22,10,0,0,18,WIND,"490,146",29,0,6
6987,48245,Jefferson,TX,29.9728,-94.2142,1,1541,49,18,9,20,2,22,GAS,"259,076",18,5,6
6988,48033,Borden,TX,32.875073,-101.208955,1,21,18,22,5,0,2,0,WIND,"538,594",18,9,6
6989,48503,Young,TX,33.1344,-98.6117,1,4953,35,39,19,8,2,23,GAS,"1,150,102",18,5,6
6990,48065,Carson,TX,35.238333,-101.310833,1,33,13,23,10,0,1,13,WIND,"893,125",19,9,6
6991,48053,Burnet,TX,30.556,-98.3384,1,8417,25,27,8,1,4,18,HYDRO,"16,289",31,5,6
6992,48371,Pecos,TX,31.030996,-102.488209,1,14,87,71,47,10,1,21,SOLAR,"208,978",33,5,6
6993,48195,Hansford,TX,36.4964,-101.3917,1,3,18,29,13,0,0,18,WIND,"127,735",18,2,6
6994,48195,Hansford,TX,36.3075,-101.53222,1,7,18,29,13,0,0,18,WIND,"3,887,512",18,2,6
6995,48023,Baylor,TX,33.628222,-99.411169,1,88,6,19,4,0,5,24,WIND,"89,399",29,12,6
6996,48275,Knox,TX,33.645964,-99.532944,1,41,31,50,20,0,1,23,WIND,"178,717",15,2,6
6997,48201,Harris,TX,29.822201,-95.219429,1,71261,92,47,27,14,9,21,GAS,"92,290",9,7,6
6998,48409,San Patricio,TX,27.88929,-97.258417,1,6973,52,20,7,2,3,18,GAS,"480,584",13,9,6
6999,48309,McLennan,TX,31.474114,-97.141218,1,23957,48,32,12,8,4,16,SOLAR,"11,293",13,8,6
7000,48275,Knox,TX,33.609313,-99.58229,1,21,31,50,20,0,1,23,WIND,"773,068",15,2,6
7001,48193,Hamilton,TX,31.738177,-98.213739,1,30,19,36,7,2,8,14,SOLAR,"210,301",39,3,6
7002,48187,Guadalupe,TX,29.6244,-98.1419,1,12743,43,21,9,2,3,19,GAS,"7,039,183",11,7,6
7003,48227,Howard,TX,32.240278,-101.473611,1,25376,58,34,19,3,7,25,WIND,"429,549",12,6,6
7004,48177,Gonzales,TX,29.495193,-97.624948,1,415,29,46,12,0,0,20,HYDRO,0,24,3,6
7006,48203,Harrison,TX,32.4607,-94.4852,1,390,31,30,11,2,5,1,COAL,"871,741",18,6,6
7007,48201,Harris,TX,29.992502,-95.744444,1,49436,48,10,4,1,4,16,GAS,320,8,8,6
7008,48167,Galveston,TX,29.466105,-95.09527,1,57929,43,16,8,3,3,16,GAS,338,12,6,6
7009,48215,Hidalgo,TX,26.202647,-98.164666,1,97192,95,55,32,18,6,17,GAS,241,12,9,6
7010,48245,Jefferson,TX,30.106498,-94.170414,1,61186,58,33,9,3,4,21,GAS,129,17,6,6
7011,48201,Harris,TX,29.601653,-95.250237,1,114548,84,31,20,10,7,17,GAS,220,11,6,6
7012,48439,Tarrant,TX,32.938924,-97.131314,1,57500,33,11,4,3,4,13,GAS,0,13,5,6
7013,48355,Nueces,TX,27.665051,-97.28064,1,18374,45,37,12,2,4,20,GAS,315,13,4,6
7014,48039,Brazoria,TX,29.55952,-95.39038,1,75977,71,11,5,4,3,17,GAS,429,11,8,6
7015,48355,Nueces,TX,27.694932,-97.262513,1,7287,56,52,17,2,4,20,GAS,407,12,5,6
7016,48441,Taylor,TX,32.433318,-99.758324,1,71410,47,40,13,4,3,21,GAS,385,15,7,6
7017,48469,Victoria,TX,28.851871,-96.996805,1,48238,62,31,13,2,5,19,GAS,473,15,7,6
7018,48479,Webb,TX,27.607476,-99.473866,1,54433,95,24,15,10,3,13,GAS,432,8,8,6
7019,48201,Harris,TX,29.995329,-95.576602,1,108488,55,25,7,4,7,17,GAS,345,14,7,6
7020,48201,Harris,TX,29.786159,-95.539403,1,136045,57,30,14,11,4,17,GAS,346,13,7,6
7021,48157,Fort Bend,TX,29.53658,-95.53628,1,65756,71,10,5,3,5,15,GAS,244,12,6,6
7022,48027,Bell,TX,31.07212,-97.370901,1,52106,50,43,13,3,7,22,GAS,298,17,7,6
7023,48321,Matagorda,TX,28.982463,-95.958458,1,18958,71,44,19,5,10,22,GAS,290,16,9,6
7024,48491,Williamson,TX,30.518818,-97.65854,1,91202,54,24,9,5,4,18,GAS,425,10,6,6
7026,48039,Brazoria,TX,29.487596,-95.405161,1,26639,71,10,6,3,4,17,GAS,0,7,10,6
7027,48339,Montgomery,TX,30.221151,-95.681969,1,9910,26,24,7,5,4,21,GAS,178,13,6,6
7028,48201,Harris,TX,29.553909,-95.150678,1,77785,51,24,9,7,6,18,GAS,289,13,6,6
7029,48201,Harris,TX,29.803572,-95.760533,1,123747,65,27,9,9,6,15,GAS,96,10,7,6
7030,48121,Denton,TX,33.155153,-96.846331,1,96037,45,9,4,2,4,9,GAS,177,8,6,6
7031,48085,Collin,TX,33.055367,-96.796681,1,112758,47,11,3,5,4,12,GAS,0,14,5,6
7032,48085,Collin,TX,33.175806,-96.728417,1,128285,50,11,2,3,4,13,GAS,33,9,6,6
7033,48085,Collin,TX,33.116616,-96.653082,1,92389,46,15,4,4,4,13,GAS,0,11,6,6
7034,48355,Nueces,TX,27.786287,-97.46234,1,34250,95,59,34,8,4,23,GAS,"1,036",17,7,6
7035,48201,Harris,TX,29.8397,-95.53685,1,96044,80,46,29,19,5,20,GAS,"6,751",11,7,6
7036,48201,Harris,TX,29.844469,-95.540618,1,88734,80,44,27,18,5,20,GAS,645,11,7,6
7037,48027,Bell,TX,31.152387,-97.361183,1,9127,52,44,12,2,8,21,GAS,0,14,6,6
7038,48029,Bexar,TX,29.433657,-98.703454,1,122786,79,24,8,4,6,11,GAS,422,8,8,6
7039,48029,Bexar,TX,29.417338,-98.360879,1,35554,82,37,17,7,5,21,GAS,"1,190",12,8,6
7040,48201,Harris,TX,29.64536,-95.45169,1,107548,79,37,18,10,8,19,GAS,"414,601",13,7,6
7042,48453,Travis,TX,30.2867,-97.7356,1,161778,39,28,4,2,5,14,GAS,"354,363",9,3,6
7043,48189,Hale,TX,33.927778,-101.742222,1,14,50,37,15,7,0,16,WIND,"1,978,407",20,2,6
7044,48439,Tarrant,TX,32.7283,-97.2192,1,92981,77,46,20,6,8,19,GAS,"1,519,154",12,7,6
7045,48199,Hardin,TX,30.3038,-94.2526,1,7447,18,32,17,5,8,21,GAS,"128,073",16,6,6
7046,48375,Potter,TX,35.29816,-101.747187,1,579,28,21,5,2,5,19,COAL,"3,211,292",32,3,6
7047,48203,Harrison,TX,32.3958,-94.4367,1,159,15,40,21,5,4,4,GAS,"3,246,242",12,6,6
7048,48209,Hays,TX,29.7806,-97.9894,1,4008,64,38,21,3,9,19,GAS,"4,691,736",13,5,6
7049,48307,McCulloch,TX,31.242177,-99.421266,1,38,19,33,21,3,5,19,WIND,"619,232",36,1,6
7050,48459,Upshur,TX,32.843248,-94.731924,1,1688,17,49,12,2,2,22,SOLAR,"4,760",25,5,6
7052,48025,Bee,TX,28.621959,-97.937625,1,61,54,52,9,2,3,19,WIND,"776,697",20,10,6
7053,48215,Hidalgo,TX,26.492862,-98.448267,1,21,97,52,33,24,2,14,WIND,"152,776",4,19,6
7054,48215,Hidalgo,TX,26.465556,-98.411111,1,102,97,53,35,24,2,13,WIND,"806,515",3,20,6
7055,48461,Upton,TX,31.171652,-101.881147,1,5,38,28,21,2,6,20,WIND,"1,055,033",13,2,6
7056,48181,Grayson,TX,33.614436,-96.690448,1,5230,30,22,9,1,1,21,SOLAR,"5,032",15,6,6
7059,48353,Nolan,TX,32.104125,-100.162375,1,13,22,48,7,0,1,18,SOLAR,"413,402",31,1,6
7060,48163,Frio,TX,28.9377,-99.10765,1,4719,90,41,26,21,3,22,SOLAR,"22,309",13,7,6
7061,48207,Haskell,TX,33.35,-99.54,1,7,56,44,25,6,6,18,WIND,"818,758",19,6,6
7062,48441,Taylor,TX,32.214024,-100.05712,1,29,25,54,4,0,0,16,WIND,"2,282,287",29,0,6
7064,48201,Harris,TX,29.7314,-95.0839,1,4504,38,27,11,1,8,19,GAS,"1,728,780",12,7,6
7065,48201,Harris,TX,29.71977,-95.270562,1,102108,94,51,41,26,8,18,OTHF,"12,435",11,8,6
7066,48293,Limestone,TX,31.77471,-96.828196,1,295,29,37,14,3,10,20,WIND,"1,070,416",22,4,6
7067,48113,Dallas,TX,32.82,-97.05,1,77089,73,31,11,8,5,12,SOLAR,587,7,7,6
7068,48029,Bexar,TX,29.48,-98.25,1,8612,61,15,3,1,8,22,SOLAR,"2,103",7,7,6
7069,48491,Williamson,TX,30.557044,-97.690286,1,66199,52,19,6,4,3,16,SOLAR,"1,484",9,6,6
7070,48049,Brown,TX,31.5481,-99.1872,1,73,25,26,16,1,3,18,SOLAR,"538,484",31,2,6
7071,48215,Hidalgo,TX,26.166944,-98.325,1,23583,90,47,22,19,6,17,OTHF," (6,449)",16,5,6
7072,48277,Lamar,TX,33.467803,-95.370856,1,333,24,37,10,0,0,21,SOLAR,"405,622",19,2,6
7073,48353,Nolan,TX,32.4969,-100.5797,1,41,7,17,8,2,3,21,WIND,"427,187",26,6,6
7074,48207,Haskell,TX,33.186882,-99.595332,1,13,7,14,18,0,2,20,WIND,"1,170,609",48,2,6
7075,48409,San Patricio,TX,27.882778,-97.242778,1,7020,53,32,13,4,1,23,GAS,"2,736,677",9,6,6
7076,48053,Burnet,TX,30.731599,-98.385422,1,1645,25,15,9,0,2,21,HYDRO,"8,379",37,1,6
7077,48361,Orange,TX,30.2178,-93.7422,1,2532,12,29,7,0,6,25,BIOMASS,"238,567",17,4,6
7078,48067,Cass,TX,33.2553,-94.0696,1,289,30,37,13,0,16,22,BIOMASS,"378,190",21,8,6
7079,48029,Bexar,TX,29.309722,-98.3203,1,4467,62,37,21,3,3,21,COAL,"5,077,894",14,7,6
7080,48303,Lubbock,TX,33.6039,-101.8408,1,48031,69,62,25,5,8,12,GAS,"35,283",9,3,6
7082,48245,Jefferson,TX,29.963502,-93.929737,1,42504,46,37,13,3,5,22,GAS,"531,264",15,8,6
7083,48497,Wise,TX,33.101,-97.9574,1,291,18,35,18,2,9,16,GAS,"6,252,133",19,4,6
7085,48479,Webb,TX,27.44,-98.91,1,2,93,36,15,17,4,10,WIND,"727,918",16,6,6
7087,48251,Johnson,TX,32.3994,-97.4078,1,12387,44,49,19,4,4,24,GAS,"1,105,626",13,9,6
7088,48303,Lubbock,TX,33.5239,-101.7392,1,2228,60,47,20,1,14,24,GAS,"1,844,004",14,7,6
7089,48003,Andrews,TX,32.386,-102.949,1,5,52,42,18,18,3,19,WIND,"593,004",9,11,6
7092,48409,San Patricio,TX,28.170179,-97.817507,1,344,54,41,12,1,5,20,WIND,"855,332",17,4,6
7093,48237,Jack,TX,33.143056,-98.161111,1,53,19,24,13,2,6,19,WIND,"411,852",21,5,6
7094,48467,Van Zandt,TX,32.4744,-95.7156,1,1669,17,35,13,2,4,16,SOLAR,"115,670",23,4,6
7097,48461,Upton,TX,31.2092,-102.2417,1,5,61,42,20,8,9,16,WIND,"566,793",20,2,6
7098,48453,Travis,TX,30.266028,-97.686139,1,88510,58,34,12,4,4,16,OTHF, (19),8,5,6
7099,48183,Gregg,TX,32.3766,-94.6415,1,3767,27,23,3,1,2,20,GAS,"476,641",30,3,6
7100,48061,Cameron,TX,26.249888,-97.511842,1,937,88,22,21,8,1,21,WIND,"479,027",21,2,6
7101,48201,Harris,TX,29.7028,-95.0718,1,26933,43,20,9,1,5,19,GAS,"189,809",14,7,6
7103,48113,Dallas,TX,32.8358,-96.5458,1,32119,64,25,15,3,5,20,GAS,"899,669",12,7,6
7104,48277,Lamar,TX,33.6308,-95.59,1,8244,38,54,19,1,4,28,GAS,"5,659,322",16,5,6
7105,48115,Dawson,TX,32.713326,-101.885218,1,1752,77,49,39,2,0,19,SOLAR,"120,226",6,2,6
7106,48115,Dawson,TX,32.715611,-101.926522,1,8553,77,55,33,8,10,22,SOLAR,"210,389",13,7,6
7107,48327,Menard,TX,30.872228,-99.537261,1,58,4,28,32,0,41,11,SOLAR,"12,347",33,11,6
7108,48451,Tom Green,TX,31.085435,-100.67882,1,6,21,36,15,8,18,13,WIND,"587,464",27,0,6
7109,48003,Andrews,TX,32.460054,-102.672809,1,4,52,42,18,18,3,19,SOLAR,"191,707",9,11,6
7110,48479,Webb,TX,27.5667,-99.5089,1,78827,96,43,26,23,6,16,GAS,"42,052",12,7,6
7111,48505,Zapata,TX,26.69842,-99.05745,1,0,100,74,15,43,0,19,WIND,"579,160",0,26,6
7112,48489,Willacy,TX,26.364843,-97.545341,1,79,79,58,41,11,4,16,WIND,"904,324",19,5,6
7113,48029,Bexar,TX,29.3525,-98.5761,1,72984,93,57,32,13,9,16,GAS,"223,197",12,7,6
7114,48231,Hunt,TX,33.16114,-96.239739,1,1044,23,18,12,6,4,20,SOLAR,"20,778",21,6,6
7115,48339,Montgomery,TX,30.4356,-95.5214,1,13764,33,26,17,4,5,22,GAS,"1,788,775",15,5,6
7116,48121,Denton,TX,33.068473,-96.963806,1,19781,64,33,18,8,3,17,HYDRO,0,6,9,6
7117,48257,Kaufman,TX,32.533273,-96.428985,1,2646,20,13,13,3,2,23,SOLAR,"335,343",11,10,6
7118,48293,Limestone,TX,31.4219,-96.2525,1,152,27,34,10,0,3,15,COAL,"6,059,246",23,5,6
7119,48349,Navarro,TX,31.85346,-96.624458,1,134,7,35,10,0,6,21,WIND,"815,248",33,2,6
7121,48233,Hutchinson,TX,35.924858,-101.541363,1,14,13,9,0,0,0,21,WIND,0,14,9,6
7122,48413,Schleicher,TX,31.048557,-100.623114,1,4,21,36,15,8,18,13,WIND,"759,859",27,0,6
7123,48065,Carson,TX,35.4677,-101.2533,1,18,8,31,14,0,2,10,WIND,"101,552",27,3,6
7124,48487,Wilbarger,TX,34.072251,-99.264676,1,723,31,44,30,0,3,21,WIND,"747,443",19,7,6
7125,48093,Comanche,TX,31.8225,-98.690556,1,34,7,23,11,0,0,15,WIND,"625,818",38,5,6
7127,48039,Brazoria,TX,29.289809,-95.298609,1,2219,47,22,18,2,3,21,SOLAR,"181,552",11,6,6
7128,48045,Briscoe,TX,34.311111,-101.251111,1,3,17,29,3,1,1,18,WIND,"768,728",36,10,6
7130,48505,Zapata,TX,26.687614,-99.109418,1,23,100,74,15,43,0,19,OTHF, (586),0,26,6
7131,48335,Mitchell,TX,32.4375,-100.7444,1,470,33,32,18,4,3,16,WIND,"329,462",21,3,6
7132,48107,Crosby,TX,33.699167,-101.524722,1,1132,66,48,20,4,3,20,WIND,"349,571",18,6,6
7133,48427,Starr,TX,26.411689,-98.571554,1,2,100,64,42,44,0,22,WIND,"334,556",11,6,6
7134,48061,Cameron,TX,26.33072,-97.5857,1,120,84,48,31,20,6,2,WIND,"456,799",22,6,6
7135,48061,Cameron,TX,26.34892,-97.6668,1,87,89,52,25,18,4,9,WIND,"251,582",17,6,6
7136,48427,Starr,TX,26.388611,-98.806111,1,17626,97,62,38,27,12,13,WIND,"536,491",10,8,6
7137,48427,Starr,TX,26.380556,-98.818333,1,17683,96,59,34,25,12,15,WIND,"575,454",10,8,6
7138,48021,Bastrop,TX,30.1478,-97.2714,1,6726,43,32,11,1,1,21,GAS,"3,261,489",11,6,6
7139,48215,Hidalgo,TX,26.169846,-98.329793,1,27705,91,50,24,21,6,17,OTHF," (4,068)",16,5,6
7140,48215,Hidalgo,TX,26.3403,-98.19,1,42420,91,52,19,11,7,18,GAS,"2,883,385",7,8,6
7141,48489,Willacy,TX,26.475278,-97.691111,1,200,84,63,31,9,12,15,WIND,"437,716",12,8,6
7143,48065,Carson,TX,35.3919,-101.53,1,29,27,19,7,0,4,18,WIND,"345,071",15,12,6
7144,48065,Carson,TX,35.386038,-101.578572,1,52,26,18,6,0,4,18,WIND,"180,749",19,10,6
7145,48053,Burnet,TX,30.555288,-98.257593,1,9346,29,34,11,1,4,20,HYDRO,"10,162",24,4,6
7146,48369,Parmer,TX,34.6675,-102.577778,1,76,47,23,26,17,0,20,WIND,"867,827",26,3,6
7147,48039,Brazoria,TX,29.227109,-95.430756,1,8414,38,16,10,4,1,20,GAS,"115,108",18,5,6
7148,48293,Limestone,TX,31.286739,-96.877205,1,6671,75,65,26,2,11,22,SOLAR,"10,258",13,3,6
7149,48479,Webb,TX,27.421553,-98.834962,1,299,92,20,3,10,0,0,SOLAR,"23,010",15,4,6
7150,48453,Travis,TX,30.3899,-97.9073,1,26337,30,10,5,1,3,10,HYDRO,"25,684",11,6,6
7151,48401,Rusk,TX,32.2606,-94.5706,1,504,39,28,8,0,4,20,COAL,"11,322,156",12,11,6
7152,48353,Nolan,TX,32.199366,-100.491908,1,16,7,17,8,2,3,21,WIND,"550,903",26,6,6
7153,48095,Concho,TX,31.262546,-99.843961,1,415,54,40,28,5,3,11,WIND,"1,471,533",18,2,6
7154,48125,Dickens,TX,33.752201,-100.967402,1,30,33,40,17,0,0,18,WIND,"395,083",28,2,6
7155,48157,Fort Bend,TX,29.508402,-95.479339,1,55128,76,14,9,4,5,16,OIL,578,8,6,6
7156,48091,Comal,TX,29.7372,-98.0228,1,5589,36,22,6,1,4,13,BIOMASS,"21,361",9,8,6
7157,48115,Dawson,TX,32.7,-101.741111,1,51,35,31,22,8,3,12,WIND,"554,682",17,2,6
7158,48353,Nolan,TX,32.255978,-100.320309,1,31,14,35,12,1,2,21,WIND,"1,110,336",37,2,6
7159,48417,Shackelford,TX,32.6256,-99.4928,1,3,11,22,7,0,3,18,WIND,"425,996",17,3,6
7162,48139,Ellis,TX,32.4302,-97.0537,1,8518,36,18,12,2,4,20,GAS,"5,230,004",9,6,6
7163,48371,Pecos,TX,30.995503,-102.223537,1,9,65,38,19,0,0,19,SOLAR,"287,431",20,0,6
7164,48409,San Patricio,TX,27.954976,-97.300202,1,2229,93,52,33,4,8,12,WIND,"438,114",16,8,6
7165,48075,Childress,TX,34.380532,-100.099625,1,70,24,23,12,0,3,17,SOLAR,"527,097",20,11,6
7166,48071,Chambers,TX,29.838138,-94.900661,1,9256,40,13,8,1,6,20,GAS,"96,278",11,6,6
7167,48141,El Paso,TX,31.823889,-106.211944,1,47634,88,34,15,9,9,18,GAS,"1,231,179",4,10,6
7168,48141,El Paso,TX,31.813061,-106.218892,1,64559,88,33,12,10,8,18,SOLAR,"3,899",4,11,6
7169,48339,Montgomery,TX,30.44083,-95.5275,1,13032,32,23,15,3,5,22,GAS,"5,744,482",16,7,6
7170,48335,Mitchell,TX,32.3358,-100.9156,1,765,39,27,11,0,1,17,GAS,"73,585",12,4,6
7171,48245,Jefferson,TX,29.888462,-93.950984,1,27868,91,54,21,10,10,23,GAS,"1,395,576",13,7,6
7172,48113,Dallas,TX,32.7231,-96.9358,1,48954,91,49,39,17,6,19,GAS,"605,252",10,7,6
7173,48501,Yoakum,TX,32.9728,-102.7417,1,516,58,42,37,3,1,21,GAS,"2,085,870",9,5,6
7174,48501,Yoakum,TX,32.974554,-102.743607,1,504,59,43,38,3,1,21,GAS,"853,767",9,5,6
7175,48135,Ector,TX,31.921616,-102.431039,1,12578,66,27,12,3,5,22,OIL,782,5,12,6
7176,48245,Jefferson,TX,29.954321,-93.883592,1,21915,57,43,19,6,5,22,GAS,"581,991",16,8,6
7177,48201,Harris,TX,29.562372,-95.089302,1,68353,41,20,6,5,5,18,GAS,"84,471",18,5,6
7178,48201,Harris,TX,29.646791,-95.054145,1,30126,49,26,12,2,5,20,GAS,0,14,6,6
7179,48227,Howard,TX,32.167575,-101.479217,1,2045,44,22,16,0,4,24,OTHF,0,15,7,6
7180,48371,Pecos,TX,30.931467,-102.201433,1,6,65,38,19,0,0,19,WIND,"197,819",20,0,6
7181,48347,Nacogdoches,TX,31.832132,-94.90064,1,424,15,40,10,0,3,4,BIOMASS,"249,859",20,4,6
7182,48061,Cameron,TX,26.090103,-97.798453,1,1807,96,67,43,13,1,17,SOLAR,"284,143",12,6,6
7183,48029,Bexar,TX,29.33,-98.66,1,22096,88,59,29,10,8,20,BIOMASS,"8,513",7,8,6
7184,48141,El Paso,TX,31.983587,-106.431777,1,3201,76,25,10,2,5,14,GAS,"3,187,373",6,6,6
7185,48141,El Paso,TX,31.978333,-106.4275,1,8697,77,24,8,4,3,16,SOLAR,"15,484",4,7,6
7186,48187,Guadalupe,TX,29.589139,-97.977198,1,25531,69,43,24,7,4,21,SOLAR,"8,109",17,6,6
7187,48375,Potter,TX,35.283357,-101.746423,1,2383,60,27,36,5,1,6,GAS,"1,210,652",12,1,6
7188,48121,Denton,TX,33.261505,-97.238057,1,7853,15,24,4,1,3,19,SOLAR,"579,645",11,5,6
7189,48187,Guadalupe,TX,29.537565,-97.932106,1,14609,55,36,13,3,5,21,HYDRO,449,19,6,6
7190,48491,Williamson,TX,30.748955,-97.875708,1,2138,22,13,7,0,5,19,OTHF," (16,873)",14,4,6
7191,48097,Cooke,TX,33.656072,-97.148569,1,14236,41,45,16,5,8,24,SOLAR,"9,734",16,7,6
7193,48355,Nueces,TX,27.819412,-97.419203,1,21763,86,65,31,9,3,24,GAS,"1,066,438",18,6,6
7194,48029,Bexar,TX,29.308056,-98.3242,1,4788,63,38,21,3,4,21,GAS,"1,904,802",14,7,6
7195,48029,Bexar,TX,29.469444,-98.331944,1,76939,80,34,15,5,5,17,SOLAR,"9,493",8,7,6
7196,48029,Bexar,TX,29.479167,-98.297222,1,47728,74,29,10,3,6,18,SOLAR,"10,303",8,7,6
7197,48271,Kinney,TX,29.47982,-98.29926,1,49198,75,29,10,3,5,17,SOLAR,"78,863",8,7,6
7198,48463,Uvalde,TX,29.216667,-99.716111,1,2410,68,54,20,10,2,15,SOLAR,"197,077",11,16,6
7199,48207,Haskell,TX,33.04,-99.5525,1,14,7,14,18,0,2,20,SOLAR,"250,223",48,2,6
7200,48029,Bexar,TX,29.271667,-98.444722,1,8430,85,36,15,7,6,22,SOLAR,"88,294",6,7,6
7201,48113,Dallas,TX,32.818471,-96.853215,1,86853,61,34,17,7,6,18,GAS,107,10,5,6
7202,48469,Victoria,TX,28.812804,-96.977765,1,52351,72,42,21,3,6,21,GAS,823,15,6,6
7203,48157,Fort Bend,TX,29.705627,-95.619133,1,197381,88,43,20,15,7,17,GAS,178,13,6,6
7204,48041,Brazos,TX,30.641955,-96.460971,1,1455,56,33,23,4,0,20,GAS,"2,111",17,3,6
7205,48439,Tarrant,TX,32.707171,-97.408328,1,93900,40,29,8,4,5,18,GAS,42,17,7,6
7206,48395,Robertson,TX,31.1803,-96.4866,1,185,14,19,10,0,1,21,COAL,"12,011,783",21,5,6
7209,48227,Howard,TX,32.1217,-101.3853,1,750,40,28,16,0,1,22,WIND,"18,427",7,8,6
7211,48135,Ector,TX,31.8403,-102.3264,1,33456,76,35,25,9,8,22,GAS,"6,978,842",10,10,6
7212,48201,Harris,TX,29.8161,-95.10773,1,35599,85,39,31,15,7,13,GAS,"3,647,597",8,9,6
7213,48153,Floyd,TX,34.060333,-101.187628,1,8,32,28,0,0,0,21,WIND,"558,762",24,6,6
7215,48135,Ector,TX,32.0015,-102.6337,1,321,58,28,33,6,3,27,SOLAR,"42,652",7,11,6
7216,48039,Brazoria,TX,28.9802,-95.342,1,11710,73,55,21,4,7,23,GAS,"2,686,618",14,6,6
7217,48201,Harris,TX,29.723333,-95.210278,1,75296,92,50,40,17,10,20,OIL,0,8,9,6
7218,48303,Lubbock,TX,33.553184,-101.792412,1,9507,87,55,25,3,12,26,WIND, (279),15,7,6
7219,48061,Cameron,TX,26.288889,-97.496389,1,404,59,22,17,5,0,21,WIND,"352,805",47,1,6
7220,48357,Ochiltree,TX,36.243889,-101.001389,1,21,18,35,19,0,0,16,WIND,"1,028,959",14,11,6
7221,48065,Carson,TX,35.322778,-101.5325,1,13,27,19,7,0,4,18,WIND,"23,605",15,12,6
7222,48227,Howard,TX,32.100823,-101.451385,1,184,39,28,16,0,1,22,WIND,"519,256",8,8,6
7225,48409,San Patricio,TX,27.9386,-97.4586,1,156,63,28,10,1,6,20,WIND,"420,955",12,10,6
7226,48409,San Patricio,TX,27.9958,-97.2967,1,298,73,15,19,0,2,19,WIND,"495,792",14,2,6
7227,48277,Lamar,TX,33.6968,-95.5577,1,14695,47,54,17,3,4,27,GAS,"809,511",18,6,6
7228,48201,Harris,TX,29.72475,-95.176479,1,55231,88,51,37,15,10,20,GAS,"4,666,808",7,9,6
7229,48355,Nueces,TX,27.580489,-97.640077,1,58,85,39,33,19,2,19,WIND,"641,357",16,13,6
7231,48065,Carson,TX,35.442778,-101.372778,1,10,27,19,7,0,4,18,WIND,"595,089",15,12,6
7232,48065,Carson,TX,35.4275,-101.253056,1,16,8,23,12,0,2,10,WIND,"535,852",23,4,6
7233,48371,Pecos,TX,30.98784,-102.26831,1,6,65,38,19,0,0,19,SOLAR,"94,982",20,0,6
7234,48163,Frio,TX,28.9275,-99.0919,1,9162,90,41,29,20,3,22,GAS,"395,099",12,7,6
7237,48475,Ward,TX,31.5839,-102.9633,1,1521,60,27,23,3,2,19,GAS,"344,673",15,6,6
7238,48321,Matagorda,TX,28.8433,-95.8631,1,39,11,26,8,0,0,21,WIND,"388,713",12,4,6
7239,48027,Bell,TX,31.114983,-97.845111,1,20032,57,41,6,3,11,8,SOLAR,"26,483",6,13,6
7240,48141,El Paso,TX,31.764458,-106.391314,1,86313,92,56,27,26,7,19,GAS,"62,462",18,7,6
7242,48349,Navarro,TX,31.896737,-96.467327,1,313,40,55,27,0,1,21,SOLAR,"497,475",19,6,6
7243,48217,Hill,TX,31.8932,-96.8751,1,767,29,43,13,4,2,21,SOLAR,"29,621",18,8,6
7244,48279,Lamb,TX,34.1661,-102.4114,1,2,43,44,35,10,0,19,GAS,"660,298",26,7,6
7245,48107,Crosby,TX,33.738889,-101.485,1,29,60,43,20,5,4,19,WIND,"32,015",18,5,6
7246,48245,Jefferson,TX,29.964938,-93.891283,1,19279,51,40,14,3,5,22,GAS,"234,845",16,9,6
7247,48057,Calhoun,TX,28.64807,-96.54621,1,443,53,17,9,4,0,18,GAS,"70,831",23,7,6
7248,48245,Jefferson,TX,29.97876,-93.952294,1,40057,33,31,11,3,5,19,GAS,0,16,7,6
7249,48195,Hansford,TX,36.4144,-101.3864,1,17,18,29,13,0,0,18,WIND,"10,474",18,2,6
7250,48417,Shackelford,TX,32.5144,-99.6564,1,2685,24,40,5,0,6,18,WIND,"428,531",14,5,6
7252,48039,Brazoria,TX,29.2293,-95.1952,1,22,25,12,18,0,4,21,GAS,"879,401",14,8,6
7253,48231,Hunt,TX,33.1707,-96.1264,1,10539,57,45,22,6,7,24,GAS,"62,389",14,6,6
7254,48167,Galveston,TX,29.378164,-94.92195,1,38117,62,42,17,5,8,21,GAS,"629,072",16,7,6
7255,48453,Travis,TX,30.265877,-97.684861,1,86424,58,34,12,4,4,16,SOLAR,"3,515",8,5,6
7256,48293,Limestone,TX,31.549868,-96.904072,1,849,14,26,11,1,2,23,WIND,"343,670",23,6,6
7257,48039,Brazoria,TX,29.004862,-95.388434,1,21626,69,35,17,7,8,23,GAS,364,11,6,6
7258,48333,Mills,TX,31.5481,-98.49491,1,88,9,25,13,0,0,15,WIND,"948,304",40,3,6
7259,48039,Brazoria,TX,29.149166,-95.651111,1,7034,32,26,14,4,6,21,OTHF, (336),22,4,6
7260,48003,Andrews,TX,32.287873,-102.840399,1,5,52,42,18,18,3,19,SOLAR,"712,235",9,11,6
7262,48323,Maverick,TX,28.678935,-100.463708,1,30138,98,55,36,29,8,20,OTHF," (1,555)",12,11,6
7263,48151,Fisher,TX,32.5886,-100.6728,1,70,27,33,18,3,3,21,WIND,"304,698",22,10,6
7264,48135,Ector,TX,31.8414,-102.315,1,25697,74,33,22,8,9,21,GAS,"2,292,892",10,11,6
7265,48363,Palo Pinto,TX,32.6581,-98.3103,1,728,9,10,6,1,2,11,GAS,"457,933",35,0,6
7266,48373,Polk,TX,30.632222,-95.01,1,1748,19,33,18,0,3,23,HYDRO,"113,778",19,4,6
7269,48491,Williamson,TX,30.587828,-97.687023,1,43202,50,18,5,3,5,18,OTHF, (845),10,6,6
7270,48107,Crosby,TX,33.661111,-101.39,1,1674,63,42,25,3,5,19,WIND,"10,969",18,6,6
7271,48451,Tom Green,TX,31.517,-100.6,1,973,21,14,16,0,2,19,SOLAR,"452,084",12,7,6
7276,48173,Glasscock,TX,31.74325,-101.493407,1,34,42,17,12,8,0,17,WIND,"491,684",9,8,6
7277,48307,McCulloch,TX,31.360331,-99.551356,1,34,19,33,21,3,5,19,WIND,"553,594",36,1,6
7278,48201,Harris,TX,29.820648,-94.913987,1,10869,45,13,12,1,9,20,GAS,689,13,6,6
7279,48085,Collin,TX,33.068055,-96.452481,1,3807,33,16,8,2,5,22,GAS,"117,370",13,7,6
7280,48181,Grayson,TX,33.582573,-96.617893,1,7735,41,24,14,1,4,23,GAS,"3,125,185",13,4,6
7281,48489,Willacy,TX,26.364153,-97.780439,1,2793,94,49,31,13,6,6,WIND,"639,313",22,5,6
7282,48215,Hidalgo,TX,26.451111,-98.1775,1,407,98,64,49,30,4,20,GAS,"316,786",8,9,6
7283,48505,Zapata,TX,27.03028,-99.388388,1,122,100,48,27,10,5,19,WIND,"239,217",19,9,6
7284,48201,Harris,TX,29.739444,-95.194722,1,55942,92,51,39,18,10,21,OTHF,"85,742",7,8,6
7286,48341,Moore,TX,35.8119,-101.9789,1,2001,69,48,37,6,2,21,WIND,"3,868",15,5,6
7287,48201,Harris,TX,29.721048,-95.39536,1,195314,53,22,3,3,5,16,GAS,"18,584",12,5,6
7288,48215,Hidalgo,TX,26.16815,-98.09831,1,45005,91,53,39,18,9,16,OIL,684,14,9,6
7290,48215,Hidalgo,TX,26.269683,-97.867012,1,2883,97,65,32,7,10,20,BIOMASS,78,11,9,6
7291,48187,Guadalupe,TX,29.593056,-97.973215,1,25182,68,43,24,7,4,22,GAS,"4,376,965",17,6,6
7293,48241,Jasper,TX,30.7975,-94.1756,1,817,10,59,20,0,22,23,HYDRO,"4,384",29,3,6
7294,48453,Travis,TX,30.304994,-97.707675,1,167057,52,37,9,5,6,15,GAS,"22,745",8,5,6
7295,48465,Val Verde,TX,29.72753,-100.79431,1,9,26,52,13,12,0,14,WIND,"427,736",43,1,6
7297,48041,Brazos,TX,30.7217,-96.4608,1,2427,65,27,36,7,10,19,GAS,"187,668",11,9,6
7298,48353,Nolan,TX,32.4694,-100.6664,1,39,22,26,15,4,3,18,WIND,"454,251",23,4,6
7299,48145,Falls,TX,31.461242,-96.824928,1,243,17,18,9,0,0,19,OTHF,"398,069",17,9,6
7300,48065,Carson,TX,35.205278,-101.434167,1,31,22,21,6,0,3,17,WIND,"614,753",17,11,6
7301,48201,Harris,TX,29.88193,-95.11148,1,12373,68,31,14,7,6,22,GAS,"152,179",9,8,6
7312,48361,Orange,TX,30.0552,-93.7579,1,7117,34,42,16,1,5,14,GAS,"2,325,461",19,10,6
7313,48361,Orange,TX,30.0242,-93.878,1,11317,13,20,9,4,2,20,GAS,"3,802,710",12,7,6
7315,48305,Lynn,TX,33.303497,-101.65722,1,44,41,32,14,1,2,18,WIND,"1,116,291",15,7,6
7316,48129,Donley,TX,35.18172,-100.934408,1,9,12,18,5,0,1,14,WIND,"691,346",20,6,6
7317,48241,Jasper,TX,31.060893,-94.1062,1,234,12,34,7,0,8,23,HYDRO,"106,516",24,1,6
7318,48469,Victoria,TX,28.8947,-97.135,1,1762,16,23,6,0,1,20,GAS,"314,249",20,6,6
7319,48149,Fayette,TX,29.9172,-96.7506,1,279,10,13,2,0,1,19,COAL,"7,645,266",33,3,6
7320,48159,Franklin,TX,33.25102,-95.193426,1,327,11,19,10,7,8,19,SOLAR,"394,034",15,1,6
7321,48277,Lamar,TX,33.426498,-95.357449,1,251,24,37,10,0,0,21,SOLAR,"380,185",19,2,6
7322,48407,San Jacinto,TX,30.4193,-95.0118,1,637,55,43,28,16,5,25,GAS,"115,143",9,5,6
7323,48201,Harris,TX,29.694838,-95.040622,1,17624,51,28,14,2,5,20,GAS,"716,007",13,6,6
7324,48013,Atascosa,TX,28.7044,-98.4775,1,5,44,15,29,0,9,24,COAL,"1,384,087",35,0,6
7325,48061,Cameron,TX,26.125979,-97.377599,1,893,63,36,11,7,4,16,WIND,"167,183",19,6,6
7326,48173,Glasscock,TX,31.991442,-101.302637,1,5,17,16,20,0,5,17,WIND,"313,278",24,5,6
7327,48453,Travis,TX,30.2098,-97.6129,1,17897,76,26,20,6,5,19,GAS,"1,861,857",6,4,6
7328,48309,McLennan,TX,31.474378,-96.957149,1,1896,19,31,10,1,1,22,COAL,"3,295,185",10,11,6
7329,48235,Irion,TX,31.207988,-101.110787,1,6,14,23,7,0,3,19,WIND,"1,059,341",28,1,6
7330,48383,Reagan,TX,31.181377,-101.318787,1,5,71,26,15,16,10,21,WIND,"1,246,352",10,0,6
7331,48061,Cameron,TX,26.23055,-97.82349,1,6055,96,56,29,8,11,18,OIL,706,11,8,6
7333,48415,Scurry,TX,32.718056,-100.793333,1,1776,62,22,19,1,15,21,WIND,"201,085",4,8,6
7334,48415,Scurry,TX,32.7204,-100.9952,1,719,28,15,14,2,0,22,WIND,"233,622",21,5,6
7335,48057,Calhoun,TX,28.513929,-96.794154,1,109,56,37,32,0,1,20,OIL,"17,409",14,4,6
7336,48339,Montgomery,TX,30.3225,-95.2681,1,7587,51,33,20,8,3,23,BIOMASS,"15,179",15,7,6
7337,48237,Jack,TX,33.205801,-98.365069,1,290,8,35,14,0,9,16,WIND,"463,145",17,5,6
7338,48247,Jim Hogg,TX,27.18,-98.916667,1,12,82,69,24,3,11,23,WIND,"272,460",3,24,6
7339,48023,Baylor,TX,33.57824,-99.1921,1,57,13,27,12,0,2,24,WIND,"133,588",25,6,6
7340,48127,Dimmit,TX,28.44208,-99.75582,1,780,95,58,43,26,14,21,SOLAR,"426,616",36,2,6
7342,48077,Clay,TX,33.509722,-98.360833,1,50,11,18,4,0,0,19,WIND,"526,366",11,8,6
7343,48201,Harris,TX,29.723185,-95.128856,1,29377,60,27,16,6,7,21,GAS,"1,469,816",14,7,6
7344,48371,Pecos,TX,30.772575,-102.505808,1,22,77,31,25,0,0,21,WIND,"533,569",10,0,6
7345,48485,Wichita,TX,33.8625,-98.5894,1,26425,31,27,6,2,2,21,GAS,"7,098",16,5,6
7346,48061,Cameron,TX,25.9131,-97.5214,1,57051,95,58,36,24,6,20,GAS,"125,061",15,8,6
7347,48143,Erath,TX,32.338659,-98.476051,1,42,25,35,10,0,2,16,WIND,"186,077",11,5,6
7348,48021,Bastrop,TX,30.1456,-97.2708,1,6825,40,31,10,1,2,21,GAS,"1,195,711",11,6,6
7349,48089,Colorado,TX,29.550278,-96.537778,1,375,57,63,14,0,12,10,GAS,"83,709",15,8,6
7350,48203,Harrison,TX,32.574722,-94.373889,1,13348,71,57,15,3,11,23,BIOMASS,"11,453",13,7,6
7352,48167,Galveston,TX,29.378097,-94.932773,1,42329,63,43,17,5,9,21,GAS,"3,784,842",16,7,6
7353,48153,Floyd,TX,34.196962,-101.381494,1,20,12,20,0,0,0,19,WIND,"997,935",37,12,6
7354,48153,Floyd,TX,34.080556,-101.323611,1,14,12,20,0,0,0,19,WIND,"560,592",37,12,6
7355,48321,Matagorda,TX,28.795,-96.0481,1,11,41,39,16,0,0,22,NUCLEAR,"21,787,144",18,8,6
7356,48353,Nolan,TX,32.4081,-100.1286,1,51,8,45,7,1,1,2,WIND,"264,783",24,2,6
7357,48201,Harris,TX,29.59576,-95.36578,1,64958,86,25,10,3,8,16,OIL,367,12,7,6
7358,48121,Denton,TX,33.1975,-97.1061,1,88336,48,36,9,5,6,12,GAS,"45,927",9,5,6
7359,48359,Oldham,TX,35.276944,-102.682778,1,171,35,41,12,0,0,19,WIND,"543,867",9,3,6
7360,48359,Oldham,TX,35.295,-102.721111,1,10,35,41,12,0,0,19,WIND,"762,254",9,3,6
7361,48359,Oldham,TX,35.2375,-102.203056,1,262,35,41,12,0,0,19,WIND,"346,496",9,3,6
7362,48317,Martin,TX,32.2353,-101.8367,1,145,27,35,7,4,23,9,WIND,"263,672",13,2,6
7363,48113,Dallas,TX,32.9192,-96.9894,1,64564,79,14,3,5,4,10,OIL,11,6,9,6
7365,48033,Borden,TX,32.926389,-101.647778,1,50,19,22,6,0,2,0,WIND,"1,174,573",18,9,6
7366,48231,Hunt,TX,33.166173,-96.172617,1,2675,46,40,19,4,8,22,SOLAR,"16,715",15,8,6
7367,48157,Fort Bend,TX,29.785353,-95.875497,1,29706,47,12,5,3,4,18,OIL,698,8,9,6
7368,48073,Cherokee,TX,31.93985,-94.989834,1,552,43,44,20,3,9,17,GAS,"1,080,059",18,4,6
7369,48217,Hill,TX,31.86976,-97.01498,1,250,24,31,11,2,3,19,SOLAR,"554,540",21,5,6
7370,48029,Bexar,TX,29.245,-98.418333,1,3127,88,42,34,28,2,23,SOLAR,"8,960",9,5,6
7371,48029,Bexar,TX,29.245,-98.418333,1,3127,88,42,34,28,2,23,SOLAR,"9,653",9,5,6
7372,48029,Bexar,TX,29.221944,-98.669167,1,4784,86,36,24,10,8,21,SOLAR,"10,305",13,6,6
7373,48341,Moore,TX,35.9454,-101.9005,1,46,16,31,11,0,5,15,WIND,"121,546",18,5,6
7375,48039,Brazoria,TX,29.0728,-95.745,1,1760,32,29,11,2,2,22,GAS,"2,310,338",21,9,6
7376,48353,Nolan,TX,32.3606,-100.3389,1,70,8,14,5,1,5,18,WIND,"137,616",25,5,6
7377,48353,Nolan,TX,32.3472,-100.3703,1,98,7,15,7,1,4,19,WIND,"429,530",25,6,6
7378,48353,Nolan,TX,32.290833,-100.4219,1,20,14,35,12,1,2,21,WIND,"425,530",37,2,6
7379,48353,Nolan,TX,32.3122,-100.5303,1,25,7,17,8,2,3,21,WIND,"621,401",26,6,6
7380,48353,Nolan,TX,32.236944,-100.4833,1,82,7,17,8,2,3,21,WIND,"165,238",26,6,6
7382,48475,Ward,TX,31.45115,-103.361771,1,357,71,56,19,6,0,19,OTHF," (8,080)",17,10,6
7383,48453,Travis,TX,30.219946,-97.708808,1,84823,68,40,17,8,5,13,OTHF,0,7,6,6
7384,48299,Llano,TX,30.558,-98.3721,1,10174,30,38,11,1,5,19,GAS,"3,774,336",32,3,6
7385,48201,Harris,TX,29.9417,-95.5306,1,111968,82,39,20,10,8,16,GAS,"955,431",10,7,6
7386,48341,Moore,TX,35.8081,-101.9986,1,287,20,32,13,0,5,15,WIND,"4,085",18,5,6
7387,48201,Harris,TX,29.703454,-95.398317,1,167934,57,26,4,4,6,17,GAS,"106,305",13,5,6
7388,48275,Knox,TX,33.746323,-99.665516,1,24,31,50,20,0,1,23,WIND,"1,043,395",15,2,6
7389,48187,Guadalupe,TX,29.548136,-97.999587,1,15164,73,44,23,6,5,20,HYDRO,0,18,7,6
7390,48035,Bosque,TX,32.05,-97.35,1,1206,8,25,7,0,3,20,SOLAR,"18,844",37,3,6
7391,48117,Deaf Smith,TX,34.748056,-102.174444,1,11,75,53,41,7,0,19,WIND,"718,144",10,16,6
7392,48117,Deaf Smith,TX,34.72,-102.253333,1,21,38,26,17,2,2,5,WIND,"928,115",15,8,6
7393,48395,Robertson,TX,30.881424,-96.62542,1,4883,70,57,19,4,14,24,OTHF," (3,050)",18,7,6
7394,48453,Travis,TX,30.41217,-97.57405,1,18072,67,20,10,4,4,11,OTHF," (6,822)",6,4,6
7395,48415,Scurry,TX,32.85583,-100.991681,1,45,44,49,27,16,0,21,OTHF," (1,831)",42,0,6
7396,48491,Williamson,TX,30.41477,-97.35701,1,1504,55,27,13,8,4,19,OTHF," (1,316)",14,9,6
7398,48491,Williamson,TX,30.41432,-97.35518,1,1495,54,26,13,8,4,19,OTHF," (1,155)",14,9,6
7399,48039,Brazoria,TX,29.15923,-95.6626,1,6283,32,27,15,4,6,21,OTHF," (1,600)",22,4,6
7402,48305,Lynn,TX,33.150904,-101.679188,1,32,50,41,21,6,2,20,WIND,"1,117,878",19,7,6
7403,48371,Pecos,TX,31.165245,-103.125868,1,22,46,12,10,7,9,19,SOLAR,"541,129",18,14,6
7404,48371,Pecos,TX,31.186,-103.128,1,22,46,12,10,7,9,19,SOLAR,"443,608",18,14,6
7405,48201,Harris,TX,29.647267,-95.451516,1,109058,78,36,17,9,8,19,GAS,"88,202",13,7,6
7406,48027,Bell,TX,31.055833,-97.317222,1,17147,60,49,17,4,8,24,GAS,"7,236,365",13,8,6
7407,48185,Grimes,TX,30.5924,-95.9178,1,597,19,21,5,1,0,19,GAS,"4,173,963",17,2,6
7408,48401,Rusk,TX,32.017826,-94.619743,1,373,20,44,13,0,4,23,GAS,"3,089,897",16,2,6
7409,48421,Sherman,TX,36.4669,-101.8222,1,227,42,42,27,5,1,13,WIND,"2,559",14,6,6
7410,48141,El Paso,TX,31.7697,-106.5014,1,44575,89,60,29,28,8,20,GAS,0,18,4,6
7411,48167,Galveston,TX,29.378697,-94.943829,1,43886,65,44,17,5,9,21,GAS,"2,059,432",16,7,6
7412,48167,Galveston,TX,29.37612,-94.946477,1,42340,65,45,17,5,10,21,OTHF,"73,899",16,7,6
7413,48201,Harris,TX,29.6981,-95.2547,1,126191,94,51,39,22,7,18,GAS,"236,338",10,8,6
7415,48201,Harris,TX,29.709444,-95.400278,1,185319,55,23,3,3,5,16,GAS,"13,812",13,5,6
7416,48355,Nueces,TX,27.5697,-97.8228,1,3923,79,38,24,4,7,20,GAS,"254,064",25,5,6
7418,48351,Newton,TX,31.173484,-93.565877,1,334,6,38,20,0,3,22,HYDRO,"184,275",30,3,6
7419,48279,Lamb,TX,34.186494,-102.56999,1,13,68,60,24,5,4,16,COAL,"2,707,618",16,5,6
7420,48167,Galveston,TX,29.426389,-94.976667,1,14587,65,42,14,2,9,26,GAS,"722,349",18,6,6
7421,48479,Webb,TX,27.614411,-98.7945,1,1,92,19,3,10,0,0,WIND,"956,878",15,4,6
7423,48085,Collin,TX,33.084219,-96.84113,1,91229,49,11,4,4,4,9,SOLAR,"8,453",9,6,6
7424,48353,Nolan,TX,32.4301,-100.235652,1,45,9,13,4,0,6,17,WIND,"535,533",25,5,6
7425,48341,Moore,TX,35.9614,-101.8033,1,4,16,31,11,0,5,15,WIND,"8,226",18,5,6
7426,48213,Henderson,TX,32.124519,-96.101277,1,856,36,52,10,0,2,22,GAS,"330,587",16,8,6
7427,48503,Young,TX,33.383611,-98.711944,1,1329,39,44,9,4,8,25,WIND,"757,836",15,7,6
7429,48003,Andrews,TX,32.35123,-102.5577,1,13963,58,31,23,9,3,22,OIL,903,9,8,6
7430,48353,Nolan,TX,32.1981,-100.2686,1,9,14,35,12,1,2,21,WIND,"345,722",37,2,6
7431,48395,Robertson,TX,31.091925,-96.69503,1,184,12,20,11,0,2,22,COAL,"2,319,416",17,5,6
7432,48303,Lubbock,TX,33.5211,-101.7906,1,3785,73,52,22,4,11,25,GAS,"3,670",8,6,6
7433,48097,Cooke,TX,33.703851,-97.372009,1,464,5,15,6,0,13,17,WIND,"354,095",25,2,6
7434,48381,Randall,TX,34.966012,-101.78412,1,94,27,9,5,1,3,18,WIND,"7,907",16,4,6
7435,48373,Polk,TX,30.668754,-94.783466,1,973,10,31,26,0,1,24,SOLAR,"65,233",21,3,6
7436,48057,Calhoun,TX,28.5105,-96.7706,1,149,57,39,33,0,1,19,GAS,"574,625",15,4,6
7438,48461,Upton,TX,31.241808,-102.29027,1,6,61,42,20,8,9,16,SOLAR,"317,558",20,2,6
7439,48029,Bexar,TX,29.2567,-98.3825,1,5030,76,39,23,9,7,21,GAS,"4,531,813",13,6,6
7440,48355,Nueces,TX,27.8175,-97.4814,1,7876,88,58,33,10,3,23,OIL,"110,226",15,7,6
7441,48061,Cameron,TX,26.090103,-97.798453,1,1807,96,67,43,13,1,17,SOLAR,"101,560",12,6,6
7442,48061,Cameron,TX,26.168074,-97.654049,1,45458,89,56,25,12,4,20,OIL,709,16,7,6
7443,48113,Dallas,TX,32.87662,-96.95372,1,104882,78,24,11,8,4,11,SOLAR,0,8,8,6
7444,48469,Victoria,TX,28.7853,-97.0093,1,22544,77,55,31,4,7,23,GAS,"43,426",17,6,6
7445,48469,Victoria,TX,28.69637,-96.9453,1,1034,43,37,12,7,1,13,GAS,"56,446",8,1,6
7446,48469,Victoria,TX,28.698477,-96.946125,1,1090,43,37,12,7,1,13,GAS,"114,682",7,1,6
7447,48469,Victoria,TX,28.7883,-97.01,1,24771,77,53,30,4,7,23,GAS,"974,078",16,7,6
7448,48469,Victoria,TX,28.675088,-96.956014,1,556,45,37,18,6,1,13,GAS,"411,177",11,1,6
7449,48061,Cameron,TX,26.02131,-97.596284,1,8729,91,49,38,15,5,18,OIL,696,13,7,6
7450,48439,Tarrant,TX,32.775093,-97.14209,1,75869,61,31,10,4,4,19,GAS,"23,278",13,7,6
7451,48157,Fort Bend,TX,29.4828,-95.6311,1,894,59,19,11,8,0,0,COAL,"10,743,262",19,3,6
7452,48201,Harris,TX,29.877618,-95.651482,1,151822,74,30,14,8,7,16,GAS,388,11,6,6
7453,48201,Harris,TX,29.551973,-95.159125,1,75822,51,24,9,7,6,18,GAS,317,13,6,6
7454,48201,Harris,TX,29.998163,-95.486202,1,125616,75,33,14,8,7,18,GAS,338,12,7,6
7455,48027,Bell,TX,31.080808,-97.457755,1,29414,40,28,10,4,5,19,GAS,328,12,7,6
7456,48415,Scurry,TX,32.691018,-100.91789,1,11189,50,35,13,3,2,21,GAS,287,14,7,6
7457,48439,Tarrant,TX,32.764483,-97.169261,1,76068,60,30,9,3,4,17,GAS,69,13,7,6
7458,48439,Tarrant,TX,32.668729,-97.131834,1,114291,60,26,12,6,5,18,GAS,0,11,6,6
7459,48201,Harris,TX,29.776274,-94.974458,1,65366,75,39,22,10,9,21,GAS,290,9,8,6
7460,48085,Collin,TX,33.100353,-96.800708,1,111374,54,11,3,4,4,8,OIL,0,9,5,6
7461,48201,Harris,TX,29.853797,-95.509083,1,125697,85,46,29,18,6,21,GAS,404,10,7,6
7462,48071,Chambers,TX,29.817549,-94.900456,1,14365,44,13,12,1,7,20,GAS,265,11,7,6
7463,48439,Tarrant,TX,32.922049,-97.081986,1,44968,36,16,5,5,5,16,GAS,358,14,5,6
7464,48113,Dallas,TX,32.793829,-96.689543,1,124572,80,43,26,9,5,21,GAS,62,10,7,6
7465,48201,Harris,TX,29.693424,-95.210408,1,124302,89,49,37,16,10,20,GAS,255,9,9,6
7466,48439,Tarrant,TX,32.576159,-97.130048,1,67480,49,16,7,3,4,17,GAS,356,12,5,6
7467,48085,Collin,TX,33.097094,-96.798596,1,113059,55,11,3,5,4,8,GAS,179,9,5,6
7468,48439,Tarrant,TX,32.89517,-97.286531,1,134358,45,15,6,2,5,14,GAS,315,9,6,6
7469,48157,Fort Bend,TX,29.613582,-95.644645,1,78420,69,16,6,6,5,12,GAS,319,16,5,6
7470,48113,Dallas,TX,32.842209,-96.598028,1,101918,69,31,17,5,6,19,GAS,268,14,6,6
7471,48157,Fort Bend,TX,29.783981,-95.804075,1,87597,56,21,7,8,6,15,GAS,93,11,7,6
7472,48439,Tarrant,TX,32.66674,-97.209254,1,78011,45,21,8,4,5,18,GAS,313,16,5,6
7473,48113,Dallas,TX,32.59732,-96.946914,1,60409,83,26,9,4,7,20,GAS,371,12,6,6
7474,48201,Harris,TX,29.920574,-95.602626,1,119938,69,29,12,7,7,16,GAS,402,12,7,6
7475,48167,Galveston,TX,29.535168,-95.018815,1,55163,34,20,8,1,6,18,GAS,298,12,6,6
7476,48201,Harris,TX,29.679366,-95.5614,1,204418,91,53,33,28,7,16,GAS,369,11,7,6
7477,48215,Hidalgo,TX,26.260742,-98.315859,1,66993,97,48,32,18,10,16,GAS,368,10,9,6
7478,48339,Montgomery,TX,30.190279,-95.589487,1,44747,42,16,6,5,4,18,GAS,361,8,5,6
7479,48113,Dallas,TX,32.959048,-96.81664,1,134979,51,22,6,6,4,16,GAS,291,14,6,6
7480,48201,Harris,TX,29.630428,-95.237434,1,123045,91,41,28,15,8,18,GAS,287,8,7,6
7481,48113,Dallas,TX,32.592923,-96.879836,1,74283,89,21,9,2,8,19,GAS,218,13,6,6
7482,48201,Harris,TX,29.80599,-95.1652,1,111017,91,42,27,14,7,17,GAS,310,8,7,6
7483,48039,Brazoria,TX,29.545976,-95.235941,1,68335,56,17,8,3,4,17,GAS,162,15,5,6
7484,48479,Webb,TX,27.612565,-99.471825,1,48452,95,23,14,9,3,12,GAS,393,8,8,6
7485,48039,Brazoria,TX,29.557643,-95.382896,1,77061,70,11,5,4,3,17,GAS,146,11,7,6
7486,48201,Harris,TX,29.72355,-95.46539,1,229933,60,33,15,16,4,13,GAS,297,13,7,6
7487,48439,Tarrant,TX,32.576636,-97.338514,1,65179,48,25,8,3,5,20,GAS,365,12,7,6
7488,48439,Tarrant,TX,32.765261,-97.483775,1,54630,52,40,12,5,5,19,GAS,371,12,9,6
7489,48121,Denton,TX,33.179721,-96.883994,1,103757,53,10,5,2,5,11,OIL,3,8,6,6
7490,48157,Fort Bend,TX,29.690142,-95.774624,1,86977,64,15,4,5,4,14,GAS,303,9,7,6
7491,48215,Hidalgo,TX,26.267703,-98.204552,1,97184,90,36,13,10,6,16,GAS,372,12,6,6
7492,48027,Bell,TX,31.089722,-97.729279,1,90482,73,46,10,4,12,20,GAS,369,9,9,6
7493,48485,Wichita,TX,33.857046,-98.499006,1,37612,37,38,11,3,3,21,GAS,227,17,7,6
7494,48201,Harris,TX,29.936325,-95.25261,1,57767,82,27,17,7,6,17,GAS,177,7,8,6
7495,48465,Val Verde,TX,29.395822,-100.901074,1,31565,89,39,26,14,3,19,GAS,309,15,8,6
7496,48439,Tarrant,TX,32.677829,-97.467729,1,42141,36,22,7,2,5,19,GAS,353,19,6,6
7497,48201,Harris,TX,29.818196,-95.767961,1,90813,69,25,10,7,6,11,GAS,390,9,9,6
7498,48215,Hidalgo,TX,26.243944,-98.245055,1,106130,90,41,18,16,6,17,GAS,368,13,6,6
7499,48201,Harris,TX,29.829831,-95.377269,1,143950,78,46,29,18,6,22,GAS,249,12,7,6
7500,48201,Harris,TX,29.803665,-95.72045,1,127041,68,26,10,8,6,17,GAS,189,10,6,6
7501,48061,Cameron,TX,25.976057,-97.519445,1,73904,96,41,22,14,7,17,GAS,374,10,8,6
7502,48323,Maverick,TX,28.702031,-100.482722,1,40066,97,52,32,25,7,19,GAS,299,12,9,6
7503,48039,Brazoria,TX,29.421764,-95.230784,1,28838,54,30,17,5,3,21,GAS,324,14,7,6
7504,48167,Galveston,TX,29.26514,-94.832945,1,35363,56,43,15,5,7,19,GAS,262,19,4,6
7505,48201,Harris,TX,30.014278,-95.594987,1,104283,48,19,5,3,6,18,GAS,390,12,8,6
7506,48439,Tarrant,TX,32.847939,-97.18405,1,109528,40,23,7,3,4,19,GAS,289,17,6,6
7507,48201,Harris,TX,29.975997,-95.697345,1,70638,47,10,6,2,4,17,GAS,378,9,7,6
7508,48201,Harris,TX,29.664286,-95.098302,1,69068,51,23,11,4,6,19,GAS,338,14,6,6
7509,48215,Hidalgo,TX,26.191785,-98.128306,1,77189,94,52,37,17,8,16,GAS,391,13,8,6
7510,48085,Collin,TX,33.156306,-96.682687,1,105318,43,13,2,3,4,12,OIL,7,12,5,6
7511,48201,Harris,TX,29.894458,-95.06497,1,18883,46,22,8,2,7,22,GAS,316,11,9,6
7512,48201,Harris,TX,30.077307,-95.51277,1,77321,52,17,7,4,5,19,GAS,322,9,8,6
7513,48167,Galveston,TX,29.372305,-95.000453,1,35852,68,40,13,2,7,21,GAS,274,16,7,6
7514,48085,Collin,TX,33.216844,-96.735704,1,80804,45,10,3,2,4,17,OIL,3,9,7,6
7515,48439,Tarrant,TX,32.774643,-97.291803,1,69592,71,46,29,11,5,21,GAS,296,11,5,6
7516,48439,Tarrant,TX,32.882111,-97.387586,1,81897,50,18,8,2,4,19,GAS,354,8,9,6
7517,48253,Jones,TX,32.48078,-99.698015,1,23448,41,46,12,3,2,22,GAS,362,14,6,6
7518,48135,Ector,TX,31.8957,-102.332512,1,55127,60,25,13,5,5,19,GAS,0,10,8,6
7519,48167,Galveston,TX,29.470152,-95.089643,1,66636,45,17,8,3,3,16,GAS,315,12,6,6
7520,48157,Fort Bend,TX,29.558105,-95.761271,1,59829,78,30,15,6,4,15,GAS,291,14,7,6
7521,48453,Travis,TX,30.453115,-97.606035,1,85221,62,17,7,4,4,16,GAS,0,8,7,6
7522,48491,Williamson,TX,30.53366,-97.612014,1,65066,48,12,5,2,4,17,GAS,334,9,7,6
7523,48201,Harris,TX,29.716069,-95.313027,1,131855,91,50,34,21,9,18,GAS,264,12,6,6
7524,48349,Navarro,TX,32.101054,-96.403764,1,1341,84,59,19,5,19,20,GAS,249,24,5,6
7525,48479,Webb,TX,27.610637,-99.462215,1,47300,95,23,14,9,3,12,GAS,409,8,8,6
7526,48439,Tarrant,TX,32.967341,-97.411976,1,20632,30,7,6,1,2,18,GAS,318,7,7,6
7527,48339,Montgomery,TX,30.12423,-95.45769,1,62799,43,22,5,2,4,18,GAS,265,12,7,6
7528,48027,Bell,TX,31.11497,-97.414441,1,33471,46,28,9,1,6,19,GAS,296,13,10,6
7529,48201,Harris,TX,29.995621,-95.176468,1,77850,53,13,5,2,5,16,GAS,404,11,7,6
7530,48201,Harris,TX,29.64662,-95.161425,1,87104,71,37,20,11,7,20,GAS,283,12,7,6
7531,48201,Harris,TX,29.789117,-95.722232,1,120743,61,25,9,7,6,18,GAS,230,12,6,6
7532,48201,Harris,TX,29.721093,-95.646224,1,147418,84,38,16,11,8,16,GAS,287,13,6,6
7533,48249,Jim Wells,TX,27.769271,-98.043187,1,15362,88,48,19,9,3,23,GAS,409,16,5,6
7534,48201,Harris,TX,30.064779,-95.429453,1,84029,62,26,9,5,5,16,GAS,293,9,7,6
7535,48039,Brazoria,TX,29.573168,-95.283899,1,72570,67,18,10,5,4,17,GAS,296,11,7,6
7536,48113,Dallas,TX,32.673532,-97.036234,1,109163,79,28,15,6,5,17,GAS,352,11,6,6
7537,48371,Pecos,TX,30.896466,-102.907161,1,9123,82,46,21,6,1,21,GAS,174,14,7,6
7538,48439,Tarrant,TX,32.755036,-97.433843,1,75726,52,40,16,6,4,22,GAS,338,15,8,6
7539,48181,Grayson,TX,33.673162,-96.612131,1,29632,36,37,9,4,4,23,GAS,287,18,7,6
7540,48439,Tarrant,TX,32.811848,-97.424739,1,55768,61,37,20,8,5,21,GAS,287,10,8,6
7541,48039,Brazoria,TX,29.242304,-95.658144,1,125,9,10,21,0,9,21,SOLAR,"192,020",15,3,6
7542,48107,Crosby,TX,33.825,-101.099722,1,10,29,31,17,5,0,22,WIND,"954,034",29,0,6
7543,48035,Bosque,TX,32.07868,-97.768464,1,930,46,59,22,0,6,20,SOLAR,"10,925",22,12,6
7544,48501,Yoakum,TX,33.009944,-102.756945,1,341,59,48,43,3,0,22,GAS,"137,223",5,6,6
7545,48453,Travis,TX,30.238492,-97.508812,1,3254,68,42,19,8,4,9,SOLAR,"56,430",14,10,6
7546,48449,Titus,TX,33.05522,-94.839993,1,1011,43,26,23,10,3,18,COAL,"3,579,333",15,3,6
7547,48181,Grayson,TX,33.61748,-96.6284,1,33669,40,37,11,3,4,24,SOLAR,"5,310",14,7,6
7548,48489,Willacy,TX,26.376651,-97.993045,1,4055,98,64,34,18,13,15,WIND,"780,386",12,9,6
7550,48241,Jasper,TX,30.3419,-94.0656,1,974,3,23,7,0,10,19,BIOMASS,"406,767",15,5,6
7552,48201,Harris,TX,29.726017,-95.638249,1,148233,81,37,14,11,7,15,GAS,"21,826",13,6,6
7553,48135,Ector,TX,31.8362,-102.4461,1,21867,70,43,32,13,5,24,OIL,709,14,7,6
7554,48367,Parker,TX,32.724553,-97.537118,1,17857,37,25,6,1,5,14,BIOMASS,"22,001",13,8,6
7556,48105,Crockett,TX,30.91,-101.263,1,4,18,19,14,0,0,19,WIND,"1,739,675",5,16,6
7557,48181,Grayson,TX,33.616526,-96.868721,1,1534,16,16,10,0,2,22,SOLAR,"10,218",28,5,6
7558,48181,Grayson,TX,33.624853,-96.867474,1,2280,15,19,10,0,2,22,SOLAR,"10,215",25,5,6
7559,48479,Webb,TX,27.488056,-99.005278,1,236,92,23,5,11,1,2,WIND,"166,729",16,4,6
7560,48147,Fannin,TX,33.498186,-96.378894,1,2399,16,24,8,1,5,22,SOLAR,"20,156",17,5,6
7561,48035,Bosque,TX,31.8694,-97.3667,1,2069,6,25,9,0,4,21,HYDRO,"2,467",29,2,6
7562,48097,Cooke,TX,33.54915,-97.32958,1,126,11,6,0,0,1,17,WIND,"560,099",16,7,6
7564,48359,Oldham,TX,35.291944,-102.303056,1,10,35,41,12,0,0,19,WIND,"643,228",9,3,6
7565,48315,Marion,TX,32.848163,-94.547986,1,461,27,61,20,2,13,22,GAS,"1,114,927",26,3,6
7566,48207,Haskell,TX,33.345366,-99.624257,1,22,56,44,25,6,6,18,WIND,"845,897",19,6,6
7567,48149,Fayette,TX,30.02547,-96.9945,1,310,6,26,3,0,1,20,GAS,"86,238",48,4,6
7568,48009,Archer,TX,33.495278,-98.5,1,76,24,40,17,3,0,20,WIND,"200,964",16,7,6
7569,48497,Wise,TX,33.0583,-97.9103,1,426,32,34,24,3,7,16,GAS,"3,353,144",16,9,6
7570,48221,Hood,TX,32.33422,-97.731686,1,2384,43,15,27,1,1,23,GAS,"3,093,062",11,4,6
7571,48221,Hood,TX,32.337679,-97.734612,1,2706,39,14,22,1,2,21,GAS,"7,017,678",16,5,6
7572,48097,Cooke,TX,33.733006,-97.428406,1,118,4,15,5,0,15,17,WIND,"375,642",26,1,6
7573,48479,Webb,TX,27.577207,-99.276018,1,2,100,47,41,58,4,21,OTHF," (7,014)",14,7,6
7577,48485,Wichita,TX,34.003489,-98.553539,1,5214,39,18,4,2,4,14,OIL,57,10,7,6
7578,48035,Bosque,TX,31.933841,-97.653747,1,2162,26,40,15,2,1,22,SOLAR,"10,483",20,3,6
7579,48503,Young,TX,33.119213,-98.852577,1,12,11,36,14,1,4,18,WIND,"1,580,027",24,3,6
7580,48505,Zapata,TX,26.932675,-99.233708,1,7888,98,64,37,26,9,20,OTHF," (1,520)",11,9,6
7581,49049,Utah,UT,40.24724,-111.6462,1,115067,27,47,7,3,4,13,GAS,"110,520",6,6,8
7582,49049,Utah,UT,40.167136,-111.499461,1,296,7,11,2,0,2,16,HYDRO,"1,729",12,7,8
7583,49021,Iron,UT,37.639167,-113.645833,1,82,3,22,11,0,7,17,SOLAR,"6,147",21,3,8
7584,49053,Washington,UT,37.041997,-113.626736,1,13144,14,23,5,2,2,17,OIL,0,39,4,8
7585,49053,Washington,UT,37.043828,-113.627523,1,13090,14,23,5,2,2,17,SOLAR,"1,501",39,4,8
7589,49017,Garfield,UT,37.9858,-111.4383,1,69,18,38,2,0,2,8,HYDRO,"20,173",23,5,8
7590,49011,Davis,UT,40.886867,-111.885332,1,73974,15,17,3,0,3,17,GAS,"21,434",14,8,8
7591,49003,Box Elder,UT,41.501619,-111.99345,1,22568,16,28,6,1,3,21,HYDRO,"7,755",14,7,8
7592,49021,Iron,UT,38.023333,-112.731667,1,26,9,31,5,0,0,19,SOLAR,"5,840",28,7,8
7593,49057,Weber,UT,41.297229,-111.588849,1,175,4,9,0,0,2,15,HYDRO,"5,457",28,3,8
7594,49021,Iron,UT,37.807778,-113.09,1,1391,4,35,16,0,2,1,SOLAR,"5,873",12,3,8
7595,49005,Cache,UT,41.748611,-111.811667,1,63339,21,45,7,2,2,18,GAS,"26,102",8,7,8
7596,49023,Juab,UT,39.840652,-111.887656,1,1413,12,22,10,0,0,19,SOLAR,"195,773",10,10,8
7597,49021,Iron,UT,37.623123,-113.619219,1,102,2,23,9,0,7,16,SOLAR,"157,960",20,3,8
7598,49021,Iron,UT,37.638602,-113.637097,1,56,3,22,12,0,7,17,SOLAR,"329,850",21,4,8
7599,49023,Juab,UT,39.82144,-111.89345,1,1869,12,20,11,0,0,19,GAS,"2,879,945",10,9,8
7600,49003,Box Elder,UT,41.834702,-112.052114,1,363,9,30,4,0,2,15,HYDRO,"96,245",12,10,8
7601,49051,Wasatch,UT,40.404354,-111.528446,1,156,4,5,5,0,0,15,HYDRO,"23,425",22,5,8
7602,49043,Summit,UT,40.964828,-111.433937,1,112,24,34,16,4,3,15,HYDRO,"12,930",10,9,8
7603,49001,Beaver,UT,38.560278,-112.581111,1,25,13,28,8,0,1,11,GEOTHERMAL,"155,032",16,6,8
7604,49021,Iron,UT,37.641111,-113.6125,1,39,7,17,21,0,8,19,SOLAR,"220,401",24,4,8
7605,49001,Beaver,UT,38.524167,-113.033889,1,5,17,28,2,0,1,16,SOLAR,"211,926",9,14,8
7606,49001,Beaver,UT,38.500833,-113.03,1,5,17,28,2,0,1,16,SOLAR,"203,746",9,14,8
7607,49001,Beaver,UT,38.497778,-112.986944,1,5,17,28,2,0,1,16,SOLAR,"208,129",9,14,8
7610,49021,Iron,UT,37.731338,-113.216634,1,366,7,17,20,0,7,19,SOLAR,"7,306",24,4,8
7612,49035,Salt Lake,UT,40.7686,-111.9289,1,99544,51,37,14,6,4,19,GAS,"237,249",11,6,8
7613,49029,Morgan,UT,41.136547,-111.831441,1,1777,7,3,0,0,2,18,HYDRO,"15,860",17,5,8
7614,49035,Salt Lake,UT,40.619173,-111.78208,1,35672,12,16,2,1,4,16,HYDRO,"2,937",18,6,8
7617,49001,Beaver,UT,38.402778,-112.988889,1,1922,19,18,2,1,7,16,SOLAR,"6,056",8,8,8
7618,49007,Carbon,UT,39.54844,-110.71209,1,2324,11,37,6,1,8,20,SOLAR,"197,274",16,8,8
7619,49001,Beaver,UT,38.256111,-112.735833,1,218,25,26,8,0,1,17,SOLAR,"4,261",10,12,8
7620,49039,Sanpete,UT,39.16743,-111.80102,1,2911,22,41,10,1,4,21,SOLAR,"3,906",10,4,8
7621,49035,Salt Lake,UT,40.763056,-111.841667,1,106417,21,27,4,2,3,18,GAS,"45,979",13,4,8
7622,49051,Wasatch,UT,40.50368,-111.425246,1,23959,19,14,5,2,3,18,GAS,"22,293",11,8,8
7623,49011,Davis,UT,41.12902,-111.964147,1,53725,22,23,4,1,3,18,BIOMASS,"13,553",12,7,8
7624,49015,Emery,UT,39.1747,-111.0289,1,712,4,33,7,2,4,15,COAL,"3,594,294",21,5,8
7625,49015,Emery,UT,39.142217,-111.051111,1,174,8,39,6,0,5,13,SOLAR,"272,265",18,2,8
7626,49015,Emery,UT,39.3792,-111.0781,1,42,13,17,1,0,2,20,COAL,"3,400,881",29,3,8
7627,49053,Washington,UT,37.185556,-113.2975,1,17155,11,28,7,1,3,16,GAS,"3,454",21,6,8
7628,49005,Cache,UT,41.743728,-111.783169,1,41358,17,43,4,2,2,16,HYDRO,"17,878",10,6,8
7629,49005,Cache,UT,41.746364,-111.746023,1,5897,12,22,2,0,3,16,HYDRO, (72),16,6,8
7632,49021,Iron,UT,37.7212,-113.1516,1,4769,19,29,5,0,4,18,SOLAR,"204,027",9,11,8
7633,49051,Wasatch,UT,40.596605,-111.423589,1,483,29,21,3,5,0,15,HYDRO,"50,046",15,8,8
7634,49035,Salt Lake,UT,40.7119,-112.1225,1,25502,41,25,16,2,6,17,OTHF,"63,658",7,8,8
7635,49011,Davis,UT,40.9872,-111.8983,1,38046,11,10,2,0,2,15,GAS,0,10,7,8
7636,49001,Beaver,UT,38.291389,-113.035556,1,117,17,28,2,0,1,16,SOLAR,"6,148",9,14,8
7637,49051,Wasatch,UT,40.493631,-111.312506,1,3004,16,19,1,2,3,15,HYDRO,0,18,4,8
7638,49049,Utah,UT,40.331667,-111.754167,1,67904,23,25,6,1,3,17,GAS,"6,454,629",8,9,8
7639,49037,San Juan,UT,37.886706,-109.36839,1,2453,14,32,2,0,0,19,WIND,"151,105",18,9,8
7640,49035,Salt Lake,UT,40.584985,-111.800605,1,60501,12,12,2,1,3,16,HYDRO,"4,424",18,6,8
7641,49005,Cache,UT,41.725833,-111.8433,1,66054,23,45,7,2,3,17,GAS,"10,692",7,8,8
7642,49039,Sanpete,UT,39.255911,-111.621491,1,3424,14,41,7,0,2,19,HYDRO,"1,836",18,5,8
7643,49039,Sanpete,UT,39.255911,-111.621491,1,3424,14,41,7,0,2,19,HYDRO,58,18,5,8
7644,49001,Beaver,UT,38.388243,-112.990812,1,2027,19,18,2,1,6,16,SOLAR,"6,536",8,9,8
7645,49001,Beaver,UT,38.291389,-113.008333,1,127,17,28,2,0,1,16,SOLAR,"6,124",9,14,8
7646,49001,Beaver,UT,38.490667,-113.018283,1,5,17,28,2,0,1,16,SOLAR,"259,870",9,14,8
7649,49053,Washington,UT,37.112092,-113.516581,1,48285,21,26,5,0,3,17,GAS,"118,121",18,6,8
7650,49035,Salt Lake,UT,40.67,-111.89,1,145061,33,29,8,4,5,20,GAS,"14,086",14,6,8
7651,49049,Utah,UT,40.0614,-111.7294,1,22972,19,22,7,2,5,19,GAS,"825,412",11,6,8
7653,49027,Millard,UT,39.1625,-112.343,1,26,3,27,3,0,3,11,SOLAR,"102,444",22,9,8
7654,49027,Millard,UT,39.154474,-112.359849,1,26,3,27,3,0,3,11,SOLAR,"40,758",22,9,8
7655,49027,Millard,UT,38.960519,-112.36327,1,2572,29,28,21,6,7,11,SOLAR,"99,031",16,5,8
7656,49049,Utah,UT,40.06084,-111.73023,1,23184,19,22,7,2,5,19,GAS,5,11,6,8
7657,49057,Weber,UT,41.254331,-111.848525,1,496,2,1,1,0,0,15,HYDRO,"4,360",23,9,8
7658,49057,Weber,UT,41.243643,-111.946478,1,74006,38,35,13,3,5,23,HYDRO,"18,722",11,7,8
7659,49049,Utah,UT,40.2427,-111.66298,1,123249,27,46,7,3,4,13,GAS,"7,123",6,6,8
7660,49053,Washington,UT,37.1854,-113.3583,1,8147,9,26,3,0,2,15,HYDRO,"11,781",34,4,8
7661,49021,Iron,UT,37.658223,-113.216679,1,433,7,18,13,0,3,18,SOLAR,"7,640",36,2,8
7662,49021,Iron,UT,37.666772,-113.188953,1,2557,10,21,7,0,4,18,SOLAR,"7,373",15,7,8
7663,49021,Iron,UT,37.649816,-113.236928,1,382,7,18,11,0,2,17,SOLAR,"7,502",39,2,8
7664,49037,San Juan,UT,37.120814,-109.411511,1,78,100,65,20,28,23,23,SOLAR,"152,753",9,8,8
7665,49003,Box Elder,UT,41.730687,-112.179606,1,13921,15,28,8,1,3,16,SOLAR,141,10,9,8
7666,49033,Rich,UT,41.77,-111.06,1,62,14,33,4,1,3,19,SOLAR,"122,983",17,9,8
7667,49035,Salt Lake,UT,40.7461,-112.0339,1,9294,67,30,12,13,2,19,BIOMASS,"24,783",5,8,8
7668,49035,Salt Lake,UT,40.767222,-111.895,1,138964,39,35,10,4,4,20,SOLAR,"1,982",12,5,8
7669,49041,Sevier,UT,38.850544,-112.005212,1,567,19,38,10,0,3,15,SOLAR,"199,194",17,10,8
7671,49051,Wasatch,UT,40.544942,-111.502911,1,4628,5,15,3,1,4,16,HYDRO,0,20,7,8
7672,49035,Salt Lake,UT,40.58337,-111.653903,1,279,19,37,1,0,0,16,GAS,"14,385",17,2,8
7673,49053,Washington,UT,37.030051,-113.563394,1,22084,17,24,3,0,2,16,GAS,"35,330",19,9,8
7674,49001,Beaver,UT,38.311111,-113.053611,1,112,17,28,2,0,1,16,SOLAR,"7,110",9,14,8
7675,49049,Utah,UT,40.080042,-111.604846,1,29595,15,17,4,0,1,19,HYDRO,"11,476",9,10,8
7676,49049,Utah,UT,40.127951,-111.63336,1,65073,18,22,5,1,2,20,SOLAR,"7,234",9,10,8
7677,49049,Utah,UT,40.071389,-111.582222,1,13891,17,17,5,0,2,19,WIND,"45,040",10,10,8
7678,49053,Washington,UT,37.113736,-113.568944,1,55989,20,34,7,2,3,18,OIL,675,20,6,8
7679,49035,Salt Lake,UT,40.6236,-111.7533,1,8484,11,17,2,0,3,18,HYDRO,"4,188",17,6,8
7680,49007,Carbon,UT,39.5472,-110.3917,1,1425,19,45,15,0,14,17,COAL,"316,504",24,5,8
7681,49035,Salt Lake,UT,40.7931,-111.9038,1,92336,43,35,11,5,4,18,GAS,"139,310",12,5,8
7683,49021,Iron,UT,37.827082,-113.137082,1,143,4,32,8,0,3,12,SOLAR,"130,025",13,4,8
7684,49045,Tooele,UT,40.50303,-112.37059,1,3529,16,21,10,1,6,23,WIND,"2,111",7,7,8
7685,49035,Salt Lake,UT,40.55,-112.0631,1,24008,22,18,5,0,2,12,BIOMASS,"38,168",7,9,8
7688,49039,Sanpete,UT,39.544108,-111.418727,1,4096,10,49,11,2,4,16,HYDRO,"3,178",17,9,8
7689,49001,Beaver,UT,38.2683,-112.4806,1,4,47,23,17,0,0,20,HYDRO,"10,156",13,6,8
7690,49021,Iron,UT,37.882778,-112.904167,1,101,7,34,5,0,7,19,SOLAR,"189,793",25,3,8
7691,49053,Washington,UT,37.348,-113.765,1,14,6,23,5,0,8,16,OTHF,"45,761",44,3,8
7692,49043,Summit,UT,40.7904,-111.4043,1,818,8,15,5,1,4,18,HYDRO,"12,301",18,6,8
7693,49053,Washington,UT,37.155,-113.439167,1,5555,26,33,4,0,0,16,GAS,"4,089",27,12,8
7694,49057,Weber,UT,41.137621,-111.884948,1,13879,14,15,3,0,2,17,HYDRO,"9,500",14,5,8
7695,49011,Davis,UT,41.098957,-111.982167,1,76991,27,27,7,2,3,18,SOLAR,"2,499",8,9,8
7696,49035,Salt Lake,UT,40.6667,-112.0317,1,137951,50,25,16,4,4,18,GAS,"846,428",8,8,8
7697,49049,Utah,UT,40.1817,-111.6203,1,39750,23,30,5,2,3,18,GAS,"9,524",8,11,8
7698,51031,Campbell,VA,37.118674,-79.273551,1,6534,28,42,12,0,11,21,BIOMASS,"283,170",23,7,3
7699,51031,Campbell,VA,37.148199,-79.347497,1,2171,18,34,11,0,3,6,SOLAR,"168,885",27,7,3
7700,51007,Amelia,VA,37.3097,-78.0589,1,1239,22,27,21,0,1,22,BIOMASS,"32,557",10,5,3
7701,51179,Stafford,VA,38.384167,-77.413056,1,10787,46,15,8,2,2,16,BIOMASS,"1,219",11,4,3
7702,51009,Amherst,VA,37.553598,-79.017296,1,2769,25,38,12,0,3,22,SOLAR,"2,036",22,7,3
7703,51109,Louisa,VA,37.919497,-77.862016,1,1636,19,34,12,0,7,19,SOLAR,166,15,8,3
7704,51017,Bath,VA,38.20889,-79.8,1,2,5,39,12,0,4,21,HYDRO," (1,034,280)",39,1,3
7705,51131,Northampton,VA,37.2717,-75.9682,1,3518,36,28,11,0,6,18,OIL,"1,548",32,4,3
7706,51029,Buckingham,VA,37.695556,-78.285278,1,1243,51,28,15,0,10,22,GAS,"3,023,135",23,4,3
7707,51019,Bedford,VA,37.335046,-79.480995,1,8753,22,45,10,1,2,9,SOLAR,"4,939",19,2,3
7709,51001,Accomack,VA,37.54864,-75.790823,1,3676,57,50,18,0,4,16,OIL,121,17,10,3
7710,51117,Mecklenburg,VA,36.811533,-78.483909,1,3546,51,40,17,0,5,23,SOLAR,"70,313",24,6,3
7711,51053,Dinwiddie,VA,37.193584,-77.467185,1,16758,63,41,12,1,8,15,OIL,0,16,6,3
7712,51041,Chesterfield,VA,37.220833,-77.524504,1,8575,41,23,7,0,4,8,HYDRO,"6,810",19,4,3
7713,51087,Henrico,VA,37.52364,-77.26358,1,11664,42,26,12,0,5,21,SOLAR,"41,765",17,7,3
7715,51025,Brunswick,VA,36.765,-77.713889,1,1136,78,44,28,0,5,22,GAS,"6,337,633",15,6,3
7716,51025,Brunswick,VA,36.7639,-77.8108,1,4712,75,47,24,0,3,14,BIOMASS,"45,061",12,3,3
7717,51027,Buchanan,VA,37.175278,-81.961388,1,919,15,36,16,1,5,25,GAS,"185,336",22,7,3
7718,51035,Carroll,VA,36.808229,-80.938714,1,773,9,52,17,1,9,23,HYDRO,"38,461",25,6,3
7719,51029,Buckingham,VA,37.502944,-78.379237,1,959,36,30,12,1,2,20,SOLAR,"31,920",18,2,3
7720,51035,Carroll,VA,36.7858,-80.9333,1,949,2,56,18,0,11,22,HYDRO,"22,854",29,3,3
7724,51011,Appomattox,VA,37.32936,-78.76591,1,1880,37,45,9,0,3,21,SOLAR,"30,553",16,4,3
7725,51149,Prince George,VA,37.177825,-77.337645,1,13676,68,25,11,0,10,22,SOLAR,"27,993",17,6,3
7726,51197,Wythe,VA,36.964279,-81.049858,1,6398,12,44,12,2,3,22,SOLAR,"37,763",25,4,3
7727,51071,Giles,VA,37.3439,-80.765,1,5720,5,28,7,1,3,23,GAS,"161,423",22,4,3
7731,51041,Chesterfield,VA,37.3517,-77.4969,1,26185,40,21,8,2,4,19,BIOMASS,"24,283",20,5,3
7732,51041,Chesterfield,VA,37.3822,-77.3833,1,11673,47,20,8,2,3,17,GAS,"2,429,174",14,5,3
7733,51153,Prince William,VA,38.752347,-77.462918,1,101332,66,22,17,10,4,17,OIL,142,10,8,3
7734,51155,Pulaski,VA,37.075,-80.5847,1,4855,5,28,8,0,2,21,HYDRO,"197,798",18,5,3
7735,51167,Russell,VA,36.9333,-82.1997,1,1240,11,48,23,0,9,22,GAS,"85,760",18,7,3
7736,51083,Halifax,VA,36.869,-78.704,1,656,48,41,20,0,1,22,COAL,"247,929",17,7,3
7739,51181,Surry,VA,37.138889,-76.902222,1,714,48,37,14,0,11,22,SOLAR,"260,163",16,8,3
7740,51001,Accomack,VA,37.9892,-75.54,1,1521,58,61,18,5,6,21,OIL,"22,908",13,2,3
7741,51127,New Kent,VA,37.471464,-76.844612,1,3351,26,10,8,0,0,17,SOLAR,"30,137",17,5,3
7743,51059,Fairfax,VA,38.695,-77.2411,1,68815,63,16,9,5,5,12,BIOMASS,"690,027",12,6,3
7744,51083,Halifax,VA,36.839909,-78.938199,1,1007,21,45,20,0,4,23,SOLAR,"2,108",29,9,3
7745,51065,Fluvanna,VA,37.8893,-78.323,1,11809,22,13,2,1,2,13,SOLAR,"5,715",20,7,3
7747,51187,Warren,VA,38.929,-78.18,1,17971,25,33,15,1,7,23,SOLAR,"4,246",16,6,3
7748,51143,Pittsylvania,VA,36.660591,-79.29906,1,2414,29,38,12,0,5,21,SOLAR,"13,087",22,5,3
7750,51143,Pittsylvania,VA,36.591,-79.302,1,3495,42,46,10,0,4,23,SOLAR,"19,701",25,2,3
7751,51143,Pittsylvania,VA,36.66106,-79.2986,1,2417,29,38,12,0,5,21,OIL,16,22,5,3
7753,51087,Henrico,VA,37.498223,-77.368544,1,32022,79,36,11,1,6,20,GAS,"118,074",16,5,3
7754,51031,Campbell,VA,37.276278,-79.116506,1,4836,21,31,11,0,5,22,SOLAR,"29,017",21,4,3
7755,51109,Louisa,VA,38.015735,-78.043131,1,4222,38,42,15,1,16,22,SOLAR,"129,525",22,5,3
7756,51153,Prince William,VA,38.7443,-77.4974,1,80583,64,20,15,10,4,15,OIL,794,10,8,3
7757,51085,Hanover,VA,37.820805,-77.446246,1,1232,21,17,6,1,5,19,GAS,"5,297,757",29,2,3
7758,51175,Southampton,VA,36.680278,-76.921944,1,9520,60,40,16,0,5,23,OIL,232,20,6,3
7760,51001,Accomack,VA,37.943895,-75.569556,1,1641,56,62,17,4,3,21,SOLAR,"121,386",15,2,3
7761,51047,Culpeper,VA,38.28,-77.59,1,36002,38,18,8,3,6,17,OIL,480,13,7,3
7763,51165,Rockingham,VA,38.3836,-78.6528,1,4990,9,20,12,0,1,21,GAS,"13,047",19,3,3
7764,51081,Greensville,VA,36.696,-77.56,1,8524,74,49,22,0,7,26,HYDRO,"4,875",19,6,3
7765,51109,Louisa,VA,38.017664,-77.952873,1,3682,31,34,15,2,5,20,SOLAR,"6,312",19,7,3
7766,51029,Buckingham,VA,37.5064,-78.381,1,953,36,30,12,1,2,20,SOLAR,"39,757",18,2,3
7767,51101,King William,VA,37.671,-77.17,1,1127,15,11,4,0,8,21,SOLAR,"25,526",17,5,3
7768,51089,Henry,VA,36.687071,-79.709472,1,1920,41,29,14,2,11,24,SOLAR,"40,264",25,4,3
7769,51153,Prince William,VA,38.672,-77.593,1,2825,24,8,5,0,3,20,SOLAR,"37,278",14,1,3
7770,51057,Essex,VA,37.834094,-76.799967,1,1449,28,32,14,0,13,18,SOLAR,"34,497",15,3,3
7771,51149,Prince George,VA,37.26,-77.08,1,199,11,12,6,3,4,18,SOLAR,"312,851",30,9,3
7772,51069,Frederick,VA,39.140833,-78.0975,1,15732,19,21,9,1,2,19,BIOMASS,"9,444",14,6,3
7773,51077,Grayson,VA,36.715103,-80.985621,1,2752,3,48,21,1,7,23,HYDRO,"19,489",28,4,3
7774,51019,Bedford,VA,37.534,-79.357,1,943,9,27,8,0,1,20,GAS,"50,551",27,3,3
7775,51193,Westmoreland,VA,38.006741,-76.606956,1,1539,50,39,11,2,2,14,SOLAR,"25,463",25,4,3
7776,51153,Prince William,VA,38.725278,-77.509722,1,48973,54,17,11,7,3,12,OIL,253,10,7,3
7777,51073,Gloucester,VA,37.45,-76.45,1,2458,13,22,11,0,7,19,SOLAR,"37,459",24,2,3
7778,51153,Prince William,VA,38.74054,-77.508061,1,77491,61,20,12,11,3,13,OIL,430,10,8,3
7779,51109,Louisa,VA,38.124688,-78.203543,1,3767,28,31,11,0,8,20,GAS,"918,011",18,8,3
7781,51117,Mecklenburg,VA,36.85,-78.45,1,1080,48,43,14,0,12,23,SOLAR,"147,209",26,6,3
7782,51181,Surry,VA,37.1575,-76.6911,1,131,55,38,11,0,4,22,GAS,"89,293",27,4,3
7783,51081,Greensville,VA,36.718236,-77.649559,1,812,72,44,24,0,6,23,GAS,"10,286,001",20,6,3
7784,51081,Greensville,VA,36.64,-77.57,1,2175,79,46,20,0,7,25,SOLAR,"129,312",12,6,3
7788,51069,Frederick,VA,39.132519,-78.187474,1,27718,27,28,12,3,5,20,GAS,"92,473",18,6,3
7789,51083,Halifax,VA,36.7817,-78.9236,1,2677,40,44,20,0,5,23,HYDRO,"1,085",29,2,3
7790,51083,Halifax,VA,36.701389,-78.873333,1,8444,44,40,13,0,4,22,BIOMASS,"298,419",24,8,3
7791,51131,Northampton,VA,37.37,-75.917171,1,1386,53,38,11,0,3,13,SOLAR,"30,628",20,2,3
7792,51043,Clarke,VA,39.06485,-78.138207,1,8634,16,11,9,0,5,20,SOLAR,"11,890",23,4,3
7793,51159,Richmond,VA,37.957975,-76.818828,1,1540,40,36,20,1,4,22,SOLAR,"6,879",19,8,3
7794,51087,Henrico,VA,37.6788,-77.5678,1,54583,42,12,4,2,3,15,BIOMASS,"7,302",13,5,3
7795,51177,Spotsylvania,VA,38.247123,-77.786223,1,2711,24,15,12,3,2,18,SOLAR,"299,603",14,5,3
7797,51101,King William,VA,37.672005,-77.170439,1,1141,15,11,4,0,8,21,SOLAR,"29,761",17,5,3
7798,51149,Prince George,VA,37.291667,-77.281111,1,29153,55,42,12,0,8,23,GAS,"912,120",15,6,3
7801,51059,Fairfax,VA,38.6892,-77.2375,1,68364,65,18,10,6,5,12,BIOMASS,"18,564",11,6,3
7803,51093,Isle of Wight,VA,36.6803,-76.9128,1,9174,61,41,16,0,5,23,BIOMASS,"222,003",20,7,3
7804,51117,Mecklenburg,VA,36.59943,-78.3005,1,380,37,33,11,0,4,7,HYDRO,"340,027",22,3,3
7805,51097,King and Queen,VA,37.6711,-76.76,1,287,28,26,8,0,1,18,BIOMASS,"53,765",26,4,3
7806,51033,Caroline,VA,38.0722,-77.5133,1,2780,35,28,14,2,5,20,GAS,"851,408",15,4,3
7807,51143,Pittsylvania,VA,37.0933,-79.4025,1,999,20,45,18,0,1,15,HYDRO,"46,717",28,4,3
7808,51109,Louisa,VA,38.1181,-78.2139,1,3809,27,30,11,0,7,20,GAS,"236,859",17,8,3
7809,51005,Alleghany,VA,37.777,-79.892,1,1149,3,37,18,2,0,18,OIL,134,23,1,3
7810,51139,Page,VA,38.676667,-78.498888,1,4935,8,29,16,0,3,22,HYDRO,"3,519",30,3,3
7811,51153,Prince William,VA,38.638333,-77.414722,1,40605,54,11,8,3,3,18,BIOMASS,"43,080",10,6,3
7812,51143,Pittsylvania,VA,36.89,-79.32,1,733,34,42,20,0,7,22,SOLAR,"203,326",22,7,3
7813,51061,Fauquier,VA,38.5283,-77.7681,1,5393,37,32,19,6,3,21,GAS,"215,386",9,11,3
7814,51075,Goochland,VA,37.88051,-78.049191,1,1351,13,13,8,0,2,21,SOLAR,"9,567",21,4,3
7815,51089,Henry,VA,36.664145,-79.883588,1,16320,54,47,15,0,4,23,HYDRO,0,21,6,3
7816,51089,Henry,VA,36.717222,-79.845278,1,10729,54,53,16,0,5,17,GAS,92,21,6,3
7817,51085,Hanover,VA,37.665975,-77.207725,1,1701,12,16,5,0,6,20,SOLAR,"52,379",18,5,3
7818,51081,Greensville,VA,36.59,-77.65,1,454,57,43,21,0,4,25,SOLAR,"95,299",22,6,3
7819,51165,Rockingham,VA,38.383222,-78.643688,1,5251,9,22,12,0,1,22,SOLAR,0,19,3,3
7820,51195,Wise,VA,36.99716,-82.526623,1,5609,7,46,17,0,7,23,SOLAR,0,17,5,3
7821,51165,Rockingham,VA,38.356944,-78.676667,1,2923,13,20,13,0,0,19,BIOMASS,"6,125",20,4,3
7822,51143,Pittsylvania,VA,36.85345,-79.469908,1,1100,37,39,26,0,4,22,SOLAR,"4,551",19,1,3
7823,51091,Highland,VA,38.421389,-79.591389,1,788,7,34,14,0,22,20,OIL,"1,532",37,2,3
7824,51193,Westmoreland,VA,38.077,-76.786,1,1414,59,36,13,1,5,17,SOLAR,"34,645",30,4,3
7825,51165,Rockingham,VA,38.4681,-78.865,1,42613,37,44,17,9,6,15,OIL,"1,310",10,5,3
7826,51171,Shenandoah,VA,38.739621,-78.660158,1,3297,24,43,14,3,7,20,SOLAR,"32,905",20,6,3
7827,51001,Accomack,VA,37.938056,-75.473611,1,2316,37,22,24,0,4,21,SOLAR,"5,805",29,5,3
7828,51155,Pulaski,VA,37.183,-80.699,1,603,15,26,8,0,7,18,BIOMASS,"13,702",21,5,3
7829,51139,Page,VA,38.571389,-78.593611,1,1286,2,35,20,0,5,23,HYDRO,"3,080",20,6,3
7830,51161,Roanoke,VA,37.2544,-79.8756,1,25574,17,34,12,1,3,19,HYDRO,"8,001",19,5,3
7832,51109,Louisa,VA,38.06,-77.7897,1,2602,18,15,7,0,3,19,NUCLEAR,"15,828,266",26,2,3
7833,51159,Richmond,VA,37.95,-76.711,1,3027,43,27,27,0,2,20,OIL,"1,516",17,5,3
7834,51175,Southampton,VA,36.697222,-77.105,1,2447,47,32,15,0,9,17,OIL,525,21,11,3
7836,51001,Accomack,VA,37.74542,-75.720487,1,2446,42,39,15,0,7,22,OIL,122,34,4,3
7837,51019,Bedford,VA,37.33206,-79.51109,1,10061,23,44,12,1,2,8,OIL,211,20,3,3
7838,51117,Mecklenburg,VA,36.807131,-78.509769,1,3021,60,41,18,0,5,23,SOLAR,0,26,6,3
7839,51065,Fluvanna,VA,37.96724,-78.230963,1,5807,24,15,10,0,3,20,SOLAR,"10,948",17,3,3
7840,51041,Chesterfield,VA,37.3389,-77.2806,1,8537,48,38,9,0,7,24,GAS,"13,811",16,8,3
7841,51001,Accomack,VA,37.741967,-75.655979,1,4274,61,52,34,9,5,22,OIL,131,20,7,3
7842,51041,Chesterfield,VA,37.341838,-77.287027,1,9361,48,33,9,0,6,23,SOLAR,872,16,7,3
7844,51083,Halifax,VA,36.818554,-78.771892,1,1313,45,40,20,0,1,22,SOLAR,"53,616",18,8,3
7845,51141,Patrick,VA,36.666866,-80.447897,1,477,6,44,31,0,3,22,HYDRO,"31,126",31,2,3
7847,51165,Rockingham,VA,38.4006,-78.8983,1,29405,28,49,10,5,7,10,OIL,891,9,4,3
7848,51177,Spotsylvania,VA,38.247123,-77.786223,1,2711,24,15,12,3,2,18,SOLAR,"140,677",14,5,3
7849,51177,Spotsylvania,VA,38.247123,-77.786223,1,2711,24,15,12,3,2,18,SOLAR,"461,394",14,5,3
7850,51007,Amelia,VA,37.2953,-77.9862,1,1351,28,33,17,0,4,21,OIL,426,20,5,3
7851,51153,Prince William,VA,38.5367,-77.2806,1,21816,68,19,9,3,8,10,GAS,"1,869,422",7,7,3
7852,51107,Loudoun,VA,39.058056,-77.545,1,42878,42,6,3,2,3,7,GAS,"4,430,148",6,5,3
7853,51083,Halifax,VA,36.55467,-79.0286,1,772,28,30,6,0,2,21,SOLAR,"55,068",29,3,3
7854,51175,Southampton,VA,36.659167,-76.926667,1,8037,65,45,17,0,6,23,OIL,231,17,8,3
7855,51119,Middlesex,VA,37.57245,-76.46734,1,3093,16,22,13,0,6,19,SOLAR,"27,709",30,5,3
7856,51155,Pulaski,VA,37.078366,-80.572726,1,5882,5,29,8,0,3,21,HYDRO,"6,056",17,5,3
7857,51121,Montgomery,VA,37.180441,-80.542767,1,8070,23,37,7,0,7,11,GAS,"32,245",13,2,3
7858,51103,Lancaster,VA,37.657039,-76.383228,1,4082,22,22,13,0,5,19,SOLAR,"3,193",46,2,3
7859,51061,Fauquier,VA,38.5442,-77.7714,1,9123,35,23,15,4,3,21,GAS,"308,482",10,9,3
7860,51061,Fauquier,VA,38.548333,-77.776389,1,9259,35,22,15,4,3,21,SOLAR,"31,918",10,8,3
7861,51031,Campbell,VA,37.4639,-79.1856,1,15510,21,25,5,1,4,18,HYDRO,"22,675",22,6,3
7862,51087,Henrico,VA,37.505833,-77.373889,1,41180,76,36,11,1,6,21,BIOMASS,"27,256",16,6,3
7863,51177,Spotsylvania,VA,38.247123,-77.786223,1,2711,24,15,12,3,2,18,SOLAR,"38,216",14,5,3
7865,51101,King William,VA,37.5392,-76.8053,1,4821,24,21,11,1,3,20,BIOMASS,"497,914",20,4,3
7866,51075,Goochland,VA,37.7036,-77.6639,1,10557,30,8,2,2,3,19,OIL,0,13,7,3
7867,51081,Greensville,VA,36.6867,-77.558,1,8567,75,49,22,0,7,26,SOLAR,"184,771",19,6,3
7871,51143,Pittsylvania,VA,36.576778,-79.432503,1,27335,54,46,15,1,6,23,HYDRO,"14,031",20,5,3
7872,51145,Powhatan,VA,37.523,-77.934,1,4825,10,12,5,0,1,19,SOLAR,"27,476",13,4,3
7873,51145,Powhatan,VA,37.526244,-77.944637,1,4463,10,12,6,0,2,19,SOLAR,"35,887",13,4,3
7875,51143,Pittsylvania,VA,37.0413,-79.5356,1,638,6,28,5,0,1,18,HYDRO,"176,271",53,0,3
7876,51019,Bedford,VA,37.5736,-79.3715,1,531,9,26,7,0,0,20,HYDRO,"14,006",26,3,3
7878,51175,Southampton,VA,36.6525,-76.9953,1,1346,47,30,5,0,7,22,BIOMASS,"340,004",19,5,3
7879,51175,Southampton,VA,36.614,-77.166,1,1119,58,28,11,0,8,21,SOLAR,"119,726",20,5,3
7880,51181,Surry,VA,37.173916,-76.919245,1,401,39,36,11,0,8,22,SOLAR,"143,230",19,7,3
7883,51083,Halifax,VA,36.798717,-78.83961,1,1311,27,32,16,0,2,22,SOLAR,"82,825",26,4,3
7884,51181,Surry,VA,37.1661,-76.6986,1,135,55,38,11,0,4,22,NUCLEAR,"13,834,669",27,4,3
7885,51183,Sussex,VA,36.940529,-77.41776,1,629,40,19,11,0,4,26,SOLAR,"38,212",26,1,3
7886,51143,Pittsylvania,VA,36.942634,-79.192804,1,463,47,43,22,0,3,22,SOLAR,"74,174",28,5,3
7887,51143,Pittsylvania,VA,36.727159,-79.506486,1,2397,24,36,15,5,6,23,SOLAR,"11,110",20,4,3
7888,51143,Pittsylvania,VA,36.727159,-79.506486,1,2397,24,36,15,5,6,23,SOLAR,"11,133",20,4,3
7890,51001,Accomack,VA,37.8277,-75.9915,1,345,0,41,26,0,6,21,OIL,88,29,0,3
7891,51001,Accomack,VA,37.7061,-75.7031,1,4981,46,40,17,3,6,21,OIL,"2,338",23,6,3
7892,51065,Fluvanna,VA,37.8667,-78.3813,1,1875,15,9,6,0,7,1,GAS,"3,933,012",18,6,3
7893,51069,Frederick,VA,39.201562,-78.213908,1,17245,22,22,8,1,3,18,SOLAR,"2,038",26,5,3
7894,51037,Charlotte,VA,37.018427,-78.581272,1,1005,37,44,19,0,1,20,SOLAR,"25,549",22,7,3
7895,51153,Prince William,VA,38.74054,-77.508061,1,77491,61,20,12,11,3,13,OIL,499,10,8,3
7896,51153,Prince William,VA,38.74054,-77.508061,1,77491,61,20,12,11,3,13,OIL,331,10,8,3
7898,51195,Wise,VA,36.916389,-82.338055,1,1896,4,50,21,0,17,24,COAL,"753,348",22,3,3
7899,51121,Montgomery,VA,37.2319,-80.4211,1,48687,23,52,2,2,4,8,GAS,"8,874",9,3,3
7900,51187,Warren,VA,38.971667,-78.177222,1,7323,21,28,10,1,8,22,GAS,"8,468,725",16,6,3
7902,51099,King George,VA,38.2747,-77.3081,1,3203,30,26,13,0,4,23,BIOMASS,"80,077",12,5,3
7903,51119,Middlesex,VA,37.519714,-76.624506,1,1644,12,16,10,0,2,19,BIOMASS,"50,045",17,1,3
7904,51083,Halifax,VA,37.016375,-79.027061,1,536,41,46,24,0,15,24,SOLAR,"184,153",28,1,3
7905,51153,Prince William,VA,38.760695,-77.62089,1,39253,40,6,4,2,4,12,OIL,3,9,7,3
7906,51083,Halifax,VA,36.681547,-78.885955,1,7924,44,38,12,0,4,22,SOLAR,"34,578",23,8,3
7908,51005,Alleghany,VA,37.799722,-79.9947,1,7648,17,36,12,0,2,22,GAS,"663,062",21,5,3
7910,51193,Westmoreland,VA,38.007488,-76.744034,1,1097,49,31,27,3,2,13,SOLAR,"47,181",28,9,3
7912,51143,Pittsylvania,VA,36.931378,-79.358743,1,2978,27,53,22,1,3,22,SOLAR,"79,333",31,4,3
7913,51109,Louisa,VA,38.023,-77.972,1,4028,35,39,16,2,9,21,SOLAR,"49,027",21,6,3
7914,51191,Washington,VA,36.6644,-82.1044,1,5452,6,33,7,0,5,19,GAS,"77,112",25,6,3
7915,51093,Isle of Wight,VA,36.89,-76.611,1,1678,30,20,7,0,2,20,SOLAR,"29,998",24,2,3
7916,51199,York,VA,37.2144,-76.4611,1,11559,14,11,5,0,5,19,OIL,0,23,3,3
7917,50007,Chittenden,VT,44.477705,-73.153412,1,62506,17,34,6,2,5,14,SOLAR,"1,277",11,4,1
7918,50027,Windsor,VT,43.4011,-72.4203,1,2513,9,34,9,1,4,18,OIL,110,24,4,1
7919,50025,Windham,VT,43.126944,-72.776111,1,627,7,25,2,0,5,18,HYDRO,"1,928",22,2,1
7920,50019,Orleans,VT,44.725418,-72.184044,1,1623,10,36,8,1,5,20,SOLAR,"2,411",24,4,1
7921,50003,Bennington,VT,42.9133,-73.2142,1,12682,10,34,8,0,2,19,SOLAR,"3,519",23,4,1
7922,50001,Addison,VT,44.0525,-73.1762,1,4857,19,23,5,1,4,17,HYDRO,"18,530",18,3,1
7923,50025,Windham,VT,43.1375,-72.4464,1,5579,12,26,5,0,3,18,HYDRO,"304,532",21,7,1
7924,50023,Washington,VT,44.251,-72.6027,1,9267,10,19,2,1,3,19,OIL,815,23,3,1
7925,50005,Caledonia,VT,44.52344,-72.36986,1,2151,11,31,5,0,2,17,SOLAR,"2,131",27,7,1
7926,50023,Washington,VT,44.359381,-72.81673,1,523,5,17,6,0,2,14,HYDRO, (422),17,4,1
7927,50017,Orange,VT,44.1706,-72.0994,1,1322,6,33,7,1,2,14,HYDRO,"3,404",26,6,1
7928,50015,Lamoille,VT,44.577553,-72.611861,1,5092,9,23,6,0,3,20,HYDRO,10,19,3,1
7929,50009,Essex,VT,44.999274,-71.530164,1,1068,3,41,18,4,6,21,HYDRO,"7,335",32,3,1
7930,50027,Windsor,VT,43.381225,-72.598242,1,1437,6,26,4,0,4,15,HYDRO, (51),19,5,1
7931,50007,Chittenden,VT,44.49,-73.1875,1,63076,17,37,6,2,5,15,HYDRO,"36,311",11,4,1
7932,50007,Chittenden,VT,44.321972,-73.197608,1,2464,7,9,0,0,1,14,SOLAR,"2,786",21,6,1
7933,50027,Windsor,VT,43.280929,-72.59757,1,2080,3,21,5,0,2,16,SOLAR,"2,207",30,4,1
7934,50007,Chittenden,VT,44.436111,-73.145277,1,21271,17,16,3,2,4,14,SOLAR,"2,817",18,5,1
7935,50007,Chittenden,VT,44.426111,-73.156389,1,18767,17,13,3,1,4,14,SOLAR,"3,027",17,5,1
7936,50021,Rutland,VT,43.539722,-72.955833,1,2198,5,28,4,0,5,14,SOLAR,"2,784",24,6,1
7937,50007,Chittenden,VT,44.6356,-73.12,1,9180,6,18,8,0,7,14,HYDRO,"19,800",13,6,1
7938,50007,Chittenden,VT,44.4906,-73.1703,1,63579,18,37,6,2,5,15,OIL,4,11,4,1
7939,50021,Rutland,VT,43.5857,-72.952,1,17489,6,30,8,1,6,21,SOLAR,"3,309",26,4,1
7940,50027,Windsor,VT,43.424817,-72.665336,1,1610,6,27,7,0,4,19,SOLAR,"26,238",22,4,1
7941,50019,Orleans,VT,44.908716,-72.221446,1,4434,6,35,14,1,11,22,BIOMASS,"51,856",24,2,1
7942,50019,Orleans,VT,44.910152,-72.21975,1,4762,6,34,14,1,11,22,SOLAR,"2,412",24,2,1
7943,50003,Bennington,VT,42.877215,-72.993721,1,157,2,23,13,0,5,15,WIND,"90,676",27,4,1
7944,50027,Windsor,VT,43.6411,-72.4061,1,2997,9,23,3,0,1,11,HYDRO,"1,985",29,2,1
7945,50023,Washington,VT,44.1257,-72.65681,1,5302,12,25,6,1,1,17,SOLAR,"1,735",17,4,1
7946,50005,Caledonia,VT,44.50819,-72.34633,1,2564,10,30,5,0,2,17,SOLAR,"3,023",27,7,1
7947,50015,Lamoille,VT,44.54628,-72.61194,1,4646,11,19,5,0,3,20,SOLAR,"2,775",21,2,1
7948,50021,Rutland,VT,43.60689,-73.18995,1,3583,5,32,9,0,4,18,SOLAR,"3,570",21,2,1
7949,50005,Caledonia,VT,44.326335,-72.035894,1,786,7,29,5,1,3,12,HYDRO,"6,013",23,4,1
7950,50017,Orange,VT,43.823611,-72.33111,1,1045,6,13,4,0,2,15,SOLAR,"6,860",25,3,1
7951,50007,Chittenden,VT,44.4821,-73.1164,1,31178,17,20,5,1,4,17,HYDRO,"50,843",16,5,1
7952,50011,Franklin,VT,44.6534,-72.9961,1,3133,4,13,2,0,7,13,HYDRO,"23,197",15,5,1
7953,50027,Windsor,VT,43.632074,-72.418566,1,2593,8,23,3,0,2,11,SOLAR,"7,245",31,3,1
7954,50001,Addison,VT,44.085795,-73.195385,1,1104,5,14,3,0,5,15,SOLAR,"8,192",23,3,1
7955,50007,Chittenden,VT,44.42691,-73.008489,1,3874,9,8,3,0,2,17,SOLAR,"2,774",19,4,1
7956,50017,Orange,VT,44.136051,-72.510509,1,5567,7,19,6,7,1,19,SOLAR,"6,781",15,4,1
7957,50007,Chittenden,VT,44.465485,-73.103241,1,24934,16,16,6,1,3,16,SOLAR,"6,767",17,5,1
7958,50007,Chittenden,VT,44.285937,-73.023366,1,1678,7,17,4,0,3,12,SOLAR,"7,798",20,4,1
7959,50001,Addison,VT,44.133411,-73.144064,1,2217,5,14,4,0,5,17,SOLAR,"9,061",21,5,1
7960,50007,Chittenden,VT,44.392141,-73.10233,1,3893,5,9,6,0,3,15,SOLAR,"8,337",19,3,1
7961,50009,Essex,VT,44.414773,-71.714483,1,1171,4,39,14,0,12,18,SOLAR,"3,124",17,3,1
7963,50007,Chittenden,VT,44.661667,-73.07,1,4756,6,10,4,0,3,14,WIND,"23,604",14,7,1
7964,50009,Essex,VT,44.4122,-71.7228,1,1022,5,39,13,0,11,18,HYDRO,"28,128",18,3,1
7965,50021,Rutland,VT,43.6367,-72.976,1,18546,6,30,8,1,6,20,HYDRO,"8,215",25,3,1
7966,50005,Caledonia,VT,44.43415,-71.97124,1,6190,8,37,5,1,3,18,SOLAR,"3,476",26,4,1
7967,50007,Chittenden,VT,44.489997,-73.169312,1,64296,18,37,6,2,5,15,HYDRO,"20,497",11,4,1
7968,50021,Rutland,VT,43.58,-72.95304,1,15789,6,31,8,1,6,21,SOLAR,463,26,4,1
7969,50005,Caledonia,VT,44.500222,-71.998921,1,4307,7,30,8,0,3,19,HYDRO,"3,352",21,3,1
7970,50025,Windham,VT,42.7936,-72.9144,1,885,5,25,8,0,3,16,HYDRO,"125,860",24,3,1
7971,50011,Franklin,VT,44.933611,-73.051111,1,2935,8,18,17,1,2,21,HYDRO,"49,781",16,3,1
7972,50007,Chittenden,VT,44.36115,-73.070764,1,4500,4,15,7,0,2,15,OTHF, (236),22,4,1
7973,50001,Addison,VT,44.0703,-73.1961,1,1450,8,18,4,0,5,15,HYDRO,"33,273",25,3,1
7974,50007,Chittenden,VT,44.4917,-73.208056,1,62578,16,36,6,3,5,15,BIOMASS,"184,798",11,4,1
7975,50019,Orleans,VT,44.748333,-72.425278,1,423,7,36,10,0,7,13,WIND,"155,248",15,4,1
7976,50015,Lamoille,VT,44.51701,-72.62542,1,2643,10,14,4,0,3,18,SOLAR,"2,816",24,2,1
7977,50007,Chittenden,VT,44.368889,-73.247083,1,5944,9,16,2,0,3,15,SOLAR,"2,986",29,4,1
7978,50001,Addison,VT,44.0249,-73.1768,1,7592,20,21,6,1,6,18,HYDRO,"3,454",20,3,1
7979,50021,Rutland,VT,43.476875,-72.982687,1,2219,5,31,7,0,10,15,SOLAR,"3,518",17,9,1
7980,50021,Rutland,VT,43.5786,-72.9573,1,15658,6,31,8,1,6,21,SOLAR,"3,383",26,4,1
7981,50021,Rutland,VT,43.626389,-72.975556,1,19848,6,29,7,1,6,20,SOLAR,"2,099",25,3,1
7982,50023,Washington,VT,44.3606,-72.3356,1,1196,8,42,10,0,3,12,HYDRO,"9,093",20,4,1
7983,50005,Caledonia,VT,44.2603,-72.0592,1,1014,3,21,9,0,5,15,HYDRO,"56,127",26,3,1
7984,50001,Addison,VT,44.0075,-73.176944,1,7601,20,21,6,1,6,18,BIOMASS,"2,369",20,3,1
7985,50023,Washington,VT,44.292391,-72.6824,1,1255,5,13,4,1,2,15,HYDRO,"14,116",20,4,1
7986,50007,Chittenden,VT,44.641433,-73.113364,1,8741,6,18,7,0,7,14,HYDRO,"48,279",14,7,1
7987,50023,Washington,VT,44.312222,-72.711389,1,2899,6,19,4,0,3,15,BIOMASS,"4,755",17,5,1
7988,50023,Washington,VT,44.285945,-72.710324,1,1290,6,13,3,0,2,15,HYDRO,"2,585",19,4,1
7989,50015,Lamoille,VT,44.561831,-72.602369,1,5184,10,22,6,0,3,20,HYDRO,"5,551",20,3,1
7990,50015,Lamoille,VT,44.46234,-72.770856,1,1301,7,34,6,0,7,13,SOLAR,"1,207",27,7,1
7991,50019,Orleans,VT,44.937579,-72.179968,1,6397,5,32,12,2,9,22,HYDRO,"19,818",24,4,1
7992,50001,Addison,VT,44.084824,-73.226647,1,1038,5,14,3,0,4,15,SOLAR,"3,866",24,3,1
7993,50001,Addison,VT,44.139444,-73.203889,1,3025,7,22,6,0,4,17,SOLAR,"2,523",19,4,1
7994,50027,Windsor,VT,43.5933,-72.3506,1,2340,7,22,3,1,4,15,HYDRO,"3,532",23,6,1
7995,50021,Rutland,VT,43.596913,-72.970431,1,19273,6,29,8,1,6,21,SOLAR,"2,478",26,4,1
7996,50007,Chittenden,VT,44.4814,-73.2239,1,59372,16,36,6,3,5,15,OIL,472,12,3,1
7997,50007,Chittenden,VT,44.6381,-73.1625,1,7976,6,20,8,0,7,13,HYDRO,"36,266",14,6,1
7998,50021,Rutland,VT,43.694,-72.955,1,2573,8,25,4,0,3,16,HYDRO,"10,408",23,5,1
7999,50021,Rutland,VT,43.662775,-73.034023,1,3055,3,26,4,0,2,18,HYDRO,"34,801",23,4,1
8000,50021,Rutland,VT,43.603,-72.9923,1,20179,6,29,8,1,5,21,OIL,112,25,3,1
8001,50005,Caledonia,VT,44.2131,-72.0572,1,940,4,22,9,0,5,16,BIOMASS,"160,760",28,3,1
8002,50003,Bennington,VT,42.753611,-73.226111,1,5207,14,25,4,0,4,15,SOLAR,"1,934",22,5,1
8003,50011,Franklin,VT,44.779729,-73.105823,1,11700,7,34,8,1,1,21,SOLAR,"6,960",18,6,1
8004,50001,Addison,VT,43.8954,-73.1007,1,1409,5,20,7,0,4,19,HYDRO,"4,485",28,3,1
8005,50003,Bennington,VT,42.87084,-72.92732,1,715,10,17,3,0,3,15,HYDRO,"21,607",28,6,1
8006,50003,Bennington,VT,42.8625,-72.9628,1,168,2,22,12,0,4,15,WIND,"9,643",25,4,1
8007,50005,Caledonia,VT,44.67598,-72.1013,1,314,7,29,9,0,5,15,WIND,"60,443",24,4,1
8008,50011,Franklin,VT,44.910556,-72.979444,1,2793,6,18,15,1,2,21,SOLAR,"2,160",15,4,1
8009,50011,Franklin,VT,44.9108,-72.9736,1,2376,6,20,13,1,2,21,HYDRO,"74,785",15,5,1
8010,50001,Addison,VT,43.898584,-73.053125,1,1119,5,20,7,0,4,19,HYDRO,"6,617",28,3,1
8011,50017,Orange,VT,43.9921,-72.1282,1,2933,5,24,4,0,4,16,HYDRO,"4,038",23,4,1
8012,50001,Addison,VT,43.986404,-73.174874,1,7282,20,21,6,1,6,18,SOLAR,0,20,3,1
8014,50011,Franklin,VT,44.787778,-73.088611,1,12817,7,33,7,1,1,20,SOLAR,"2,318",18,6,1
8015,50021,Rutland,VT,43.619444,-72.950277,1,19247,6,29,8,1,6,21,SOLAR,903,26,4,1
8016,50021,Rutland,VT,43.833,-73.192,1,762,6,16,4,0,2,16,SOLAR,"2,899",22,7,1
8017,50027,Windsor,VT,43.791117,-72.497617,1,1767,7,38,7,0,2,13,SOLAR,"2,631",21,5,1
8018,50025,Windham,VT,42.876111,-72.565833,1,11871,9,40,6,1,8,20,SOLAR,"2,825",25,5,1
8019,50013,Grand Isle,VT,44.96234,-73.274146,1,1276,7,29,5,1,4,18,SOLAR,"1,249",21,4,1
8020,50007,Chittenden,VT,44.3682,-73.0608,1,3956,3,10,5,0,2,16,SOLAR,"1,577",23,5,1
8021,50011,Franklin,VT,44.916666,-73.1,1,5616,7,26,14,0,4,19,OIL,908,17,5,1
8022,50001,Addison,VT,44.1664,-73.2575,1,3904,7,22,6,0,3,17,HYDRO,"12,373",19,4,1
8023,50025,Windham,VT,42.77165,-72.5146,1,5086,6,18,10,0,4,19,HYDRO,"190,609",24,3,1
8024,50015,Lamoille,VT,44.625282,-72.530859,1,823,4,22,9,0,2,18,HYDRO,915,20,2,1
8025,50023,Washington,VT,44.38126,-72.76769,1,2731,2,11,5,0,1,15,HYDRO,"15,886",22,6,1
8026,50019,Orleans,VT,44.887379,-72.055357,1,1179,3,35,5,0,7,14,HYDRO,"6,338",22,7,1
8027,50005,Caledonia,VT,44.4056,-72.1881,1,1316,6,23,5,0,1,15,HYDRO,"4,453",23,5,1
8028,50025,Windham,VT,43.0864,-72.4554,1,4359,13,22,9,0,2,11,SOLAR,"2,701",23,7,1
8029,50001,Addison,VT,44.0661,-73.2158,1,1306,8,17,3,0,5,16,HYDRO,"16,049",25,3,1
8030,50007,Chittenden,VT,44.485556,-73.136944,1,42806,18,28,6,2,5,16,SOLAR,"2,665",14,5,1
8031,50027,Windsor,VT,43.667927,-72.303642,1,21690,19,25,5,0,2,17,HYDRO,"192,387",17,4,1
8032,50017,Orange,VT,44.113056,-72.605833,1,1976,4,20,8,0,1,18,SOLAR,"1,852",22,5,1
8033,50023,Washington,VT,44.309693,-72.575305,1,3571,6,15,2,0,3,15,HYDRO,"2,320",23,5,1
8034,53001,Adams,WA,46.95528,-118.621244,1,610,26,39,9,0,6,17,SOLAR,"37,050",17,8,10
8035,53053,Pierce,WA,46.8016,-122.3102,1,372,30,23,5,1,3,15,HYDRO,"169,437",14,6,10
8036,53061,Snohomish,WA,48.15614,-122.1502,1,31502,30,21,8,3,4,18,SOLAR,697,13,7,10
8037,53039,Klickitat,WA,45.9192,-120.3039,1,21,30,38,9,3,3,19,WIND,"98,976",27,5,10
8038,53039,Klickitat,WA,45.8877,-120.2896,1,4,30,38,9,3,3,19,WIND,"435,223",27,5,10
8039,53075,Whitman,WA,46.7331,-117.1583,1,32763,29,50,2,5,9,7,OIL,0,7,4,10
8040,53033,King,WA,47.549652,-121.710517,1,642,3,5,3,0,2,17,HYDRO,"8,641",19,2,10
8041,53063,Spokane,WA,47.697222,-117.147222,1,20863,14,26,5,0,4,20,GAS,"63,905",18,6,10
8042,53051,Pend Oreille,WA,48.987111,-117.347847,1,4,8,44,2,0,6,13,HYDRO,"2,845,880",26,2,10
8043,53051,Pend Oreille,WA,48.780856,-117.418337,1,406,10,39,7,0,10,13,HYDRO,"383,506",33,2,10
8044,53033,King,WA,47.6008,-121.68861,1,40,4,13,3,0,5,17,HYDRO,"9,398",16,2,10
8045,53037,Kittitas,WA,46.95931,-120.50905,1,6352,16,30,4,0,5,18,SOLAR,"10,303",22,8,10
8046,53033,King,WA,47.4193,-121.781858,1,2377,9,13,3,0,2,0,HYDRO,"25,204",10,5,10
8047,53033,King,WA,47.455833,-122.042778,1,11790,18,8,5,2,4,17,BIOMASS,454,19,4,10
8048,53041,Lewis,WA,46.755938,-122.859764,1,802,17,32,19,5,9,19,COAL,"4,143,372",20,5,10
8049,53005,Benton,WA,46.26678,-119.589821,1,1051,34,21,14,1,4,17,HYDRO,"46,451",17,2,10
8050,53041,Lewis,WA,46.6225,-122.9131,1,7996,20,25,7,1,6,17,GAS,"2,239,007",21,6,10
8051,53007,Chelan,WA,47.8347,-120.0133,1,4287,34,30,17,7,3,17,HYDRO,"305,770",23,3,10
8052,53017,Douglas,WA,47.9951,-119.6404,1,3038,88,56,50,25,5,16,HYDRO,"9,390,736",8,11,10
8053,53027,Grays Harbor,WA,46.793581,-124.065412,1,938,13,39,10,0,18,20,WIND,"11,644",35,5,10
8055,53027,Grays Harbor,WA,46.954071,-123.761086,1,9216,27,30,12,5,5,23,BIOMASS,0,19,5,10
8056,53077,Yakima,WA,46.692628,-120.737194,1,4766,55,40,26,20,2,16,HYDRO,"2,977",8,4,10
8057,53041,Lewis,WA,46.4661,-122.1097,1,112,6,22,12,0,13,24,HYDRO,"190,377",23,2,10
8058,53053,Pierce,WA,46.953468,-121.475198,1,33,17,19,12,0,10,22,OIL,10,35,5,10
8059,53045,Mason,WA,47.4181,-123.2252,1,1571,8,29,6,0,10,16,HYDRO,"115,499",44,1,10
8060,53045,Mason,WA,47.3698,-123.1603,1,1543,38,35,10,0,12,12,HYDRO,"168,453",35,2,10
8061,53061,Snohomish,WA,48.269737,-121.599979,1,1620,13,29,14,1,10,21,BIOMASS,"15,975",30,3,10
8062,53073,Whatcom,WA,48.713853,-121.131736,1,18,26,80,10,0,3,18,HYDRO,"548,860",12,0,10
8065,53053,Pierce,WA,46.990967,-122.174921,1,875,26,15,13,1,5,22,HYDRO,0,15,2,10
8066,53021,Franklin,WA,46.378381,-119.254522,1,1003,50,44,18,10,2,17,HYDRO,"8,690",11,13,10
8067,53073,Whatcom,WA,48.746,-122.486,1,77893,24,36,6,2,5,14,GAS,"903,027",15,3,10
8068,53071,Walla Walla,WA,46.06,-118.917,1,179,32,34,7,0,9,17,WIND,"331,368",11,10,10
8069,53073,Whatcom,WA,48.828996,-122.685114,1,3257,21,17,5,0,5,22,GAS,"1,529,327",21,5,10
8070,53053,Pierce,WA,47.079722,-122.365,1,77901,45,18,10,2,5,19,GAS,"159,587",9,7,10
8071,53053,Pierce,WA,47.086111,-122.365674,1,79965,45,19,10,3,5,19,GAS,"1,824,053",9,7,10
8072,53057,Skagit,WA,48.4558,-122.4358,1,4483,19,13,10,4,1,17,GAS,"967,081",27,5,10
8073,53073,Whatcom,WA,48.88804,-121.9462,1,442,19,67,12,1,6,18,OTHF, (54),11,1,10
8074,53039,Klickitat,WA,45.8114,-120.833,1,4097,10,39,9,0,16,19,GAS,"2,172,002",22,4,10
8075,53039,Klickitat,WA,45.781825,-120.521151,1,24,23,32,12,1,3,19,WIND,"223,909",32,4,10
8076,53073,Whatcom,WA,48.698056,-121.208611,1,19,26,80,10,0,3,18,HYDRO,"725,514",12,0,10
8077,53025,Grant,WA,47.957511,-118.977323,1,2636,36,34,10,1,9,13,HYDRO,"15,582,026",26,4,10
8078,53027,Grays Harbor,WA,46.9692,-123.48,1,1452,33,46,14,2,5,20,GAS,"3,618,169",18,11,10
8079,53075,Whitman,WA,46.7289,-117.1514,1,32746,29,50,2,5,9,7,GAS,138,7,4,10
8080,53061,Snohomish,WA,47.9084,-121.8144,1,5820,24,15,9,3,5,17,HYDRO,"297,983",13,7,10
8081,53057,Skagit,WA,48.4708,-122.56,1,4131,14,19,3,1,5,17,GAS,"951,920",28,4,10
8082,53033,King,WA,47.5722,-121.6897,1,289,2,2,4,0,1,17,HYDRO,"16,578",20,2,10
8084,53013,Columbia,WA,46.4211,-117.8331,1,24,15,27,5,0,6,19,WIND,"326,031",36,0,10
8085,53005,Benton,WA,46.3529,-119.3222,1,4014,32,11,1,0,2,16,SOLAR,"6,590",14,11,10
8086,53071,Walla Walla,WA,46.249801,-118.879838,1,477,34,28,11,0,8,17,HYDRO,"1,350,087",16,2,10
8087,53039,Klickitat,WA,45.9215,-120.2355,1,14,30,38,9,3,3,19,WIND,"235,626",27,5,10
8088,53065,Stevens,WA,48.620336,-118.111059,1,2970,15,29,10,0,3,17,BIOMASS,"335,096",19,5,10
8089,53073,Whatcom,WA,48.680178,-121.723294,1,1,26,80,10,0,3,18,HYDRO,"26,302",12,0,10
8090,53053,Pierce,WA,46.975556,-122.290556,1,5485,16,14,8,0,6,21,BIOMASS,"33,605",15,7,10
8091,53053,Pierce,WA,46.8328,-122.3196,1,947,21,20,10,1,6,15,HYDRO,"277,146",9,7,10
8092,53045,Mason,WA,47.4706,-123.1153,1,318,9,29,15,0,0,20,HYDRO,"6,033",74,1,10
8093,53039,Klickitat,WA,45.744171,-120.783568,1,47,14,25,12,0,3,19,WIND,"116,694",39,3,10
8094,53043,Lincoln,WA,47.821667,-117.916667,1,303,23,25,8,0,2,19,HYDRO,"175,811",16,8,10
8095,53013,Columbia,WA,46.5838,-118.0273,1,2,25,35,12,1,0,16,HYDRO,"1,559,249",23,5,10
8096,53043,Lincoln,WA,47.834444,-117.836111,1,834,8,53,15,10,0,19,HYDRO,"412,958",8,2,10
8097,53015,Cowlitz,WA,46.103887,-122.918429,1,26421,22,44,14,2,5,23,BIOMASS,"170,853",19,5,10
8098,53057,Skagit,WA,48.5478,-121.7407,1,2062,23,34,19,1,9,22,HYDRO,"262,831",21,4,10
8099,53075,Whitman,WA,46.659503,-117.429385,1,20,10,16,4,0,3,16,HYDRO,"1,541,775",23,7,10
8100,53071,Walla Walla,WA,46.5635,-118.5397,1,25,34,21,12,1,7,16,HYDRO,"1,553,008",14,2,10
8101,53023,Garfield,WA,46.524167,-117.821666,1,1,9,13,4,0,6,15,WIND,"701,938",25,4,10
8102,53039,Klickitat,WA,45.888,-120.355,1,24,30,38,9,3,3,19,SOLAR,"288,161",27,5,10
8103,53061,Snohomish,WA,47.936194,-122.246917,1,88183,44,27,12,8,6,19,OTHF,0,14,6,10
8104,53025,Grant,WA,47.6164,-119.2992,1,744,16,41,15,0,5,17,HYDRO,"103,605",40,5,10
8105,53013,Columbia,WA,46.3747,-117.7772,1,12,4,27,0,0,0,19,WIND,"560,568",45,5,10
8106,53041,Lewis,WA,46.5035,-122.5885,1,1263,10,25,10,1,4,19,HYDRO,"545,006",23,3,10
8107,53009,Clallam,WA,48.134722,-123.465556,1,18089,18,34,8,0,6,17,BIOMASS,"36,185",22,4,10
8108,53005,Benton,WA,45.940034,-119.299078,1,4683,39,29,18,3,3,18,HYDRO,"73,790",17,2,10
8109,53015,Cowlitz,WA,45.9567,-122.554444,1,1271,8,29,5,0,5,19,HYDRO,"471,579",16,13,10
8110,53065,Stevens,WA,48.5953,-118.0603,1,3210,14,27,11,0,3,17,HYDRO,"9,774",20,5,10
8111,53015,Cowlitz,WA,46.138824,-122.985506,1,39883,22,34,12,1,5,21,GAS,"1,989,583",19,7,10
8112,53063,Spokane,WA,47.653611,-117.420556,1,104497,21,37,6,2,7,22,HYDRO,"89,124",15,5,10
8113,53041,Lewis,WA,46.5347,-122.4247,1,1512,28,30,18,3,3,18,HYDRO,"713,363",27,2,10
8115,53005,Benton,WA,46.0958,-119.0964,1,4,10,1,4,0,0,16,WIND,"194,731",12,3,10
8116,53063,Spokane,WA,47.769722,-117.537222,1,7853,10,11,4,0,2,16,HYDRO,"118,300",25,4,10
8117,53015,Cowlitz,WA,46.1236,-122.9728,1,35584,21,37,12,1,5,22,BIOMASS,"288,995",20,6,10
8118,53073,Whatcom,WA,48.907778,-121.814167,1,7,26,80,10,0,3,18,HYDRO,"14,967",12,0,10
8119,53063,Spokane,WA,47.73511,-117.370538,1,60011,21,38,8,3,7,23,GAS,112,17,5,10
8120,53077,Yakima,WA,46.596413,-120.677489,1,10075,24,18,6,0,4,17,HYDRO,"2,217",23,5,10
8121,53025,Grant,WA,47.159553,-119.896306,1,509,47,23,20,2,0,15,HYDRO,"16,317",28,3,10
8123,53075,Whitman,WA,47.155833,-117.364444,1,88,14,31,6,0,5,17,WIND,"294,887",21,4,10
8124,53037,Kittitas,WA,46.95931,-120.50905,1,6352,16,30,4,0,5,18,SOLAR,"10,364",22,8,10
8125,53031,Jefferson,WA,48.0931,-122.7958,1,13531,11,31,2,1,11,16,BIOMASS,"35,283",40,2,10
8126,53021,Franklin,WA,46.378469,-119.254443,1,1003,50,44,18,10,2,17,HYDRO,"6,394",11,13,10
8127,53025,Grant,WA,46.6451,-119.908,1,2157,75,26,29,33,0,11,HYDRO,"3,842,344",16,10,10
8128,53025,Grant,WA,46.982514,-119.257764,1,223,7,23,10,0,8,16,HYDRO,"29,284",26,5,10
8129,53001,Adams,WA,46.941015,-118.567136,1,76,26,39,9,0,6,17,WIND,"345,599",17,8,10
8130,53011,Clark,WA,45.6497,-122.7256,1,23436,25,31,7,3,5,18,GAS,"1,828,599",19,5,10
8131,53007,Chelan,WA,47.346111,-120.0917,1,225,54,34,38,7,7,17,HYDRO,"2,032,730",16,7,10
8132,53031,Jefferson,WA,47.7197,-122.9431,1,496,24,54,4,0,12,17,HYDRO,219,34,3,10
8133,53007,Chelan,WA,47.533611,-120.295278,1,470,24,22,8,1,5,15,HYDRO,"5,001,487",31,4,10
8134,53073,Whatcom,WA,48.732577,-121.06788,1,1,26,80,10,0,3,18,HYDRO,"411,551",12,0,10
8135,53077,Yakima,WA,46.618413,-120.477759,1,45815,67,55,32,12,10,18,HYDRO,"54,456",11,8,10
8136,53001,Adams,WA,46.7392,-119.1122,1,660,71,53,35,24,5,16,HYDRO,"15,357",10,6,10
8137,53037,Kittitas,WA,47.1356,-120.6872,1,259,3,70,13,13,10,13,WIND,"254,973",25,5,10
8138,53065,Stevens,WA,48.947741,-117.795376,1,403,10,32,8,0,4,17,HYDRO,"5,558",30,2,10
8139,53027,Grays Harbor,WA,46.9728,-123.7739,1,18155,30,39,15,5,6,24,BIOMASS,"105,157",17,6,10
8140,53057,Skagit,WA,48.4481,-122.4331,1,4739,21,14,11,4,1,17,BIOMASS,"160,058",27,5,10
8141,53067,Thurston,WA,46.7844,-122.7197,1,140,7,28,8,1,4,19,HYDRO,"3,244",19,5,10
8142,53067,Thurston,WA,46.85074,-122.664447,1,3015,10,27,5,0,4,19,WIND,"414,972",19,3,10
8143,53033,King,WA,47.54011,-121.83702,1,17218,22,3,2,1,2,15,HYDRO,"61,874",10,6,10
8144,53033,King,WA,47.5445,-121.8414,1,17988,22,3,2,1,3,15,HYDRO,"104,364",11,6,10
8145,53033,King,WA,47.699167,-121.783333,1,18,2,2,5,0,1,18,HYDRO,"30,125",16,4,10
8146,53063,Spokane,WA,47.626327,-117.50424,1,10355,17,26,6,1,3,19,BIOMASS,"124,693",16,6,10
8147,53073,Whatcom,WA,48.9905,-122.2733,1,2829,17,24,10,5,4,18,GAS,"834,873",10,10,10
8148,53025,Grant,WA,47.5025,-119.2917,1,11,4,27,5,0,4,17,HYDRO,"390,209",24,3,10
8149,53037,Kittitas,WA,47.139167,-120.753056,1,495,11,21,7,1,4,17,WIND,"5,965",26,5,10
8150,53059,Skamania,WA,46.060833,-122.201667,1,2,0,26,0,0,0,0,HYDRO,"580,317",26,0,10
8152,53077,Yakima,WA,46.658,-121.1287,1,24,11,24,6,1,12,18,HYDRO,"37,317",20,3,10
8153,53013,Columbia,WA,46.421111,-118.026944,1,35,15,27,5,0,6,19,WIND,"678,459",36,0,10
8154,53039,Klickitat,WA,45.8797,-120.8072,1,866,15,26,9,0,12,19,WIND,"329,753",18,6,10
8155,53033,King,WA,47.444554,-121.687812,1,2097,16,8,3,0,2,7,HYDRO,"49,979",16,2,10
8156,53071,Walla Walla,WA,46.088333,-118.254722,1,7962,27,30,5,1,3,16,HYDRO,"8,139",15,4,10
8157,53033,King,WA,47.6539,-122.3036,1,252322,34,18,2,3,5,13,GAS,"1,303",10,3,10
8158,53073,Whatcom,WA,48.649,-121.6907,1,1,26,80,10,0,3,18,HYDRO,"270,840",12,0,10
8159,53063,Spokane,WA,47.654444,-117.418889,1,107772,21,37,6,2,7,22,HYDRO,"59,914",15,5,10
8160,53063,Spokane,WA,47.6822,-117.3319,1,65118,21,35,8,2,6,21,HYDRO,"36,770",15,6,10
8161,53037,Kittitas,WA,47.10754,-120.68974,1,640,13,29,7,5,4,15,SOLAR,"11,384",19,5,10
8162,53037,Kittitas,WA,46.9547,-120.1819,1,11,42,21,14,0,3,18,WIND,"231,601",29,5,10
8163,53025,Grant,WA,46.8731,-119.9703,1,84,76,31,39,24,0,11,HYDRO,"4,085,856",5,7,10
8165,53017,Douglas,WA,47.9469,-119.8653,1,79,48,30,21,21,7,17,HYDRO,"3,498,318",15,0,10
8166,53033,King,WA,47.661111,-122.446389,1,34971,26,9,1,2,4,15,BIOMASS,"7,214",16,5,10
8167,53053,Pierce,WA,47.266069,-122.428288,1,77164,37,25,7,2,6,19,BIOMASS,"179,307",13,5,10
8169,53073,Whatcom,WA,48.885636,-122.75164,1,4076,29,30,9,5,8,14,GAS,"448,958",12,11,10
8170,53037,Kittitas,WA,47.036269,-120.206494,1,6,14,11,7,5,3,13,WIND,"525,947",17,6,10
8171,53039,Klickitat,WA,45.7269,-120.8339,1,141,9,28,8,0,8,18,WIND,"567,847",34,3,10
8173,53015,Cowlitz,WA,45.96277,-122.335467,1,737,9,18,7,0,3,20,HYDRO,"516,895",17,8,10
8174,53067,Thurston,WA,46.974912,-122.635795,1,11074,25,21,9,0,4,21,HYDRO,"26,220",10,6,10
8175,53061,Snohomish,WA,47.7916,-121.8,1,125,12,13,4,0,3,20,HYDRO,"14,862",17,3,10
8176,55079,Milwaukee,WI,42.94489,-87.8599,1,54568,22,28,6,1,3,20,SOLAR,"3,590",19,6,5
8177,55001,Adams,WI,43.95055,-89.41464,1,424,4,33,9,1,4,19,SOLAR,0,21,7,5
8178,55105,Rock,WI,42.665848,-89.371836,1,2474,4,35,9,0,5,19,SOLAR,337,19,4,5
8179,55069,Lincoln,WI,45.1875,-89.7553,1,6465,6,32,10,2,5,15,HYDRO,"18,996",19,6,5
8180,55105,Rock,WI,42.7083,-89.0208,1,49990,13,26,6,1,4,16,BIOMASS,"9,033",18,6,5
8181,55109,St Croix,WI,45.157552,-92.716214,1,3695,7,18,2,0,4,17,HYDRO,"11,202",16,5,5
8182,55087,Outagamie,WI,44.25393,-88.40956,1,90210,20,26,7,2,4,19,HYDRO,"5,539",16,6,5
8183,55121,Trempealeau,WI,44.2524,-91.5034,1,4257,43,37,18,7,3,18,OIL,164,12,13,5
8184,55121,Trempealeau,WI,44.243436,-91.458244,1,4352,42,37,17,7,3,18,SOLAR,"7,963",13,12,5
8185,55065,Lafayette,WI,42.7019,-89.8697,1,1258,3,32,6,0,3,16,OIL,10,21,3,5
8186,55113,Sawyer,WI,45.7517,-91.2028,1,475,24,42,7,0,4,18,HYDRO,"6,275",26,7,5
8187,55049,Iowa,WI,42.94556,-90.34942,1,670,10,26,6,0,2,18,SOLAR,"174,544",18,7,5
8188,55049,Iowa,WI,42.94556,-90.34942,1,670,10,26,6,0,2,18,SOLAR,"1,261",18,7,5
8189,55005,Barron,WI,45.40193,-91.840382,1,4458,24,38,19,11,4,23,HYDRO,349,24,6,5
8190,55005,Barron,WI,45.396196,-91.827567,1,4714,23,38,18,10,4,22,SOLAR,"5,818",24,6,5
8191,55003,Ashland,WI,46.587222,-90.9017,1,8041,18,41,4,0,4,21,BIOMASS,"154,889",19,5,5
8192,55103,Richland,WI,43.198512,-90.232824,1,1634,10,26,7,0,2,19,SOLAR,"93,639",21,6,5
8193,55027,Dodge,WI,43.493942,-88.783886,1,5781,8,20,8,0,3,7,SOLAR,219,20,5,5
8194,55105,Rock,WI,42.5486,-89.0083,1,25766,36,36,11,3,5,13,GAS,118,18,5,5
8195,55047,Green Lake,WI,43.9603,-88.9158,1,6870,14,29,8,0,3,20,BIOMASS,"11,065",17,5,5
8196,55107,Rusk,WI,45.491667,-91.0469,1,2167,5,37,7,0,4,5,HYDRO,"32,753",23,4,5
8197,55141,Wood,WI,44.4306,-89.7808,1,5373,11,32,5,1,3,23,HYDRO,"24,284",20,8,5
8198,55141,Wood,WI,44.43,-89.78,1,5494,11,32,5,1,3,23,GAS,"185,546",20,8,5
8199,55025,Dane,WI,43.0789,-89.3744,1,109824,22,43,5,3,3,6,GAS,"9,561",9,2,5
8200,55053,Jackson,WI,44.285255,-90.9158,1,2120,6,28,5,0,1,20,SOLAR,"4,896",27,4,5
8202,55123,Vernon,WI,43.471699,-91.140559,1,583,2,19,5,0,2,18,SOLAR,17,20,4,5
8203,55103,Richland,WI,43.310598,-90.532736,1,515,7,31,9,0,4,14,OTHF, (58),25,4,5
8204,55115,Shawano,WI,44.731025,-88.37428,1,759,4,24,8,0,2,17,SOLAR,0,17,7,5
8205,55037,Florence,WI,45.9472,-88.2189,1,688,6,41,10,0,9,17,HYDRO,"16,047",32,4,5
8206,55027,Dodge,WI,43.400278,-88.481111,1,1885,5,17,6,1,4,15,WIND,"134,105",17,5,5
8207,55101,Racine,WI,42.717439,-87.898711,1,24653,29,23,8,2,6,20,SOLAR,"2,205",20,6,5
8208,55075,Marinette,WI,45.3569,-88.2306,1,445,4,27,16,0,1,17,HYDRO,"12,480",52,5,5
8209,55025,Dane,WI,43.078512,-89.377261,1,109205,22,43,5,3,3,6,OIL,0,9,2,5
8210,55081,Monroe,WI,43.742874,-90.780325,1,2121,22,32,16,2,2,16,OIL,15,18,9,5
8211,55081,Monroe,WI,43.733889,-90.805,1,2004,23,31,14,2,2,16,WIND,"10,038",19,8,5
8212,55081,Monroe,WI,43.737,-90.805,1,2009,23,31,14,2,2,16,SOLAR,"2,981",19,8,5
8213,55043,Grant,WI,42.753761,-90.927443,1,358,3,28,6,0,1,16,SOLAR,925,32,7,5
8214,55001,Adams,WI,43.8656,-89.9514,1,642,7,46,11,1,11,19,HYDRO,"75,636",31,4,5
8215,55033,Dunn,WI,44.9367,-91.8883,1,5173,3,24,3,0,5,19,HYDRO,"33,093",21,6,5
8217,55017,Chippewa,WI,44.9308,-91.3889,1,20317,7,34,8,0,4,19,HYDRO,"58,904",19,6,5
8218,55079,Milwaukee,WI,42.933992,-87.888559,1,73332,25,28,8,2,3,20,SOLAR,"3,659",18,6,5
8220,55013,Burnett,WI,45.9467,-92.5383,1,72,8,30,11,0,7,23,HYDRO,"4,761",36,2,5
8221,55021,Columbia,WI,43.4864,-89.4203,1,2031,7,14,6,0,2,14,COAL,"4,211,540",18,4,5
8222,55087,Outagamie,WI,44.273511,-88.300548,1,48995,10,19,5,1,3,16,HYDRO,"39,041",15,5,5
8223,55055,Jefferson,WI,43.1669,-88.69,1,17517,13,30,9,2,4,18,GAS,"119,825",19,6,5
8224,55107,Rusk,WI,45.36614,-91.0482,1,623,5,39,14,1,5,16,SOLAR,"1,351",19,8,5
8225,55009,Brown,WI,44.4936,-88.0303,1,84299,30,38,12,4,4,17,GAS,"216,652",15,7,5
8226,55017,Chippewa,WI,45.164024,-91.157427,1,1807,3,33,9,0,2,18,HYDRO,"72,934",20,4,5
8227,55055,Jefferson,WI,43.0,-88.8764,1,2138,14,20,6,1,2,20,SOLAR,298,19,6,5
8228,55005,Barron,WI,45.5336,-92.0224,1,3391,15,46,10,3,5,19,GAS,143,24,9,5
8229,55005,Barron,WI,45.511,-92.025,1,3365,14,46,10,3,5,19,SOLAR,"3,690",24,9,5
8230,55071,Manitowoc,WI,44.085437,-87.726102,1,20257,16,35,8,1,2,18,GAS,"2,372",23,7,5
8231,55009,Brown,WI,44.540115,-87.805587,1,2181,5,13,3,0,2,18,BIOMASS,0,19,11,5
8232,55013,Burnett,WI,46.0,-92.3725,1,726,8,28,7,0,6,21,HYDRO,"2,701",41,1,5
8233,55025,Dane,WI,43.160591,-89.329495,1,24211,35,27,6,3,2,18,SOLAR,"18,126",15,6,5
8234,55025,Dane,WI,43.0466,-89.239311,1,10643,15,13,2,0,2,12,SOLAR,"14,710",13,6,5
8235,55055,Jefferson,WI,43.089999,-88.739677,1,4368,12,15,7,1,3,17,BIOMASS,"35,128",13,8,5
8236,55035,Eau Claire,WI,44.828056,-91.511111,1,51802,14,32,4,1,3,13,HYDRO,"43,132",14,5,5
8237,55009,Brown,WI,44.44861,-88.07204,1,45075,14,22,4,1,2,18,GAS,"144,446",18,4,5
8238,55025,Dane,WI,43.0802,-89.3747,1,108341,22,43,4,3,3,6,OIL,537,9,2,5
8239,55073,Marathon,WI,44.8867,-89.6272,1,22645,14,23,6,1,5,19,HYDRO,"3,135",19,6,5
8240,55033,Dunn,WI,44.81423,-91.8841,1,1459,14,23,8,3,6,9,SOLAR,"1,597",18,4,5
8241,55097,Portage,WI,44.6647,-89.6511,1,1160,5,14,4,0,3,12,HYDRO,"33,197",21,5,5
8243,55117,Sheboygan,WI,43.715142,-87.705863,1,29407,27,30,9,2,3,18,COAL,"1,938,022",17,6,5
8244,55017,Chippewa,WI,44.902814,-91.568096,1,1437,5,18,4,0,3,19,GAS,"34,334",15,6,5
8245,55079,Milwaukee,WI,42.8492,-87.8336,1,9620,18,12,8,1,3,19,COAL,"6,664,916",14,4,5
8246,55057,Juneau,WI,43.7395,-90.2675,1,2036,6,34,9,1,2,21,OIL,1,19,7,5
8247,55057,Juneau,WI,43.732,-90.025,1,485,9,20,8,2,5,20,SOLAR,"1,907",19,4,5
8248,55025,Dane,WI,42.996838,-89.568745,1,19173,11,7,1,1,2,18,SOLAR,"2,356",12,5,5
8249,55043,Grant,WI,42.9828,-90.6558,1,3434,3,33,5,2,2,20,OIL,28,15,7,5
8250,55043,Grant,WI,42.971,-90.662,1,3318,3,32,5,2,2,20,SOLAR,"3,978",15,7,5
8251,55073,Marathon,WI,44.8875,-89.3859,1,1383,8,13,5,0,2,16,BIOMASS,0,18,5,5
8252,55025,Dane,WI,43.0147,-89.4603,1,67318,34,21,5,3,2,16,GAS,17,15,7,5
8253,55099,Price,WI,45.8683,-90.5844,1,94,2,13,4,0,3,13,HYDRO,"3,465",32,2,5
8254,55107,Rusk,WI,45.491826,-91.047211,1,2167,5,37,7,0,4,5,HYDRO,"61,359",23,4,5
8255,55099,Price,WI,45.913526,-90.44746,1,3148,8,40,8,0,3,22,HYDRO,"2,794",27,6,5
8256,55099,Price,WI,45.7368,-90.471,1,588,12,26,6,0,2,13,SOLAR,"4,457",32,4,5
8258,55027,Dodge,WI,43.6161,-88.4969,1,2506,7,22,8,0,3,18,WIND,"132,966",17,5,5
8259,55087,Outagamie,WI,44.3204,-88.208889,1,5853,9,11,4,0,1,16,GAS,"4,346,913",13,7,5
8260,55095,Polk,WI,45.654835,-92.465063,1,1731,8,28,6,1,3,21,OIL,0,25,4,5
8261,55063,La Crosse,WI,43.8292,-91.2597,1,46545,12,42,4,1,4,11,BIOMASS,"62,171",14,4,5
8262,55025,Dane,WI,43.101605,-89.331855,1,78963,25,26,4,1,3,14,WIND,"20,290",13,5,5
8263,55095,Polk,WI,45.476919,-92.368025,1,917,9,26,5,0,7,18,SOLAR,13,24,5,5
8264,55141,Wood,WI,44.3142,-89.8964,1,5392,10,32,13,1,5,16,BIOMASS,"167,421",22,4,5
8265,55131,Washington,WI,43.1952,-88.1496,1,30734,14,14,4,1,3,15,GAS,"13,219",21,5,5
8266,55021,Columbia,WI,43.563889,-89.148056,1,1224,15,28,17,2,3,15,WIND,"345,532",17,8,5
8267,55031,Douglas,WI,46.23669,-91.785532,1,284,8,21,5,0,4,14,OIL,0,37,3,5
8268,55069,Lincoln,WI,45.3019,-89.7917,1,334,13,20,4,0,2,16,HYDRO,"76,429",29,3,5
8269,55013,Burnett,WI,45.779189,-92.678047,1,2381,12,36,12,0,7,20,OIL,0,21,5,5
8270,55105,Rock,WI,42.578831,-89.033021,1,8883,22,25,8,0,3,12,SOLAR,"2,822",21,6,5
8271,55133,Waukesha,WI,43.183349,-88.097229,1,39123,19,14,4,1,2,14,SOLAR,"2,755",19,6,5
8272,55085,Oneida,WI,45.5711,-89.4806,1,1092,7,13,2,1,5,19,HYDRO,"5,936",26,5,5
8273,55025,Dane,WI,43.0596,-89.2609,1,29737,20,17,3,1,3,16,SOLAR,"15,413",16,6,5
8274,55075,Marinette,WI,45.2794,-88.1997,1,588,3,26,15,0,3,17,HYDRO,"16,004",50,4,5
8275,55085,Oneida,WI,45.61246,-89.44366,1,8422,11,41,5,0,2,14,SOLAR,"13,188",19,6,5
8276,55017,Chippewa,WI,45.223611,-91.127222,1,979,1,25,6,0,2,17,HYDRO,"93,550",36,2,5
8277,55079,Milwaukee,WI,42.902949,-87.935448,1,53065,26,22,6,3,3,19,SOLAR,"1,417",16,5,5
8278,55087,Outagamie,WI,44.2761,-88.2658,1,33043,8,19,6,0,3,19,GAS,"8,000",15,5,5
8279,55011,Buffalo,WI,44.303583,-91.912647,1,878,9,19,10,0,1,14,COAL,"1,249,276",30,1,5
8280,55055,Jefferson,WI,43.0146,-88.7992,1,8938,18,22,8,1,5,21,SOLAR,942,19,3,5
8281,55017,Chippewa,WI,45.051,-91.274,1,1381,2,13,5,1,0,18,HYDRO,"120,527",21,4,5
8282,55075,Marinette,WI,45.2875,-88.1603,1,663,2,29,13,0,7,17,HYDRO,"10,286",49,3,5
8283,55055,Jefferson,WI,42.919279,-88.847859,1,14799,12,23,8,0,3,19,SOLAR,"3,243",18,4,5
8284,55087,Outagamie,WI,44.274582,-88.319074,1,54992,11,20,6,1,4,16,HYDRO,"28,324",15,5,5
8285,55087,Outagamie,WI,44.276199,-88.265445,1,32679,8,19,6,0,3,19,GAS,741,15,5,5
8286,55087,Outagamie,WI,44.2826,-88.2534,1,26143,8,20,6,0,3,20,BIOMASS,"113,768",15,5,5
8287,55021,Columbia,WI,43.625845,-89.780764,1,6532,19,28,4,2,5,16,HYDRO,"54,004",19,4,5
8288,55087,Outagamie,WI,44.2769,-88.3344,1,61117,13,21,6,1,4,16,HYDRO,"12,273",15,5,5
8289,55117,Sheboygan,WI,43.747,-87.765727,1,50132,26,28,8,2,3,19,SOLAR,"3,003",16,6,5
8290,55113,Sawyer,WI,45.888333,-91.076944,1,115,19,38,7,0,5,18,HYDRO,"7,626",34,5,5
8291,55123,Vernon,WI,43.5722,-90.6391,1,1022,3,46,12,0,5,18,OIL,14,27,5,5
8292,55107,Rusk,WI,45.464444,-91.083611,1,4388,7,35,7,0,7,2,HYDRO,"10,306",22,5,5
8293,55017,Chippewa,WI,44.88782,-91.3524,1,8505,4,36,7,1,4,16,SOLAR,"1,592",23,6,5
8294,55133,Waukesha,WI,43.106984,-88.227338,1,26827,10,13,3,1,3,16,SOLAR,"3,375",19,5,5
8295,55057,Juneau,WI,43.738226,-90.013025,1,534,10,19,8,2,5,20,SOLAR,30,19,4,5
8296,55123,Vernon,WI,43.49412,-90.9071,1,842,4,31,11,1,4,15,SOLAR,"2,085",19,4,5
8297,55087,Outagamie,WI,44.279897,-88.25558,1,27256,8,20,6,0,3,19,HYDRO,"20,428",15,5,5
8298,55075,Marinette,WI,45.7736,-87.9894,1,3651,4,31,4,0,5,20,HYDRO,"58,922",16,5,5
8299,55079,Milwaukee,WI,43.0214,-87.9014,1,171703,61,50,19,8,5,13,GAS,"75,847",10,6,5
8300,55079,Milwaukee,WI,42.8869,-87.8422,1,29215,20,22,7,1,3,19,BIOMASS,"30,181",16,6,5
8301,55071,Manitowoc,WI,44.082,-87.6558,1,29517,16,37,9,1,3,18,OIL,"194,384",21,6,5
8302,55141,Wood,WI,44.634722,-90.134444,1,11850,8,34,5,0,3,18,GAS,"8,875",22,5,5
8303,55087,Outagamie,WI,44.2717,-88.3011,1,49885,10,19,5,1,3,16,GAS,"376,300",15,5,5
8304,55119,Taylor,WI,45.16305,-90.3729,1,5832,6,29,9,0,3,7,SOLAR,"2,734",20,4,5
8305,55033,Dunn,WI,44.884167,-91.929444,1,18968,12,39,7,2,3,13,HYDRO,"24,244",14,4,5
8306,55069,Lincoln,WI,45.1786,-89.685,1,11732,6,34,8,1,4,18,HYDRO,"8,206",22,5,5
8307,55079,Milwaukee,WI,42.850556,-88.069722,1,5112,5,7,4,0,1,16,BIOMASS,"43,901",15,7,5
8308,55025,Dane,WI,43.11626,-89.53245,1,28353,21,12,4,1,2,16,SOLAR,"7,691",19,5,5
8309,55025,Dane,WI,43.1233,-89.5466,1,16114,19,9,4,1,3,16,SOLAR,"3,295",17,6,5
8310,55049,Iowa,WI,42.9625,-90.386667,1,1229,8,26,5,0,1,18,WIND,"45,632",21,7,5
8311,55073,Marathon,WI,44.7881,-89.6917,1,6954,6,17,6,0,1,16,BIOMASS,"119,010",17,4,5
8312,55043,Grant,WI,42.97498,-90.8318,1,528,3,36,14,0,18,16,SOLAR,"2,092",15,6,5
8313,55139,Winnebago,WI,44.1936,-88.5064,1,34722,11,28,5,0,3,18,GAS,"610,066",14,5,5
8314,55017,Chippewa,WI,45.21,-91.4353,1,495,4,27,7,0,6,17,SOLAR,"4,359",22,3,5
8315,55087,Outagamie,WI,44.2772,-88.2678,1,34087,8,19,6,1,3,19,HYDRO,"42,237",15,5,5
8316,55057,Juneau,WI,43.8797,-90.1645,1,2822,19,34,14,0,9,19,OIL,50,16,3,5
8317,55057,Juneau,WI,43.883,-90.136,1,2718,20,34,15,0,9,20,SOLAR,"3,898",16,3,5
8318,55025,Dane,WI,43.0386,-89.3586,1,56808,28,39,7,4,2,9,GAS,65,12,3,5
8319,55105,Rock,WI,42.810873,-89.101535,1,7013,13,17,7,0,3,16,SOLAR,"94,148",17,7,5
8320,55025,Dane,WI,42.997665,-89.458945,1,47905,34,20,5,4,2,17,SOLAR,"37,440",14,7,5
8321,55083,Oconto,WI,44.8719,-88.1439,1,4536,5,34,9,0,1,22,HYDRO,"4,420",19,3,5
8322,55083,Oconto,WI,44.8764,-88.1475,1,4473,5,34,9,0,1,22,HYDRO,"3,224",19,3,5
8323,55131,Washington,WI,43.1922,-88.1597,1,24954,14,12,4,1,3,16,BIOMASS,"84,764",23,5,5
8324,55063,La Crosse,WI,43.873889,-91.18,1,16541,14,16,4,0,5,15,BIOMASS,"4,405",20,6,5
8325,55117,Sheboygan,WI,43.6002,-87.896589,1,1641,3,19,6,0,2,16,SOLAR,"2,850",25,4,5
8326,55069,Lincoln,WI,45.4431,-89.7342,1,3898,8,36,9,0,7,23,BIOMASS,"112,898",19,5,5
8327,55105,Rock,WI,42.555577,-89.088653,1,6413,18,22,6,0,4,15,SOLAR,"1,769",21,5,5
8328,55059,Kenosha,WI,42.6658,-88.0131,1,6385,13,16,7,0,2,21,GAS,"160,199",15,3,5
8329,55075,Marinette,WI,45.1058,-87.6514,1,19323,6,34,7,0,4,20,HYDRO,"9,904",22,5,5
8330,55057,Juneau,WI,44.0572,-90.0217,1,1081,7,35,9,0,6,18,HYDRO,"95,512",24,4,5
8331,55059,Kenosha,WI,42.5825,-88.0436,1,6777,9,12,6,0,4,18,BIOMASS,"40,536",13,6,5
8332,55037,Florence,WI,45.8275,-88.2483,1,133,5,27,11,0,5,18,HYDRO,"12,070",27,4,5
8333,55071,Manitowoc,WI,44.2806,-87.5369,1,358,1,19,4,0,1,15,NUCLEAR,"9,682,445",28,3,5
8334,55071,Manitowoc,WI,44.28337,-87.555326,1,446,2,21,5,1,1,15,SOLAR,"201,340",27,3,5
8335,55141,Wood,WI,44.3364,-89.8672,1,7844,11,32,11,0,4,15,HYDRO,"32,093",25,3,5
8336,55089,Ozaukee,WI,43.3842,-87.8689,1,14066,9,22,3,0,3,19,GAS,"8,470,420",18,6,5
8338,55021,Columbia,WI,43.60706,-89.24341,1,870,4,25,17,5,1,15,SOLAR,0,17,7,5
8339,55075,Marinette,WI,45.1136,-87.7586,1,1544,3,22,5,0,6,16,HYDRO,"4,159",22,3,5
8340,55111,Sauk,WI,43.309932,-89.727778,1,9288,7,18,5,1,1,17,HYDRO,"131,025",19,6,5
8341,55009,Brown,WI,44.54,-88.0086,1,50532,36,44,14,4,6,17,GAS,"106,626",12,8,5
8342,55065,Lafayette,WI,42.673333,-90.265277,1,360,5,16,9,1,1,13,WIND,"366,860",19,7,5
8343,55087,Outagamie,WI,44.3164,-88.3147,1,21123,10,16,5,0,4,17,HYDRO,"15,032",15,5,5
8344,55043,Grant,WI,42.951448,-90.4407,1,886,5,27,5,0,1,19,WIND,"150,735",23,8,5
8345,55131,Washington,WI,43.435775,-88.174679,1,34240,9,19,5,0,3,18,SOLAR,"2,679",19,5,5
8346,55085,Oneida,WI,45.6394,-89.4205,1,11878,9,39,5,0,2,13,GAS,"6,853",20,6,5
8347,55005,Barron,WI,45.526558,-91.756931,1,9251,6,37,7,0,5,20,SOLAR,"6,966",21,6,5
8348,55103,Richland,WI,43.314444,-90.373056,1,5547,10,31,9,3,2,19,BIOMASS,"5,768",26,4,5
8349,55071,Manitowoc,WI,44.175007,-87.828519,1,1764,8,24,7,1,2,15,BIOMASS,"37,084",19,4,5
8350,55105,Rock,WI,42.583056,-89.035833,1,7514,20,24,8,0,3,10,GAS,"3,543,044",20,6,5
8351,55025,Dane,WI,42.9767,-89.0492,1,2787,5,21,4,1,3,15,GAS,"547,281",17,5,5
8352,55073,Marathon,WI,44.887778,-89.629722,1,21902,14,23,6,1,5,19,BIOMASS,"143,198",19,6,5
8353,55095,Polk,WI,45.4455,-92.549,1,1914,4,32,10,0,7,20,SOLAR,"2,395",20,5,5
8354,55075,Marinette,WI,45.2333,-88.0678,1,1487,9,30,11,1,4,20,HYDRO,"8,166",24,5,5
8355,55123,Vernon,WI,43.59591,-90.3226,1,637,3,41,18,5,1,13,SOLAR,"1,461",19,11,5
8356,55051,Iron,WI,46.5392,-90.3742,1,163,7,22,4,0,4,16,HYDRO,"9,081",28,4,5
8357,55053,Jackson,WI,44.17659,-90.84654,1,521,9,31,10,0,4,19,SOLAR,"6,004",23,4,5
8358,55117,Sheboygan,WI,43.751826,-87.878056,1,3977,9,24,3,2,1,22,GAS,"546,537",22,3,5
8359,55009,Brown,WI,44.3481,-87.9278,1,970,6,17,6,0,3,19,WIND,"53,492",15,3,5
8360,55059,Kenosha,WI,42.574884,-88.189575,1,5875,9,13,6,1,3,18,SOLAR,0,18,4,5
8361,55031,Douglas,WI,46.358956,-91.823631,1,1432,6,28,4,0,6,14,OIL,0,26,4,5
8363,55079,Milwaukee,WI,42.8457,-87.8294,1,10427,18,12,8,1,3,19,COAL,"3,581,721",14,4,5
8364,55129,Washburn,WI,45.919047,-91.862475,1,702,4,28,4,0,3,21,SOLAR,"3,494",32,2,5
8365,55127,Walworth,WI,42.678365,-88.339193,1,6227,11,20,8,2,5,18,SOLAR,0,19,6,5
8366,55027,Dodge,WI,43.603967,-88.442056,1,3944,9,27,9,0,2,18,SOLAR,"1,533",17,6,5
8367,55095,Polk,WI,45.41167,-92.6469,1,4186,6,22,8,0,4,20,HYDRO,"83,139",19,4,5
8368,55097,Portage,WI,44.5153,-89.585,1,27236,12,33,5,1,5,13,HYDRO,"24,053",14,3,5
8370,55083,Oconto,WI,44.8747,-88.1586,1,4570,5,34,9,0,1,22,HYDRO,"5,352",19,3,5
8371,55053,Jackson,WI,44.4332,-90.85707,1,1614,20,41,12,1,11,18,SOLAR,"2,954",15,6,5
8372,55011,Buffalo,WI,44.19955,-91.80897,1,952,4,19,5,0,3,13,SOLAR,"6,180",24,4,5
8373,55025,Dane,WI,43.1133,-89.3128,1,66870,29,27,5,2,2,16,GAS,229,14,6,5
8374,55107,Rusk,WI,45.411139,-91.218283,1,371,8,30,7,0,4,17,HYDRO,"2,215",28,5,5
8375,55107,Rusk,WI,45.4533,-91.3583,1,380,4,30,8,0,3,17,BIOMASS,"16,935",29,6,5
8376,55069,Lincoln,WI,45.4411,-89.7306,1,3610,8,36,10,0,7,22,HYDRO,"6,520",19,5,5
8377,55129,Washburn,WI,45.94794,-91.888374,1,468,4,23,4,0,3,21,HYDRO,"7,322",36,1,5
8378,55037,Florence,WI,45.872778,-88.070833,1,3254,3,21,3,0,5,17,HYDRO,"37,830",24,4,5
8379,55071,Manitowoc,WI,44.249598,-87.54534,1,535,2,20,4,0,1,15,SOLAR,"192,900",27,3,5
8380,55025,Dane,WI,43.07,-89.4006,1,111375,26,44,5,4,3,6,GAS,0,8,3,5
8381,55059,Kenosha,WI,42.647691,-87.855116,1,30065,23,24,6,4,7,14,SOLAR,"3,771",19,5,5
8382,55079,Milwaukee,WI,43.0303,-87.9233,1,196039,68,54,20,8,6,12,GAS,"377,146",9,6,5
8383,55103,Richland,WI,43.507,-90.669,1,959,6,30,5,2,3,16,OIL,4,20,6,5
8384,55095,Polk,WI,45.390278,-92.1625,1,1696,7,35,8,0,2,18,BIOMASS,"5,261",24,6,5
8385,55109,St Croix,WI,44.95963,-92.5182,1,3183,8,15,4,1,2,19,SOLAR,"3,808",11,7,5
8386,55131,Washington,WI,43.432593,-88.160574,1,32638,9,19,5,1,3,18,SOLAR,"3,751",19,5,5
8387,55029,Door,WI,45.370922,-86.930822,1,741,6,21,3,0,2,17,OIL,9,46,2,5
8388,55027,Dodge,WI,43.6233,-88.7297,1,12223,17,27,10,3,2,20,OIL,0,15,5,5
8389,55073,Marathon,WI,44.9575,-89.6367,1,40375,20,32,8,2,4,20,HYDRO,"22,796",20,6,5
8390,55137,Waushara,WI,44.062477,-89.301618,1,3691,21,35,13,1,3,21,SOLAR,"4,001",25,5,5
8391,55101,Racine,WI,42.709444,-87.885278,1,34620,31,25,8,2,5,20,GAS,"44,704",21,5,5
8392,55057,Juneau,WI,43.86351,-90.15579,1,2802,19,34,15,0,9,19,SOLAR,14,16,3,5
8393,55025,Dane,WI,43.075071,-89.4251,1,105512,24,43,3,3,3,5,GAS,"352,973",10,3,5
8394,55075,Marinette,WI,45.0869,-87.6881,1,7223,6,31,6,1,5,18,GAS,"176,666",18,6,5
8395,55105,Rock,WI,42.582051,-89.041214,1,7467,20,24,8,0,3,10,GAS,"4,259,326",20,6,5
8396,55073,Marathon,WI,44.8606,-89.6553,1,12671,10,14,5,1,2,18,COAL,"3,431,151",16,7,5
8397,55073,Marathon,WI,44.856372,-89.654017,1,11920,10,13,5,1,2,18,GAS,"48,893",16,7,5
8398,55017,Chippewa,WI,44.885416,-91.515833,1,6111,10,20,4,0,1,11,GAS,"30,882",18,5,5
8399,55057,Juneau,WI,43.9721,-90.0719,1,1480,7,26,9,1,5,20,SOLAR,"2,629",28,5,5
8400,55003,Ashland,WI,46.498333,-90.903889,1,513,8,26,5,0,1,18,HYDRO,"4,985",18,6,5
8401,55055,Jefferson,WI,42.855463,-88.72992,1,16634,20,51,8,2,4,10,GAS,"663,874",10,3,5
8402,55097,Portage,WI,44.4889,-89.5756,1,31056,11,27,4,0,4,15,HYDRO,"21,152",15,5,5
8403,55061,Kewaunee,WI,44.6694,-87.6333,1,680,7,16,6,1,2,11,WIND,"15,009",19,6,5
8404,55139,Winnebago,WI,44.083,-88.5411,1,15441,19,28,10,1,2,19,BIOMASS,"11,417",17,4,5
8405,55113,Sawyer,WI,45.836675,-90.97352,1,609,17,37,10,0,4,18,OIL, (77),35,3,5
8406,55141,Wood,WI,44.3939,-89.825,1,21223,13,39,8,0,6,18,HYDRO,"41,302",20,6,5
8407,55141,Wood,WI,44.3953,-89.826,1,21123,13,39,8,0,6,18,BIOMASS,0,20,6,5
8408,55017,Chippewa,WI,44.9378,-91.3406,1,14496,6,36,8,0,4,18,HYDRO,"132,901",21,6,5
8409,55141,Wood,WI,44.27361,-89.8335,1,2341,9,22,7,0,4,15,SOLAR,"248,261",22,4,5
8410,54051,Marshall,WV,39.7475,-80.8547,1,558,1,39,5,0,5,21,GAS,"667,439",31,2,3
8411,54025,Greenbrier,WV,38.0878,-80.4925,1,7,0,49,17,6,12,25,WIND,"247,134",41,2,3
8412,54025,Greenbrier,WV,38.0878,-80.4925,1,7,0,49,17,6,12,25,OTHF," (8,372)",41,2,3
8413,54025,Greenbrier,WV,38.112222,-80.613055,1,40,3,50,15,5,10,25,WIND,"142,623",36,4,3
8414,54107,Wood,WV,39.1192,-81.7375,1,955,2,30,9,0,3,19,HYDRO,"272,223",20,5,3
8415,54099,Wayne,WV,38.3441,-82.5938,1,2916,0,23,12,0,4,22,GAS,"324,962",18,3,3
8416,54057,Mineral,WV,39.366803,-79.108263,1,912,10,34,11,1,6,24,WIND,"350,807",20,8,3
8417,54099,Wayne,WV,38.3681,-82.5339,1,14251,6,33,9,0,4,22,GAS,"469,800",21,3,3
8418,54037,Jefferson,WV,39.493056,-77.826944,1,3235,7,12,7,0,4,19,HYDRO,"4,183",21,5,3
8419,54003,Berkeley,WV,39.605,-77.923055,1,5720,7,27,6,1,2,21,HYDRO,"2,421",18,5,3
8420,54061,Monongalia,WV,39.710833,-79.9275,1,6934,10,32,9,0,6,20,COAL,"4,367,854",15,6,3
8421,54067,Nicholas,WV,38.21921,-80.89061,1,1201,3,33,11,0,7,22,HYDRO,"170,220",10,11,3
8422,54019,Fayette,WV,38.1483,-81.2147,1,1714,13,50,16,0,13,17,HYDRO,"11,267",11,4,3
8423,54049,Marion,WV,39.561831,-80.163138,1,3192,9,34,9,0,14,19,COAL,"598,706",18,5,3
8424,54033,Harrison,WV,39.384167,-80.3325,1,5239,8,36,9,0,4,23,COAL,"11,192,671",22,6,3
8425,54019,Fayette,WV,38.1478,-81.1753,1,1198,10,43,15,0,10,17,HYDRO,"435,164",14,5,3
8426,54079,Putnam,WV,38.4731,-81.8233,1,9204,5,34,8,0,6,22,COAL,"8,530,226",19,5,3
8427,54001,Barbour,WV,39.0072,-79.8866,1,1849,8,43,16,1,7,22,WIND,"235,638",17,5,3
8428,54039,Kanawha,WV,38.1944,-81.3706,1,3759,18,48,17,0,6,18,HYDRO,"65,141",24,8,3
8429,54061,Monongalia,WV,39.707893,-79.958974,1,9904,17,33,5,0,2,19,COAL,"3,921,097",13,6,3
8430,54039,Kanawha,WV,38.2526,-81.5695,1,7056,11,40,13,0,6,25,HYDRO,"58,651",25,4,3
8431,54037,Jefferson,WV,39.273056,-77.784444,1,5843,18,21,14,0,5,22,HYDRO,"6,603",15,5,3
8432,54051,Marshall,WV,39.8297,-80.8153,1,2049,2,44,13,0,4,21,COAL,"3,327,304",20,6,3
8434,54023,Grant,WV,39.2008,-79.2636,1,193,8,25,11,0,11,22,COAL,"3,519,306",22,6,3
8435,54053,Mason,WV,38.9794,-81.9344,1,4336,3,32,10,0,2,16,COAL,"4,968,702",19,5,3
8436,54093,Tucker,WV,39.1828,-79.5372,1,328,2,30,13,0,11,17,WIND,"53,768",34,5,3
8437,54023,Grant,WV,39.2175,-79.2094,1,393,4,20,10,0,14,22,WIND,"573,187",23,5,3
8438,54023,Grant,WV,39.200639,-79.140639,1,192,5,13,9,0,6,22,WIND,"294,423",23,6,3
8439,54103,Wetzel,WV,39.6672,-80.8642,1,6307,3,43,8,0,6,23,HYDRO,"173,434",22,4,3
8440,54081,Raleigh,WV,37.81577,-81.16193,1,16308,21,42,13,0,7,24,BIOMASS,"9,088",23,6,3
8441,54057,Mineral,WV,39.445,-79.03,1,7882,10,33,7,0,5,22,WIND,"186,284",23,3,3
8442,54073,Pleasants,WV,39.3325,-81.3642,1,2161,5,34,6,0,4,21,GAS,"2,200,939",15,5,3
8443,54073,Pleasants,WV,39.366667,-81.294444,1,1636,3,36,10,0,6,22,COAL,"4,583,015",25,2,3
8444,54073,Pleasants,WV,39.35776,-81.31795,1,1194,6,35,8,0,5,22,HYDRO,"220,355",19,2,3
8445,54079,Putnam,WV,38.5274,-81.91392,1,7488,5,30,10,0,3,20,HYDRO,"110,521",18,5,3
8446,56025,Natrona,WY,42.548412,-106.717536,1,65,4,18,4,0,0,14,HYDRO,"68,082",21,4,8
8447,56033,Sheridan,WY,44.69,-106.1092,1,47,5,19,1,0,5,17,GAS,216,18,5,8
8451,56013,Fremont,WY,43.417872,-108.177545,1,33,20,36,8,0,2,20,HYDRO,"81,348",20,6,8
8452,56029,Park,WY,44.508169,-109.170661,1,106,7,22,2,0,0,16,HYDRO,"73,193",47,6,8
8454,56025,Natrona,WY,42.884703,-106.221442,1,2381,21,28,10,0,4,18,WIND,"5,736",12,7,8
8458,56021,Laramie,WY,41.123611,-104.72,1,18078,28,25,5,0,2,15,GAS,"421,871",13,7,8
8459,56021,Laramie,WY,41.1133,-104.984011,1,49,25,20,14,0,4,16,WIND,"203,856",20,1,8
8460,56009,Converse,WY,42.8378,-105.7769,1,106,6,33,8,0,1,17,COAL,"3,537,397",34,4,8
8461,56005,Campbell,WY,44.388889,-105.460833,1,178,45,15,43,0,3,16,COAL,"2,853,386",7,4,8
8465,56023,Lincoln,WY,42.027013,-110.063973,1,10,4,14,2,2,6,19,HYDRO,"63,703",18,1,8
8466,56007,Carbon,WY,41.6283,-106.2013,1,36,18,33,3,0,14,20,WIND,"215,530",21,6,8
8468,56007,Carbon,WY,41.666469,-106.183278,1,15,18,33,3,0,14,20,WIND,"14,560",21,6,8
8469,56007,Carbon,WY,41.6744,-106.1805,1,15,18,33,3,0,14,20,WIND,"11,625",21,6,8
8470,56025,Natrona,WY,42.4766,-106.795901,1,85,10,19,3,0,1,14,HYDRO,"176,293",19,4,8
8471,56029,Park,WY,44.7264,-108.8644,1,895,20,40,0,0,1,15,HYDRO,"9,225",12,6,8
8472,56037,Sweetwater,WY,41.5933,-109.7542,1,5,32,34,5,3,12,19,COAL,"223,993",31,0,8
8474,56031,Platte,WY,42.467254,-104.955526,1,38,17,18,3,2,13,19,HYDRO,"68,745",26,4,8
8475,56009,Converse,WY,43.0181,-105.835278,1,21,11,24,6,0,0,18,WIND,"314,065",16,5,8
8476,56031,Platte,WY,42.289868,-104.760634,1,1118,14,21,10,5,2,19,HYDRO,"18,515",26,9,8
8477,56021,Laramie,WY,41.139722,-104.997778,1,130,12,8,5,0,2,16,WIND,"58,697",17,3,8
8479,56029,Park,WY,44.513767,-109.129588,1,2047,14,20,3,0,1,15,HYDRO,"19,662",22,7,8
8482,56007,Carbon,WY,42.174301,-106.880543,1,15,7,41,15,1,4,20,HYDRO,"146,188",20,5,8
8484,56031,Platte,WY,42.108889,-104.8825,1,76,11,26,2,1,1,19,COAL,"9,464,926",34,3,8
8485,56001,Albany,WY,41.7244,-105.9906,1,237,19,24,6,0,0,17,WIND,"104,346",33,1,8
8487,56041,Uinta,WY,41.263889,-110.544444,1,9,2,9,0,0,0,19,WIND,"140,786",9,12,8
8488,56041,Uinta,WY,41.288056,-110.480741,1,103,2,9,0,0,0,19,WIND,"126,559",9,12,8
8489,56023,Lincoln,WY,41.7581,-110.5983,1,322,11,26,5,1,1,16,COAL,"2,766,703",19,4,8
8490,56005,Campbell,WY,44.2856,-105.3833,1,1861,16,29,8,0,2,19,COAL,"685,724",19,3,8
8491,56005,Campbell,WY,44.285,-105.3786,1,1595,15,29,7,0,2,18,GAS,"19,386",18,3,8
8492,56039,Teton,WY,44.4533,-110.8347,1,37,14,41,2,0,8,16,OIL,249,31,0,8
8494,56009,Converse,WY,42.728198,-105.866765,1,12,6,35,8,0,0,18,WIND,"226,285",40,4,8
8495,56009,Converse,WY,43.0572,-105.8543,1,8,11,24,6,0,0,18,WIND,"187,786",16,5,8
8496,56021,Laramie,WY,41.054692,-104.995383,1,30,25,20,14,0,4,16,WIND,6,20,1,8
8497,56021,Laramie,WY,41.095126,-105.107423,1,147,25,20,14,0,4,16,WIND,"849,586",20,1,8
8498,56007,Carbon,WY,42.156127,-106.908483,1,3,5,36,12,0,0,19,HYDRO,"140,702",14,5,8
8499,56007,Carbon,WY,41.9203,-106.3758,1,4,18,33,3,0,14,20,WIND,"463,160",21,6,8
8500,56029,Park,WY,44.502897,-109.181228,1,121,7,22,2,0,0,16,HYDRO,"20,142",47,6,8
8502,56021,Laramie,WY,41.12968,-105.024,1,337,13,10,6,0,2,16,WIND,"109,516",17,3,8
8503,56037,Sweetwater,WY,41.5417,-109.1328,1,73,18,29,12,5,7,17,OTHF,"91,232",21,10,8
8504,56007,Carbon,WY,41.77952,-107.10972,1,441,6,36,12,0,0,19,OFSL,6,14,5,8
8505,56029,Park,WY,44.512699,-109.129878,1,1968,14,20,3,0,1,15,HYDRO,"16,269",22,7,8
8506,56023,Lincoln,WY,42.905142,-110.893422,1,741,6,26,3,1,0,19,HYDRO,"8,995",22,8,8
8508,56023,Lincoln,WY,42.728439,-110.916592,1,3405,13,25,4,0,5,16,HYDRO,"6,296",13,8,8
8510,56009,Converse,WY,42.9258,-105.7872,1,289,11,24,6,0,0,18,WIND,"254,753",16,5,8
8512,56005,Campbell,WY,44.2858,-105.3833,1,1861,16,29,8,0,2,19,COAL,"643,236",19,3,8
8513,56005,Campbell,WY,44.2919,-105.3811,1,1638,15,29,7,0,2,19,COAL,"663,372",18,3,8
8514,56005,Campbell,WY,44.2919,-105.3806,1,1649,15,29,7,0,2,19,COAL,"794,708",18,3,8
8515,56005,Campbell,WY,44.290128,-105.381482,1,1691,15,29,7,0,2,19,COAL,"1,776,490",18,3,8
