,County FIPS,Plant state abbreviation,Plant county name,has_plant,Total Population,People of Color (%),Low Income (%),Less Than High School Education (%),Limited English Speaking (%),Unemployment Rate (%)
2,01001,AL,Autauga County,0,58239.0,26.902934459726303,30.77002941685413,10.415509668299086,0.14641288433382138,2.8246253239679975
3,01003,AL,Baldwin County,0,227131.0,17.427387718981556,25.847737876052413,8.985843669162906,0.8372519784378942,3.6858279270217147
4,01005,AL,Barbour County,0,25259.0,55.390157963498154,50.31460674157303,24.32898027229786,1.287411971830986,8.624186145799978
5,01007,AL,Bibb County,0,22412.0,25.950383723005533,40.404761904761905,19.461916920969045,0.3247211633488635,9.706818930493027
6,01009,AL,Blount County,0,58884.0,14.076829019767679,33.46535672033332,16.35192288777417,1.5821596244131455,6.023722769206915
7,01011,AL,Bullock County,0,10386.0,79.6264201810129,55.01614856681469,22.39348553148175,4.007019596373208,2.997967479674797
8,01013,AL,Butler County,0,19181.0,49.079818570460354,40.23317435082141,14.435146443514643,0.0,6.545634185500802
9,01015,AL,Calhoun County,0,116425.0,28.64676830577625,38.454816671668404,14.785143839627226,1.1920081273281409,7.01468498342018
10,01017,AL,Chambers County,0,34834.0,45.182867313544236,43.31295487627365,17.21846302561624,0.6096167034976758,3.1535477412088597
11,01019,AL,Cherokee County,0,24975.0,9.065065065065065,39.0738707972517,20.177912779344762,2.156417664052827,4.699815121144303
12,01021,AL,Chilton County,0,44857.0,20.73255010366275,38.65158371040724,18.23868474487457,2.517811858471199,6.397163871104292
13,01023,AL,Choctaw County,0,12792.0,43.550656660412756,41.58533682456558,19.416011205689042,0.0,6.053119209388512
14,01025,AL,Clarke County,0,23346.0,48.47939689882635,43.17717169080865,17.7761386686336,0.2787878787878788,12.23474801061008
15,01027,AL,Clay County,0,14184.0,19.58544839255499,41.25331993396023,16.99267729962885,0.018521948508983144,6.1171591498185585
16,01029,AL,Cleburne County,0,15046.0,7.603349727502326,37.291778613648574,16.942892319348424,0.6252232940335835,4.471679364027824
17,01031,AL,Coffee County,0,53043.0,30.857983145749674,33.38876146788991,13.643779553687471,0.7764430120128919,5.090109890109891
18,01033,AL,Colbert County,0,56789.0,22.21733082110972,34.491774121831924,13.203763307749444,0.6404593639575972,3.7637098325957283
19,01035,AL,Conecuh County,0,11778.0,49.89811512990321,49.93183367416496,12.42931332948644,0.38213518032003824,4.671361502347418
20,01037,AL,Coosa County,0,10442.0,35.93181382876843,35.101838052657726,14.90508266993264,0.0,3.348162022945446
21,01039,AL,Covington County,0,37490.0,17.15124033075487,40.70462324115825,14.817758601112752,0.0,7.043553149606299
22,01041,AL,Crenshaw County,0,13300.0,29.774436090225564,40.290964777947934,18.76952914556621,0.2149151085321298,4.722830051057622
23,01043,AL,Cullman County,0,87129.0,8.904038838962917,34.562666976420026,15.785215395538529,0.7620146331096876,4.397947294047649
24,01045,AL,Dale County,0,49443.0,32.60522217502983,39.62744852357683,15.15503183955246,1.314843348741654,8.172043010752688
25,01047,AL,Dallas County,0,39162.0,73.10147592053521,49.49445193404542,14.092480717352482,0.26416405978449775,8.51694130716534
26,01049,AL,DeKalb County,0,71554.0,20.36503899153087,46.62842574888464,21.79099531955432,2.605366977852428,4.255183004863066
27,01051,AL,Elmore County,0,87146.0,26.980010556996305,25.857945785838282,12.355065262042006,0.7903888713246918,4.758058409268749
28,01053,AL,Escambia County,0,36879.0,40.04718132270398,48.532658287463576,18.264893451547675,0.5513278459388103,9.76051239209134
29,01055,AL,Etowah County,0,103468.0,22.926895271968146,38.25197527966831,13.801372694947489,0.4831674893572567,6.1158659842587415
30,01057,AL,Fayette County,0,16365.0,16.15032080659945,43.89410229320738,16.968168377109063,0.2256608639587363,9.335830571963694
31,01059,AL,Franklin County,0,32034.0,24.193044889804582,45.25584333543904,20.501661285039074,4.500228206298494,4.622248226431654
32,01061,AL,Geneva County,0,26604.0,18.463388964065555,44.425868227068925,17.508238545763792,0.5629428321848006,3.4619279992634193
33,01063,AL,Greene County,0,7851.0,82.57546809323652,59.51919348584723,15.558366461872064,0.7371007371007371,9.99592003263974
34,01065,AL,Hale County,0,14819.0,61.664079897428984,48.53435848149928,18.731417244796827,0.0,6.951596292481978
35,01067,AL,Henry County,0,17165.0,30.748616370521408,38.175493312541235,18.685461399770528,0.18738288569643974,4.949832775919733
36,01069,AL,Houston County,0,106355.0,34.732734709228524,37.91598939173582,12.24323332291086,0.6278136026280569,5.234084560290689
37,01071,AL,Jackson County,0,52548.0,11.067975945801933,43.71935626526178,17.57405393937787,0.5721049516669955,5.695540553389749
38,01073,AL,Jefferson County,0,672550.0,50.81347111738904,33.32254033692391,9.03861114077083,1.5675583574714602,6.094784042725064
39,01075,AL,Lamar County,0,13929.0,14.028286309139206,36.55107096022148,17.541214314435063,0.0,4.939372325249644
40,01077,AL,Lauderdale County,0,93342.0,16.182425917593367,33.582668985050795,11.306415516598284,0.95707656612529,3.816986276261828
41,01079,AL,Lawrence County,0,33089.0,23.772250596875093,35.47205518757059,16.765953799339993,0.28069612639345576,2.9751712328767126
42,01081,AL,Lee County,0,172223.0,32.905593329578515,37.4420369277464,8.624695361914787,1.9802921326954153,4.2875750777914465
43,01083,AL,Limestone County,0,101217.0,24.717191776085045,26.10374486689685,13.479491403708865,1.2793850527812147,4.519256777844823
44,01085,AL,Lowndes County,0,10334.0,75.16934391329592,52.25641529839741,15.255891786361737,0.0,8.89387144992526
45,01087,AL,Macon County,0,19490.0,83.53001539250899,45.24894810659186,16.484568147380173,0.04204035874439462,11.006969478490747
46,01089,AL,Madison County,0,382149.0,35.913217095949484,25.226534955714165,8.02713784793211,1.481718435110841,4.360715359029345
47,01091,AL,Marengo County,0,19397.0,55.35907614579574,48.40897235263432,13.416130021465808,1.3245033112582782,5.370942812982999
48,01093,AL,Marion County,0,29392.0,9.1113228089276,42.77016742770167,18.66698405141633,0.9163597161081665,5.929075738125802
49,01095,AL,Marshall County,0,97179.0,20.143240823634738,39.12889407693831,16.484449797708393,4.2382685741697,3.901603463862587
50,01097,AL,Mobile County,0,414620.0,43.803000337658574,38.89082177684128,12.140359640359641,0.7953430984846087,5.756792758670497
51,01099,AL,Monroe County,0,20115.0,46.0949540144171,44.96100628930817,17.595730871854045,0.0,11.857975335411302
52,01101,AL,Montgomery County,0,229072.0,67.5730774603618,38.154372128360045,12.270843714757795,1.5370116902640967,6.562870644049927
53,01103,AL,Morgan County,0,122608.0,25.292803079733783,34.29985385943935,15.315921102302758,1.4707431677869318,4.720276620267754
54,01105,AL,Perry County,0,8702.0,70.60445874511606,61.24335274753102,21.366906474820144,0.0,19.545903257650544
55,01107,AL,Pickens County,0,19240.0,46.476091476091476,43.4141621129326,16.72883787661406,0.028600028600028603,6.9867817642298355
56,01109,AL,Pike County,0,33176.0,44.36339522546419,43.10498503851786,12.70684055879169,1.24261383385471,4.436476130211629
57,01111,AL,Randolph County,0,21984.0,25.159206695778746,41.36740975655256,19.72224024920501,1.126989659579412,3.966885132804415
58,01113,AL,Russell County,0,58695.0,55.51409830479598,42.848246873432394,14.745630970588971,1.512467049824986,6.35304732999754
59,01115,AL,St. Clair County,0,90412.0,14.81661726319515,28.303317750133004,13.98776681275026,1.2734059847070867,4.8289163511679405
60,01117,AL,Shelby County,0,220780.0,23.51435818461817,18.338810875410815,6.375767845795383,1.2328516553868667,3.2757004478700136
61,01119,AL,Sumter County,0,12482.0,75.1642365005608,56.08583690987125,12.72680145152929,0.2911813643926789,6.972789115646258
62,01121,AL,Talladega County,0,81850.0,37.89737324373855,43.00024306932593,17.106845876261705,0.5506954496821701,7.936553138170635
63,01123,AL,Tallapoosa County,0,41284.0,31.324484061621938,39.67622276266981,18.43856076035302,0.5921855921855922,9.949400193302631
64,01125,AL,Tuscaloosa County,0,223945.0,39.453437227890774,34.29271193822264,10.357752489331437,1.108937522924563,5.258674796019008
65,01127,AL,Walker County,0,65194.0,12.306347209865939,40.31619315958363,17.708654821215998,0.7465714517568773,6.991324633666253
66,01129,AL,Washington County,0,15574.0,34.88506485167587,42.27705459490966,13.830671221493859,0.038015586390420075,6.380734751274389
67,01131,AL,Wilcox County,0,10686.0,73.27344188658057,55.413037235570016,20.757618115739447,0.4964147821290678,14.097279472382523
68,01133,AL,Winston County,0,23650.0,6.744186046511628,44.01839831492069,20.68641278796427,0.8026900965397549,4.869773475701028
69,02013,AK,Aleutians East Borough,0,3409.0,87.21032560868291,33.637702503681886,15.280985373364125,3.391684901531729,4.5297670405522
70,02016,AK,Aleutians West Census Area,0,5251.0,77.14721005522757,17.635230243313895,8.963001563314227,4.9800796812749,3.8157894736842106
71,02020,AK,Anchorage Municipality,0,292545.0,43.86812285289442,21.726822858420935,5.844955305413011,3.0948029429682737,5.379566676918445
72,02050,AK,Bethel Census Area,0,18514.0,90.80155557956141,55.11945392491467,18.034912718204488,2.566371681415929,18.12761638969935
73,02060,AK,Bristol Bay Borough,0,849.0,58.77502944640754,15.878787878787879,5.287713841368585,0.31746031746031744,2.4229074889867843
74,02063,AK,Chugach Census Area,0,7015.0,28.681397006414826,15.596064814814813,4.584352078239609,1.0030864197530864,3.571428571428571
75,02066,AK,Copper River Census Area,0,2635.0,42.23908918406072,31.920580374188624,5.907859078590786,0.21141649048625794,7.705334462320068
77,02070,AK,Dillingham Census Area,0,4899.0,85.58889569299856,47.826982492276,13.458203260492544,3.206997084548105,12.56446319737459
78,02090,AK,Fairbanks North Star Borough,0,97149.0,31.630793935089397,20.91393689278652,5.531193453205745,1.951951951951952,6.289879475363347
79,02100,AK,Haines Borough,0,2098.0,20.30505243088656,31.467181467181465,2.3060796645702304,0.0,3.711790393013101
80,02105,AK,Hoonah-Angoon Census Area,0,2327.0,55.65105285775677,31.12639724849527,6.256572029442692,1.6029593094944512,14.965986394557824
81,02110,AK,Juneau City and Borough,0,32240.0,37.49379652605459,16.839028070285732,4.595435230209839,2.8323788887169172,5.063291139240507
82,02122,AK,Kenai Peninsula Borough,0,58711.0,21.30094871489159,27.02040390698321,6.049227191239885,0.41725228390723823,8.229213148891864
83,02130,AK,Ketchikan Gateway Borough,0,13939.0,37.542147930267596,23.01495137175207,6.029996939087848,2.770184071441589,4.733324239530759
84,02150,AK,Kodiak Island Borough,0,13218.0,52.59494628536844,23.618827160493826,9.509374649152353,5.41213768115942,5.754959866727245
86,02164,AK,Lake and Peninsula Borough,0,986.0,75.65922920892496,40.55441478439425,10.725552050473187,0.3134796238244514,15.79961464354528
87,02170,AK,Matanuska-Susitna Borough,0,106807.0,22.29535517335006,24.10516949395792,6.281162244254684,0.6569266344334664,7.42076570694194
88,02180,AK,Nome Census Area,0,10070.0,85.71002979145979,47.71295818275684,12.362148701529705,0.9211495946941783,18.628545901273174
89,02185,AK,North Slope Borough,0,10865.0,71.7901518637828,22.06599175103112,12.344798059083773,8.083689966714218,9.152488972904852
90,02188,AK,Northwest Arctic Borough,0,7776.0,89.75051440329219,46.4443290942123,15.687645687645688,0.9681093394077449,15.722062119756645
91,02195,AK,Petersburg Borough,0,3368.0,39.311163895486935,18.86736214605067,8.51063829787234,4.211395540875309,4.69399881164587
92,02198,AK,Prince of Wales-Hyder Census Area,0,5886.0,55.41963982330955,35.47059831990399,7.646212847555129,0.0,9.559322033898306
93,02220,AK,Sitka City and Borough,0,8518.0,38.55365109180559,17.864427114577083,5.19053876478318,1.5120674614713578,5.396071659831643
94,02230,AK,Skagway Municipality,0,1329.0,26.185101580135438,15.575620767494355,9.51035781544256,0.0,12.872340425531913
95,02240,AK,Southeast Fairbanks Census Area,0,6849.0,27.94568550153307,30.22432113341204,7.425631849698054,1.9275975552421252,10.324585635359115
96,02275,AK,Wrangell City and Borough,0,2162.0,43.15448658649399,32.554880896777206,15.22712731925784,0.0,5.710814094775213
98,02290,AK,Yukon-Koyukuk Census Area,0,5433.0,78.61218479661329,46.79427615684817,12.877263581488934,1.8957345971563981,12.811791383219957
99,04001,AZ,Apache County,0,66473.0,82.28754531915213,59.34224459415909,17.820216231528256,17.759604999228515,9.03173311635476
100,04003,AZ,Cochise County,0,125092.0,46.07169123525085,37.188011542940075,11.319265740264196,4.9533906050082255,7.080221532264831
101,04005,AZ,Coconino County,0,144942.0,46.97051234286818,37.43469590470341,9.03269217383234,3.064443442992339,7.813120999904067
102,04007,AZ,Gila County,0,53211.0,38.92428257315217,40.880491079992325,13.058637890664768,1.5511521563704833,7.331002904829894
103,04009,AZ,Graham County,0,38145.0,49.560886092541615,42.27139322092421,16.551609415287366,1.528893495724281,5.93006993006993
104,04011,AZ,Greenlee County,0,9542.0,54.5692726891637,25.941555016351934,12.322110378340854,3.0321592649310873,3.567292100996062
105,04012,AZ,La Paz County,0,16845.0,43.90026714158504,44.269349657555004,16.00667576998938,4.321272182530537,7.724719101123595
106,04013,AZ,Maricopa County,0,4367186.0,46.23716507609248,28.632145776462416,11.157495813424905,3.3765258238974214,4.985146564480635
107,04015,AZ,Mohave County,0,211274.0,24.07773791379914,38.25675532580549,12.551204023853243,1.3457967997080889,7.395165028175541
108,04017,AZ,Navajo County,0,106609.0,58.738943241189766,49.88286108192012,15.451961994431207,5.275248174583641,10.491613039350142
109,04019,AZ,Pima County,0,1035063.0,49.61292211198739,34.379125580435044,10.649117387971765,3.8284193607883434,6.270054653089057
110,04021,AZ,Pinal County,0,420625.0,44.59054977711738,31.31091967474273,12.426283888934393,2.1105569067150336,6.352864492399377
111,04023,AZ,Santa Cruz County,0,47463.0,84.98409287234267,49.92797220574528,22.25552518033003,23.3382030679328,9.864358986824834
112,04025,AZ,Yavapai County,0,233789.0,20.625008020052267,31.974065412405317,8.448757291753061,1.6904958916235304,5.439586799636612
113,04027,AZ,Yuma County,0,202944.0,70.22380558183539,44.004275570712345,25.0899078879187,10.681280598492766,8.420437814093281
114,05001,AR,Arkansas County,0,17273.0,31.3668731546344,33.42942872271578,13.313313313313312,0.6974981046247157,4.2791959551116046
115,05003,AR,Ashley County,0,19362.0,32.41400681747753,46.99484831139096,14.823652225784803,1.1465672054151126,5.028233396074214
116,05005,AR,Baxter County,0,41476.0,7.2523869225576245,41.084269799868366,11.345838069976,0.18051499867268384,5.397123202001251
117,05007,AR,Benton County,0,278774.0,32.29605343396443,24.783724619634864,10.285979877515311,2.7396176403683152,2.976973916981559
118,05009,AR,Boone County,0,37445.0,6.64708238750167,38.770358306188925,10.888175494917068,0.26991441737985516,4.643799472295514
119,05011,AR,Bradley County,0,10597.0,45.11654241766538,44.64438731790917,15.873672596883189,0.7825148407987047,5.446365143263083
120,05013,AR,Calhoun County,0,4811.0,27.9983371440449,33.390228291017706,15.794066317626527,0.2700877785280216,8.708414872798434
121,05015,AR,Carroll County,0,28154.0,23.627193294025716,38.76723147616312,14.791029050223269,2.587750716332378,4.048550016291951
122,05017,AR,Chicot County,0,10405.0,61.19173474291206,58.0829756795422,21.605285352825415,0.523168908819133,14.12859560067682
123,05019,AR,Clark County,0,21569.0,31.985720246650285,43.0987084392344,9.46449821499405,1.079940417080437,3.6620848801043446
124,05021,AR,Clay County,0,14661.0,5.647636586863106,42.968265987471604,15.705035275925388,0.0,6.403430937592429
125,05023,AR,Cleburne County,0,24848.0,6.648422408242112,38.69535101658314,11.75326779734255,0.10315078769692423,6.3147508633448455
126,05025,AR,Cleveland County,0,7632.0,15.828092243186584,37.96664019062748,9.293075393238112,0.1092896174863388,1.9659239842726082
127,05027,AR,Columbia County,0,22947.0,40.70248834270275,45.74442919998107,12.981282470998506,0.65653964984552,4.360806056082738
128,05029,AR,Conway County,0,20687.0,18.915260791801614,42.4556284950158,11.86287462624296,0.5791962174940898,6.666666666666667
129,05031,AR,Craighead County,0,109875.0,26.014106939704206,38.19678934560752,10.340768892607457,1.3328556073092082,5.729809374712221
130,05033,AR,Crawford County,0,60483.0,16.869202916521996,39.55881612302113,15.078685234587239,1.0374538420960084,4.700589512876202
131,05035,AR,Crittenden County,0,48338.0,59.394265381273534,45.06699147381242,15.499757006317836,0.7111685792791337,9.91857883049593
132,05037,AR,Cross County,0,16935.0,27.86536758193091,43.20115011381335,18.20039158934196,0.0,8.241129339946585
133,05039,AR,Dallas County,0,6645.0,47.163280662152,35.99134343266189,12.253218884120171,0.0,8.164794007490636
134,05041,AR,Desha County,0,11530.0,55.98438855160451,54.258757753123085,19.112318840579707,2.8595636517686933,5.697879858657244
135,05043,AR,Drew County,0,17511.0,34.64108274798698,44.916586073500966,13.034914950760967,0.0,2.520786590999076
136,05045,AR,Faulkner County,0,123191.0,20.84324341875624,35.63774453005404,6.889336437109303,0.7169770696522769,3.2673949414427716
137,05047,AR,Franklin County,0,17159.0,10.251180138702722,44.49378330373002,13.521985935779037,0.0,5.14317486794551
138,05049,AR,Fulton County,0,12072.0,6.643472498343274,49.51227716111672,14.104632403779673,0.06471095772217428,5.9026977173161175
139,05051,AR,Garland County,0,99694.0,18.890805865949805,37.74834437086093,9.622568416392262,1.4337174073809011,6.168537291817524
140,05053,AR,Grant County,0,17912.0,8.430102724430549,30.273360122248004,8.403696033136848,0.10218978102189782,3.436947182208744
141,05055,AR,Greene County,0,45665.0,8.757253914376436,40.866942241090385,11.3388644867415,0.6028550304271172,7.4133008845415835
142,05057,AR,Hempstead County,0,20352.0,46.29520440251572,44.7536087605774,16.166333110962864,1.4538725878932064,4.846126636009904
143,05059,AR,Hot Spring County,0,33096.0,18.00519700265893,40.46364253613114,11.435471570205914,1.0687655343827671,5.547169811320755
144,05061,AR,Howard County,0,12894.0,36.776795408717234,45.881798176674,11.947931194793119,2.303445650104702,5.739774448746003
145,05063,AR,Independence County,0,37796.0,14.842840512223516,40.95245861534698,14.215956525163426,0.5644992682416894,5.436688881094353
146,05065,AR,Izard County,0,13653.0,10.88405478649381,45.23527085804666,17.896786757546252,0.0,6.8559411146161935
147,05067,AR,Jackson County,0,16878.0,23.61061737172651,48.00135961930659,16.517894385584384,0.0,10.27428398242158
148,05069,AR,Jefferson County,0,68199.0,61.87480754849778,42.93290478103656,11.598543448751373,0.5160550458715597,9.33299700911679
149,05071,AR,Johnson County,0,25853.0,21.94716280509032,51.65341812400636,19.91977821034625,3.1373743527261655,3.825086726310024
150,05073,AR,Lafayette County,0,6373.0,42.460379726973166,54.52648475120385,18.922470433639948,1.4000000000000001,7.96243364638628
151,05075,AR,Lawrence County,0,16292.0,6.807021851215321,46.25617635879893,15.207877461706785,0.01597444089456869,7.2418670438472414
152,05077,AR,Lee County,0,8832.0,59.408967391304344,54.30327868852459,18.261843790012804,0.6505240332490061,14.252179745137491
153,05079,AR,Lincoln County,0,13092.0,36.02199816681943,36.698679471788715,18.79242224698612,0.26540843409023884,3.1473533619456364
154,05081,AR,Little River County,0,12104.0,27.404163912756115,35.88923491288612,10.109811410837908,0.3787081843046497,8.437270726338959
155,05083,AR,Logan County,0,21299.0,11.493497347293301,40.21247201181459,12.271523178807946,0.6166122597025753,4.832480951883937
156,05085,AR,Lonoke County,0,73824.0,14.961259211096662,29.529466509730927,10.059688159818094,0.513252923708619,5.152244968174781
157,05087,AR,Madison County,0,16496.0,16.870756547041708,38.56671957026004,15.088757396449704,0.08256274768824307,5.129674738501218
158,05089,AR,Marion County,0,16750.0,6.835820895522388,45.73736886530809,13.827044762127958,0.3884892086330935,7.7468191335158645
159,05091,AR,Miller County,0,42875.0,32.40116618075802,43.193572442327586,13.102858120828342,0.270935960591133,7.522813265079012
160,05093,AR,Mississippi County,0,41061.0,43.004310659750125,45.441591880608954,17.385782061339608,0.8095085126887247,9.57022136969257
161,05095,AR,Monroe County,0,6903.0,45.84963059539331,41.015854374633,21.18905574984571,0.1065340909090909,10.305614783226725
162,05097,AR,Montgomery County,0,8525.0,9.489736070381232,46.55234012147195,16.041115091107304,1.171981466339602,8.721100380450688
163,05099,AR,Nevada County,0,8340.0,37.21822541966427,45.235178833904946,9.03214535290007,0.0,7.378984651711924
164,05101,AR,Newton County,0,7343.0,7.653547596350266,37.22557628979144,14.780168381665106,0.2527988443481401,4.579606440071556
165,05103,AR,Ouachita County,0,22858.0,45.26642750896841,44.253180322035405,12.438431323648606,0.046051116739580934,6.274900398406374
166,05105,AR,Perry County,0,10056.0,8.701272871917263,40.805463493019985,8.702397743300423,0.0,4.277398127056442
167,05107,AR,Phillips County,0,16923.0,65.9871181232642,53.090973998929016,18.31268221574344,0.17418844022169439,15.286721864458755
168,05109,AR,Pike County,0,10234.0,14.490912644127418,38.772261466520746,12.104673943464874,0.47006432459178626,3.6685082872928176
169,05111,AR,Poinsett County,0,23212.0,14.535585042219543,45.11609463805789,18.510301109350237,0.7895907473309609,4.229637894309768
170,05113,AR,Polk County,0,19476.0,12.897925652084616,45.879964603612514,11.53082971999706,1.2280248190279215,10.350624399615754
171,05115,AR,Pope County,0,63234.0,16.815320871682957,43.6661997198319,15.756004500317959,2.5575008582217644,5.897373115533947
172,05117,AR,Prairie County,0,8306.0,15.928244642427162,36.84861987869786,13.16182572614108,0.0,5.973684210526316
173,05119,AR,Pulaski County,0,397931.0,48.98864375984781,36.044182862281076,8.522869928665317,1.7571661900338196,5.27015415718979
174,05121,AR,Randolph County,0,18442.0,9.049994577594621,45.43589174800355,14.41234665611397,0.6635333149018523,7.285562067128397
175,05123,AR,St. Francis County,0,23623.0,60.9702408669517,55.18130932100268,17.680551393467187,3.9160324085440705,6.613879832324174
176,05125,AR,Saline County,0,122308.0,17.315302351440625,26.249255410682377,8.193282262816735,1.3187831802477459,3.8399011574977244
177,05127,AR,Scott County,0,9928.0,16.20668815471394,46.133576568359175,20.04045658141887,3.605891315388522,5.8612171569728275
178,05129,AR,Searcy County,0,7872.0,10.073678861788618,49.6078179246496,19.84746056508927,0.0,4.2833607907743
179,05131,AR,Sebastian County,0,127941.0,31.443399692045553,41.36858722641345,15.422682337562296,2.9678019656114913,4.961506961506962
180,05133,AR,Sevier County,0,16074.0,44.17693169092945,49.030837004405285,26.46912598190315,6.875227355401964,4.832022873481058
181,05135,AR,Sharp County,0,17243.0,8.50200081192368,52.30044182621503,17.768528893869057,0.0,5.536222714330908
182,05137,AR,Stone County,0,12364.0,8.468133290197347,55.92861217504685,15.371044216561913,0.0,7.482212531558412
183,05139,AR,Union County,0,39262.0,39.45290611787479,40.96261634185222,13.669601552007164,0.6828476776418092,4.3782622044826525
184,05141,AR,Van Buren County,0,15851.0,7.671440287679012,47.55280454342416,14.940374787052809,0.5035246727089627,5.398018448923813
185,05143,AR,Washington County,0,242793.0,32.49681827729795,36.78197627381348,13.5028761731759,4.006394463970919,4.721307240198928
186,05145,AR,White County,0,77075.0,13.207914369120985,43.038611666462664,14.21419025392456,0.43008496800587437,5.376312199750904
187,05147,AR,Woodruff County,0,6333.0,30.570030001579028,43.976493633692456,17.557593379557147,0.0,7.561567811307665
188,05149,AR,Yell County,0,20489.0,25.765044658109233,43.60375577524964,22.54584681769148,4.906511072802015,3.624643347775547
189,06001,CA,Alameda County,0,1673133.0,70.1320815500023,19.41000051018053,10.995566492972813,7.997483165229172,5.048308418226371
190,06003,CA,Alpine County,0,1344.0,45.68452380952381,30.729166666666668,6.29514963880289,1.1520737327188941,9.217391304347826
191,06005,CA,Amador County,0,40095.0,24.975682753460532,20.722937686271294,8.6903073286052,1.565545017539301,6.7785110713624865
192,06007,CA,Butte County,0,217884.0,29.708927686291787,36.57411109490905,9.660469729262065,2.190123340993294,7.183860915204199
193,06009,CA,Calaveras County,0,45349.0,20.781053606474234,28.808956752064457,9.195731166490228,0.5473258373490392,6.808248346968508
194,06011,CA,Colusa County,0,21780.0,66.03305785123968,36.15936993282372,26.674795581695598,10.023278104888401,5.5362979102703775
195,06013,CA,Contra Costa County,0,1161643.0,58.37628255841081,19.086146768053577,10.25614270452908,5.740472863892413,5.8383628943858215
196,06015,CA,Del Norte County,0,27655.0,39.9132164165612,38.03794913201453,19.413287316652287,1.0911761619976919,7.5037518759379696
197,06017,CA,El Dorado County,0,190568.0,23.721191385752068,19.203976412547508,5.321849631393247,1.3617763466827664,4.687841082733027
198,06019,CA,Fresno County,0,1003150.0,72.09390420176445,42.4188654614703,22.092396218129213,9.759208195381351,8.786108648520544
199,06021,CA,Glenn County,0,28675.0,49.90409764603313,41.532712915961646,23.521373127801464,7.197785296831744,7.055589492974954
200,06023,CA,Humboldt County,0,137014.0,27.90079845855168,40.72762323193831,9.008154346319886,1.5243164771352529,9.369448041193653
201,06025,CA,Imperial County,0,180051.0,90.27497764522275,46.550677845271,29.560067835345116,25.15096286862388,13.940912104914169
202,06027,CA,Inyo County,0,18804.0,40.15634971282706,25.650073285923675,7.915029826858723,1.2640449438202246,4.316958662544372
203,06029,CA,Kern County,0,905644.0,67.82289729739279,43.92061964322048,24.052093009780116,8.958337125279845,8.866073430384933
204,06031,CA,Kings County,0,151887.0,69.14811669201445,41.32385638782577,26.36989571287622,13.856674213371528,9.108701676596924
205,06033,CA,Lake County,0,67749.0,32.18350086348138,38.19835034757302,13.404847690795938,2.292165583304824,10.081426909654905
206,06035,CA,Lassen County,0,32949.0,35.84327293696318,34.59185001952871,19.952308514574682,2.9966329966329965,6.897294967130079
207,06037,CA,Los Angeles County,0,10019635.0,74.54166743598944,32.24026383578323,19.9571630472485,12.052341577193564,7.000432345209087
208,06039,CA,Madera County,0,156304.0,67.59200020472925,41.82744344626042,28.19128970407718,10.681995502317683,10.455314543542215
209,06041,CA,Marin County,0,262387.0,30.320480816503864,15.79794680354643,6.576024909185262,3.81104760436044,5.15358361774744
210,06043,CA,Mariposa County,0,17225.0,22.11901306240929,34.52556032707806,9.124546732775846,2.0031628887717448,9.697280656747049
211,06045,CA,Mendocino County,0,91534.0,36.55472283523062,37.26823307226573,13.35973354207917,2.6972471696457303,8.469162478275166
212,06047,CA,Merced County,0,279150.0,74.05839154576393,42.6133008629827,29.646865424480694,12.216667891886594,11.08755321072268
213,06049,CA,Modoc County,0,8723.0,23.352057778287286,41.342756183745585,14.54905545399147,3.48666861998242,9.876543209876543
214,06051,CA,Mono County,0,13291.0,35.91151907305696,24.842169316193807,12.782984100242182,3.0031710501772055,2.446735395189003
215,06053,CA,Monterey County,0,438953.0,71.21423022510382,32.17168150819641,27.010523163793472,10.73343745431884,5.486839353470168
216,06055,CA,Napa County,0,138795.0,49.04787636442235,20.125026691505106,14.755695367598559,5.348240845214894,4.885423728813559
217,06057,CA,Nevada County,0,102090.0,16.19943187383681,25.575931800158603,4.870195978620514,0.8391026738752845,4.185627024146271
218,06059,CA,Orange County,0,3182923.0,60.95648559515892,23.32340914119182,13.388919483522136,7.898509065877956,5.421738126121644
219,06061,CA,Placer County,0,400330.0,29.707990907501312,16.59579399228126,5.174401896050722,1.927675434495104,4.277207117173736
220,06063,CA,Plumas County,0,19631.0,17.4061433447099,30.570673301197328,5.449591280653951,0.8990402138257806,8.241693271845808
221,06065,CA,Riverside County,0,2409331.0,66.7554188278821,30.426597577663923,17.009495179927747,8.302701125986825,7.223240221876575
222,06067,CA,Sacramento County,0,1571767.0,57.10859179509431,30.00702337319264,11.934782181212421,6.196917550926953,6.560270122769167
223,06069,CA,San Benito County,0,63329.0,67.66568238879502,21.31402870265889,16.748780428609567,8.106978687839533,7.137713771377138
224,06071,CA,San Bernardino County,0,2171071.0,73.41966246152245,34.42320540332538,18.89536360772495,6.226994382755166,7.467937074808048
225,06073,CA,San Diego County,0,3296317.0,55.854609857001016,25.19429035936403,11.684828596188638,6.002637075740921,6.5579409238183155
226,06075,CA,San Francisco County,0,865933.0,60.845700533413094,20.470623575063566,11.219663003705536,10.622276605522366,5.2866460058282065
227,06077,CA,San Joaquin County,0,771406.0,70.41804186122484,32.38732104711487,19.700528058346457,8.456418167406738,7.280191390269107
228,06079,CA,San Luis Obispo County,0,282771.0,32.65893602950798,24.66409994499882,8.067338156712536,2.2754939601086246,5.145118733509235
229,06081,CA,San Mateo County,0,762488.0,62.245700915948845,14.699961802145689,9.180960183575703,7.78241698503541,4.604277314664846
230,06083,CA,Santa Barbara County,0,447651.0,56.974741483879185,31.440210767124828,18.09198215056859,7.0222318679380935,6.137066941737213
231,06085,CA,Santa Clara County,0,1932022.0,70.14050564641603,15.567417727216323,10.81273362719843,10.094813765851894,4.452060963758326
232,06087,CA,Santa Cruz County,0,272138.0,43.862672614629346,25.182391967834437,11.724310359196599,5.021974377047141,6.385357088973927
233,06089,CA,Shasta County,0,181935.0,21.97872866683156,33.13136168761843,8.935611038107753,1.0390666629273353,6.525693215704228
234,06091,CA,Sierra County,0,3079.0,12.569015914257875,22.83748361730013,5.635023840485479,0.0,8.989501312335959
235,06093,CA,Siskiyou County,0,44151.0,25.161377998233338,38.391387822270985,10.08596344226174,1.295838262178729,7.869545859305433
236,06095,CA,Solano County,0,451432.0,63.676699923798054,21.738982389074778,11.149302788525855,4.739897937929598,5.953515588635567
237,06097,CA,Sonoma County,0,492498.0,38.313861173040294,20.145140509679464,10.834490594621892,4.054733876647551,5.070805483176617
238,06099,CA,Stanislaus County,0,550842.0,60.38010899677222,34.8656801657673,20.046879208669786,7.433154163834417,8.410268837798329
239,06101,CA,Sutter County,0,99080.0,55.87202260799354,34.5899180754359,20.350844740411887,7.1216707947283115,7.607707487970908
240,06103,CA,Tehama County,0,65345.0,33.60471344402785,39.85771192088907,14.231300396489507,2.256527229033441,8.112021471959316
241,06105,CA,Trinity County,0,15818.0,20.375521557719054,42.98975672215109,6.115424637797166,1.1653313911143481,5.77893820713664
242,06107,CA,Tulare County,0,470999.0,73.00992146480141,45.18837093723981,27.38189718636094,15.874698311979433,10.209434125104286
243,06109,CA,Tuolumne County,0,55243.0,20.87142262368083,24.452738242574256,7.9082416932718465,0.679565424403757,8.089772581815078
244,06111,CA,Ventura County,0,845255.0,55.858291284878526,23.30929636323244,14.374940195029446,5.831945815769243,5.57948510165133
245,06113,CA,Yolo County,0,216703.0,54.83357406219572,31.43307914804102,12.398972495457677,6.318983450596918,5.590968221520163
246,06115,CA,Yuba County,0,80404.0,47.39813939604995,35.726254855663036,18.832050701674966,2.9046414757512644,6.5335087021686595
247,08001,CO,Adams County,0,514969.0,51.74330882053094,26.238898008595594,15.135807712669704,4.717887833559475,4.566796974589955
248,08003,CO,Alamosa County,0,16377.0,53.53239299016914,41.52707440592131,13.052781740370897,3.7300458353089936,5.489651691065118
249,08005,CO,Arapahoe County,0,651621.0,41.51416237352694,20.533649165669356,7.930632729879907,4.057415339068396,4.560799791245352
250,08007,CO,Archuleta County,0,13267.0,24.24813446898319,31.068034967692892,5.963707699852868,0.537261698440208,4.718490083173385
251,08009,CO,Baca County,0,3519.0,16.8513782324524,50.6993006993007,14.459724950884087,1.1292346298619824,2.6814911706998035
252,08011,CO,Bent County,0,5861.0,45.57242791332537,49.869884078542704,12.916023804275953,1.218836565096953,6.087470449172576
253,08013,CO,Boulder County,0,328713.0,23.326123396397467,21.683873084786836,4.512600829421683,1.6636168290293925,4.568389106644003
254,08014,CO,Broomfield County,0,72697.0,24.441173638527037,12.09883712891138,3.4154777345438823,1.6719232204022112,3.3408461285627085
255,08015,CO,Chaffee County,0,19436.0,15.450710022638404,32.040500165984284,5.5911587758304995,0.8314790959128704,4.789781798829164
256,08017,CO,Cheyenne County,0,1691.0,19.2193968066233,27.8886872353297,6.968641114982578,1.4388489208633095,2.877697841726619
257,08019,CO,Clear Creek County,0,9427.0,12.909727378805558,17.251776868404047,2.6520649162158594,1.5134402529929976,3.8644875723527408
258,08021,CO,Conejos County,0,7579.0,55.24475524475524,52.69858109004111,10.540052198353745,9.525347110106555,7.957244655581948
259,08023,CO,Costilla County,0,3517.0,66.8751777082741,47.05715098094967,13.138686131386862,7.192254495159059,7.7142857142857135
260,08025,CO,Crowley County,0,6018.0,46.90927218344965,58.46404563047464,10.973871733966746,1.6417910447761193,5.564738292011019
261,08027,CO,Custer County,0,4720.0,11.35593220338983,34.05474220241884,1.7128874388254487,0.6120527306967984,5.5254070054267395
262,08029,CO,Delta County,0,31133.0,20.030193042752064,37.13750543532796,10.358808911365916,0.9964588651898212,5.24436686766106
263,08031,CO,Denver County,0,706799.0,46.026522391797386,26.42856012305337,9.96761361978584,3.6011671540426726,4.583647202150118
264,08033,CO,Dolores County,0,2288.0,19.79895104895105,26.923076923076923,3.5696073431922484,0.0,3.0224525043177892
265,08035,CO,Douglas County,0,351929.0,19.703121936526973,8.298217734779993,2.1243769285544745,0.7410823867855942,3.453011476378251
266,08037,CO,Eagle County,0,55693.0,35.14086150862766,23.847666468221753,8.294571694365525,3.8901132694377534,3.8849303728232267
267,08039,CO,Elbert County,0,25897.0,14.638761246476426,14.619678995115143,3.650382831877494,0.20516142965122555,1.958975086947264
268,08041,CO,El Paso County,0,722736.0,32.364238117376196,25.047703546982664,5.550444713882365,1.4823560763644708,6.066674124622441
269,08043,CO,Fremont County,0,49007.0,21.707103066908807,34.72704035055688,10.322104486267067,0.06853226727584237,4.669455022161183
270,08045,CO,Garfield County,0,61221.0,33.74659022230934,24.519446056886974,10.401348413415738,5.072096558713779,3.9304851556842864
271,08047,CO,Gilpin County,0,5812.0,14.556090846524434,18.99265477439664,6.2660393498716855,0.2866356144750985,1.9397116644823065
272,08049,CO,Grand County,0,15629.0,16.15586409879071,22.942611375016046,5.5522790462549505,0.35952747817154596,4.968194779556921
273,08051,CO,Gunnison County,0,16851.0,14.367099875378317,30.573049822285963,2.041750595129097,0.22535211267605634,4.212839128773405
274,08053,CO,Hinsdale County,0,858.0,14.102564102564102,20.62937062937063,3.6290322580645165,0.0,3.896103896103896
275,08055,CO,Huerfano County,0,6787.0,38.691616325327836,37.11526855763428,7.901427733229024,0.4008746355685131,5.294585987261147
276,08057,CO,Jackson County,0,1375.0,10.036363636363637,37.299270072992705,13.901760889712698,0.0,9.023668639053255
277,08059,CO,Jefferson County,0,580130.0,23.03311326771586,16.840784308234607,4.860872918061328,1.1019074076423157,3.9993148667896703
278,08061,CO,Kiowa County,0,1414.0,6.152758132956153,35.52346570397112,2.9001074113856067,0.8561643835616438,0.5738880918220948
279,08063,CO,Kit Carson County,0,7071.0,23.235751661716872,35.32694233795965,10.800083559640694,3.8798920377867745,3.147835862844295
280,08065,CO,Lake County,0,7417.0,38.560064716192535,21.193866374589266,11.719768958449786,2.361359570661896,2.7346313716910964
281,08067,CO,La Plata County,0,55673.0,22.52258725055233,24.742881586044003,3.4057120011993702,0.37725680409593104,3.3067198935462407
282,08069,CO,Larimer County,0,354670.0,18.674542532494996,23.32674058651315,3.6758322499227143,1.3928017909419665,4.556774925083016
283,08071,CO,Las Animas County,0,14531.0,47.4502787144725,41.61940994903453,11.816048803378695,1.2012480499219969,7.342934008545655
284,08073,CO,Lincoln County,0,5630.0,29.50266429840142,35.963541666666664,11.26693605894937,0.11037527593818984,2.593192868719611
285,08075,CO,Logan County,0,21765.0,24.916149781759707,35.1494857689548,8.574250905498848,0.5423814328960646,3.4278646523544483
286,08077,CO,Mesa County,0,154685.0,19.7536929889776,30.24025634405185,8.451408568094683,1.043935653548897,5.633638914389893
288,08081,CO,Moffat County,0,13240.0,20.891238670694865,35.180245408124385,8.020134228187919,2.069908221050576,4.518355820520866
289,08083,CO,Montezuma County,0,25916.0,28.507485723105418,34.85525548863416,9.123733563267946,1.9118631106012811,5.070202808112325
290,08085,CO,Montrose County,0,42328.0,24.846437346437348,29.018709431080563,11.215507862723765,4.097387173396674,5.265055896141363
291,08087,CO,Morgan County,0,28868.0,42.8017181654427,35.849852382960776,19.283303872730194,6.235260824450523,4.311206281227695
292,08089,CO,Otero County,0,18665.0,48.80792927939995,46.574140106423826,12.158318849739295,2.5859805723286953,6.282586027111575
293,08091,CO,Ouray County,0,4850.0,7.855670103092784,17.665289256198346,1.3798294029101856,0.18148820326678766,3.571428571428571
294,08093,CO,Park County,0,17384.0,12.03405430280718,18.158523091258516,2.5413966882649386,0.19528525596317478,4.375068703968341
295,08095,CO,Phillips County,0,4497.0,32.354903268845895,35.33664708540443,13.228070175438598,8.338192419825074,1.1380504700643246
296,08097,CO,Pitkin County,0,17471.0,19.168908476904583,12.053520156196164,2.491261991522273,0.7359066925853929,2.7331048422532733
297,08099,CO,Prowers County,0,11966.0,42.6792578973759,42.28808433422622,17.830262133402545,5.835783759330468,3.902439024390244
298,08101,CO,Pueblo County,0,167453.0,49.12721778648337,37.81759077077248,9.467635655545317,1.5246380301616447,6.719635869999202
299,08103,CO,Rio Blanco County,0,6495.0,16.951501154734412,32.257017686191794,8.532344076049153,1.8086816720257235,7.041800643086817
300,08105,CO,Rio Grande County,0,11476.0,48.75392122690833,31.483118260562136,10.914786967418546,3.5095320623916813,7.184430702073481
301,08107,CO,Routt County,0,24899.0,14.856018313988514,19.98945361619276,3.3270928055629847,0.5745987715474539,2.481234361968307
302,08109,CO,Saguache County,0,6369.0,41.67059192965929,42.59375984872361,13.340336134453782,4.101494612443517,10.645488340655627
304,08113,CO,San Miguel County,0,8084.0,14.930727362691737,28.66020382798906,1.7141941685357258,2.5876460767946576,3.590451765634248
305,08115,CO,Sedgwick County,0,2459.0,24.115494103294022,37.087458745874585,11.26357918810749,0.39215686274509803,4.284412032816773
306,08117,CO,Summit County,0,31042.0,20.343405708395075,22.441174564075972,5.4563492063492065,3.6896460411333742,3.248259860788863
307,08119,CO,Teller County,0,24607.0,14.317064250010159,22.551819813938305,2.1588361057516816,0.5115089514066496,4.409229000738977
308,08121,CO,Washington County,0,4834.0,14.06702523789822,32.58771929824562,8.58242083456644,1.9490254872563717,3.11284046692607
309,08123,CO,Weld County,0,322424.0,35.6995757139667,25.75102123664781,11.91132816240544,3.3671395946845046,4.932738043129358
310,08125,CO,Yuma County,0,9944.0,26.981094127111827,31.64727877025343,12.521021250573309,4.891864057672503,6.011469250543801
311,09001,CT,Fairfield County,0,956446.0,40.22746710216782,21.1773506683664,9.805912404078404,7.248392441685768,6.351634555024385
312,09003,CT,Hartford County,0,898636.0,40.98211066549749,23.658319698775905,9.69421839906853,5.968658930970553,5.810693884495756
313,09005,CT,Litchfield County,0,185175.0,13.536924530849195,17.82326619476385,6.109383043670561,1.2437046635585183,5.9588700476826615
314,09007,CT,Middlesex County,0,164568.0,17.810874532108308,16.54173978440712,5.013307843799699,2.501466275659824,4.67962173508472
315,09009,CT,New Haven County,0,864751.0,39.20585232049457,25.298155426076896,9.676565560319728,5.5630202140309155,6.706236444153145
316,09011,CT,New London County,0,269131.0,26.031560838402118,22.13609926328034,6.960755928723712,2.6516016477744997,5.149037838771427
317,09013,CT,Tolland County,0,150120.0,17.30349054090061,19.428689589979914,5.177327918315359,2.2179718893119724,4.661132112766535
318,09015,CT,Windham County,0,116503.0,18.885350591830253,25.20299700657836,10.569214813007138,2.2586681342872867,6.864650423218387
319,10001,DE,Kent County,0,180078.0,40.35417985539599,29.933261596226934,11.18182043876563,2.2182254196642686,5.552150132025651
320,10003,DE,New Castle County,0,567769.0,44.51722443458519,23.612284382919587,7.626306409829439,2.4155741690443207,5.945714200253249
321,10005,DE,Sussex County,0,234045.0,25.39169817770087,27.517521209885654,10.359916114039562,2.4217898832684828,5.052984662088092
322,11001,DC,District of Columbia,0,683154.0,63.347063766002975,26.225948331691267,7.777727658562389,3.2202099940665065,7.079709784823336
323,12001,FL,Alachua County,0,276171.0,39.97052550774701,37.44446980069983,6.820671055575839,2.049465253373713,4.819094607461265
324,12003,FL,Baker County,0,28003.0,21.45127307788451,29.939130084250415,14.181664643479177,0.0,5.075503355704698
325,12005,FL,Bay County,0,181384.0,24.67472323909496,31.71515608842682,9.921141627779196,1.6808221621547454,4.629236193254246
326,12007,FL,Bradford County,0,27928.0,27.7785734746491,40.59682804674458,18.0195683170264,0.0,5.002237136465324
327,12009,FL,Brevard County,0,601573.0,27.206673171834506,27.830181550103028,7.509306290784763,1.6253394709404634,4.780078475697214
328,12011,FL,Broward County,0,1934551.0,65.8361552629008,30.94387547625453,10.031513063517881,9.407424801765002,5.993780637667336
329,12013,FL,Calhoun County,0,13863.0,24.24439154584145,46.04394686272872,22.334975369458128,0.04449388209121246,3.446088794926004
330,12015,FL,Charlotte County,0,184837.0,17.014450569961642,28.392155562554912,8.247080636242396,1.7847864177391093,5.378625019575462
331,12017,FL,Citrus County,0,151888.0,13.091225113241336,35.833674146681595,10.102002890770184,1.4246009446714154,7.703411076502317
332,12019,FL,Clay County,0,216308.0,29.156110730994694,25.678353765160665,8.081519806199209,1.1700286695766717,4.789760606778858
333,12021,FL,Collier County,0,372797.0,38.194513367865085,26.563053932566028,10.524229476682592,7.127661650760193,4.180991993845118
334,12023,FL,Columbia County,0,69265.0,29.141702158377246,39.472741153924055,13.524676087047673,0.7190609452736318,8.16872427983539
335,12027,FL,DeSoto County,0,34027.0,46.00170452875658,55.88518530023919,25.211958946898704,8.323093307118866,9.443570733168578
336,12029,FL,Dixie County,0,16701.0,16.633734506915754,41.73619388160509,19.098781270044903,0.9553615549332894,4.9097848716169326
337,12031,FL,Duval County,0,983153.0,49.15369225339291,33.687841124498156,9.500403307118372,3.4691789317016704,5.108627722681341
338,12033,FL,Escambia County,0,318828.0,36.738617687279664,34.99508808262641,9.400516532278631,1.441033302809774,6.280976110413375
339,12035,FL,Flagler County,0,113888.0,26.22313149761169,29.979080239690813,7.679241196119338,4.293156888175683,3.6518955769870307
340,12037,FL,Franklin County,0,12232.0,23.986265533028124,45.233399079552925,21.10856428422588,0.46062733055494626,9.517871986699916
341,12039,FL,Gadsden County,0,44233.0,67.72545384667555,46.1823681514368,19.219286700266444,2.5366224871583487,3.986748914781814
342,12041,FL,Gilchrist County,0,17759.0,14.499690297877132,36.45484949832776,13.690428028157617,2.0273314311458175,3.869407496977025
343,12043,FL,Glades County,0,12183.0,41.15570877452188,48.30437610331692,30.57706204191184,5.402449693788276,9.06344410876133
344,12045,FL,Gulf County,0,15205.0,21.18382111147649,28.478964401294498,13.261255173578851,0.6704113063960863,4.138682156471229
345,12047,FL,Hamilton County,0,13973.0,45.84555929292206,54.7921103805908,24.08155414502789,1.4020912547528517,11.349335819156375
346,12049,FL,Hardee County,0,25632.0,54.034019975031214,49.86722866174921,23.759271543146596,12.487549800796813,6.615749819382804
347,12051,FL,Hendry County,0,39439.0,69.4033824387028,57.09288268127685,30.680866339595546,15.459012557522813,6.111736032995876
348,12053,FL,Hernando County,0,192128.0,24.577365089940038,35.08349694935293,11.012097307149167,1.8028984764418703,6.30190705748648
349,12055,FL,Highlands County,0,101174.0,34.87358412240299,40.53298602414467,14.09233216998563,3.397230370420902,7.351789331532749
350,12057,FL,Hillsborough County,0,1444359.0,52.99111924389989,31.925151380847595,10.81641085652414,7.026578861824251,5.0265311341260706
351,12059,FL,Holmes County,0,19622.0,13.99449597390684,47.804167600268876,19.515779161710167,0.38598999285203717,4.787165221891578
352,12061,FL,Indian River County,0,158002.0,26.073087682434398,27.420404517322783,8.869152476022705,2.037016583303091,5.981083921333133
353,12063,FL,Jackson County,0,48067.0,35.00738552437223,41.72169053094938,16.64626682986536,0.7888961385610059,5.135776735568294
354,12065,FL,Jefferson County,0,14405.0,39.9166955918084,33.4243795848291,16.19489559164733,0.11123470522803114,6.206896551724138
355,12067,FL,Lafayette County,0,8343.0,32.92580606496464,37.806803502224774,26.380060220809636,5.470635559131135,5.875115349123346
356,12069,FL,Lake County,0,375059.0,32.21173202082872,29.692562751112455,9.619611158072697,2.5787026195175806,6.12656306511956
357,12071,FL,Lee County,0,752251.0,34.79516810213612,30.064629088737917,10.232748879728812,4.771353777363639,4.628180674725262
358,12073,FL,Leon County,0,290965.0,44.45620607289536,35.64432024430296,6.801426327436165,1.260229271650365,6.1940120362343425
359,12075,FL,Levy County,0,42392.0,21.494621626722026,45.32765836028153,12.440636632011296,1.5248144712430427,5.162250329079151
360,12077,FL,Liberty County,0,7987.0,26.129961186928757,46.856881293866344,23.00069541029207,0.0,7.703230386936458
361,12079,FL,Madison County,0,18051.0,46.24120547338097,47.06583819745183,19.530495505534507,1.4904517931998138,3.9215686274509802
362,12081,FL,Manatee County,0,394824.0,29.818349441776586,28.116234569640586,9.74082770963553,2.70201082852279,5.477336317851147
363,12083,FL,Marion County,0,370372.0,31.141122979058895,37.9348772225518,11.617025594931754,2.1228791092258747,6.850905240005702
364,12085,FL,Martin County,0,158323.0,22.791382174415595,26.365342327063086,7.896494973031986,1.9195861317843528,4.565992522339151
365,12086,FL,Miami-Dade County,0,2690113.0,86.74137480470151,38.06254451337256,17.510282109260288,24.15696677848371,5.113400002140633
366,12087,FL,Monroe County,0,82244.0,35.22202227518117,25.028691306225703,7.933035437224602,5.403798709984247,3.707686448462038
367,12089,FL,Nassau County,0,88492.0,14.349319712516387,22.69574739916043,8.50364572983384,0.7465913349283676,4.767870479678127
368,12091,FL,Okaloosa County,0,209230.0,27.984992591884527,27.5004439533553,7.119078461688466,1.9783578895885552,3.8550294638809905
369,12093,FL,Okeechobee County,0,39716.0,38.15842481619499,42.11838859961634,19.377863002024075,4.853318913072868,5.032808816971396
370,12095,FL,Orange County,0,1409949.0,61.75932604654495,34.55059217703542,10.532896764091202,8.251348644622675,5.6792550657581335
371,12097,FL,Osceola County,0,380331.0,70.3332097567645,39.11778333796682,13.389919961270301,12.693816042703077,5.985015470905385
372,12099,FL,Palm Beach County,0,1481233.0,47.48233397446587,28.882470105887105,10.933399078403756,7.170132107193192,6.112616435971098
373,12101,FL,Pasco County,0,551598.0,28.134619777446616,31.04063122758529,9.56561090498145,2.2575212361608332,5.444751724940695
374,12103,FL,Pinellas County,0,957989.0,27.14707580149668,28.628288175929345,7.853226600486907,2.8099968729704377,4.971910694666142
375,12105,FL,Polk County,0,713148.0,43.99605691946132,37.963323113531324,13.642637308453217,4.069468911200815,4.93499361948413
376,12107,FL,Putnam County,0,73147.0,29.334080686836096,52.26015852452394,18.138575276520143,2.6221978473983687,9.007518256052375
377,12109,FL,St. Johns County,0,265724.0,19.06828137465942,18.649011457885713,5.3002020031093675,1.0968214136344625,4.679523097995268
378,12111,FL,St. Lucie County,0,324599.0,45.203466430888575,31.746594734516854,11.781884476930413,4.087211300803693,5.665371214151702
379,12113,FL,Santa Rosa County,0,184345.0,18.918332474436518,24.636133145192574,7.717260341684945,0.688542067699233,4.9263223953367685
380,12115,FL,Sarasota County,0,429336.0,18.00291613095571,22.118880986786806,6.316132467131965,2.5706079217008813,3.5784229328971717
381,12117,FL,Seminole County,0,467382.0,41.83687005490156,24.840431729810675,5.819891457164885,3.031107130813584,4.473956155781868
382,12119,FL,Sumter County,0,127335.0,15.563670632583342,23.592815384485224,7.780015167760664,0.47362510375807687,5.531346640427326
383,12121,FL,Suwannee County,0,43514.0,25.155122489313786,41.74159734577103,17.093128977789323,0.8941581666445887,5.296020888914117
384,12123,FL,Taylor County,0,21762.0,29.252826027019573,43.644581633777975,17.80085063797848,0.0687757909215956,6.203612939364235
385,12125,FL,Union County,0,16141.0,30.964624248807386,37.73767947225456,22.680937818552497,0.0,3.3619290517041502
386,12127,FL,Volusia County,0,548783.0,30.077097869285307,32.18871277117749,8.868399487710448,1.6336423574500478,4.19833876665038
387,12129,FL,Wakulla County,0,33144.0,21.37641805454984,23.823114632999797,11.821576763485476,0.257411681164566,3.2694182645433862
388,12131,FL,Walton County,0,73456.0,16.563657155303854,27.999107553721082,8.775849335302805,1.2060168312239083,4.616497829232995
389,12133,FL,Washington County,0,24906.0,23.408014133140608,47.41140705113662,16.428571428571427,0.598667118490907,5.647442872687704
390,13001,GA,Appling County,0,18509.0,31.730509481873682,51.13229379029147,22.204227062920072,1.265632062678921,2.883235485975212
391,13003,GA,Atkinson County,0,8269.0,45.0114886927077,55.65143412736996,33.15609570831751,9.19811320754717,6.158437330439501
392,13005,GA,Bacon County,0,11163.0,26.946161426139923,47.22700325109964,16.65753424657534,1.9101703665462055,3.427922814982974
393,13007,GA,Baker County,0,2928.0,48.94125683060109,62.431693989071036,16.3627863487611,0.0,12.127236580516898
394,13009,GA,Baldwin County,0,43876.0,47.94648555018689,42.183692120227455,14.301834595224229,0.6834712816654126,7.554166445939503
395,13011,GA,Banks County,0,18061.0,13.133270583024196,32.410387304405724,23.098367184388692,1.2494215640906987,3.3923123856009765
396,13013,GA,Barrow County,0,82138.0,31.814750785263822,31.659324522760645,12.276394247632409,2.307117171645245,3.97582013236805
397,13015,GA,Bartow County,0,107868.0,24.346423406385583,31.384257172900703,13.448352441495711,2.466538694154461,5.592719934225278
398,13017,GA,Ben Hill County,0,17237.0,45.24569240587109,51.256875850239545,16.227880880448854,1.2448740480374927,4.184818481848184
399,13019,GA,Berrien County,0,18195.0,19.07666941467436,44.052469997209045,19.416547106647535,0.7386192342478143,6.239349849259405
400,13021,GA,Bibb County,0,156711.0,63.13277306634506,44.48674009250325,13.60984841094875,0.7693355119825708,7.740803605813803
401,13023,GA,Bleckley County,0,12562.0,32.19232606272887,44.41390317432169,12.423500611995104,0.04725897920604915,7.7094293808174825
402,13025,GA,Brantley County,0,18072.0,8.621071270473662,49.93052853887623,18.710868518221226,0.22641509433962265,4.7361299052774015
403,13027,GA,Brooks County,0,16254.0,44.91817398794143,50.66434868992922,18.443346276032475,0.06662225183211193,7.098591549295774
404,13029,GA,Bryan County,0,43278.0,28.67738804935533,22.68247326824733,7.71578831230922,1.007028926736956,6.292608759625288
405,13031,GA,Bulloch County,0,79635.0,37.18214352985496,44.01281480310889,11.79932421848777,0.9198741224885015,9.063279301745636
406,13033,GA,Burke County,0,24231.0,52.42045313854153,40.51264840374208,16.079266718306222,1.2125371768474034,5.646399855452164
407,13035,GA,Butts County,0,24950.0,34.52905811623246,34.41555525618573,18.849059819348973,0.16587677725118483,4.792016599150282
408,13037,GA,Calhoun County,0,5668.0,67.67819336626675,54.77243172951886,23.426820645769503,0.0,15.06931886678722
409,13039,GA,Camden County,0,54256.0,30.641772338543205,34.046643979158254,8.1798826101968,0.11980830670926518,4.582279566205153
410,13043,GA,Candler County,0,10885.0,40.32154340836013,49.46044853148165,21.861680186992988,4.06544372830937,5.769230769230769
411,13045,GA,Carroll County,0,118402.0,31.47581966520836,33.513249139722966,14.404151972852485,1.5081505805089717,6.071080234766687
412,13047,GA,Catoosa County,0,67579.0,10.004587223841726,30.32672897196262,10.884324784505694,1.0569744597249509,3.507672099826855
413,13049,GA,Charlton County,0,12416.0,39.01417525773196,42.358847881617194,19.189248733201143,0.12626262626262627,11.094311094311095
414,13051,GA,Chatham County,0,294815.0,52.710004579142854,33.23918731179611,9.384328171952838,1.6507369825741098,7.078547854785479
415,13053,GA,Chattahoochee County,0,9533.0,44.67638728626875,49.51102270843693,4.925146452592753,1.9966722129783694,11.660978384527873
416,13055,GA,Chattooga County,0,24898.0,17.836774038075347,54.07099035933391,28.01656266402286,0.9250190445097398,3.2456049100176845
417,13057,GA,Cherokee County,0,262155.0,22.92613148709733,20.108235764727603,8.050409790052768,2.473250679347826,4.074599347610268
418,13059,GA,Clarke County,0,128195.0,45.21315183899528,46.72609872229644,10.288319369147363,2.8747707823960877,5.569278797338869
419,13061,GA,Clay County,0,2883.0,58.96635449184877,48.766737138830166,19.570294255021018,0.0,4.781533388293488
420,13063,GA,Clayton County,0,294335.0,90.88351708087723,44.106801538819106,14.62884711724859,4.24665615721622,6.964291804508714
421,13065,GA,Clinch County,0,6737.0,35.549948048092624,55.14341492716625,25.769146847043423,0.16941973739940702,5.135699373695198
422,13067,GA,Cobb County,0,762500.0,49.858360655737705,22.320445079629774,7.087758459329533,3.0185160702232925,4.921759494718914
423,13069,GA,Coffee County,0,43048.0,42.63380412562721,47.952967132148316,22.820539893710627,3.4886835409133523,4.165753124314843
424,13071,GA,Colquitt County,0,45800.0,45.22707423580786,49.831114643353864,23.58960639400729,3.8966644059436466,6.916370366762457
425,13073,GA,Columbia County,0,154274.0,33.23243061047228,17.892166464266595,7.083308985371745,1.7354034918167112,5.2206156965267025
426,13075,GA,Cook County,0,17188.0,36.089131952525015,44.97844954832615,18.617886178861788,0.3137384412153236,5.302740599107712
427,13077,GA,Coweta County,0,144928.0,29.885184367410023,22.2888683942279,9.502253216696234,1.876228817526449,3.4280914157710876
428,13079,GA,Crawford County,0,12159.0,27.041697508018753,34.11803990316387,18.72602580495176,0.25682932523931823,9.762532981530343
429,13081,GA,Crisp County,0,20524.0,50.79906450984214,47.046170776849586,16.623112659698023,0.5358776630505816,9.725250763192324
430,13083,GA,Dade County,0,16313.0,7.343836204254275,32.05744822979292,17.164916060687673,0.0,4.722709485899339
431,13085,GA,Dawson County,0,26202.0,9.78932905885047,25.511265164644715,11.61861109630656,0.36824877250409166,5.798493130447628
432,13087,GA,Decatur County,0,29020.0,50.379048931771194,47.94952681388013,15.564910092505976,0.4881859011911736,5.681068601583114
433,13089,GA,DeKalb County,0,758634.0,70.91680573240852,30.954660530578533,9.27675981007057,4.481102395234699,6.692274984325115
434,13091,GA,Dodge County,0,20089.0,36.23375976902782,46.17967631839701,14.091786108048513,0.0,4.222673091554654
435,13093,GA,Dooly County,0,11546.0,57.786246319071545,45.701084773001206,19.96720927509076,1.0545267489711936,9.963849977406236
436,13095,GA,Dougherty County,0,86825.0,75.77541030809098,49.40453276874218,16.44026845637584,0.6814607723222087,9.875514349705714
437,13097,GA,Douglas County,0,143520.0,63.037207357859536,29.329993296404755,11.692486319705,1.9307404160357058,6.654002787875475
438,13099,GA,Early County,0,10813.0,55.7847035975215,49.23163418290854,19.83494593056346,0.0,8.233701782088879
439,13101,GA,Echols County,0,3691.0,41.58764562449201,43.457057707938226,20.980392156862745,2.0346646571213265,3.9399624765478425
440,13103,GA,Effingham County,0,63448.0,24.01021308788299,22.64135959339263,9.648509961695053,0.5109129207188635,5.210522963246066
441,13105,GA,Elbert County,0,19453.0,37.65486043283812,44.39303353262282,20.805223068552774,3.537887559500836,7.612340710932259
442,13107,GA,Emanuel County,0,22739.0,41.013237169620474,46.885757561848806,19.852452479064205,0.7398423286840509,9.443684930066253
443,13109,GA,Evans County,0,10761.0,44.02936530062262,47.862001943634596,22.821929451763705,3.937210499227998,8.159471183639743
444,13111,GA,Fannin County,0,25198.0,6.548138741169934,38.30323897986147,12.364713089646722,0.3038970325348588,5.1037897543325075
445,13113,GA,Fayette County,0,117828.0,40.5820348304308,15.210017815540633,5.148920327624721,1.6127128048924466,4.138640086432231
446,13115,GA,Floyd County,0,98210.0,29.844211383769476,39.54184327674711,16.29800143299236,3.0759363060877325,4.636867775773368
447,13117,GA,Forsyth County,0,245754.0,32.12236626870773,12.36714778596656,6.374847253048705,2.747499787345218,3.6596397087006514
448,13119,GA,Franklin County,0,23256.0,17.371861025111798,40.78883655412247,18.23365433350228,1.7972681524083391,5.543689320388349
449,13121,GA,Fulton County,0,1054286.0,61.052314077963665,27.371932668475647,6.75437451937892,2.6185746156874634,5.494051016676294
450,13123,GA,Gilmer County,0,31047.0,14.899990337230651,32.33134017938386,14.96646049307431,2.245414294750158,3.3616605249304357
451,13125,GA,Glascock County,0,2903.0,13.021012745435756,38.112011271574495,18.167860798362334,0.0,1.5349194167306215
452,13127,GA,Glynn County,0,84373.0,36.84828084813862,33.589425060002654,11.034494357456397,2.1406544714230114,4.326695411609301
453,13129,GA,Gordon County,0,57274.0,23.345671683486398,42.58104407737832,23.267249857653088,4.038051825793985,3.0468104290329854
454,13131,GA,Grady County,0,26076.0,42.12302500383495,44.51917130488559,20.263816238344326,2.5102459016393444,2.6670164393144455
455,13133,GA,Greene County,0,18461.0,41.83413682899085,34.35602953240361,12.368957483983692,0.6007646095030038,5.543294820199922
456,13135,GA,Gwinnett County,0,948505.0,64.93682162982799,28.108425008018656,12.122255576168367,8.792612366367363,4.057643710318944
457,13137,GA,Habersham County,0,45767.0,24.286057639784122,35.29167339966296,19.464672945593424,2.9557627454870063,2.431654676258993
458,13139,GA,Hall County,0,201703.0,40.474856596084344,31.69181930160129,19.358849727578956,5.275055397748398,3.5935612885342625
459,13141,GA,Hancock County,0,8652.0,75.32362459546925,52.78693672476056,30.973711264502864,0.0,2.1748222501045587
460,13143,GA,Haralson County,0,29685.0,9.941047667171972,30.25884442016118,16.929923223629515,0.0,4.902095029439956
461,13145,GA,Harris County,0,34316.0,23.834362979368226,18.954848260547745,6.694665058838205,0.1230113170411678,6.430713857228554
462,13147,GA,Hart County,0,25808.0,25.709082455052695,41.006848492130246,17.868904706257304,1.5132034417960638,5.596084587681227
463,13149,GA,Heard County,0,11440.0,15.340909090909092,37.17778368323146,17.956893253411554,0.676779463243874,7.068273092369477
464,13151,GA,Henry County,0,236615.0,60.65126893899372,25.116777701202235,7.610178963648415,1.498661245537485,6.273212674831568
465,13153,GA,Houston County,0,161177.0,45.158428311731825,27.76491316385603,6.989415136638384,0.9894846294463917,5.423190669449103
466,13155,GA,Irwin County,0,9615.0,33.43733749349974,42.41873396065013,21.13918373448946,0.6659267480577136,7.668019846639602
467,13157,GA,Jackson County,0,73839.0,20.268421836698764,27.868964761330627,13.734068480562547,1.1377341802685534,4.474670899586743
468,13159,GA,Jasper County,0,14478.0,25.535294930238983,41.95193516836663,12.39193083573487,0.09433962264150944,5.585149313962874
469,13161,GA,Jeff Davis County,0,14753.0,29.383854131363112,51.99645680021804,20.45572781188222,1.2962256957682043,5.094687447628624
470,13163,GA,Jefferson County,0,15708.0,58.39062897886428,45.453947368421055,20.282843319687384,1.4933333333333334,5.80060422960725
471,13165,GA,Jenkins County,0,8693.0,41.113539629587024,60.133098945253636,17.773500160410652,3.2826747720364744,4.068278805120911
472,13167,GA,Johnson County,0,9272.0,38.740293356341674,47.05951958348125,24.758507950661315,0.0,11.596907491335644
473,13169,GA,Jones County,0,28297.0,29.37060465773757,29.76067339586974,8.801767547014695,0.19149751053236308,5.1493769704248615
474,13171,GA,Lamar County,0,18482.0,34.828481766042636,34.220333061604755,10.31589338598223,0.0,8.39211870591097
475,13173,GA,Lanier County,0,9874.0,32.651407737492406,54.21837522160809,14.656855383691244,1.9552281099461604,2.9658645775041967
476,13175,GA,Laurens County,0,49202.0,42.96166822486891,47.41086235489221,13.619832706994787,0.5124956812161695,5.095287853908544
477,13177,GA,Lee County,0,32547.0,30.18711401972532,20.418227815672335,8.843792473168675,0.0,4.936955021642306
478,13179,GA,Liberty County,0,64334.0,62.1568688407374,42.101442261155746,8.569062691989208,2.021814312317106,9.528672427337
479,13181,GA,Lincoln County,0,7686.0,33.047098620869114,47.561939905113334,16.472868217054263,0.13545546901456146,4.5129162776221605
480,13183,GA,Long County,0,16398.0,43.59068179046225,44.41887942292146,17.547205798207134,4.418648193222243,7.567888410743434
481,13185,GA,Lowndes County,0,117437.0,47.31728501238962,43.78604535965751,11.083594897342126,0.7080353782461423,5.60771132746098
482,13187,GA,Lumpkin County,0,33188.0,9.868024587200193,34.42369566588859,11.644457181067011,1.8825436858223743,4.306546695625194
483,13189,GA,McDuffie County,0,21727.0,46.98301652321996,41.93593379515551,15.904898544783766,0.5963972736124635,5.3706030150753765
484,13191,GA,McIntosh County,0,11291.0,37.888583827827475,40.73410922112802,16.548940464177598,0.1274968125796855,4.181966544267645
485,13193,GA,Macon County,0,12330.0,67.41281427412814,50.32051282051282,27.44920993227991,0.10238034297414896,9.27346570397112
486,13195,GA,Madison County,0,29906.0,19.66495017722196,41.048196831816654,18.174314153920854,1.3320647002854424,6.237340224907452
487,13197,GA,Marion County,0,7563.0,41.901361893428536,41.73586927404232,23.04307974335472,0.2051983584131327,5.702453010512902
488,13199,GA,Meriwether County,0,20659.0,43.308001355341496,49.702439024390245,20.57675183231728,0.0,5.588682333684088
489,13201,GA,Miller County,0,5984.0,32.92112299465241,41.77215189873418,14.929714008725156,0.0,6.4338235294117645
490,13205,GA,Mitchell County,0,21940.0,54.430264357338196,51.47096184136984,17.47746553552492,0.4404731940599043,8.792796798577147
491,13207,GA,Monroe County,0,27825.0,27.42857142857143,29.985356512597157,11.289655885088354,0.0,4.11250475104523
492,13209,GA,Montgomery County,0,8701.0,34.22595104011033,43.87236206458174,19.083969465648856,2.695134756737837,9.39983557138942
493,13211,GA,Morgan County,0,19694.0,27.312887173758504,19.719109825992668,10.497913368830048,0.22081148219707425,3.060155103751834
494,13213,GA,Murray County,0,39853.0,18.96720447645096,37.92436996160008,27.222951434464655,2.2867438153974082,6.773162939297124
495,13215,GA,Muscogee County,0,204366.0,60.84818414021902,40.30811518192337,11.58384464972018,1.0638162337083232,8.023402979772188
496,13217,GA,Newton County,0,111262.0,56.348079308299326,32.460589694935045,10.969362830623211,0.9658888719434701,5.815662016797576
497,13219,GA,Oconee County,0,41006.0,16.541481734380334,14.53090087656837,3.9795765129899388,1.661296097386323,3.0332585584706915
498,13221,GA,Oglethorpe County,0,14779.0,25.096420596792747,30.62970568104038,15.106669229290794,0.0,4.170577980421081
499,13223,GA,Paulding County,0,165688.0,32.4326444884361,20.90907434513,9.24906570444964,0.5076326849948145,4.192738014933358
500,13225,GA,Peach County,0,27822.0,54.704909783624466,38.92275638552358,14.97129479962098,1.0480948182975804,8.705428846771603
501,13227,GA,Pickens County,0,32814.0,13.920887426098616,30.766161213088587,11.864688525952708,0.09489166534872687,4.581437387022377
502,13229,GA,Pierce County,0,19644.0,16.055793117491348,42.882087099424815,13.877706038739083,0.138217000691085,2.7596825772829563
503,13231,GA,Pike County,0,18754.0,13.250506558600833,21.47578285838119,11.941580756013746,0.016129032258064516,4.257028112449799
504,13233,GA,Polk County,0,42692.0,28.487772884849623,40.736115365583544,18.049917040279592,1.8507770684207132,6.455417115315592
505,13235,GA,Pulaski County,0,10001.0,44.70552944705529,36.18958673826757,19.608900876601485,1.264591439688716,4.82881962187021
506,13237,GA,Putnam County,0,21870.0,34.942844078646544,37.13418001104362,12.36118122160525,0.3263501421202232,4.2994490655719995
507,13239,GA,Quitman County,0,2249.0,59.44864384170743,40.64028457092041,31.089560752994867,2.2198731501057085,20.99236641221374
508,13241,GA,Rabun County,0,16731.0,12.216842986073756,40.932863050352715,14.353126228863546,0.3796507213363705,4.159077109896782
509,13243,GA,Randolph County,0,6503.0,69.06043364600953,62.944,20.966612187718887,0.0,9.6474234792716
510,13245,GA,Richmond County,0,205772.0,66.650467507727,43.55762347888332,13.630921587465819,1.3160217843028073,9.015399668183944
511,13247,GA,Rockdale County,0,92983.0,71.50769495499178,34.66276997957499,10.594453064391,2.6070420807262913,6.1172322609078895
512,13249,GA,Schley County,0,4622.0,31.826049329294676,39.939420164430985,13.555408970976254,0.0,6.730769230769231
513,13251,GA,Screven County,0,14028.0,45.209580838323355,42.78376990241397,16.604907361041562,0.3186743148502231,5.700082850041425
514,13253,GA,Seminole County,0,9108.0,38.24110671936759,41.507548845470694,14.131399822432671,0.594900849858357,5.329719963866306
515,13255,GA,Spalding County,0,66722.0,43.213632684871556,40.88348017284818,16.207190098880233,0.47578523905307135,4.682080924855491
516,13257,GA,Stephens County,0,26641.0,18.29135542960099,39.69705293725229,16.111080500303046,0.6675301384875959,5.397844153706903
517,13259,GA,Stewart County,0,5347.0,78.28688984477277,51.83540556542333,28.97674418604651,0.0,6.864064602960969
518,13261,GA,Sumter County,0,29690.0,61.03401818794206,47.71116575065085,16.6604487555295,2.0785219399538106,7.515123313168916
519,13263,GA,Talbot County,0,5837.0,59.37981839986294,45.66752799310939,18.080509438253355,0.43154178109062374,6.447784810126582
520,13265,GA,Taliaferro County,0,1574.0,65.6289707750953,48.41168996188056,17.606177606177607,0.0,5.673758865248227
521,13267,GA,Tattnall County,0,23211.0,43.806815733919265,40.784642819679014,22.062008787672504,2.792482795129698,7.355710645840258
522,13269,GA,Taylor County,0,7857.0,42.40804378261423,50.68759730150493,23.75178316690442,0.9366925064599484,6.832298136645963
523,13271,GA,Telfair County,0,12860.0,51.197511664074646,50.710710710710714,29.623910885629208,0.0,1.6353887399463807
524,13273,GA,Terrell County,0,9102.0,64.16172269830807,51.37750455373406,20.770982433311648,1.1363636363636365,7.418162618796198
525,13275,GA,Thomas County,0,45669.0,42.38761523133854,35.23382731386991,13.158736249680224,1.3414155020486052,5.561487809218722
526,13277,GA,Tift County,0,41148.0,45.416545154077966,46.662069670037795,15.968238288818814,2.361483613527834,2.717391304347826
527,13279,GA,Toombs County,0,26956.0,40.84433892268883,49.23875042291643,17.67369869296033,2.893956437263524,5.986716404330816
528,13281,GA,Towns County,0,12300.0,6.504065040650407,31.24453001925433,7.476836888601595,0.0,5.013246382718566
529,13283,GA,Treutlen County,0,6410.0,29.765990639625585,49.404170804369414,24.79829140958709,0.35778175313059035,8.375850340136054
530,13285,GA,Troup County,0,69483.0,44.58356720348862,39.60436903937147,12.855245105511878,1.2412753807106598,4.920324294101202
531,13287,GA,Turner County,0,8856.0,46.6576332429991,52.54435107376284,20.336243129647592,4.7721015601101255,8.5189021232522
532,13289,GA,Twiggs County,0,8034.0,45.00871296987802,39.554108216432866,19.639934533551553,0.38128249566724437,3.0560271646859083
533,13291,GA,Union County,0,24183.0,6.686515320679816,40.79732532058064,12.252384446074835,0.7471490365709791,3.0573248407643314
534,13293,GA,Upson County,0,27424.0,33.208138856476076,43.374581562417724,17.3092305231163,0.0771902740254728,3.163103021735289
535,13295,GA,Walker County,0,67772.0,9.701646697751285,39.02195910230465,15.62813650050184,0.1014475789145109,6.5638261623764835
536,13297,GA,Walton County,0,95453.0,27.277298775313508,28.603374454194753,12.214394813129266,0.5483353024932593,4.9788473394417405
537,13299,GA,Ware County,0,36084.0,37.52909876953775,47.12243074173369,18.20479373879015,0.99506385646008,4.495221027479092
538,13301,GA,Warren County,0,5218.0,62.035262552702186,50.756987577639755,28.458913100551325,0.0,7.266602502406159
539,13303,GA,Washington County,0,20052.0,57.87452623179733,50.60074955908289,16.00396909773903,0.5452257793932616,4.106029106029106
540,13305,GA,Wayne County,0,30118.0,29.244969785510328,46.23594907981987,15.481561396626129,0.4702627939142462,4.692956306958521
541,13307,GA,Webster County,0,2372.0,58.93760539629005,48.22635135135135,19.40828402366864,6.243272335844995,8.449304174950298
542,13309,GA,Wheeler County,0,7568.0,44.212473572938684,47.52368064952639,27.016498625114572,3.079947575360419,5.264857881136951
543,13311,GA,White County,0,27886.0,9.298572760524996,31.520341038550587,14.831153027076361,0.4487367086137938,3.9821972358866247
544,13313,GA,Whitfield County,0,103076.0,42.82180138926617,41.85364798001161,27.68127681276813,5.851154347949401,6.575430558067563
545,13315,GA,Wilcox County,0,8841.0,41.070014704218984,51.36548518303312,17.72784019975031,1.3082583810302535,7.157534246575342
546,13317,GA,Wilkes County,0,9643.0,48.64668671575236,43.70923627182832,19.173363949483353,0.20060180541624875,2.2781205505457995
547,13319,GA,Wilkinson County,0,8931.0,44.563878625014,48.306433280290975,13.307618129218902,0.6238303181534623,8.16081608160816
548,13321,GA,Worth County,0,20824.0,32.49615827890895,38.23572438679475,15.079798117582868,1.29387650525237,6.774400684931507
549,15001,HI,Hawaii County,0,200468.0,70.19673962926751,30.253270952323085,7.175247662899401,3.950869723537156,6.887600858995476
550,15003,HI,Honolulu County,0,1015167.0,82.25356025166303,19.685871443071328,7.252190301548492,6.437485055676119,4.813405582037357
552,15007,HI,Kauai County,0,73247.0,70.70869796715223,24.16596385958606,7.915904239097286,2.8983589200635254,4.41904561255662
553,15009,HI,Maui County,0,164568.0,70.31743716882991,21.12844990373792,7.445318666768517,3.696285168493481,5.714318730716341
554,16001,ID,Ada County,0,485246.0,16.596942581700826,22.801504496862826,4.97022342262778,1.2954124866075776,3.4992981908920773
555,16003,ID,Adams County,0,4321.0,9.071974080074057,32.72642390289449,7.4992704989786985,0.0,9.731543624161073
556,16005,ID,Bannock County,0,86362.0,17.528542646071188,33.961120749067234,6.711945665201757,0.7298359428607073,5.242230570327365
557,16007,ID,Bear Lake County,0,6327.0,7.712976134028765,34.77707006369427,6.890674458242025,0.5826983415508741,4.156125767979761
558,16009,ID,Benewah County,0,9509.0,15.963823745924913,40.672000000000004,14.190391459074734,0.8132361189007292,4.4001023279611156
559,16011,ID,Bingham County,0,47540.0,26.67437946992007,36.16939774420089,10.674509257970207,1.8350383631713554,5.427475750056395
560,16013,ID,Blaine County,0,23868.0,28.326629797218033,28.014437402946236,9.975253358472779,4.612398675647905,2.3879694702637346
561,16015,ID,Boise County,0,7549.0,11.710160286130614,25.375116186429423,5.293037234930707,0.030515715593530668,1.497097464100214
562,16017,ID,Bonner County,0,46481.0,8.685269249800994,31.815023881893183,8.101411696917316,0.20719332731233067,3.69256976802445
563,16019,ID,Bonneville County,0,121771.0,18.17674158871981,32.056135932464564,7.49763673193788,1.5230374403377065,4.169932591315254
564,16021,ID,Boundary County,0,11966.0,11.164967407655023,36.05619584419954,11.715328467153284,0.0,4.135802469135803
565,16023,ID,Butte County,0,2573.0,9.327633113097551,41.15566037735849,10.783798001052078,4.366347177848776,2.868447082096934
566,16025,ID,Camas County,0,1044.0,11.302681992337165,34.67432950191571,20.473537604456823,4.179104477611941,2.375296912114014
567,16027,ID,Canyon County,0,227367.0,31.317649439012698,35.83846997850191,13.47545692641302,3.1273220268279647,4.393697572563284
568,16029,ID,Caribou County,0,7003.0,9.11038126517207,25.19161243673174,10.309278350515463,0.9716599190283401,2.7291604865025216
569,16031,ID,Cassia County,0,24469.0,32.0364542891005,37.23373454109277,15.688836921383864,5.67287267274772,3.1196287383980748
571,16035,ID,Clearwater County,0,8719.0,10.609014795274687,33.83153894870171,7.5702431212694705,0.28785261945883706,5.767470247177296
572,16037,ID,Custer County,0,4273.0,11.888602855136906,36.73421300659755,12.991400491400492,0.5827505827505828,4.817073170731708
573,16039,ID,Elmore County,0,28396.0,29.359768981546697,41.891547397938744,10.746618978428524,3.454442771084337,6.870158613057913
574,16041,ID,Franklin County,0,14036.0,9.924479908805928,31.567598648745776,7.253638749701742,0.9269476936658574,0.8181537511577648
575,16043,ID,Fremont County,0,13370.0,15.026178010471202,34.3871975019516,11.463525147258723,2.798507462686567,5.337223270979921
576,16045,ID,Gem County,0,18692.0,15.284613738497754,30.611684603558093,12.203105968331302,3.7447789140141152,3.6620365055676727
577,16047,ID,Gooding County,0,15422.0,33.523537803138375,39.67994774657087,22.83146521256185,5.95524320325504,5.595254145881084
578,16049,ID,Idaho County,0,16494.0,9.506487207469384,37.96459065796082,7.846670488983537,0.7671833411617348,4.24681858538029
579,16051,ID,Jefferson County,0,30427.0,13.944851612055082,34.9166611766256,8.206739006282124,1.6907437132156236,3.5204367301231803
580,16053,ID,Jerome County,0,24081.0,40.49665711556829,38.97708708582918,23.69420702754036,10.333501768569985,3.8376068376068377
581,16055,ID,Kootenai County,0,168317.0,11.686282431364628,27.81289430992009,6.462938660031019,0.591551899436177,3.55272175445467
582,16057,ID,Latah County,0,39464.0,13.427427528887087,32.97267609501579,3.4840333217632766,0.33108366229466446,5.354345659087673
583,16059,ID,Lemhi County,0,7948.0,6.806743834927026,37.06400919892679,10.036375661375661,0.47604879500148767,3.4524530587522717
584,16061,ID,Lewis County,0,3613.0,18.931635759756436,43.909899888765295,10.030983733539891,0.5141388174807198,3.6336109008327027
585,16063,ID,Lincoln County,0,5184.0,35.39737654320987,36.887159533073934,18.66387058118634,5.228031145717464,6.686815262561391
586,16065,ID,Madison County,0,50979.0,12.293297240040015,46.88234016935436,4.38624605100499,1.2932943573390026,6.539039039039039
587,16067,ID,Minidoka County,0,21393.0,39.082877576777456,41.046780044283224,20.88474270237737,7.08950156186337,3.87026166550592
588,16069,ID,Nez Perce County,0,41820.0,13.74461979913917,30.965199941265727,6.838280660862411,0.4273504273504274,3.2897286821705425
589,16071,ID,Oneida County,0,4514.0,7.7315019937970755,22.65033407572383,9.911444141689374,1.8181818181818181,0.32786885245901637
590,16073,ID,Owyhee County,0,11815.0,31.206093948370718,37.28581220013708,25.14073694984647,8.175803402646503,2.8752800597460793
591,16075,ID,Payette County,0,24928.0,23.467586649550707,32.665883020550446,13.855494839101395,1.6069887834339949,4.268559908843895
592,16077,ID,Power County,0,7854.0,39.25388337153043,41.55794320798158,20.547385620915033,8.268446421950316,5.900783289817232
593,16079,ID,Shoshone County,0,13124.0,9.661688509600731,41.60086700727667,11.596480201131364,1.749217455348923,6.2834455377179355
594,16081,ID,Teton County,0,11490.0,19.321148825065272,27.295696114305628,7.607052896725442,1.428911645629912,3.4472331418203805
595,16083,ID,Twin Falls County,0,89128.0,23.251952248451666,35.22049721184314,12.96978629329403,3.0288091203204437,3.722263658400149
596,16085,ID,Valley County,0,11476.0,5.960264900662252,37.676180408738546,9.450744941071825,0.6233062330623307,0.7495948136142625
597,16087,ID,Washington County,0,10425.0,21.755395683453237,46.47628267182962,12.186865267433989,3.623540856031129,6.584169974317068
598,17001,IL,Adams County,0,65878.0,8.893712620298126,28.195995230204574,7.557305032403984,0.058879811584602926,4.204997243100497
599,17003,IL,Alexander County,0,5488.0,36.86224489795919,48.50857568978375,13.799423932966745,0.0,10.626992561105206
600,17005,IL,Bond County,0,16804.0,12.6815044037134,33.376105895860064,11.237363188236277,0.16409583196586808,3.7840077337384344
601,17007,IL,Boone County,0,53592.0,28.237423496044183,26.589039027704388,12.91898455369497,2.799386145949092,8.231340643792006
602,17009,IL,Brown County,0,6330.0,26.714060031595576,29.321613702952444,19.31228373702422,1.7017017017017018,1.497504159733777
603,17011,IL,Bureau County,0,33338.0,13.354130421740956,31.10975795402649,9.405314213412062,0.8268059181897303,5.9283851078966086
604,17013,IL,Calhoun County,0,4537.0,4.033502314304607,18.434743270753223,7.239411234604987,0.0,4.0992448759439055
605,17015,IL,Carroll County,0,15586.0,10.573591684845374,31.124252311038607,12.07653150781113,0.5080171455786633,5.013927576601671
606,17017,IL,Cass County,0,13058.0,25.81559197426865,33.632634104806876,15.063334474495035,6.26128838049368,6.777777777777779
607,17019,IL,Champaign County,0,206583.0,33.98875996572806,35.537185764224546,5.229051393250585,3.814993584652044,5.060943296237414
608,17021,IL,Christian County,0,34038.0,5.314648334214701,33.57954192787537,10.589011170190842,0.39802461855974053,5.444480625203517
609,17023,IL,Clark County,0,15587.0,3.54782831847052,23.799882437463264,6.956201693043798,0.0,4.091028676664036
610,17025,IL,Clay County,0,13313.0,4.416735521670548,35.79341431736573,11.621911922663802,0.8812190196438406,5.62749800159872
611,17027,IL,Clinton County,0,37048.0,9.061217879507666,21.932062491041997,8.703394968172173,0.28060329708874077,3.388665679847748
612,17029,IL,Coles County,0,47542.0,9.85023768457364,38.60243924638208,8.075348075348074,0.42922689821895504,7.3559670781893
613,17031,IL,Cook County,0,5265398.0,58.36738267458605,29.724796394661336,12.026606549131891,7.275642185636913,7.264569295486009
614,17033,IL,Crawford County,0,18825.0,9.508632138114208,28.74039385206532,13.685509034177489,0.07987220447284345,3.0424242424242425
615,17035,IL,Cumberland County,0,10528.0,3.7613981762917934,21.718538565629228,7.076425394257986,0.31507513330101794,2.728561304039688
616,17037,IL,DeKalb County,0,100922.0,24.633875666356193,29.968121222157823,7.3655338506823655,2.7510210372196964,7.351179300109079
617,17039,IL,De Witt County,0,15653.0,5.711365233501565,28.465491446041764,6.877787689562891,0.0,5.391733497840839
618,17041,IL,Douglas County,0,19708.0,10.675867667952101,28.730880529144276,16.116268452290367,1.977587343441002,3.259022293312006
619,17043,IL,DuPage County,0,934094.0,34.55765693816682,15.637337432196702,6.513435020594395,4.395123566072225,4.812509929591928
620,17045,IL,Edgar County,0,16998.0,3.3474526414872336,33.84707646176911,11.995821950827574,0.2518557794273595,5.443084010183052
621,17047,IL,Edwards County,0,6233.0,4.075084229103161,29.22728742321371,7.85601086710437,1.6566265060240966,7.96221322537112
622,17049,IL,Effingham County,0,34576.0,4.673762147154095,25.541609100796613,6.876343859353261,0.6239364719228588,2.627221547632189
623,17051,IL,Fayette County,0,21514.0,8.027331040252857,40.04996252810392,13.573207497706122,0.40741227493757387,4.235768713581354
624,17053,IL,Ford County,0,13589.0,7.793067922584443,31.904870450573664,8.247750132345157,0.36719706242350064,4.646314221891288
625,17055,IL,Franklin County,0,38068.0,4.833455920983503,38.890825712676666,10.447816707580152,0.11701669027529715,6.067336918400748
626,17057,IL,Fulton County,0,34022.0,8.670860031744166,33.39663849586934,10.487390882638216,0.29511264665658965,7.3110924695102275
627,17059,IL,Gallatin County,0,5038.0,4.525605398967844,33.72393247269116,11.968589222854048,0.0,8.068783068783068
628,17061,IL,Greene County,0,12187.0,4.135554279149914,34.8500168520391,9.340148698884757,0.044326241134751775,3.4204193881058784
629,17063,IL,Grundy County,0,52364.0,15.121075548086472,18.85076557703076,6.387854482956174,0.29763381120095245,4.72156289939748
630,17065,IL,Hamilton County,0,8021.0,4.650292980925071,32.702736789002394,11.836806163544038,0.0,5.437553101104503
631,17067,IL,Hancock County,0,17750.0,4.4845070422535205,28.82913740937375,6.5928927680798,0.4207383279044517,4.690058479532164
632,17069,IL,Hardin County,0,3700.0,4.8108108108108105,33.25972950593431,15.187713310580206,0.0,6.0357675111773474
633,17071,IL,Henderson County,0,6485.0,5.042405551272166,26.275668948350965,7.543679342240493,0.0,7.271616254201038
634,17073,IL,Henry County,0,49412.0,10.371974419169433,25.28441879637263,7.718755372184975,0.7658262469541002,4.355828220858895
635,17075,IL,Iroquois County,0,27362.0,10.88370733133543,32.29108086829378,11.556567171900056,0.9606831524639745,5.583060400639805
636,17077,IL,Jackson County,0,53676.0,26.678590058871748,44.53591767409332,8.370914931735344,1.9063227809885275,8.570522476809641
637,17079,IL,Jasper County,0,9324.0,2.8957528957528957,27.152747728256166,7.970570202329859,0.0267022696929239,4.666949512091642
638,17081,IL,Jefferson County,0,37362.0,15.662973074246562,34.65960579972814,10.105488457422412,0.7187842278203724,6.779856115107914
639,17083,IL,Jersey County,0,21533.0,4.5604421121069985,21.04263093788063,7.5923210238634855,0.25581990278843697,4.623381360569032
640,17085,IL,Jo Daviess County,0,21995.0,5.924073653102978,24.166093140628583,7.754755846358901,0.8594843094143514,3.0973451327433628
641,17087,IL,Johnson County,0,13238.0,13.551896056806164,29.677773709264006,16.92371390125246,0.0,3.9111316824809075
642,17089,IL,Kane County,0,518648.0,43.731008313923894,21.9169549902764,13.970879454554522,4.085224232193001,5.157581891267783
643,17091,IL,Kankakee County,0,108104.0,29.06275438466662,30.843443096476026,10.456804601552465,1.3260298418678433,5.373700213971996
644,17093,IL,Kendall County,0,130757.0,33.377180571594636,13.732251053993657,6.381136748950906,1.3001735106998265,4.261423568625796
645,17095,IL,Knox County,0,50193.0,18.19177973024127,38.94922410603521,11.062378167641326,0.8311057108140948,5.179354955443977
646,17097,IL,Lake County,0,714484.0,40.05618040431976,19.937677265263474,9.187170764646115,4.6025220491352465,5.4750441085815105
647,17099,IL,LaSalle County,0,109986.0,15.54834251632026,28.754134716583973,9.445188543169174,1.3371069462705858,5.8220698719428805
648,17101,IL,Lawrence County,0,15465.0,15.738764953119949,33.90206579954093,15.63468863495438,0.4955037621581942,6.369029035279425
649,17103,IL,Lee County,0,34373.0,14.476478631484014,28.25669271166901,10.384385580561641,0.4811963281018655,3.615754812563323
650,17105,IL,Livingston County,0,35902.0,11.40604980223943,31.479507225775883,9.862666719436419,0.29796964867299564,4.4909295042250195
651,17107,IL,Logan County,0,28238.0,14.29987959487216,25.689315608074843,9.654543612602573,0.15450331727710623,5.6442942712332975
652,17109,IL,McDonough County,0,27743.0,13.192517031323217,38.26660729466057,4.951151851405138,0.5779318929492309,8.5720333004092
653,17111,IL,McHenry County,0,310749.0,20.517845592423466,15.395940073934755,6.464794042793855,1.7152194047847895,5.072776063484402
654,17113,IL,McLean County,0,171455.0,21.127992767781635,27.481935571229858,4.0123338568200095,1.2474226804123711,3.230410257571982
655,17115,IL,Macon County,0,104331.0,24.645599102855336,31.578373448590348,8.250723991980397,0.32359467455621305,8.080006511211492
656,17117,IL,Macoupin County,0,45152.0,4.597802976612331,32.57339304292758,8.912806114490719,0.18697943226245112,4.875278080181758
657,17119,IL,Madison County,0,266112.0,16.021449615199614,26.513085626934807,6.999919417658278,0.44993856075094474,5.265901215716216
658,17121,IL,Marion County,0,37781.0,9.258622058706758,37.131840183772255,11.013552204619202,0.2746174970576697,8.99408943905431
659,17123,IL,Marshall County,0,11781.0,6.289788642729819,26.69907202828104,7.5524475524475525,0.6745707277187245,4.213694507148231
660,17125,IL,Mason County,0,13225.0,3.9017013232514177,33.25668736107917,9.363883657668968,0.0,5.216025137470542
661,17127,IL,Massac County,0,14280.0,13.0812324929972,35.083446744502545,12.685837245696401,0.5671423344310281,4.423902277979532
662,17129,IL,Menard County,0,12343.0,4.707121445353642,21.198950303427917,4.281592613964224,0.0,5.10960416338117
663,17131,IL,Mercer County,0,15779.0,5.6023829139996195,27.49437118044387,7.477797513321492,0.1262028711153179,4.178599323092945
664,17133,IL,Monroe County,0,34732.0,3.918576528849476,10.738586798487933,4.691879595401552,0.2893389717338081,2.4247185126996595
665,17135,IL,Montgomery County,0,28482.0,7.513517309177726,29.838772794865775,12.150797486708555,0.439659039928219,4.592954660374178
666,17137,IL,Morgan County,0,33189.0,12.507155985416855,33.23355263157895,10.594795539033457,0.09099871085159628,6.26929012345679
667,17139,IL,Moultrie County,0,14634.0,3.888205548722154,23.91243725599554,13.451363451363452,0.7126716495741352,3.7709101219166428
668,17141,IL,Ogle County,0,51787.0,14.86859636588333,26.580888121763692,9.047195508366224,1.6320831929131963,6.545923985267874
669,17143,IL,Peoria County,0,182439.0,31.215365135744,32.318444413132305,7.8232985467986325,0.8745620554198961,7.287938541500444
670,17145,IL,Perry County,0,21158.0,14.528783438888363,36.580882352941174,16.37840670859539,0.6783423778983719,4.686373467916366
671,17147,IL,Piatt County,0,16664.0,4.272683629380701,19.66265060240964,6.301089918256131,0.14956625785222855,4.550664832645576
672,17149,IL,Pike County,0,14923.0,4.6237351738926495,34.49281399708394,8.858931150698123,0.12161223071577484,5.936788154897495
673,17151,IL,Pope County,0,3820.0,10.54973821989529,38.34857301191465,10.877796901893287,0.1457725947521866,7.5558982266769465
674,17153,IL,Pulaski County,0,5279.0,36.27580981246448,41.1268685320046,10.71049840933192,0.5923532579429186,6.256684491978609
675,17155,IL,Putnam County,0,5638.0,8.35402625044342,21.108742004264393,6.687743190661479,0.6962576153176675,4.0447815095702415
676,17157,IL,Randolph County,0,30632.0,15.787411856881691,31.333012690073623,14.922209695603156,0.35534754723522277,4.732096281392056
677,17159,IL,Richland County,0,15876.0,5.618543713781809,32.82717796937331,7.665030005455538,0.6738755680927754,4.728789986091794
678,17161,IL,Rock Island County,0,144694.0,29.449044189807456,32.57588774341352,10.976173720719814,2.44340461989653,6.570548712206047
679,17163,IL,St. Clair County,0,258597.0,39.38406091331299,29.576832681791878,7.7254848618809575,0.5056005755453192,5.716956149232806
680,17165,IL,Saline County,0,23869.0,8.550840001675814,40.06856653096207,12.154213499504978,0.5086774386594853,7.423863741553271
681,17167,IL,Sangamon County,0,196759.0,20.6160836353102,27.375966661829036,7.225239430039711,0.4466501240694789,5.36154269074915
682,17169,IL,Schuyler County,0,6953.0,7.478786135481087,30.61609997093868,7.593984962406015,1.300148588410104,6.540880503144654
683,17171,IL,Scott County,0,4923.0,4.0016250253910215,25.961736268257564,5.996573386636208,0.2573340195573855,4.11740725642071
684,17173,IL,Shelby County,0,21160.0,3.156899810964083,28.802974686561473,6.836647070480216,0.0,3.7517899761336517
685,17175,IL,Stark County,0,5436.0,5.849889624724062,30.538809344385832,10.42311661506708,0.1326259946949602,3.6053882725832014
686,17177,IL,Stephenson County,0,44817.0,18.55099627373541,33.895959527212504,8.095282989220955,0.38435568482833843,6.809231614616723
687,17179,IL,Tazewell County,0,131977.0,6.672374731960871,23.794903522678936,6.7768720297056495,0.42070775703196267,4.256307073208482
688,17181,IL,Union County,0,17259.0,8.946057129613536,37.59411764705882,10.76923076923077,0.059683676514473295,6.951582364078983
689,17183,IL,Vermilion County,0,74953.0,22.350006003762356,39.13886409283642,9.76796919287683,1.109355565267086,6.64121432310108
690,17185,IL,Wabash County,0,11414.0,6.0364464692482915,31.727192205491583,8.117443868739207,1.014584654407102,4.736454109841503
691,17187,IL,Warren County,0,16887.0,17.386155030496834,29.960744586551858,12.122037591936802,2.4493986506306835,8.389780154486036
692,17189,IL,Washington County,0,13827.0,4.194691545526868,22.076679667378027,7.864943392445646,0.17208742040956806,5.006934812760056
693,17191,IL,Wayne County,0,16250.0,3.84,37.53086419753087,12.611822487282934,0.5591524426133019,3.918881885448068
694,17193,IL,White County,0,13959.0,3.904291138333692,40.50689195197866,10.312374849819783,0.0,3.6021926389976504
695,17195,IL,Whiteside County,0,55932.0,16.21254380318959,28.56361049290379,8.650175599328142,1.4227817539018712,4.090500987609984
696,17197,IL,Will County,0,696403.0,37.96178362241404,17.12854495226772,8.520828764907543,3.3107917128959725,5.1783294869849685
697,17199,IL,Williamson County,0,67271.0,10.972038471258045,32.71742150597388,7.311783107403545,0.47403500017820865,4.708103955959545
698,17201,IL,Winnebago County,0,285471.0,32.81944575806299,35.044545134204895,11.823810111481345,2.1155848663658454,7.852870141541227
699,17203,IL,Woodford County,0,38571.0,4.744497161079567,18.237617421007684,5.71935098469958,0.293015332197615,3.4817351598173514
700,18001,IN,Adams County,0,35685.0,6.731119518004763,36.20645235164457,13.743498430251627,3.4041860086326245,3.0172957959853552
701,18003,IN,Allen County,0,381839.0,27.56790165488596,31.011313157137838,9.936967447241873,2.104827346728903,4.967450262072324
702,18005,IN,Bartholomew County,0,81759.0,19.876710820827064,27.039892891676793,8.401672438853698,2.4115407237717856,3.8113771744547544
703,18007,IN,Benton County,0,8687.0,8.656613330263612,38.907052779075194,11.575892094929145,0.8737571557698103,4.03661112414926
704,18009,IN,Blackford County,0,12139.0,4.786226213032375,41.98798197295944,9.12170053725765,0.0,4.598825831702544
705,18011,IN,Boone County,0,69839.0,10.78194132218388,14.58061144499608,5.590678606106376,0.7194795254496746,3.1611266853557605
706,18013,IN,Brown County,0,15444.0,4.856254856254856,25.926412614980286,6.939051156508526,0.3965736040609137,4.9294863501099755
707,18015,IN,Carroll County,0,20288.0,6.944992113564669,27.910105640821207,10.911524373062836,0.27932960893854747,3.3707865168539324
708,18017,IN,Cass County,0,37918.0,22.07922358774197,36.78061210659004,15.318594582167899,3.6449656826814154,4.443847393874261
709,18019,IN,Clark County,0,120185.0,17.976452968340475,27.313352143134708,9.092102123598186,1.057802098369132,3.9531781074298786
710,18021,IN,Clay County,0,26397.0,4.784634617570179,29.08296602566603,8.809081977950004,0.0,4.744379550364029
711,18023,IN,Clinton County,0,33010.0,18.74280521054226,33.96606804999845,13.184160438234066,3.984850979746419,3.6422001358108522
712,18025,IN,Crawford County,0,10511.0,4.5761583103415475,40.25072324011572,17.142088266953714,1.051122790253225,3.252217420968843
713,18027,IN,Daviess County,0,33281.0,10.711817553559086,37.530954783087225,23.132704858593183,2.702004990964633,2.556015506932124
714,18029,IN,Dearborn County,0,50494.0,4.174753436051808,22.56081637572568,9.239593389743881,0.3589927688599415,3.1285638257431767
715,18031,IN,Decatur County,0,26466.0,5.7545530114108665,26.044632550981145,8.218484558699442,0.0,3.9671090594345064
716,18033,IN,DeKalb County,0,43059.0,5.590004412550222,27.48786265450196,9.046622525644105,0.4158745247148289,3.939089997264521
717,18035,IN,Delaware County,0,112480.0,13.783783783783784,40.85346721054283,9.5339074119181,0.5087496162449016,6.354262268531015
718,18037,IN,Dubois County,0,43474.0,11.013479320973456,23.498179255256666,10.002035002035003,2.246150283663309,2.156709279067745
719,18039,IN,Elkhart County,0,206314.0,26.272090115067325,31.498974520785676,18.06866690126838,2.946329702984175,4.416622010035563
720,18041,IN,Fayette County,0,23393.0,5.988971059718719,39.68543621828293,15.056645145571935,0.5373566187868141,4.924105529454283
721,18043,IN,Floyd County,0,79594.0,12.88539337135965,22.65616986357575,8.72544208785417,0.18913627766532834,4.133800759567631
722,18045,IN,Fountain County,0,16422.0,5.212519790524905,31.96377972157201,12.148070907194995,0.14613473622680112,4.899387576552931
723,18047,IN,Franklin County,0,22769.0,3.7507136896657736,24.092336266749214,11.714467813894199,0.9442446043165468,2.257064093728463
724,18049,IN,Fulton County,0,20400.0,8.92156862745098,32.489345700676864,12.467847956559016,0.34194528875379937,6.5228504242919945
725,18051,IN,Gibson County,0,33017.0,7.832328800314989,27.89354367876774,8.547274749721913,0.5272952853598015,2.8409437298055233
726,18053,IN,Grant County,0,66802.0,15.626777641387982,37.31608651681728,11.707173834477775,0.2927867979771094,7.393530660671913
727,18055,IN,Greene County,0,30924.0,4.174751002457638,33.7254644951994,11.639171959968927,0.1603592046183451,5.951890034364261
728,18057,IN,Hamilton County,0,341616.0,17.811226640438388,12.007266603069167,2.76222854615553,1.8192465043403945,3.014226120440689
729,18059,IN,Hancock County,0,78616.0,8.733591126488246,16.216042560847104,6.679930732102724,0.7555123216601816,3.021836111763325
730,18061,IN,Harrison County,0,39516.0,5.268751897965381,25.11787617876179,9.76309092864055,0.21472605111865348,4.564960841111469
731,18063,IN,Hendricks County,0,172100.0,17.824520627542125,14.16886153117694,4.883829964575953,0.5881324410675398,2.621225066717298
732,18065,IN,Henry County,0,48857.0,7.004114047117096,33.01035014314028,9.203071525121509,0.09218089144344431,4.809294575078689
733,18067,IN,Howard County,0,83349.0,16.036185197182927,29.50985901727466,9.098666109427786,0.2826325200438369,5.645404319437469
734,18069,IN,Huntington County,0,36572.0,5.848736738488461,29.151322871225428,7.172171972745746,0.9110396570203645,2.623089534084299
735,18071,IN,Jackson County,0,45948.0,13.48045616784191,32.1223923359298,10.858812949640289,3.082930240690017,4.126799606545649
736,18073,IN,Jasper County,0,33006.0,10.631400351451251,25.46618597712581,8.560328659462355,0.9045065236532458,4.330509546086737
737,18075,IN,Jay County,0,20570.0,5.4982984929509,38.71588609781375,11.97034668217167,0.24551927326295114,4.197080291970803
738,18077,IN,Jefferson County,0,33000.0,7.933333333333334,32.14297340408216,10.469204392551761,0.7373705679322247,3.6644418269859966
739,18079,IN,Jennings County,0,27619.0,5.478112893298092,31.33573738800699,11.09410460758959,0.0,4.249857387335995
740,18081,IN,Johnson County,0,159739.0,12.615579163510477,20.287883722563876,7.230282964894346,0.46069777217318203,3.481918977052609
741,18083,IN,Knox County,0,36362.0,8.882899730487873,33.58428900755785,11.3187267465895,1.5088346237839985,3.463755264908003
742,18085,IN,Kosciusko County,0,80151.0,13.016681014584972,25.720290408865115,12.269835643527415,2.1346575519153874,3.5879877309365864
743,18087,IN,LaGrange County,0,40085.0,6.209305226393913,25.430914826498423,40.41286564735106,5.651242162076355,3.377110694183865
744,18089,IN,Lake County,0,495925.0,46.7742098099511,31.423442902163163,10.197186449751658,2.1446861313101038,7.128254788035291
745,18091,IN,LaPorte County,0,112184.0,22.061969621336374,31.96302369513727,10.619424104366807,0.6357499537636397,5.385488619090681
746,18093,IN,Lawrence County,0,45133.0,5.189107748210843,29.1205079708187,11.200275853421521,0.21364097633926188,3.8754041623024724
747,18095,IN,Madison County,0,130037.0,16.107723186477696,33.55365474339036,10.239920578015553,0.35439587187226174,5.762464531820025
748,18097,IN,Marion County,0,969542.0,46.55971582458522,36.41845199322735,13.108667064777677,3.592487498905671,5.603094805148501
749,18099,IN,Marshall County,0,46175.0,13.253925284244723,32.04473406128919,14.470301057770547,2.4962941002075305,3.5642592675201854
750,18101,IN,Martin County,0,9885.0,4.289327263530602,27.55815166371128,12.660069848661234,0.0,2.2884283246977546
751,18103,IN,Miami County,0,36100.0,12.542936288088644,33.739933680720036,13.604821761370395,0.19014298752662004,4.8321247943452565
752,18105,IN,Monroe County,0,140189.0,16.896475472397977,35.76544926883778,6.148417713737736,2.2603219034289714,6.378534271313442
753,18107,IN,Montgomery County,0,37967.0,8.805014881344325,32.062348801407516,9.474214031283879,1.251621271076524,4.101663394978821
754,18109,IN,Morgan County,0,71394.0,4.990615457881615,23.597411482980785,11.51743752143131,0.051994354898611005,4.319466995129052
755,18111,IN,Newton County,0,13865.0,9.837720879913451,30.885053250091808,12.174524982406757,1.0202222627072326,8.588685916322923
756,18113,IN,Noble County,0,47293.0,13.604550356289513,26.772930769729868,17.158328873217265,2.0901593040334427,3.54864602255925
757,18115,IN,Ohio County,0,5931.0,4.8895633114146015,28.142685645686843,10.675430643699002,0.0,1.4334470989761092
758,18117,IN,Orange County,0,19752.0,5.8424463345483995,35.31261275192,15.118476522750399,0.5032712632108707,3.1828826910794126
759,18119,IN,Owen County,0,21280.0,4.304511278195489,35.18909579573815,14.143595785064466,0.29606821411653245,5.780513609695104
760,18121,IN,Parke County,0,16316.0,5.889924000980633,37.35478702096408,15.121193823859224,1.5220148577640877,6.399877806628991
761,18123,IN,Perry County,0,19151.0,6.265991332045324,26.912732474964233,9.206581352833638,0.22588360350783948,3.629638192116518
762,18125,IN,Pike County,0,12220.0,3.993453355155483,25.008366800535477,11.774212166685906,0.19504583577140627,3.588598901098901
763,18127,IN,Porter County,0,172353.0,18.316478390280412,23.04964539007092,5.936629965766387,0.6551358772702174,4.395273401297498
764,18129,IN,Posey County,0,25301.0,4.983992727560175,21.71811973321618,7.319668458781361,0.725718262252709,3.204925797284496
765,18131,IN,Pulaski County,0,12496.0,6.690140845070422,32.06212392258904,12.796590647316286,0.22703818369453044,5.300581771170006
766,18133,IN,Putnam County,0,36838.0,8.651392583745046,26.59422814964995,10.856537160096211,1.4323883033991391,2.068680182043856
767,18135,IN,Randolph County,0,24681.0,7.5847818159718,34.13109188025341,10.93969144460028,0.7771001377139484,5.945630420280187
768,18137,IN,Ripley County,0,28953.0,4.818153559216661,27.06212706212706,9.84709480122324,0.6201132380695605,4.296977660972405
769,18139,IN,Rush County,0,16706.0,4.740811684424758,33.09172859057132,10.269988714298115,0.21077988557663355,6.636838180462341
770,18141,IN,St. Joseph County,0,272049.0,28.74923267499605,32.11763981181326,8.985650890906225,1.8555440609423495,4.774026049371972
771,18143,IN,Scott County,0,24290.0,5.541375051461507,40.634067246970474,19.027977044476327,0.0,4.636896707262066
772,18145,IN,Shelby County,0,44825.0,8.390407138873398,26.678955872647414,10.932930552431147,0.8530699292849928,3.3027996387562895
773,18147,IN,Spencer County,0,19949.0,5.72961050679232,25.218362786918547,8.587355348574654,0.4193138500635324,3.3373063170441
774,18149,IN,Starke County,0,23275.0,6.8098818474758325,38.574387297204005,14.431641233260667,0.6844465423648808,5.74621699139551
775,18151,IN,Steuben County,0,34379.0,6.762849413886383,26.64833486098381,7.626797082507694,0.2775951493900212,6.576206294690615
776,18153,IN,Sullivan County,0,20814.0,8.845008167579515,40.3294625978936,12.57276681164269,1.056105610561056,5.580110497237569
777,18155,IN,Switzerland County,0,9870.0,4.832826747720365,36.78974358974359,15.048183839881393,0.0,4.911810672025005
778,18157,IN,Tippecanoe County,0,185961.0,25.50749888417464,38.44271741378801,7.420327387279439,2.5598529268394588,3.89279474165904
779,18159,IN,Tipton County,0,15290.0,5.421844342707652,26.887232059645854,9.447594658862265,0.0,3.3455835762260806
780,18161,IN,Union County,0,7098.0,5.4804170188785575,26.30669546436285,11.778335586020468,1.1702127659574468,3.789303950550927
781,18163,IN,Vanderburgh County,0,179695.0,17.490748212248533,33.2741273872821,9.052648683782905,0.7929561457367177,4.660396394050835
782,18165,IN,Vermillion County,0,15477.0,3.7862634877560253,36.5839243498818,8.573003767343563,0.5894214363269739,7.462068965517242
783,18167,IN,Vigo County,0,106523.0,15.18451414248566,40.25752294230632,10.361925811752046,0.4343232773799742,6.5628369012783
784,18169,IN,Wabash County,0,31120.0,6.423521850899743,32.81774005885976,10.135516657255787,0.15153932046578403,3.939212157568486
785,18171,IN,Warren County,0,8430.0,4.887307236061685,25.931714354412115,6.490066225165562,0.0,2.6013592688071245
786,18173,IN,Warrick County,0,63575.0,8.910735351946519,17.24726721455358,5.453840716842609,0.715254655321248,3.6125590980724938
787,18175,IN,Washington County,0,28025.0,3.671721677074041,34.80904977375566,13.332990538872892,0.6014472324029696,3.749814732473692
788,18177,IN,Wayne County,0,66588.0,12.753048597344868,36.99922928102931,11.843985664973726,1.1178596713492566,4.616159707790163
789,18179,IN,Wells County,0,28103.0,6.486851937515568,26.011497598602823,6.797495659493872,0.45863309352517984,2.400272758267985
790,18181,IN,White County,0,24593.0,11.40975074208108,30.303904993608512,10.855457227138643,1.088549298723048,5.028638814016173
791,18183,IN,Whitley County,0,34048.0,6.056156015037594,22.509093077335876,7.862656599316657,0.1092896174863388,5.031094178945599
792,19001,IA,Adair County,0,7439.0,5.202312138728324,30.52081901882644,5.303030303030303,0.0,4.690775681341719
793,19003,IA,Adams County,0,3697.0,4.679469840411144,30.03865267807841,5.470213563132259,0.2616088947024199,3.900508762012436
794,19005,IA,Allamakee County,0,14068.0,10.442138185953938,29.21470524254949,9.645448043322775,2.941176470588235,3.548112404200965
795,19007,IA,Appanoose County,0,12310.0,5.694557270511779,43.65527975751618,9.133894591165955,0.24390243902439024,6.214798990095164
796,19009,IA,Audubon County,0,5657.0,4.2778858051971005,29.85884907709012,8.215788171244741,0.7205764611689351,1.8639972385226096
797,19011,IA,Benton County,0,25654.0,4.701021283230685,21.480072894382378,5.768690670111779,0.21836228287841192,2.6012634708286884
798,19013,IA,Black Hawk County,0,131396.0,20.305032116655,34.25274482584553,7.887973798395868,2.091087627419807,5.159426856204338
799,19015,IA,Boone County,0,26721.0,5.954118483589686,20.465611685940353,5.853761622992392,0.16791044776119401,2.052989318906922
800,19017,IA,Bremer County,0,24863.0,5.6911877086433655,18.73420973750696,3.512751348700343,0.4150238638721726,3.4197586052749216
801,19019,IA,Buchanan County,0,20598.0,4.408194970385474,24.319686197597452,6.241371793940274,0.5393604725825093,2.5
802,19021,IA,Buena Vista County,0,20723.0,43.33831974135019,36.47154306584153,20.633221168553074,10.658140154543032,5.877536165953963
803,19023,IA,Butler County,0,14421.0,4.105124471257195,27.141448295294452,5.856832971800434,0.8361774744027304,4.71474403682522
804,19025,IA,Calhoun County,0,9962.0,6.605099377635012,28.472821397756686,5.997447894512973,0.1780264496439471,2.4180423157405255
805,19027,IA,Carroll County,0,20756.0,6.489689728271343,26.898610295556864,5.7791977280795175,0.3538408857436366,2.291178062421072
806,19029,IA,Cass County,0,13158.0,5.456756345949232,34.21032268049215,10.66538296961917,1.3328717327332527,1.7351598173515983
807,19031,IA,Cedar County,0,18494.0,5.23412998810425,21.95027837495177,4.447151995126409,0.1896761956374475,3.412047228337002
808,19033,IA,Cerro Gordo County,0,43185.0,10.492069005441703,28.04271469319441,6.488574396260711,0.2555061576984005,3.368466336846634
809,19035,IA,Cherokee County,0,11606.0,9.391693951404447,30.086925669682458,6.4769026655409485,0.0,2.811179720506987
810,19037,IA,Chickasaw County,0,12021.0,4.858164878129939,25.433623826042812,6.665852765230131,0.07992007992007992,2.1351227695592496
811,19039,IA,Clarke County,0,9736.0,19.361133935907972,39.336691855583545,15.486100204177792,1.8181818181818181,3.330430996952547
812,19041,IA,Clay County,0,16410.0,7.3308957952468,30.43424317617866,4.552729859505602,0.26621829900518423,4.672131147540984
813,19043,IA,Clayton County,0,17173.0,4.448844115763117,28.328008519701807,9.070993914807302,0.5328596802841918,2.365543405489846
814,19045,IA,Clinton County,0,46589.0,9.757668119083904,30.18590783531372,8.01838768395397,0.10993037742762918,4.7602178629942875
815,19047,IA,Crawford County,0,16555.0,36.103896103896105,35.601806640625,18.70193209529169,10.228933268387726,6.882295719844358
816,19049,IA,Dallas County,0,96604.0,16.82331994534388,15.626884604986795,4.113583063953857,1.9067685014485118,2.804913610847853
817,19051,IA,Davis County,0,9066.0,4.8202073681888375,25.993303571428573,20.510547775217162,2.0952380952380953,3.058603782395517
818,19053,IA,Decatur County,0,7718.0,8.66804871728427,34.957142857142856,10.104011887072808,0.8516213560432362,4.199403955567597
819,19055,IA,Delaware County,0,17508.0,4.283755997258396,20.975918884664132,7.807708246995442,0.10080645161290322,2.0357803824799507
820,19057,IA,Des Moines County,0,39069.0,13.988072384755176,31.63345363251216,7.067514425373957,0.8625748151625395,3.885031652031856
821,19059,IA,Dickinson County,0,17536.0,5.594206204379562,21.01135904976071,4.446837975073088,0.11116600790513835,2.449537426408747
822,19061,IA,Dubuque County,0,98687.0,10.16344604659175,22.9305712966461,6.247065060970992,0.7714878332574493,4.059552605426488
823,19063,IA,Emmet County,0,9433.0,14.682497614756706,30.236056468410087,10.252509887435352,4.149377593360995,2.1944216570959805
824,19065,IA,Fayette County,0,19582.0,7.7418036972730055,34.85326601451562,7.4333284219832025,0.37005057357838905,2.6004728132387704
825,19067,IA,Floyd County,0,15672.0,10.407095456865747,30.341797505976608,7.1948410870566555,1.594159713945173,2.6615019367737096
826,19069,IA,Franklin County,0,10056.0,15.940731901352425,31.591712986356747,9.18818661720645,2.385589094449854,3.452605147520402
827,19071,IA,Fremont County,0,6702.0,5.923604894061475,27.83693337389717,5.267593763168985,0.2188183807439825,2.4009978172747117
828,19073,IA,Greene County,0,8831.0,6.205412750537878,30.937894616002755,6.810497504427629,0.13192612137203166,4.6263345195729535
829,19075,IA,Grundy County,0,12336.0,4.004539559014267,18.793046900623157,4.590354445090064,0.17914012738853505,2.70735524256651
830,19077,IA,Guthrie County,0,10599.0,5.953391829417869,24.733130003812427,5.628964059196617,0.29128388976025094,3.6168665939658307
831,19079,IA,Hamilton County,0,15073.0,11.716313938831021,27.421959095801938,6.497548095058468,0.15017520440513932,3.8239635046290084
832,19081,IA,Hancock County,0,10837.0,8.212604964473563,24.76056338028169,8.243681140635125,0.6941431670281996,2.4170212765957446
833,19083,IA,Hardin County,0,16997.0,8.948637994940285,27.29964834351286,7.629117527450183,1.3081188681928053,2.8807528979685526
834,19085,IA,Harrison County,0,14589.0,4.30461306463774,25.448976750661284,7.814347654710288,0.08428860418071477,2.6431132952583347
835,19087,IA,Henry County,0,20488.0,12.831901600937135,26.680050718512256,8.089181077604687,1.0310641110376735,4.599659284497445
836,19089,IA,Howard County,0,9456.0,4.642554991539763,28.82708063820612,8.42072311785882,1.186623516720604,1.7930750206100576
837,19091,IA,Humboldt County,0,9622.0,7.597173144876325,30.620602751233854,6.8909063848787016,1.7187873000716163,3.7360406091370555
838,19093,IA,Ida County,0,6979.0,6.1326837655824615,30.772601139185046,7.3861217539378465,0.13554727211114878,1.5461071231363888
839,19095,IA,Iowa County,0,16596.0,6.176187033020005,24.10927091609118,5.45627212293879,0.29563932002956395,3.922222222222222
840,19097,IA,Jackson County,0,19499.0,5.025898764039181,27.70846329798295,6.481414126718557,0.33665835411471323,4.276944751937204
841,19099,IA,Jasper County,0,37686.0,7.4483893222947515,29.652953089022667,5.855533365989675,1.3917884481558804,4.594966159052453
842,19101,IA,Jefferson County,0,15846.0,19.56329673103622,43.586170283363195,7.226290097629009,1.958732057416268,5.039309189328522
843,19103,IA,Johnson County,0,151833.0,23.034518187745746,30.15630719924851,3.764371642917388,3.6204249418057546,3.778426992037578
844,19105,IA,Jones County,0,20680.0,7.470986460348163,26.594705731174507,5.329174859312496,0.3352787780951198,3.987286911297313
845,19107,IA,Keokuk County,0,10050.0,4.109452736318408,32.89951573849879,7.025028441410694,0.6044487427466151,4.473902236951118
846,19109,IA,Kossuth County,0,14823.0,6.746272684341902,29.74912844350263,6.419305608546357,0.9654313298037995,3.8623691010471917
847,19111,IA,Lee County,0,33724.0,9.64001897758273,32.01222335401426,6.695815115552779,0.27722490759169743,4.847474373224651
848,19113,IA,Linn County,0,228567.0,15.734554857000354,24.435057322104583,5.103030146336419,1.576889382705498,3.9005262614797234
849,19115,IA,Louisa County,0,10891.0,22.266091268019466,26.31578947368421,15.463645943097998,5.960920108830077,4.487856388595565
850,19117,IA,Lucas County,0,8650.0,4.219653179190751,36.04801694715782,7.167687468962091,1.4665190924183729,3.8964124495129484
851,19119,IA,Lyon County,0,11953.0,5.0363925374383,22.09991532599492,6.2662506500260005,0.5728689275893676,2.9160625100692767
852,19121,IA,Madison County,0,16414.0,5.513585963202145,20.72,3.526877860540249,0.04704406460718206,2.7464177160225796
853,19123,IA,Mahaska County,0,22132.0,7.667630580155431,32.594700503825344,8.035714285714286,0.419834335640531,3.5447437011294527
854,19125,IA,Marion County,0,33381.0,6.009406548635451,20.930159329932614,5.978039853599023,0.8005437655766181,2.473332551869652
855,19127,IA,Marshall County,0,40137.0,31.434835687769393,33.54541692530519,14.73180653909899,6.419139756830957,5.492452180754291
856,19129,IA,Mills County,0,14658.0,6.2696138627370726,21.634149716341497,4.778761061946903,0.0,3.303100040611886
857,19131,IA,Mitchell County,0,10526.0,3.6386091582747486,27.581851743903623,7.240323029796714,0.5227272727272727,1.2354271793979468
858,19133,IA,Monona County,0,8732.0,5.657352267521759,30.241794182922554,7.193320488118175,0.31695721077654515,2.5538894095595124
859,19135,IA,Monroe County,0,7589.0,5.204901831598366,26.45368266274562,6.499032882011606,0.0,3.194297782470961
860,19137,IA,Montgomery County,0,10327.0,7.523966301926988,32.599508599508596,7.809172227743859,0.1141552511415525,4.129734085414988
861,19139,IA,Muscatine County,0,43145.0,24.327268513153317,29.825719878310498,10.391193785487859,1.0187667560321716,3.7075505780346822
862,19141,IA,O'Brien County,0,14139.0,8.784213876511776,28.643871341640104,8.405707196029777,0.8818342151675485,2.535441657579062
863,19143,IA,Osceola County,0,6168.0,12.678339818417639,25.49827046615055,11.426592797783934,1.7675817976682964,4.224483502929386
864,19145,IA,Page County,0,15250.0,9.757377049180329,34.14839797639123,7.92273987302155,0.7778317938745746,7.050765511684126
865,19147,IA,Palo Alto County,0,8996.0,8.148065807025343,24.846590251244645,6.5369018653690185,0.9497964721845319,2.817493692178301
866,19149,IA,Plymouth County,0,25543.0,9.423325372900598,18.309914902038393,5.629932768196434,1.2756353645373368,2.3082489146164975
867,19151,IA,Pocahontas County,0,7091.0,7.812720349739107,31.70381020848311,10.477719791248495,0.4806151874399231,5.552455357142857
868,19153,IA,Polk County,0,488871.0,23.792370584469115,25.518404748268857,7.51022946640517,3.1204068359084927,4.425049255187907
869,19155,IA,Pottawattamie County,0,93571.0,13.57471866283357,28.826094578603673,10.040789224056157,1.341846120549724,3.848324588724681
870,19157,IA,Poweshiek County,0,18628.0,8.605325316727507,28.70858213323967,5.827409489171764,1.061381074168798,5.4659406144046025
871,19159,IA,Ringgold County,0,4739.0,5.1698670605613,35.77860751153086,6.732247156470949,0.3225806451612903,1.9317160826594788
872,19161,IA,Sac County,0,9829.0,5.951775358632617,28.516597510373444,6.4043653072946585,0.7626310772163966,3.2023575638506876
873,19163,IA,Scott County,0,174170.0,21.430211861973934,25.586797998345645,6.062733686365405,1.22364377099564,4.110605406243425
874,19165,IA,Shelby County,0,11750.0,5.982978723404255,26.83918989094686,6.521217933349317,0.0,3.481260780931472
875,19167,IA,Sioux County,0,35647.0,13.574774875866133,18.40325573044467,7.984126234232532,1.2699446434386192,2.1850112313661425
876,19169,IA,Story County,0,98106.0,17.20893727193036,31.63575081089192,3.145039336919278,3.104575163398693,5.406799963143831
877,19171,IA,Tama County,0,17079.0,20.71549856548978,31.34632683658171,9.296137339055793,2.644628099173554,4.580152671755725
878,19173,IA,Taylor County,0,5932.0,10.890087660148348,25.92719193300291,9.19315403422983,1.9623875715453802,3.2619439868204285
879,19175,IA,Union County,0,12193.0,6.405314524727303,29.305998991766092,8.928786600795277,0.6077795786061588,5.9555408095554085
880,19177,IA,Van Buren County,0,7196.0,3.904947192884936,37.366347777152505,12.19077775578864,1.1896431070678797,5.517879161528977
881,19179,IA,Wapello County,0,35343.0,19.545596016184252,38.52098408104197,12.009824327699608,3.1161473087818696,5.034631278738141
882,19181,IA,Warren County,0,51862.0,6.501870348231846,17.38035264483627,4.22609305588029,0.5277450427832145,3.0050725905195033
883,19183,IA,Washington County,0,22525.0,9.90899001109878,27.83644733279177,8.084185680566483,0.6566285520208309,2.5825082508250827
884,19185,IA,Wayne County,0,6504.0,5.488929889298893,36.10807434015305,10.520284208113683,0.0,2.155319876838864
885,19187,IA,Webster County,0,37114.0,14.576709597456485,32.2663252240717,8.497463145699333,0.6705409029950827,3.0604353110153575
886,19189,IA,Winnebago County,0,10743.0,9.327003630270873,28.823296354992078,5.687794076944368,0.8718980549966466,2.0974049057945257
887,19191,IA,Winneshiek County,0,20100.0,5.338308457711443,20.80271654419951,4.115599939476471,0.38008827856792543,2.132701421800948
888,19193,IA,Woodbury County,0,105102.0,29.619797910601132,32.85814647854341,12.256172012269573,4.848591372470246,4.4214861106094
889,19195,IA,Worth County,0,7450.0,5.906040268456376,22.08128750681942,6.874649729123856,0.0,3.6055923473142015
890,19197,IA,Wright County,0,12978.0,16.520265063954383,35.24167057719381,7.318166535918413,3.9490922702601536,2.0411605937921724
891,20001,KS,Allen County,0,12557.0,10.344827586206897,35.67777044854881,7.343513229980184,0.3416398713826367,6.024675532767184
892,20003,KS,Anderson County,0,7800.0,6.8589743589743595,30.36532669896556,14.433582518688901,1.1694058154235145,5.958041958041958
893,20005,KS,Atchison County,0,16382.0,12.36723232816506,32.173624917163686,6.047792309961649,1.4130064691862445,4.440710513682189
894,20007,KS,Barber County,0,4178.0,11.177596936333174,32.25806451612903,8.728522336769759,1.3274336283185841,2.32670867668444
895,20009,KS,Barton County,0,25708.0,19.523105648047302,38.440055854777576,11.345888837850254,2.4046516211688185,3.7633172376791597
896,20011,KS,Bourbon County,0,14410.0,10.999306037473977,39.98706152961472,9.879797553774779,0.19054217910964838,3.5606060606060606
897,20013,KS,Brown County,0,9532.0,18.684431389005454,33.201454234388365,6.495726495726497,0.0543773790103317,5.3869174861051725
898,20015,KS,Butler County,0,67404.0,12.571954186695153,24.369027390213105,6.303005631318272,0.21933387489845654,3.4238858287431144
899,20017,KS,Chase County,0,2583.0,10.181958962446767,35.120000000000005,6.504961411245866,0.5644402634054563,0.7413509060955519
900,20019,KS,Chautauqua County,0,3394.0,15.615792575132586,46.38590203106332,11.960542540073984,0.0,8.190883190883191
901,20021,KS,Cherokee County,0,19507.0,13.297790536730405,39.2378080482479,11.662826135434475,0.185602545406337,1.3882618510158014
902,20023,KS,Cheyenne County,0,2647.0,10.011333585190782,36.94732795078816,7.881002087682671,1.0577705451586654,2.5457438345266508
903,20025,KS,Clark County,0,1994.0,13.189568706118354,28.26315789473684,5.6657223796034,0.0,1.06951871657754
904,20027,KS,Clay County,0,8085.0,7.050092764378478,28.916876574307302,5.843810873029928,0.0,2.08
905,20029,KS,Cloud County,0,9037.0,8.465198627863229,38.21176470588235,4.983388704318937,0.27525461051472616,4.571554770318021
906,20031,KS,Coffey County,0,8361.0,7.295778016983615,31.020259614218126,6.1596052407691,0.8877434135166093,4.328072692491631
907,20033,KS,Comanche County,0,1809.0,5.4173576561636265,19.22632794457275,4.232804232804233,0.0,3.747323340471092
908,20035,KS,Cowley County,0,34769.0,21.565187379562254,37.195888940021476,8.114370655357845,1.2445263885687947,5.78656224749829
909,20037,KS,Crawford County,0,39018.0,14.172945819878006,43.29034694868613,6.781540561289773,0.3867973182052605,4.04971932638332
910,20039,KS,Decatur County,0,2792.0,6.626074498567336,33.00110741971207,6.564659427443238,0.4601226993865031,4.3140028288543135
911,20041,KS,Dickinson County,0,18572.0,10.569674779237562,25.470714168084758,6.6564063101192765,0.440471563674051,2.993691863573185
912,20043,KS,Doniphan County,0,7549.0,10.438468671347199,30.724299065420563,8.839556004036327,0.0,1.8547544409613375
913,20045,KS,Douglas County,0,118690.0,22.595837897042717,31.91771911756735,3.7424806645660267,1.9407620942365862,4.371020478403029
914,20047,KS,Edwards County,0,2911.0,25.145997938852627,36.7807977409107,12.667304015296368,6.394884092725819,2.417582417582418
915,20049,KS,Elk County,0,2466.0,11.557177615571776,42.88039056143206,12.795941375422773,0.0,4.965243296921549
916,20051,KS,Ellis County,0,28893.0,10.999203959436542,31.680747797950747,5.966962580065176,0.865618959576435,3.5796972395369546
917,20053,KS,Ellsworth County,0,6403.0,15.242854911760112,32.204310813258466,8.327925589444083,0.0,3.80818053596615
918,20055,KS,Finney County,0,38338.0,59.885753038760505,33.2925954462127,28.16702676484854,13.587124729186009,5.187404823893501
919,20057,KS,Ford County,0,34426.0,60.97426363794807,36.735179511585706,24.93815183119088,11.805375507734855,3.7237908862175004
920,20059,KS,Franklin County,0,25953.0,9.879397372172773,30.072593121504227,7.215131654593537,0.8384907167099223,2.8470536305451337
921,20061,KS,Geary County,0,36514.0,44.77734567563127,40.49924016434964,6.177292354584709,3.5594608682701616,4.6493414026343896
922,20063,KS,Gove County,0,2774.0,5.912040374909877,31.76470588235294,5.685967657798644,0.0,3.264996203492786
923,20065,KS,Graham County,0,2444.0,12.356792144026187,33.90041493775934,6.214689265536723,0.1692047377326565,4.022082018927445
924,20067,KS,Grant County,0,7430.0,51.5343203230148,33.25613079019074,20.89688140223082,5.6657223796034,2.5456723569931117
925,20069,KS,Gray County,0,5720.0,19.038461538461537,24.214118915035026,22.415266305895756,3.6514118792599803,1.789935832489024
926,20071,KS,Greeley County,0,1257.0,24.025457438345267,29.545454545454547,12.173913043478262,5.70902394106814,0.0
927,20073,KS,Greenwood County,0,6049.0,8.596462225161183,36.99916177703269,7.641423357664233,0.35474970437524633,2.34375
928,20075,KS,Hamilton County,0,2572.0,36.93623639191291,28.576982892690513,18.773006134969325,13.110539845758353,0.0
929,20077,KS,Harper County,0,5525.0,10.606334841628959,37.1306448615499,10.924593658406607,0.58983666061706,4.154175588865097
930,20079,KS,Harvey County,0,34006.0,18.593777568664354,29.758335882532883,8.332964160722987,1.2591419739123877,3.485665625887028
931,20081,KS,Haskell County,0,3803.0,34.26242440178806,34.104199893673574,27.646326276463263,11.552888222055515,3.1512605042016806
932,20083,KS,Hodgeman County,0,1851.0,9.346299297676932,26.976229961304586,8.575924468922109,2.7586206896551726,4.503582395087001
933,20085,KS,Jackson County,0,13287.0,16.790848197486266,26.91926507585576,5.690140845070422,1.5949269792467333,3.9791857973676152
934,20087,KS,Jefferson County,0,18391.0,7.030612799739003,22.539630118890358,5.148591277499035,0.04131093362709997,3.7378339200662665
936,20091,KS,Johnson County,0,605154.0,21.25690320149912,13.764747288233695,3.730066671865253,2.4076587840251484,3.0787059335219027
937,20093,KS,Kearny County,0,4019.0,34.18760885792486,39.5112016293279,22.27427597955707,4.747320061255743,2.1207177814029365
938,20095,KS,Kingman County,0,7495.0,8.258839226150767,27.692724563067333,8.833458364591147,0.12590494176896444,3.537925489145002
939,20097,KS,Kiowa County,0,2457.0,11.436711436711438,21.372031662269126,11.871859296482413,0.6479481641468683,3.682946357085669
940,20099,KS,Labette County,0,20222.0,15.245771931559688,36.77604717979737,9.935220903995925,0.14000254550082727,3.0293533897419826
941,20101,KS,Lane County,0,1504.0,14.694148936170212,32.290279627163784,4.2592592592592595,2.2761760242792106,0.2364066193853428
942,20103,KS,Leavenworth County,0,81601.0,21.923750934424824,22.2834376479251,7.0468042093103005,0.5407479765559586,5.235123211019046
943,20105,KS,Lincoln County,0,2952.0,7.14769647696477,32.71092669432918,4.47906523855891,0.0,2.405498281786942
944,20107,KS,Linn County,0,9667.0,8.130754111927175,30.403006890791396,6.3193228254524225,0.0,4.399092970521542
945,20109,KS,Logan County,0,2777.0,10.046813107670149,29.159082635602473,7.505285412262157,2.162629757785467,0.7586206896551724
946,20111,KS,Lyon County,0,32318.0,29.587226932359677,36.29221049931052,11.644545831605143,4.237608777903898,3.3529576675077095
947,20113,KS,McPherson County,0,30059.0,9.018929438770417,27.251772430412462,8.286723579629085,0.37766830870279144,1.5581560742225382
948,20115,KS,Marion County,0,11877.0,7.821840532120906,35.44212796549245,8.17834708707969,0.17327268789257094,4.734721289456011
949,20117,KS,Marshall County,0,9995.0,5.692846423211606,26.071065989847714,8.586296617519515,1.0073710073710074,2.560093804963846
950,20119,KS,Meade County,0,4089.0,26.021032037172905,24.359618282270215,15.49618320610687,2.389705882352941,1.6990291262135921
951,20121,KS,Miami County,0,33968.0,8.128238341968911,16.420105026256564,4.70736257538288,0.2863555452364368,2.877860865624292
952,20123,KS,Mitchell County,0,5884.0,5.625424881033311,32.77884783750656,5.170207320194523,0.0,1.800808526277104
953,20125,KS,Montgomery County,0,31679.0,21.44322737460147,41.73056927475955,9.963356370889189,1.0943484718205267,4.493001024240355
954,20127,KS,Morris County,0,5377.0,9.317463269481124,34.84248255046218,7.200811359026369,1.8308631211857016,3.269367448471926
955,20129,KS,Morton County,0,2744.0,29.008746355685133,37.44871316672883,12.258420762009939,5.543710021321962,2.1844660194174756
956,20131,KS,Nemaha County,0,10197.0,5.432970481514171,22.017605990083982,6.554392353208921,0.15109544195416771,1.6856134849078792
957,20133,KS,Neosho County,0,15926.0,11.132738917493407,36.58473479948254,8.98152534343913,0.04813863928112966,4.739084132055378
958,20135,KS,Ness County,0,2717.0,15.495031284504968,25.82458770614693,8.514013749338973,1.8166089965397925,0.6858710562414266
959,20137,KS,Norton County,0,5457.0,12.369433754810336,26.69892236639543,9.757317988491367,0.3303964757709251,1.3967699694456568
960,20139,KS,Osage County,0,15811.0,7.248118398583264,26.295461860315417,8.262576463069479,0.0,3.276151167290081
961,20141,KS,Osborne County,0,3512.0,6.947608200455581,29.43241661790521,5.89159465828751,0.0,2.684931506849315
962,20143,KS,Ottawa County,0,5778.0,6.5766701280719975,28.00351802990325,5.027241208519069,0.46689303904923596,4.132513661202186
963,20145,KS,Pawnee County,0,6356.0,17.039018250471997,28.972992834833732,9.263803680981596,0.0,1.2689460697920338
964,20147,KS,Phillips County,0,5022.0,6.9494225408203905,28.35093419983753,9.098639455782314,0.6808896958692692,3.693295865114412
965,20149,KS,Pottawatomie County,0,25082.0,10.880312574754804,25.360533225610986,4.312413183482763,0.352753755120619,2.087114337568058
966,20151,KS,Pratt County,0,9266.0,12.421756960932441,33.94318181818182,7.155932767515393,0.6265322800326887,2.935545628589662
967,20153,KS,Rawlins County,0,2531.0,10.904780719083366,37.96705504218561,4.538174052322478,0.4273504273504274,0.5759539236861051
968,20155,KS,Reno County,0,62071.0,16.906445844275105,33.551308697048036,8.719269491922267,0.5594852735483355,4.185925395482065
969,20157,KS,Republic County,0,4707.0,5.842362438920756,30.757575757575754,4.8031026252983295,0.09629272989889263,1.0355695632597928
970,20159,KS,Rice County,0,9464.0,18.628486897717668,29.256348935201004,7.117028270874425,0.10621348911311736,4.787453569954601
971,20161,KS,Riley County,0,72602.0,23.66601471033856,40.3654406552729,3.8884260876575394,1.9686817736957012,4.913107663619176
972,20163,KS,Rooks County,0,4975.0,5.989949748743719,27.99247963233758,9.521110796259563,0.33238366571699907,1.9567876070118222
973,20165,KS,Rush County,0,2883.0,10.232396808879638,31.756756756756754,7.5882068632189466,1.896813353566009,3.3806626098715347
974,20167,KS,Russell County,0,6747.0,9.337483325922632,33.015728977616455,6.917706790776392,0.034129692832764506,4.612095296273671
975,20169,KS,Saline County,0,54378.0,20.427378719335028,31.983453903254443,6.655424701498626,0.657656023222061,3.5796204907207896
976,20171,KS,Scott County,0,5163.0,21.78965717606043,35.14370664023786,16.00239736290081,8.345120226308344,0.2942258183155572
977,20173,KS,Sedgwick County,0,520467.0,33.0889374350343,31.70249904542231,10.44684029356368,2.5947000811466068,5.569562834300402
978,20175,KS,Seward County,0,22223.0,70.94901678441255,37.4523929702198,29.57768306857807,16.333287349979308,3.603523445146365
979,20177,KS,Shawnee County,0,179053.0,27.007087287004406,29.212285797769034,6.799720750687857,1.842894587510471,4.0420408255125695
980,20179,KS,Sheridan County,0,2459.0,7.889385929239529,19.89269500619067,4.159343878148799,0.199203187250996,1.8558172733761598
981,20181,KS,Sherman County,0,5965.0,15.875943000838221,27.08223278746258,9.7366320830008,0.13398838767306834,4.123711340206185
982,20183,KS,Smith County,0,3588.0,5.964325529542921,28.279386712095402,3.834472285497342,0.0,2.4985473561882623
983,20185,KS,Stafford County,0,4106.0,17.29176814417925,32.262113984433846,7.788944723618091,1.336728198599618,3.831041257367387
984,20187,KS,Stanton County,0,2088.0,46.88697318007663,37.71844660194175,18.441358024691358,5.0359712230215825,3.611971104231166
985,20189,KS,Stevens County,0,5320.0,40.80827067669173,47.61904761904761,26.133252205658657,10.028328611898017,6.8423122296500205
986,20191,KS,Sumner County,0,22603.0,11.39229305844357,32.30630223627739,6.657483930211202,0.1786711334450028,6.315987933634992
987,20193,KS,Thomas County,0,7902.0,11.212351303467477,26.79598662207358,7.923551662353176,0.3158559696778269,1.360381861575179
988,20195,KS,Trego County,0,2825.0,4.778761061946903,20.990825688073393,5.299860529986053,0.0,1.9973368841544608
989,20197,KS,Wabaunsee County,0,6881.0,8.065688126725766,19.69271679716354,3.581267217630854,0.1970831690973591,2.2091310751104567
990,20199,KS,Wallace County,0,1529.0,9.61412688031393,32.9560585885486,4.299065420560748,1.6616314199395772,0.8241758241758242
991,20201,KS,Washington County,0,5531.0,6.72572771650696,36.89553340716131,6.324520476931052,1.1433597185576077,2.3059185242121445
992,20203,KS,Wichita County,0,2150.0,28.13953488372093,23.81399718177548,13.402061855670103,2.787068004459309,5.116279069767442
993,20205,KS,Wilson County,0,8713.0,8.217605876276828,40.92871310232179,9.341755319148938,0.0,4.335047759000735
994,20207,KS,Woodson County,0,3162.0,7.526881720430108,34.390009606147935,9.384288747346073,0.0,7.199424046076314
995,20209,KS,Wyandotte County,0,168333.0,60.13734680662735,40.3725140188601,18.83442072057736,7.705068821655005,6.0372712789069665
996,21001,KY,Adair County,0,18832.0,7.874893797790994,43.62489245770003,14.814226738647191,0.40638606676342526,6.726895372970334
997,21003,KY,Allen County,0,20604.0,5.421277421859833,39.73054039435512,14.079447809550642,0.563638746886879,7.568438003220612
998,21005,KY,Anderson County,0,23646.0,6.9694662945107,34.56443024494143,8.866752751644839,0.0,5.05795574288725
999,21007,KY,Ballard County,0,7814.0,8.011261837727156,36.29263212705025,10.790848495766529,0.0,5.508598076362577
1000,21009,KY,Barren County,0,44277.0,10.339453892540144,44.94026298153583,15.755806324629315,0.739585138961114,6.408675095076576
1001,21011,KY,Bath County,0,12680.0,5.0,42.06677265500795,17.982873453853472,1.0302775441547518,2.8867656027647897
1002,21013,KY,Bell County,0,24674.0,6.298127583691334,56.02536110178031,24.678782266466026,0.03163555836760519,9.178926191374325
1003,21015,KY,Boone County,0,134599.0,13.587768111204394,16.673050779988433,6.818309843287029,1.7788550418010394,3.4417760402122313
1004,21017,KY,Bourbon County,0,20281.0,15.418371875154085,33.44024054121774,14.206787687450669,0.4917025199754148,5.1000513083632635
1005,21019,KY,Boyd County,0,48447.0,7.4617623382252765,36.25927992104021,11.74770191362664,0.07111208358404901,8.524316631496296
1006,21021,KY,Boyle County,0,30469.0,15.474744822606585,37.013838310269485,10.303000540195452,0.8525663107130556,6.197265056735525
1007,21023,KY,Bracken County,0,8394.0,4.336430783893257,36.02514506769826,11.13423517169615,0.0,4.639175257731959
1008,21025,KY,Breathitt County,0,13652.0,3.874890125988866,55.12417713943746,22.53939021894823,0.6719941881583728,9.3969434118133
1009,21027,KY,Breckinridge County,0,20345.0,6.4290980584910296,40.1021072125732,13.906105293153809,0.1460435475305364,7.7327415021609625
1010,21029,KY,Bullitt County,0,81729.0,7.061141088230616,24.609211013705394,10.5086097768221,0.28866655732327373,4.720899841314291
1011,21031,KY,Butler County,0,12413.0,6.066220897446225,40.231223488314065,19.1705069124424,1.0674540086304793,5.516184638958054
1012,21033,KY,Caldwell County,0,12641.0,9.397990665295467,33.72946243420003,13.077790304396844,0.0,5.095320623916811
1013,21035,KY,Calloway County,0,37291.0,10.772036148132257,40.660945229155494,9.79379224245555,0.8002188632788456,4.561046200021439
1014,21037,KY,Campbell County,0,93023.0,8.435548197757543,25.618190960388848,6.988845267028104,0.5495661320010518,4.081509129426006
1015,21039,KY,Carlisle County,0,4821.0,6.928023231694668,45.315447495284005,14.703223862609219,0.0,3.0827474310438077
1016,21041,KY,Carroll County,0,10808.0,12.157660991857883,43.321917808219176,19.24480628860191,1.3523303549867183,7.74915118833633
1017,21043,KY,Carter County,0,26820.0,4.008202833706189,47.48991741885923,20.497131931166347,0.10545186122535063,5.225911812738159
1018,21045,KY,Casey County,0,15863.0,5.610540250898317,53.386815035259104,25.549500454132605,1.1612021857923498,9.71993410214168
1019,21047,KY,Christian County,0,72377.0,35.12303632369399,46.23660829942547,13.820326015447968,1.6593613024420788,7.8529722951526315
1020,21049,KY,Clark County,0,36716.0,10.646584595271817,32.26648160999306,10.770598237749265,1.1054192504718252,4.566313523313126
1021,21051,KY,Clay County,0,20484.0,8.806873657488772,58.0549175193151,31.65477404009514,0.0,10.242146596858639
1022,21053,KY,Clinton County,0,9372.0,5.623132735808792,55.93054801953337,21.896938013442867,0.6594566077552098,4.5753352616355505
1023,21055,KY,Crittenden County,0,8997.0,5.1683894631543845,37.245894108188814,14.238566713814238,1.6801853997682505,3.10576385002798
1024,21057,KY,Cumberland County,0,6023.0,8.58376224472854,49.73821989528796,20.363134911514592,1.0199918400652794,3.8229376257545273
1025,21059,KY,Daviess County,0,102488.0,12.99469206150964,32.96973961998593,9.074402254437699,1.1994187621604315,4.216475563145482
1026,21061,KY,Edmonson County,0,12165.0,5.482942868886149,43.98565231898565,19.100996376811594,0.0,7.480884480264518
1027,21063,KY,Elliott County,0,7414.0,4.289182627461559,51.105157401205624,24.881861141403125,0.0,5.21876647337902
1028,21065,KY,Estill County,0,14157.0,3.71547644274917,54.45205479452054,25.73325406262386,0.8038585209003215,7.144196512282018
1029,21067,KY,Fayette County,0,321354.0,29.97939966516676,32.63155166324847,7.636568730074515,2.913677372251898,4.890958181377495
1030,21069,KY,Fleming County,0,14996.0,4.527874099759936,42.27892065188352,18.687167356593733,0.8576929809207071,8.200697286645445
1031,21071,KY,Floyd County,0,36127.0,3.1084784233398843,47.72374474330389,22.864133222840454,0.5128205128205128,9.123997022086193
1032,21073,KY,Franklin County,0,51319.0,18.82928350123736,30.021851731952086,9.429624089309954,1.896884973254821,4.764119858898321
1033,21075,KY,Fulton County,0,6507.0,29.81404641155678,48.800131492439185,20.0,0.47516198704103674,6.721649484536083
1034,21077,KY,Gallatin County,0,8694.0,10.674028065332413,36.12699894945722,15.022344448264008,0.16644474034620504,4.312469196648595
1035,21079,KY,Garrard County,0,17018.0,6.892701845105183,33.861551292743954,14.534313725490197,0.3814464449191334,4.087850704582963
1036,21081,KY,Grant County,0,24918.0,7.135404125531744,32.29349556980115,11.733668341708544,0.0,4.2273564373011885
1037,21083,KY,Graves County,0,36796.0,14.686378954234156,40.595485389835204,10.531205817006665,0.40101308569016464,4.772935080768058
1038,21085,KY,Grayson County,0,26351.0,4.595651018936662,44.29499250605281,16.77379688111341,0.09576505639497765,4.401359919139943
1039,21087,KY,Green County,0,11141.0,6.076653801274571,49.60887756958341,19.1875,0.5466970387243736,8.641691565157435
1040,21089,KY,Greenup County,0,35996.0,4.372708078675409,32.0,9.819302969987902,0.021153574954167254,5.623161273067665
1041,21091,KY,Hancock County,0,9050.0,4.861878453038674,27.61894125530489,14.46098478652053,0.0,5.005988023952096
1042,21093,KY,Hardin County,0,110134.0,24.481994661049267,30.95560684351669,7.978672368655509,1.005013242527431,6.639192333477935
1043,21095,KY,Harlan County,0,26921.0,5.493852382898109,60.780887994226894,25.147285175946077,0.20250723240115717,12.636056549480795
1044,21097,KY,Harrison County,0,18690.0,6.47940074906367,34.07988665467822,14.976142835154688,0.3716960352422907,3.3252790242779886
1045,21099,KY,Hart County,0,19194.0,8.617276232155882,44.70933333333333,22.022419430172814,0.622876557191393,5.02092050209205
1046,21101,KY,Henderson County,0,45102.0,14.751008824442374,34.61039404493615,11.524092346010155,0.36825327030889304,3.2347101835262215
1047,21103,KY,Henry County,0,15691.0,9.349308520808107,39.188841753438744,15.712283979448854,0.08379420144126026,5.440927077444884
1048,21105,KY,Hickman County,0,4529.0,14.131154780304703,40.62286883382587,11.296296296296296,0.11947431302270012,6.001062134891131
1049,21107,KY,Hopkins County,0,45432.0,11.945324881141046,41.75419574891012,12.308081127187718,0.12012667904335482,7.196080432785547
1050,21109,KY,Jackson County,0,13029.0,2.3332565814721007,57.323899860052876,28.655544651619238,0.24213075060532688,7.187499999999999
1051,21111,KY,Jefferson County,0,780449.0,34.07512854779748,30.051411324626915,8.747038353324449,3.052648835576397,5.261920459172791
1052,21113,KY,Jessamine County,0,53016.0,12.298174136109854,30.73568523153942,10.314028899761064,1.0444001259578042,4.62810550089959
1053,21115,KY,Johnson County,0,22794.0,2.9700798455733963,47.055643162874524,16.94006112393189,0.9670487106017192,6.5968718466195755
1054,21117,KY,Kenton County,0,168264.0,12.366281557552417,26.115105749270434,8.454289475290077,1.3776325019776414,4.165939245810056
1055,21119,KY,Knott County,0,14506.0,3.3227629946229147,59.37184115523466,29.58515283842795,0.0,11.349957007738606
1056,21121,KY,Knox County,0,30367.0,4.758454901702506,55.84775554353705,23.973509933774835,0.0,8.991907283444899
1057,21123,KY,Larue County,0,14768.0,9.337757313109424,38.14940695012832,19.18942060698316,1.7270572299356586,2.9521352823158495
1058,21125,KY,Laurel County,0,62090.0,4.516025124818811,43.1910818641654,17.50974579238544,0.12961202799619806,5.146889621845516
1059,21127,KY,Lawrence County,0,16274.0,3.3120314612264967,48.442628026503186,23.579745942131265,0.0,5.267593763168985
1060,21129,KY,Lee County,0,7263.0,5.768965992014319,57.53465494112386,27.076287110108982,0.0,7.488114104595879
1061,21131,KY,Leslie County,0,10622.0,3.0408585953681038,53.31369661266569,16.459627329192546,0.0,7.43713215623328
1062,21133,KY,Letcher County,0,21784.0,2.983841351450606,53.048238431666114,23.043813439547733,0.16654770402093744,10.009267840593141
1063,21135,KY,Lewis County,0,13103.0,2.5642982523086317,57.81056860321384,22.834989625423173,0.0,7.980680772769089
1064,21137,KY,Lincoln County,0,24314.0,6.6628280003290286,44.99139703722355,17.646708370568962,0.9850151943833176,5.913470621575666
1065,21139,KY,Livingston County,0,8989.0,5.061742129269107,37.69574944071588,13.596958174904945,0.0,6.835181841630127
1066,21141,KY,Logan County,0,27319.0,11.804970899374062,37.183098591549296,12.47859589041096,0.2604893478463113,5.3727008712487905
1067,21143,KY,Lyon County,0,8700.0,10.344827586206897,28.04762549046137,10.767435074409104,0.0,3.2357473035439135
1068,21145,KY,McCracken County,0,67394.0,17.415496928509956,37.95247410642524,7.572298325722983,0.9090237233020472,3.8862218738774046
1069,21147,KY,McCreary County,0,17044.0,11.182820934053039,63.16161811048943,22.03031072728812,0.0,6.912011955912573
1070,21149,KY,McLean County,0,9182.0,4.443476366804617,32.69991212653778,9.98439937597504,0.0,6.122961104140527
1071,21151,KY,Madison County,0,92194.0,10.949736425363907,33.90860816098379,10.335903665363896,0.6212758747281918,6.074052057237485
1072,21153,KY,Magoffin County,0,11818.0,2.9277373498053816,58.3354717303909,27.88426763110308,0.0,11.232799775344004
1073,21155,KY,Marion County,0,19556.0,12.410513397422786,39.37046267201214,14.734390262228567,0.2521231422505308,5.630603705917514
1074,21157,KY,Marshall County,0,31662.0,3.8658328595793066,29.064055329325832,8.208890432366731,0.03026405387001589,3.5261629965304824
1075,21159,KY,Martin County,0,11394.0,10.909250482710197,48.69531096723563,26.281666466562616,0.0,7.49776852127343
1076,21161,KY,Mason County,0,17103.0,11.617844822545752,40.03581020590868,13.903201283892223,0.8951600667577,3.7197348843500606
1077,21163,KY,Meade County,0,29735.0,11.037497898099883,29.099393691668368,10.695601627591552,0.2323105217307134,5.113843020295337
1078,21165,KY,Menifee County,0,6149.0,4.488534721092861,49.152821187695345,23.381128584643847,0.0,5.432780847145488
1079,21167,KY,Mercer County,0,22470.0,9.256786826880285,30.918220946915355,11.872963128634417,0.4714333819732855,5.316480123504438
1080,21169,KY,Metcalfe County,0,10275.0,5.29440389294404,44.524254649217745,18.464992282867968,0.09787129924149743,3.3206192506170065
1081,21171,KY,Monroe County,0,11269.0,6.735291507675925,45.603751465416174,19.26629040533607,0.9352037408149633,4.367236024844721
1082,21173,KY,Montgomery County,0,28084.0,7.189146845178749,37.765744812297854,14.589983777277723,0.30703386676590994,6.777868185516681
1083,21175,KY,Morgan County,0,13772.0,7.834737147836189,47.195611233931054,23.09203418131814,0.0,4.247745609871856
1084,21177,KY,Muhlenberg County,0,31011.0,8.02940891941569,38.032144517500164,16.650787169366183,0.0,5.882808266893722
1085,21179,KY,Nelson County,0,46440.0,9.890180878552972,26.759704774553132,7.875475135865297,0.7818091724935308,3.79757785467128
1086,21181,KY,Nicholas County,0,7517.0,4.123985632566184,45.020297699594046,18.91421947449768,0.805860805860806,4.135702746365105
1087,21183,KY,Ohio County,0,23861.0,5.921797074724446,44.45443260134412,18.68970570277201,3.380440927077445,4.5446026986506745
1088,21185,KY,Oldham County,0,67586.0,12.576569111946261,11.838987278623097,6.073289104590588,0.6975471870155923,3.803027197938929
1089,21187,KY,Owen County,0,11160.0,5.21505376344086,36.19332066250339,17.138445702521874,0.0,4.0
1090,21189,KY,Owsley County,0,4094.0,10.33219345383488,60.50761421319797,31.457286432160803,0.0,15.68785197103781
1091,21191,KY,Pendleton County,0,14625.0,5.743589743589744,33.265904017857146,16.587064676616915,0.0,5.0144927536231885
1092,21193,KY,Perry County,0,28421.0,5.569825129305795,48.01551342926529,22.163854934841904,0.0,10.61883408071749
1093,21195,KY,Pike County,0,58914.0,3.6018603387989274,48.080188515784734,21.117419724223485,0.3143994969608049,8.459375605972465
1094,21197,KY,Powell County,0,13050.0,5.78544061302682,38.751574307304786,17.992573421852143,0.0,7.505863956215794
1095,21199,KY,Pulaski County,0,64717.0,6.509881483999568,42.60270082665489,16.5805387575591,0.28113244901999607,5.625378288888098
1096,21201,KY,Robertson County,0,2196.0,1.8214936247723135,40.56834884860363,15.294880103694103,0.47393364928909953,8.643326039387308
1097,21203,KY,Rockcastle County,0,16167.0,3.216428527246861,47.03263151199033,19.565217391304348,0.0,7.2187163306141295
1098,21205,KY,Rowan County,0,24654.0,5.662367161515372,45.267679800452676,13.102871480345692,0.19276561968477152,4.0054372451291345
1099,21207,KY,Russell County,0,17909.0,6.8457200290356806,44.97339360302111,18.125101280181493,0.859352621025494,6.781002638522428
1100,21209,KY,Scott County,0,56267.0,13.437716601204968,21.930467947777615,6.421720045521054,0.9556377945378742,3.2450083336167896
1101,21211,KY,Shelby County,0,47523.0,20.71838899059403,26.971302998965875,12.918587258463324,2.587117212249208,3.6972754793138245
1102,21213,KY,Simpson County,0,19324.0,14.779548747671289,33.29963284201564,10.52225565069814,0.1800055386319579,4.128440366972478
1103,21215,KY,Spencer County,0,19256.0,6.283755712505193,20.35268185157972,7.882177479492916,0.3337202553685432,5.701297471351454
1104,21217,KY,Taylor County,0,25948.0,10.617388623400647,32.78450363196126,12.875309078064287,0.1330467710572101,6.2821425745707735
1105,21219,KY,Todd County,0,12206.0,14.419138128789118,36.141962421711895,20.83856389656038,2.640642939150402,3.4289035257652074
1106,21221,KY,Trigg County,0,14067.0,12.596857894362692,33.36435884585093,11.116685060700311,0.3475238922675934,4.8988463467647545
1107,21223,KY,Trimble County,0,8502.0,7.845212891084451,33.66514751739026,16.145057128663687,2.1000617665225447,9.348914858096828
1108,21225,KY,Union County,0,13786.0,17.88771217176846,42.37137129705249,8.736059479553903,0.7904337251722741,3.8795142721968143
1109,21227,KY,Warren County,0,133216.0,22.805819120826325,35.89600757581786,12.164124015748031,3.338561066457557,4.685249157354442
1110,21229,KY,Washington County,0,11957.0,12.252237183239943,28.905109489051096,13.32527206771463,2.6928048255062476,4.556396148555708
1111,21231,KY,Wayne County,0,19743.0,7.1569670262877985,50.0361682339568,22.807517084282463,0.36914460285132383,6.070328542094456
1112,21233,KY,Webster County,0,12994.0,11.759273510851163,41.14949798403036,14.79724387213374,0.1891153603698256,5.341300018106102
1113,21235,KY,Whitley County,0,36578.0,4.314068565804582,49.926341026603886,17.50377888145109,0.289650853295757,6.593097631264497
1114,21237,KY,Wolfe County,0,6666.0,2.9702970297029703,69.30418719211822,34.088908450704224,0.0,26.95402298850575
1115,21239,KY,Woodford County,0,26758.0,13.794005531056133,22.47545848869949,8.163155342421467,2.28956228956229,2.62705798138869
1116,22001,LA,Acadia Parish,0,58200.0,23.017182130584192,43.709488617502664,19.69515059769275,1.2386917188587334,9.804308372129725
1117,22003,LA,Allen Parish,0,23085.0,29.551656920077974,39.745644971678956,20.221606648199447,0.2341615714843242,9.192134565268892
1118,22005,LA,Ascension Parish,0,125289.0,32.93585230946053,22.436403473441704,11.31185693287604,1.7059409226684368,4.768172487817108
1119,22007,LA,Assumption Parish,0,21366.0,34.816998970326686,37.431539187913124,23.242265970269184,0.7117867052720472,8.19001677852349
1120,22009,LA,Avoyelles Parish,0,39880.0,35.63691073219659,51.63977238364901,23.431788273139347,0.9137477502422817,8.084500061950193
1121,22011,LA,Beauregard Parish,0,36417.0,20.6304747782629,33.127486160950234,12.503595348646094,0.42690233672858,8.52877098551839
1122,22013,LA,Bienville Parish,0,13130.0,46.36709824828637,57.54129012153319,13.485701906412478,0.2291825821237586,5.289399523086928
1123,22015,LA,Bossier Parish,0,128508.0,34.965916518815945,36.462908106133405,9.63498000773894,1.7283537795983197,5.852875266881936
1124,22017,LA,Caddo Parish,0,239775.0,56.11594202898551,45.34089991971829,13.450019352103851,0.5640911452534699,8.557587796559348
1125,22019,LA,Calcasieu Parish,0,212646.0,33.311701137101096,35.116448846963166,11.828567776933617,1.43044943966471,5.443773866258274
1126,22021,LA,Caldwell Parish,0,9707.0,21.314515298238383,44.11700975081257,23.18668252080856,0.05767012687427912,11.516770555060848
1127,22023,LA,Cameron Parish,0,5650.0,12.035398230088495,29.037433155080212,13.891001267427121,4.828519855595668,0.6987577639751553
1128,22025,LA,Catahoula Parish,0,9117.0,34.616650213886146,46.85714285714286,27.167540882443692,0.0,9.719504240052185
1129,22027,LA,Claiborne Parish,0,14456.0,55.66546762589928,61.666398843001765,22.080342995619347,0.5950019833399445,5.233130041314184
1130,22029,LA,Concordia Parish,0,18989.0,43.61472431407657,57.604136742315426,18.837264336988248,0.19129603060736491,12.339665530118525
1131,22031,LA,De Soto Parish,0,26803.0,40.89094504346528,45.2816001203098,17.52824935858944,0.6884343036978757,8.855510504976042
1132,22033,LA,East Baton Rouge Parish,0,455447.0,56.2058812551186,35.31908976943726,9.56116373337388,2.0963063688728854,7.2110214484703254
1133,22035,LA,East Carroll Parish,0,7502.0,71.74086910157291,68.54460093896714,34.435483870967744,0.0,7.790549169859514
1134,22037,LA,East Feliciana Parish,0,19588.0,46.252807841535635,30.2448508414849,18.751718449271376,0.0,6.246490735541831
1135,22039,LA,Evangeline Parish,0,32538.0,34.85770483742086,57.06640876853643,25.057149521810125,1.7224246439218285,13.596814629110751
1136,22041,LA,Franklin Parish,0,19964.0,35.02304147465438,52.15627668659265,23.139508845263865,0.20607226267344414,8.78396556362658
1137,22043,LA,Grant Parish,0,22236.0,24.370390357978053,40.4837346852556,18.78688936330529,0.03040900106431504,4.339201586908009
1138,22045,LA,Iberia Parish,0,70518.0,42.160866729062086,43.667356559733236,16.487486209954792,1.4196351649998127,7.807673937271136
1139,22047,LA,Iberville Parish,0,30651.0,53.25764249127272,38.35381641807374,20.16188373804268,0.8323424494649228,8.50248946763692
1140,22049,LA,Jackson Parish,0,15214.0,33.40344419613514,44.63172804532578,16.697536580848304,0.9694258016405668,4.5479962721342035
1141,22051,LA,Jefferson Parish,0,439402.0,48.69072057022954,34.72454856251291,13.208463046981688,5.0979114510099794,5.9886294690006965
1142,22053,LA,Jefferson Davis Parish,0,32270.0,22.618531143476915,38.61217807442856,17.061061618411287,0.30834287727953485,5.598919243470429
1143,22055,LA,Lafayette Parish,0,241173.0,35.36133812657304,33.455286965516656,10.697095384539534,2.0343698683150815,5.239091933666076
1144,22057,LA,Lafourche Parish,0,97677.0,23.589995597735395,34.750920194077295,19.07789429592951,1.5132373942656268,6.10702252172371
1145,22059,LA,LaSalle Parish,0,14770.0,17.467840216655382,34.25369257032584,18.927922471229557,0.1985440105890139,6.2766798418972325
1146,22061,LA,Lincoln Parish,0,48415.0,46.828462253433855,48.70316371050843,11.127467632959648,2.222347566134582,3.8219159450514573
1147,22063,LA,Livingston Parish,0,141057.0,14.311944816634412,26.70419593424987,12.643407534246576,1.0046622931881009,4.429700606042287
1148,22065,LA,Madison Parish,0,10297.0,66.60192289016219,58.56876021480271,24.56114471160938,0.3250975292587776,10.58926487747958
1149,22067,LA,Morehouse Parish,0,25852.0,51.67878694104905,50.148213427335364,19.97135491263248,0.487012987012987,9.192483494159472
1150,22069,LA,Natchitoches Parish,0,37896.0,48.88906480895081,50.321994715984154,13.042713236264461,0.19614965492190337,13.334656872477005
1151,22071,LA,Orleans Parish,0,383974.0,69.41355404272164,43.22090631679415,11.824979532429728,1.6227504374592874,8.402559906609271
1152,22073,LA,Ouachita Parish,0,160227.0,42.98276819761963,43.34303761274727,11.816376413076688,0.49236660797018444,5.875465228118597
1153,22075,LA,Plaquemines Parish,0,23536.0,36.9943915703603,33.508779498684156,15.110301294982756,2.6371439233735536,5.040844789798764
1154,22077,LA,Pointe Coupee Parish,0,20951.0,39.66875089494535,38.415574402467236,18.859019084752717,1.0136358151321345,5.553789083200848
1155,22079,LA,Rapides Parish,0,130459.0,39.37175664384979,40.63261684085979,12.995490560162388,1.1161127212184743,6.271331058020478
1156,22081,LA,Red River Parish,0,7787.0,43.93219468344677,48.53975121687399,18.51569933396765,0.0,3.7825059101654848
1157,22083,LA,Richland Parish,0,20110.0,39.32869219293884,49.15139171758317,21.359011627906977,0.7220216606498195,6.1694406206982855
1158,22085,LA,Sabine Parish,0,22377.0,33.40483532198239,48.51256508942721,13.888163051998955,0.598014591556034,9.559732871629977
1159,22087,LA,St. Bernard Parish,0,43821.0,39.12735902877616,43.15629602356407,18.520443520443518,0.8596173733195449,8.510120669521214
1160,22089,LA,St. Charles Parish,0,52411.0,35.60702905878537,24.70123380270778,9.295207866919828,1.3090128755364807,6.586620926243568
1161,22091,LA,St. Helena Parish,0,10881.0,55.812884845142904,48.490530658166136,22.557490362887144,0.726634928589326,26.18603687590636
1162,22093,LA,St. James Parish,0,20390.0,51.284943599803825,33.42909505176086,14.004670582407472,0.4287245444801715,5.242195909580194
1163,22095,LA,St. John the Baptist Parish,0,42704.0,68.33551892094417,35.188177152632576,13.860057897338136,1.2442914818982065,10.593408765255202
1164,22097,LA,St. Landry Parish,0,82999.0,46.2198339739033,49.96437171359772,21.774193548387096,3.4351520719183704,6.451805967022772
1165,22099,LA,St. Martin Parish,0,52222.0,35.693768909654935,39.49922660479505,16.231448963407725,2.8254081998259712,6.616902834008097
1166,22101,LA,St. Mary Parish,0,49818.0,43.984102131759606,47.149118336561,18.931783670131992,4.508483705898195,7.352454755941975
1167,22103,LA,St. Tammany Parish,0,262799.0,22.894303250773405,25.8615585144628,8.7018544935806,1.6546987199500467,5.164786118658533
1168,22105,LA,Tangipahoa Parish,0,132492.0,37.407541587416596,41.20379014189694,17.57914768467793,1.0518702211200661,5.809835848557056
1169,22107,LA,Tensas Parish,0,4269.0,57.929257437338954,57.83160865475071,22.233468286099864,0.6657789613848202,16.67844522968198
1170,22109,LA,Terrebonne Parish,0,110100.0,33.81198910081744,36.501564273650985,18.86779587049614,1.6563393708293614,6.7105555443365175
1171,22111,LA,Union Parish,0,21272.0,31.144227153065064,45.360425737784226,13.469031304581486,0.1825531360020863,6.835032437442076
1172,22113,LA,Vermilion Parish,0,57775.0,22.45434876676763,36.92972935121319,16.82817547150151,2.4559777571825765,6.479294599275705
1173,22115,LA,Vernon Parish,0,49064.0,30.354231208217836,40.94866796621183,11.981490112524137,1.0832416150147715,6.676899462778205
1174,22117,LA,Washington Parish,0,45794.0,35.36489496440582,49.39642906320283,18.396437952463323,1.3013185927333448,10.30446222413145
1175,22119,LA,Webster Parish,0,37356.0,38.51054716779098,60.317067809649416,14.520622146560397,0.26970534690850245,4.697986577181208
1176,22121,LA,West Baton Rouge Parish,0,27064.0,45.056163168785105,31.21796343049499,12.845606716936734,0.768521364893944,7.732614716670409
1177,22123,LA,West Carroll Parish,0,9959.0,22.08053017371222,45.80999792574155,19.253580211196297,0.0,5.09537496733734
1178,22125,LA,West Feliciana Parish,0,15334.0,47.7174905438894,28.19049241778838,17.383966244725737,0.46728971962616817,9.502407704654896
1179,22127,LA,Winn Parish,0,13875.0,35.42342342342342,42.66677771300075,18.21198712791633,0.3808717731696995,5.091567719863152
1180,23001,ME,Androscoggin County,0,110378.0,10.48306727789958,30.86115467921428,8.211830868569049,1.4769499672274415,4.654347524615171
1181,23003,ME,Aroostook County,0,67272.0,6.634260910928767,36.49331944103947,9.63041648294384,1.824527454300425,6.176766529260931
1182,23005,ME,Cumberland County,0,300776.0,11.312737718434981,19.182380263926913,4.333530940763373,1.3311002809836012,3.5273399156995207
1183,23007,ME,Franklin County,0,29487.0,4.971682436327873,31.5867418899859,6.283603721539109,0.03328340822100183,5.108254397834912
1184,23009,ME,Hancock County,0,55417.0,5.954851399390079,27.017823101552814,4.778422766529803,0.4522258640003319,4.135467472693549
1185,23011,ME,Kennebec County,0,123293.0,6.0782039531846905,30.020123076409245,6.206223060344827,0.7506824385805277,4.170152316312841
1186,23013,ME,Knox County,0,40519.0,5.254325131419828,27.03544492779737,6.410589151310667,0.41074790347424267,3.689206380272042
1187,23015,ME,Lincoln County,0,35065.0,5.7379153001568515,25.410905296112706,6.0802021778719295,0.6049960967993755,3.791830276035867
1188,23017,ME,Oxford County,0,57807.0,5.930077672254225,35.79329962073325,8.170543705851223,0.15826262803886226,5.654858628534287
1189,23019,ME,Penobscot County,0,152211.0,7.3201017009283165,32.70889311901703,6.453454642564438,0.49353626695535885,4.487220838870325
1190,23021,ME,Piscataquis County,0,16760.0,6.652744630071599,37.98047589993899,8.620556114940749,0.26477146042363436,5.459809733903213
1191,23023,ME,Sagadahoc County,0,36530.0,6.350944429236244,24.490638766519822,5.8994583984587985,0.220416902827634,4.333485563505354
1192,23025,ME,Somerset County,0,50424.0,4.785419641440583,40.97686789715483,8.992326548012363,0.2037414335988146,4.791929382093317
1193,23027,ME,Waldo County,0,39618.0,5.643899237720229,33.31962895392759,6.942839665601849,0.14523906349851856,5.143321813376703
1194,23029,ME,Washington County,0,31003.0,11.263426120052898,40.15370795488572,8.816562856390911,0.3545029416201539,7.420626068852703
1195,23031,ME,York County,0,210486.0,7.533992759613466,19.67614149027025,5.6111531118258355,0.9782287235252634,3.479409066355709
1196,24001,MD,Allegany County,0,68684.0,13.666938442723195,34.79580665494476,9.735102091737016,0.28661611580742297,6.898002103049422
1197,24003,MD,Anne Arundel County,0,584064.0,33.94850564321718,13.951430606985479,6.595701410211259,1.5337339149998628,4.393275841002193
1198,24005,MD,Baltimore County,0,850702.0,44.6459512261638,21.82069400843719,8.39936501159684,2.346665361604248,5.344270609378273
1199,24009,MD,Calvert County,0,92515.0,23.502134788953143,11.095277980224298,5.474791702761022,0.17098714543067386,2.8997262496197913
1200,24011,MD,Caroline County,0,33234.0,25.60630679424686,35.044561103650345,15.133086550326105,1.5715121625010449,5.050984111927911
1201,24013,MD,Carroll County,0,172148.0,12.318470153588773,12.739220248836547,6.208875063589889,0.567504411273785,3.2105032072905626
1202,24015,MD,Cecil County,0,103370.0,16.193286253264972,24.46937656641604,9.180122494432071,1.0938146462556888,5.353497164461247
1203,24017,MD,Charles County,0,165209.0,62.988093868978076,15.676039531254782,6.330615803618779,1.1197495613884207,4.893065083299706
1204,24019,MD,Dorchester County,0,32486.0,37.637751646863265,34.00948695543627,12.579508337631081,0.6781985826411644,5.936444388840235
1205,24021,MD,Frederick County,0,267498.0,28.829374425229346,15.016485315505335,7.06395476263534,1.8572965220509143,4.179012976397262
1206,24023,MD,Garrett County,0,28955.0,4.185805560352271,32.88214867833605,9.578526237439524,0.21788250484183347,4.063678257226645
1207,24025,MD,Harford County,0,259162.0,25.34553676850773,15.933559980573095,6.267962759523731,1.1049780440760044,4.066838155573035
1208,24027,MD,Howard County,0,329248.0,50.347762173194674,12.676712563910788,4.6251671557936875,3.1091945745825464,3.806035156686248
1209,24029,MD,Kent County,0,19335.0,22.710111197310574,25.864218519777854,9.39650800550605,0.19298034012784948,4.008079948968744
1210,24031,MD,Montgomery County,0,1057201.0,57.65393714156532,17.287049572434295,8.768635991480691,7.221868575662392,4.8551417822411365
1211,24033,MD,Prince George's County,0,957767.0,87.9276483737694,21.819794689281842,12.770312578940842,5.9223513928493094,6.756626452404882
1212,24035,MD,Queen Anne's County,0,49702.0,15.192547583598245,14.697863682604273,7.131608548931384,1.4063656550703183,3.9489489489489484
1213,24037,MD,St. Mary's County,0,113209.0,27.291116430672474,18.393646308773455,8.330675172780436,0.8897504722139379,4.471977211106154
1214,24039,MD,Somerset County,0,24834.0,48.546347749053716,41.289610594355985,16.779895388685144,0.7765314926660914,9.618623080733038
1215,24041,MD,Talbot County,0,37510.0,23.0871767528659,20.110541925047183,8.336259568789943,1.433757922589379,3.5901730876605247
1216,24043,MD,Washington County,0,153956.0,22.78767959676791,27.93472260557549,11.921757671270974,1.5674569333105917,5.206366333962773
1217,24045,MD,Wicomico County,0,103223.0,38.49820291989188,32.09192478880916,12.242856923053253,3.442157558552165,7.993065545350595
1218,24047,MD,Worcester County,0,52322.0,20.463667291005695,24.05009305210918,7.21129728102739,0.6689407699463962,6.839378238341968
1219,24510,MD,Baltimore City,0,592211.0,72.65163936502361,38.62176422180774,13.668877491998613,1.8122200307889569,7.443374347526784
1220,25001,MA,Barnstable County,0,227942.0,12.798869887953954,17.96938168054235,4.315068493150685,1.6065116184305697,4.517118124375328
1221,25003,MA,Berkshire County,0,129089.0,13.13977178535739,24.707050322244644,6.957060497547965,0.7239981990094552,5.3442379182156134
1222,25005,MA,Bristol County,0,576070.0,21.081986564132833,25.22779022987482,14.164791546770141,5.7212838431014506,5.675072732253982
1223,25007,MA,Dukes County,0,20277.0,18.050007397544015,20.6671645506597,4.1913088197480075,3.2642258491398324,7.188907533339221
1224,25009,MA,Essex County,0,804598.0,31.978702407910536,22.493654500228438,10.257752121440527,7.173682210943665,5.498532404156087
1225,25011,MA,Franklin County,0,71085.0,10.691425757895477,26.05122488065632,6.396944300229919,1.3282670823590543,5.540759308580082
1226,25013,MA,Hampden County,0,466265.0,39.101798333565675,32.46347894564535,13.866292572088526,7.830493865549427,6.5911792963968745
1227,25015,MA,Hampshire County,0,161810.0,17.333292132748284,23.331381521401255,4.736658179821277,1.5812028964090439,5.498246689136281
1228,25017,MA,Middlesex County,0,1623411.0,30.597119275402225,16.005953591828224,6.42863894801703,5.747555398944477,4.531372392294781
1229,25019,MA,Nantucket County,0,13795.0,28.33635375135919,15.72967822326468,3.7983357807146354,0.6450012403870008,7.9703665857708526
1230,25021,MA,Norfolk County,0,720403.0,27.567902965423517,14.219172935540888,5.811546937672264,5.009322695342988,5.052021986650962
1231,25023,MA,Plymouth County,0,527602.0,21.241769364028187,16.48978737668991,6.994871184818491,3.149149036967607,5.092416125522375
1232,25025,MA,Suffolk County,0,792647.0,55.908746264099904,31.754377528065874,12.98803008215075,12.509835275006981,6.930404147549853
1233,25027,MA,Worcester County,0,856858.0,25.583352200714703,22.011530699099875,8.435959451112266,4.95053143114361,5.489074723496088
1234,26001,MI,Alcona County,0,10138.0,5.296902742158217,35.932676028284035,9.572301425661914,0.291970802919708,7.1215813701597614
1235,26003,MI,Alger County,0,8911.0,17.41667601840422,36.04504048582996,8.413813286508633,0.22875816993464054,7.0611310885910425
1236,26005,MI,Allegan County,0,119418.0,13.177242961697566,26.790262394124266,8.692286900754356,0.870253164556962,3.549718317094471
1237,26007,MI,Alpena County,0,28913.0,5.772489883443434,40.78474229711627,7.310145737300368,0.26223776223776224,7.133562954458476
1238,26009,MI,Antrim County,0,23427.0,6.291885431339907,29.609203326295834,6.876239025771735,0.019786307874950535,4.655013799448022
1239,26011,MI,Arenac County,0,15009.0,6.1229928709441,34.851032349182866,11.199504994254397,0.11125238397965671,7.686335403726709
1240,26013,MI,Baraga County,0,8249.0,27.73669535701297,37.1632765255635,8.929143956396281,0.22123893805309736,4.138809296402419
1241,26015,MI,Barry County,0,62014.0,6.651723804302255,23.457072397968346,6.574902500573526,0.15757827078581796,5.915160263770874
1242,26017,MI,Bay County,0,104050.0,10.55742431523306,32.03868426923786,8.902443886297492,0.3932721576643633,5.4512834667402705
1243,26019,MI,Benzie County,0,17926.0,7.698315296217784,24.194095690532748,7.020775011050538,0.11735367463693706,5.211066062485094
1244,26021,MI,Berrien County,0,154263.0,25.875939142892335,34.40946858116587,9.230313630768947,0.7302493572859329,6.369733671941134
1245,26023,MI,Branch County,0,44677.0,10.68334937439846,37.34550429285782,11.127615603203306,1.5398496240601502,5.394659336344001
1246,26025,MI,Calhoun County,0,134207.0,23.29014134881191,35.38499189329744,8.975858187342215,1.1203639302968214,6.983183734424342
1247,26027,MI,Cass County,0,51632.0,14.996513789897739,28.52536543422184,10.934329085153017,0.3525888717156105,5.614062561171358
1248,26029,MI,Charlevoix County,0,26109.0,6.947795779233215,25.38303401729956,6.016822333453739,0.5183108165519585,4.0633608815427
1249,26031,MI,Cheboygan County,0,25654.0,9.273407655726203,36.2007734196196,9.276522444016617,0.0187423859057258,7.379180489554379
1250,26033,MI,Chippewa County,0,37091.0,32.697959073629725,37.07370411962882,7.85066830542326,0.4797557607036418,9.955535023387423
1251,26035,MI,Clare County,0,30827.0,5.595743990657541,45.58900867735998,13.494702309704303,0.35084716755091566,10.121288163948138
1252,26037,MI,Clinton County,0,78895.0,11.083085113125039,21.699068319001423,4.736890271803789,0.7523917626074266,3.5622593068035946
1253,26039,MI,Crawford County,0,13102.0,7.014196305907496,34.4899697931996,8.64011265338966,0.0876424189307625,7.175461018805916
1254,26041,MI,Delta County,0,36836.0,8.93962428059507,33.62529609430948,7.280854050459902,0.10194329404268876,5.014639008285056
1255,26043,MI,Dickinson County,0,25954.0,5.864221314633582,28.252860949992158,4.342347072722499,0.20186062840091273,4.930803016491257
1256,26045,MI,Eaton County,0,108972.0,18.096391733656354,22.06208839387325,5.080717430549242,0.42320971154917025,4.668387188008202
1257,26047,MI,Emmet County,0,33946.0,10.552053261061687,23.906818588558135,4.618546729536936,0.20308123249299723,4.3054611375481535
1258,26049,MI,Genesee County,0,406400.0,28.407972440944885,36.22557330684334,8.847604354161309,0.5015008641338953,8.721818876576231
1259,26051,MI,Gladwin County,0,25344.0,5.062342171717172,41.07840791257877,11.670468410163917,0.4200112002986746,7.440507118362256
1260,26053,MI,Gogebic County,0,14858.0,9.059092744649346,40.18413597733711,5.843247025892232,0.4874446085672082,5.181033176791396
1261,26055,MI,Grand Traverse County,0,94562.0,7.635202301135763,24.224962173647103,4.837104469747973,0.597231959699826,4.2538242261211705
1262,26057,MI,Gratiot County,0,41758.0,15.216245988792569,35.93327196139147,8.157912899440955,0.17497812773403326,5.425024936273966
1263,26059,MI,Hillsdale County,0,45673.0,6.027631204431502,38.12162223534221,10.249864377572838,0.2092405134875304,4.010798303123795
1264,26061,MI,Houghton County,0,37485.0,8.003201280512204,38.999740117236,7.085084270932176,1.505329876116393,5.696601524442661
1265,26063,MI,Huron County,0,31542.0,5.342083571111534,34.07231544162469,9.025751072961373,0.48983226955618225,5.170860192694254
1266,26065,MI,Ingham County,0,285660.0,31.335503745711684,34.33631419444062,6.302091366614683,2.5468047275389605,6.700568549078581
1267,26067,MI,Ionia County,0,66564.0,12.407607715882458,26.971495870004613,8.484623124371145,0.40382758317970324,5.011567560807854
1268,26069,MI,Iosco County,0,25262.0,7.137202121763914,41.211634904714145,10.548587743448557,0.1403262585511314,7.840192249924903
1269,26071,MI,Iron County,0,11580.0,6.14853195164076,37.00089525514771,7.732825282976577,0.19657951641438962,4.648160103292446
1270,26073,MI,Isabella County,0,65623.0,15.62714292245097,43.527673790058586,7.482194995497585,0.5166381905459279,7.239496795632566
1271,26075,MI,Jackson County,0,160765.0,16.43392529468479,30.12251655629139,8.165625722877632,0.5563372309284687,5.958761501779838
1272,26077,MI,Kalamazoo County,0,261280.0,23.618723208818125,31.574938031860306,5.696448525482194,0.8290677024473166,6.675578876632613
1273,26079,MI,Kalkaska County,0,17813.0,6.646830966148319,39.63800904977376,11.91673759962857,0.0428510212826739,6.169861622445094
1274,26081,MI,Kent County,0,654958.0,27.54298748927412,26.761765801564636,7.899779465254878,2.361690970735046,4.739561662937016
1275,26083,MI,Keweenaw County,0,2052.0,3.654970760233918,26.282364435759646,3.573591762568141,0.192492781520693,4.976303317535545
1276,26085,MI,Lake County,0,12248.0,14.949379490529067,48.443254101104785,18.037107316044697,0.04598758335249483,7.466007416563659
1277,26087,MI,Lapeer County,0,88644.0,9.056450521185868,25.160153009493964,8.309681488489435,0.6121788268534597,5.599367250564124
1278,26089,MI,Leelanau County,0,22251.0,10.20628286369152,18.48625102096379,3.6470656125569856,0.4281949934123847,3.9996039996039996
1279,26091,MI,Lenawee County,0,99346.0,14.144505063112758,30.179884314681015,8.544500498706254,0.9103369798536219,5.362897202245033
1280,26093,MI,Livingston County,0,193234.0,6.410362565594046,15.402021971604803,4.051507537688442,0.29219198095341165,4.176863452444791
1281,26095,MI,Luce County,0,5520.0,22.934782608695652,39.17296576256114,7.60715967969854,0.4699248120300752,8.14299900695134
1282,26097,MI,Mackinac County,0,10814.0,27.556870723136672,36.26064975189589,8.55317638708151,0.9678056488248075,10.202827289489859
1283,26099,MI,Macomb County,0,879123.0,22.740048889632053,25.65147683395466,9.60855920572112,3.1767197873278077,5.986800651464377
1284,26101,MI,Manistee County,0,24939.0,11.808813504952083,31.545581336376316,8.824309275070267,0.16527218262576182,6.477032481260811
1285,26103,MI,Marquette County,0,66380.0,8.439288942452546,30.399949333417776,4.7137895259145655,0.07113706990153132,5.855313897886781
1286,26105,MI,Mason County,0,29103.0,9.356423736384565,33.603450074774806,6.694382765625738,0.5521219612690564,4.410756456159062
1287,26107,MI,Mecosta County,0,40051.0,9.520361539037726,41.72256506573652,7.573604862262215,0.17721518987341772,5.486755150774698
1288,26109,MI,Menominee County,0,23477.0,7.530774800868937,32.474833311543996,6.981132075471698,0.3701418877236274,5.659209479175878
1289,26111,MI,Midland County,0,83467.0,9.615776294823105,26.609034457567272,5.308919803600655,0.3138750366676445,4.980823703406613
1290,26113,MI,Missaukee County,0,15038.0,7.354701423061577,36.78801719505642,9.83855650522317,0.22241231822070143,7.716901613137625
1291,26115,MI,Monroe County,0,154068.0,9.529558376820626,24.67414785971778,8.498552424231319,0.27306860848788256,5.302305812347253
1292,26117,MI,Montcalm County,0,66430.0,9.447538762607257,34.452962986237665,11.52324431256182,0.15621041965718147,4.563546527587153
1293,26119,MI,Montmorency County,0,9164.0,4.768659973810562,39.074094584117844,11.887727022564668,0.09291521486643438,6.387989402413894
1294,26121,MI,Muskegon County,0,175633.0,24.187937346626203,34.967623117743244,8.301299045599151,0.2812982063458455,7.313017387846582
1295,26123,MI,Newaygo County,0,49653.0,10.67810605602884,36.13104460572454,10.237533789612929,0.24878255346178277,4.925997570740924
1296,26125,MI,Oakland County,0,1271983.0,29.428537960019906,18.20532419484517,5.353933728166857,2.5505723558925655,4.849872478553211
1297,26127,MI,Oceana County,0,26555.0,19.122575786104314,38.974319838211166,11.624777999031268,0.9500459699662888,5.500540900391113
1298,26129,MI,Ogemaw County,0,20745.0,6.218365871294288,42.79533946217,12.91335554985901,0.1555728414268252,8.820286659316427
1299,26131,MI,Ontonagon County,0,5891.0,5.601765404854863,36.61005318236404,6.732348111658457,0.11070110701107011,6.558891454965359
1300,26133,MI,Osceola County,0,22917.0,6.383907143168827,37.23228995057661,11.210901207804273,0.5533141210374639,7.858910891089109
1301,26135,MI,Oscoda County,0,8206.0,5.495978552278821,39.87489267754201,17.878096479791395,0.6986634264884568,9.925397340253001
1302,26137,MI,Otsego County,0,25016.0,5.8362647905340586,30.368446680733648,6.404381356879401,0.13394565633371602,4.798400533155615
1303,26139,MI,Ottawa County,0,293713.0,17.09083356882399,21.068881269054476,6.2287655719139305,1.2525881848197131,3.8638153129035304
1304,26141,MI,Presque Isle County,0,12976.0,4.955302096177559,33.08405390667601,9.206006477573855,1.0438056125941135,6.7031186715269335
1305,26143,MI,Roscommon County,0,23458.0,6.373092335237446,38.14713896457766,9.167909652674195,0.7989831124023969,6.103342024176346
1306,26145,MI,Saginaw County,0,190540.0,31.4716070116511,36.816074188562595,9.453436368614804,0.5128533880376946,6.717313074770093
1307,26147,MI,St. Clair County,0,160067.0,9.40668595025833,28.316731492900736,8.157279564338058,0.44368287384106975,6.944602506227635
1308,26149,MI,St. Joseph County,0,60828.0,14.26316827776682,33.13515589772708,13.17309801818492,0.6210392902408112,5.0033670033670035
1309,26151,MI,Sanilac County,0,40829.0,6.6423375541894245,37.02856574596624,10.037494410237006,1.006672129228608,6.7456505496851324
1310,26153,MI,Schoolcraft County,0,8004.0,15.167416291854071,33.24040045621594,9.819834442460639,0.05544774050457444,8.579710144927537
1311,26155,MI,Shiawassee County,0,68203.0,6.438133219946336,29.945332461821856,7.957065003419052,0.104678024833959,4.250726940256003
1312,26157,MI,Tuscola County,0,53288.0,7.767227143071611,34.53640799923453,9.48432707802672,0.23443360840210054,6.616677653263019
1313,26159,MI,Van Buren County,0,75550.0,19.894109861019192,32.47792235637806,11.700839754799285,1.4169068203650337,5.161540163753043
1314,26161,MI,Washtenaw County,0,372428.0,30.79655664987595,25.231969872274778,4.2785145549586545,2.4900635254951253,4.702598239209792
1315,26163,MI,Wayne County,0,1789781.0,50.93070046000041,39.19208714398106,12.391872014808204,2.5379392825628795,9.233966390616363
1316,26165,MI,Wexford County,0,33552.0,7.221626132570338,36.47650905584185,9.522174043704117,0.08460236886632826,6.707116006067401
1317,27001,MN,Aitkin County,0,15747.0,6.941004635803645,31.771972719083774,8.156753661130656,0.0758150113722517,5.58737037610277
1318,27003,MN,Anoka County,0,360773.0,21.086943867750634,17.129779876677222,5.857053011705991,2.1726174759918226,3.8350497053396033
1319,27005,MN,Becker County,0,34995.0,14.499214173453352,29.663385941412844,7.074290484140233,0.21044992743105953,3.610382035578886
1320,27007,MN,Beltrami County,0,46033.0,29.172550127082747,37.01220482283688,7.038226677491087,0.23355169467388207,5.500313535787871
1321,27009,MN,Benton County,0,41087.0,11.98432594251223,25.123823675086676,8.704961606615475,0.7216683994862699,3.916004540295119
1322,27011,MN,Big Stone County,0,5155.0,4.791464597478177,30.338645418326692,8.054589242708055,0.922671353251318,2.380952380952381
1323,27013,MN,Blue Earth County,0,68575.0,13.227852716004374,33.76934046892491,5.203530170062968,1.1903867818250096,3.383205954840798
1324,27015,MN,Brown County,0,25894.0,7.121340851162432,25.380710659898476,6.827173053012321,0.7890095609393855,2.7909653287296794
1325,27017,MN,Carlton County,0,36145.0,12.247890441278185,25.88802806607221,6.1846347408980105,0.4489585633325973,4.957474076663171
1326,27019,MN,Carver County,0,105694.0,12.471852706870779,10.179795257075675,3.8059733841952403,0.7876900531232826,3.037351897717384
1327,27021,MN,Cass County,0,29917.0,19.427081592405656,33.27003933270039,6.3774343970010055,0.21719893813852467,6.654384672070744
1328,27023,MN,Chippewa County,0,12509.0,14.077863937964667,30.84993899959333,9.132101777622866,1.6603053435114503,5.361596009975062
1329,27025,MN,Chisago County,0,56328.0,7.930336599914785,16.416467540995566,4.672039171682138,0.19450522732798445,3.448949046658424
1330,27027,MN,Clay County,0,64975.0,14.279338207002693,26.43056638087815,5.125356628878733,0.584046723737899,3.978264541922406
1331,27029,MN,Clearwater County,0,8525.0,16.50439882697947,32.637729549248746,13.66695427092321,0.37325038880248834,7.9938900203665995
1332,27031,MN,Cook County,0,5574.0,15.15966989594546,21.88235294117647,3.459262630860264,0.6002400960384154,1.7922336541652837
1333,27033,MN,Cottonwood County,0,11484.0,15.673981191222571,30.181175430844014,8.894292295879191,0.6429489927132447,4.190776784148693
1334,27035,MN,Crow Wing County,0,65879.0,5.766632766131847,29.005929005929005,6.006730586068957,0.06173063655179927,4.709842799345255
1335,27037,MN,Dakota County,0,435863.0,23.611777095096397,16.219225163589666,4.906625129099436,2.377240841777085,3.950740031201753
1336,27039,MN,Dodge County,0,20798.0,9.145110106741033,17.375903731379495,4.12880715272225,0.3885003885003885,2.7326630574890434
1337,27041,MN,Douglas County,0,38742.0,4.656445201590006,22.45564526665099,4.656871593083283,0.3053435114503817,3.1991641375192796
1338,27043,MN,Faribault County,0,13933.0,10.464365176200388,31.515996477839742,7.4505828687278255,0.9198862686067905,4.436152570480929
1339,27045,MN,Fillmore County,0,21179.0,4.811369753057273,27.20563407457431,8.398316196259747,1.0815307820299502,3.4132758465822333
1340,27047,MN,Freeborn County,0,30882.0,16.404377954795674,31.292001581236,11.768985902683038,2.211149174711928,4.138241729952375
1341,27049,MN,Goodhue County,0,47503.0,9.058375260509862,20.76860355334306,5.603191616053352,0.7405515832482125,3.7098626123450926
1342,27051,MN,Grant County,0,6045.0,5.674110835401159,30.657916876998147,7.1594607159460715,0.5573248407643312,4.178909565785178
1343,27053,MN,Hennepin County,0,1270283.0,32.57533951095937,21.625014008741456,6.133782087771932,3.360469736098165,4.346840549337489
1344,27055,MN,Houston County,0,18806.0,5.652451345315325,21.55330386978549,4.575651265208629,0.024679170779861793,1.5577544822180858
1345,27057,MN,Hubbard County,0,21219.0,8.15778311890287,28.123802223073973,5.583263164712741,0.4755277197865925,4.3667259434894286
1346,27059,MN,Isanti County,0,40604.0,7.100285686139296,22.35253192863887,8.037622915775973,0.4445025493528566,4.533036995879057
1347,27061,MN,Itasca County,0,44969.0,10.522804598723564,30.202872122179166,5.618012040791252,0.2471169686985173,6.557057130311753
1348,27063,MN,Jackson County,0,10016.0,8.556309904153354,29.241547365214743,7.155886067068892,0.8459076360310928,3.08618742943169
1349,27065,MN,Kanabec County,0,16004.0,5.992251937015746,30.996755931556518,9.961551904928347,0.09272137227630968,4.472049689440994
1350,27067,MN,Kandiyohi County,0,43504.0,21.949705774181684,28.97416002445275,8.816466552315608,3.14900153609831,3.374404327480359
1351,27069,MN,Kittson County,0,4213.0,5.50676477569428,26.638841149030203,4.293861120429386,0.2997601918465228,3.4211742949607027
1352,27071,MN,Koochiching County,0,12203.0,8.751946242727199,28.02078096195743,7.650510758530754,0.2119018188239449,5.271034253408713
1353,27073,MN,Lac qui Parle County,0,6753.0,5.745594550570117,25.041635124905376,5.988999796292524,0.3519887363604365,2.364864864864865
1354,27075,MN,Lake County,0,10835.0,4.753114905399169,24.223369310183013,6.588813767670559,0.2583979328165375,3.3814514534308877
1355,27077,MN,Lake of the Woods County,0,3757.0,8.171413361724781,29.213785675821217,2.418207681365576,0.21382751247327159,5.220228384991843
1356,27079,MN,Le Sueur County,0,28567.0,9.647495361781075,20.795960166678437,5.202135774218155,0.8920606601248885,3.7243829706236915
1357,27081,MN,Lincoln County,0,5655.0,4.969053934571176,27.620783956244306,6.2248995983935735,0.08203445447087777,2.127659574468085
1358,27083,MN,Lyon County,0,25477.0,17.372532087765435,33.299213887979036,6.982512712389929,1.9595898060716825,3.3729713559195273
1359,27085,MN,McLeod County,0,36662.0,10.209481206699035,24.486027669073472,6.207141168124853,0.6842753524018065,3.3333333333333335
1360,27087,MN,Mahnomen County,0,5429.0,55.479830539694234,49.14901664145234,13.548977723527617,0.5904455179817499,9.046126287505597
1361,27089,MN,Marshall County,0,9082.0,7.31116494164281,23.944450666368013,8.182969294080406,0.5678745267712276,2.875329236172081
1362,27091,MN,Martin County,0,20070.0,8.789237668161435,29.828715365239294,6.678801456174741,0.3661746195216844,5.436337625178827
1363,27093,MN,Meeker County,0,23268.0,6.566958913529311,23.473440705338046,6.09470822532718,0.4239178937974119,2.3829715061058345
1364,27095,MN,Mille Lacs County,0,26397.0,11.785430162518468,29.912443824577718,9.709962168978564,0.23101357204735778,5.830296720458095
1365,27097,MN,Morrison County,0,33876.0,4.791002479631597,28.794321993291806,8.081708922580372,0.4286770140428677,4.49252197739468
1366,27099,MN,Mower County,0,39985.0,23.67637864199075,31.50583488674957,10.609742420277394,5.956655552705822,3.0343663090981328
1367,27101,MN,Murray County,0,8224.0,8.049610894941635,21.050679851668725,9.887102292165583,1.25,2.761904761904762
1368,27103,MN,Nicollet County,0,34295.0,12.780288671818049,22.198831144347388,5.027882712718115,0.9424330479855494,1.8916206723532363
1369,27105,MN,Nobles County,0,22223.0,42.613508527201546,38.15026261703585,21.180505931113334,9.46621088614252,2.8366866050389703
1370,27107,MN,Norman County,0,6500.0,11.107692307692307,29.433185560481316,7.840071476435114,0.6367041198501873,5.697566984909147
1371,27109,MN,Olmsted County,0,160928.0,21.71902962815669,19.61369078835133,5.0371214348720965,2.213245422606058,3.235857832972797
1372,27111,MN,Otter Tail County,0,59728.0,8.314358424859362,26.365245812338284,7.373250205858134,0.7045655849907401,4.383343295477187
1373,27113,MN,Pennington County,0,14063.0,10.182749057811277,23.9939420164431,4.95172843350981,0.21713713044930685,2.9806065339060264
1374,27115,MN,Pine County,0,28997.0,11.590854226299273,29.782640515222482,8.725082862611456,0.2748259435690729,6.168926886792453
1375,27117,MN,Pipestone County,0,9370.0,13.265741728922093,32.8596224777609,8.445297504798464,3.133687136719737,3.065304309195913
1376,27119,MN,Polk County,0,31303.0,14.74619046097818,29.106924070333456,7.215712320318801,1.0353474075871552,4.427879714576962
1377,27121,MN,Pope County,0,11216.0,5.153352353780314,21.908480116215724,5.4378444580526635,0.44971381847914965,1.2251941328731666
1378,27123,MN,Ramsey County,0,549377.0,39.777784654253814,28.8923618622763,9.045746728880477,4.745990544173543,4.834348437186266
1379,27125,MN,Red Lake County,0,3921.0,8.441724049987249,23.277848911651727,5.508938343670193,0.18159806295399517,1.9908116385911179
1380,27127,MN,Redwood County,0,15435.0,13.760932944606413,30.204270509684672,7.113372372084094,0.5863192182410424,2.0777836973894512
1381,27129,MN,Renville County,0,14768.0,13.373510292524376,28.315884351383207,9.43341121495327,0.23886708752772565,3.395189003436426
1382,27131,MN,Rice County,0,66795.0,19.184070663971855,24.29582871278683,7.690861667880725,4.294132940462778,5.197338228545204
1383,27133,MN,Rock County,0,9718.0,7.182547849351718,26.631355932203387,5.634236453201971,0.35705177250701353,2.2390965732087227
1384,27135,MN,Roseau County,0,15321.0,9.470661183995823,25.199415049189046,6.5933014354066986,1.1777113728247497,4.4344551087352695
1385,27137,MN,St. Louis County,0,200311.0,9.46078847392305,29.529632575816656,5.373478670356066,0.43843239956975166,4.875399923684288
1386,27139,MN,Scott County,0,149568.0,20.827984595635428,13.660554682844916,5.074137468808645,2.2882813993500286,3.191858448016653
1387,27141,MN,Sherburne County,0,96295.0,11.087803105041798,14.862424306809732,5.716770775678026,0.3991130820399113,2.692848682262363
1388,27143,MN,Sibley County,0,14948.0,12.329408616537329,22.043047027865867,7.3620223851794675,1.5518417462482947,3.3883579496090355
1389,27145,MN,Stearns County,0,157638.0,15.994874332331039,27.541812215518153,7.748657841891726,1.8303437718393292,4.836087781089136
1390,27147,MN,Steele County,0,37363.0,14.460830233118326,24.02951468952608,8.34524944391484,0.9992622895848702,3.8412875145503316
1391,27149,MN,Stevens County,0,9669.0,14.013858723756334,25.35900436123817,6.527370056984977,2.6301806588735386,1.914773793880233
1392,27151,MN,Swift County,0,9810.0,10.336391437308869,32.541567695961994,8.937728937728938,1.6132858837485171,3.431169904919388
1393,27153,MN,Todd County,0,25121.0,11.301301699773099,34.05416329830234,12.22081510476629,1.4389989572471324,3.802314452275298
1394,27155,MN,Traverse County,0,3362.0,12.93872694824509,27.809929942126104,6.555981268624947,0.42134831460674155,4.156908665105386
1395,27157,MN,Wabasha County,0,21425.0,5.764294049008168,19.785970205544032,5.584052983572495,1.2711396042887144,3.766946970997082
1396,27159,MN,Wadena County,0,14009.0,7.766435862659719,35.19876778641631,9.33047670058918,1.0211393765675385,7.108140947752125
1397,27161,MN,Waseca County,0,18972.0,11.34303183639047,25.469867494594446,7.1830343569474,1.061993893535112,3.75251509054326
1398,27163,MN,Washington County,0,264818.0,19.240006343979637,13.154228322526812,3.742043551088777,1.13029286242866,3.2548313361501697
1399,27165,MN,Watonwan County,0,11223.0,29.67121090617482,29.076992345790188,12.821527502967948,4.728464419475655,5.852509512592861
1400,27167,MN,Wilkin County,0,6495.0,7.451886066204773,29.823188859333438,5.8901682905225865,0.5970149253731344,3.9866098600121727
1401,27169,MN,Winona County,0,49889.0,9.278598488644791,27.753503088744914,6.641911527284469,0.7160972698791586,2.70954759922287
1402,27171,MN,Wright County,0,139890.0,9.014940310243762,14.805269806894062,5.453944104514635,0.6959634122091867,2.424337014059594
1403,27173,MN,Yellow Medicine County,0,9616.0,11.044093178036606,28.883725842221985,7.714200119832235,1.623953311342299,3.446153846153846
1404,28001,MS,Adams County,0,29927.0,64.0124302469342,53.99174869716271,20.3234578502934,1.5854840130362018,11.90871732097578
1405,28003,MS,Alcorn County,0,34964.0,18.759295275140143,45.302977027660575,19.005570455952135,0.1996150281599772,7.063960955561263
1406,28005,MS,Amite County,0,12718.0,42.46736908318918,53.54143558865473,14.603720830196796,0.5820921075158364,6.886517943743938
1407,28007,MS,Attala County,0,18025.0,47.05686546463245,47.55583056758733,18.821182143154044,0.0,7.398630858346499
1408,28009,MS,Benton County,0,7687.0,39.61233250943151,37.65415901338231,25.60997650460871,2.4307900067521944,3.9809863339275102
1409,28011,MS,Bolivar County,0,31301.0,69.71342768601642,56.091284621114646,19.61534687469336,0.6500260010400416,6.7177166724678035
1410,28013,MS,Calhoun County,0,13420.0,36.050670640834575,44.63490145737371,21.648363596825053,1.9922425952045135,2.758132956152758
1411,28015,MS,Carroll County,0,10053.0,35.77041679100766,44.322494614832294,19.30062347519653,0.0,6.524035921817221
1412,28017,MS,Chickasaw County,0,17100.0,50.877192982456144,50.45213407282373,23.44627808988764,0.41512231282431433,2.2839685772475993
1413,28019,MS,Choctaw County,0,8264.0,32.67182962245886,43.824359131608,18.262806236080177,0.0,9.707878430215402
1414,28021,MS,Claiborne County,0,9115.0,89.22654964344487,61.08690389736141,18.38467614533965,0.19402405898331393,10.621312044429018
1415,28023,MS,Clarke County,0,15678.0,36.79678530424799,40.4015136937977,14.825367647058824,0.15179625569235958,6.791950281148269
1416,28025,MS,Clay County,0,18768.0,61.668797953964194,49.38777711850693,16.556856057669947,0.12017625851248497,9.545745361484324
1417,28027,MS,Coahoma County,0,21839.0,80.00366317139063,60.25683240039512,18.788627935723117,0.8071316708830262,9.518665226263353
1418,28029,MS,Copiah County,0,28453.0,56.87976663269251,40.515018341626416,16.20911528150134,0.7826176500875297,5.770221535291087
1419,28031,MS,Covington County,0,18491.0,39.90590016764913,45.92921323690555,15.80115036976171,0.13175230566534915,6.057185854025583
1420,28033,MS,DeSoto County,0,183220.0,38.69555725357493,25.10658011570768,8.902930783620869,1.2129983289567916,4.276877577373266
1421,28035,MS,Forrest County,0,77743.0,43.182022818774676,44.35898810161861,11.000515198351366,0.6547268507292063,7.002631578947368
1422,28037,MS,Franklin County,0,7705.0,37.624918883841666,46.39486103828002,16.321581794441336,0.09765625,2.306547619047619
1423,28039,MS,George County,0,24260.0,13.215169002473207,44.082601874231436,15.182555143593287,1.0726361198554273,11.377961312758096
1424,28041,MS,Greene County,0,13653.0,28.374716179594227,33.12674310505113,22.562956945572704,0.427578834847675,14.246575342465754
1425,28043,MS,Grenada County,0,21621.0,47.10235419268304,44.156513589503284,17.949748743718594,0.23172285946008575,5.19438444924406
1426,28045,MS,Hancock County,0,45911.0,15.649844263901896,34.112324013266274,11.095018255333274,0.4240882103477523,7.960106259029686
1427,28047,MS,Harrison County,0,207382.0,37.208629485683424,38.87101810593933,10.97108379694271,1.6189416169179398,9.11724856696196
1428,28049,MS,Hinds County,0,230772.0,76.16045274123377,44.051241999048415,11.892893319827264,0.7075235563070831,8.669054686865588
1429,28051,MS,Holmes County,0,17243.0,84.96201357072435,64.64445249305807,22.420254090119734,0.15861825872400423,12.751331843959443
1430,28053,MS,Humphreys County,0,7916.0,79.87620010106114,66.47103853023731,23.70098512652115,0.0,13.71280724450194
1431,28055,MS,Issaquena County,0,1111.0,67.77677767776777,70.4225352112676,40.46858359957402,0.0,8.808290155440414
1432,28057,MS,Itawamba County,0,23863.0,10.426182793445921,35.04273504273504,16.451131559313602,0.06889424733034792,2.838912520806362
1433,28059,MS,Jackson County,0,142993.0,32.893917884092225,35.23949514508219,11.28445508737963,1.3196020892161748,8.863771564544914
1434,28061,MS,Jasper County,0,16406.0,55.71132512495428,45.63572614873593,13.062422194558065,0.0,4.302378427510983
1435,28063,MS,Jefferson County,0,7286.0,87.11227010705463,56.82923235597465,21.535312180143297,0.41459369817578773,8.829485621709194
1436,28065,MS,Jefferson Davis County,0,11372.0,62.5923320436159,49.20224618949995,15.61719140429785,0.0,8.54683336749334
1437,28067,MS,Jones County,0,67374.0,35.71110517410277,43.36393104910782,13.952648565689394,0.9714783908332296,3.6484991008438237
1438,28069,MS,Kemper County,0,9211.0,66.54000651395071,54.034288454621745,18.416638711841664,0.2816020025031289,12.14534594325535
1439,28071,MS,Lafayette County,0,55727.0,30.43587489008919,40.436648990929044,8.808624343499494,0.7432788613600422,2.554717539189589
1440,28073,MS,Lamar County,0,63610.0,26.939160509353876,36.55717954408548,10.403879492105139,0.4613101207429099,7.134641191130424
1441,28075,MS,Lauderdale County,0,73756.0,48.46792125386409,45.26039449411097,15.400032066698731,0.8716434697033602,4.691697582192657
1442,28077,MS,Lawrence County,0,12055.0,35.65325591041062,46.34530822201942,18.282208588957054,0.0,12.466068072666529
1443,28079,MS,Leake County,0,21452.0,53.66865560320716,49.206197398622805,18.911235875204323,0.0,7.654235727440148
1444,28081,MS,Lee County,0,83388.0,36.038758574375215,30.78783312471898,13.751103583719212,1.4365094399191767,5.230315686033657
1445,28083,MS,Leflore County,0,28555.0,78.79180528804063,61.84388850225267,17.461573236889695,0.0,11.941097724230254
1446,28085,MS,Lincoln County,0,34910.0,33.16814666284732,39.74920902150881,14.582284851534977,0.13900687311761525,5.303448275862069
1447,28087,MS,Lowndes County,0,58904.0,49.242835800624746,39.79013641133263,12.865541922290388,0.29128388976025094,8.08092441168567
1448,28089,MS,Madison County,0,108248.0,45.02715985514744,23.69317382125264,7.789178456881829,1.2247338835067576,3.8307961068130774
1449,28091,MS,Marion County,0,24609.0,36.15750335243204,50.35484819216395,16.355306996668254,0.0653950953678474,9.060190073917635
1450,28093,MS,Marshall County,0,34031.0,52.56971584731568,45.3708359522313,19.115723748048772,0.287035560516664,5.934617471513836
1451,28095,MS,Monroe County,0,34448.0,33.10206688341849,40.22547444821227,16.70839592722417,0.33419977720014854,6.320310902024954
1452,28097,MS,Montgomery County,0,9948.0,47.92923200643345,52.90112793415304,22.323363675769397,0.5523408732246186,8.765243902439025
1453,28099,MS,Neshoba County,0,29153.0,42.15346619558879,50.354139771815355,18.884705625579745,0.7980845969672785,9.229375926230858
1454,28101,MS,Newton County,0,21385.0,40.37877016600421,43.70666409861325,15.871763608979418,0.29204832072215586,5.37279453614115
1455,28103,MS,Noxubee County,0,10410.0,74.41882804995197,57.92098572266771,22.77884190363931,0.5468963631391851,10.291308500477554
1456,28105,MS,Oktibbeha County,0,51339.0,44.134089094061046,48.72143114827154,9.157973174366617,1.8847270477368998,7.482062129318569
1457,28107,MS,Panola County,0,33300.0,53.36036036036036,50.617246596066565,19.84409498490515,0.0,7.463040556565737
1458,28109,MS,Pearl River County,0,55972.0,19.156006574715928,35.19486692015209,14.150500625782229,0.15636452479843635,6.364986387261777
1459,28111,MS,Perry County,0,11611.0,22.470071483937645,47.843240399789586,15.319949811794228,0.0,9.634089856415006
1460,28113,MS,Pike County,0,40262.0,57.376682728130746,53.69125801752996,16.64874414317536,0.5593745787842027,6.486105775387374
1461,28115,MS,Pontotoc County,0,31136.0,24.38977389516958,35.80347008269823,21.180215475024486,3.686150605581885,2.681343494213943
1462,28117,MS,Prentiss County,0,25022.0,18.65957956997842,39.81175486299937,16.190645142215125,0.12103873239436619,4.128398654178413
1463,28119,MS,Quitman County,0,6327.0,74.885411727517,63.44068619517721,25.40051079637799,0.0,15.00203832042397
1464,28121,MS,Rankin County,0,156052.0,27.235152385102403,23.934474048832875,10.194677819312336,0.14752045559805824,4.404539219354034
1465,28123,MS,Scott County,0,28062.0,51.10826028080678,48.256443578081004,22.17701482554899,3.641571194762684,7.117525773195876
1466,28125,MS,Sharkey County,0,4160.0,73.125,56.22697126013264,20.184842883548985,0.36656891495601174,8.81081081081081
1467,28127,MS,Simpson County,0,26064.0,38.85435850214856,44.62009178990311,20.581127409655483,0.14301430143014301,6.8455999251847
1468,28129,MS,Smith County,0,14483.0,26.3895601739971,40.0389402684097,18.78952122854562,2.6815642458100557,4.474982381959126
1469,28131,MS,Stone County,0,18356.0,23.550882545216822,41.72305942564686,15.576195955942792,0.0,7.433834976647639
1470,28133,MS,Sunflower County,0,26295.0,76.50884198516829,58.524377709255035,23.97919230338964,0.08670878236095628,11.336202372205312
1471,28135,MS,Tallahatchie County,0,12917.0,65.72733606874661,55.79722130334105,21.902017291066283,0.0,13.156419360867128
1472,28137,MS,Tate County,0,28123.0,35.31984496675319,43.68765049879601,14.28958197964046,0.11566265060240963,6.973108192620388
1473,28139,MS,Tippah County,0,21877.0,23.15216894455364,48.33944911514701,22.118185601331668,1.0440539852304558,6.466512702078522
1474,28141,MS,Tishomingo County,0,18945.0,8.545790446027976,44.13793103448276,21.090773253642137,3.4371108343711083,4.571946639036394
1475,28143,MS,Tunica County,0,9949.0,81.576037792743,57.21908671113391,15.948741701404973,0.0,13.09931506849315
1476,28145,MS,Union County,0,27775.0,22.595859585958596,37.03123291665148,21.729957805907173,1.0020242914979758,5.195509097948122
1477,28147,MS,Walthall County,0,13981.0,47.42865317216222,47.84930715935335,18.227351916376307,0.7285634223799738,9.623051830373324
1478,28149,MS,Warren County,0,45141.0,53.17560532553555,38.71482872629946,12.02857888555396,1.3515885553800244,6.596306068601583
1479,28151,MS,Washington County,0,45616.0,75.48009470361276,54.467980953228604,19.011800889245478,0.7366482504604052,9.87944261781744
1480,28153,MS,Wayne County,0,19824.0,42.81678773204197,47.85917207792208,19.04427266338721,1.5695663740356476,7.051055300082537
1481,28155,MS,Webster County,0,9938.0,21.7548802575971,30.443630443630443,15.249399038461538,0.9134737376300432,7.645687645687646
1482,28157,MS,Wilkinson County,0,8706.0,72.23753733057661,56.26326963906582,18.656599024697186,0.0,6.666666666666667
1483,28159,MS,Winston County,0,17846.0,50.31379580858456,47.03643911439114,14.31682529440232,0.672416313404473,7.998877350547291
1484,28161,MS,Yalobusha County,0,12586.0,41.99904655966947,48.379254457050244,14.732985455756634,1.3532065110806042,4.69060075771243
1485,28163,MS,Yazoo County,0,27924.0,66.21544191376594,53.69091874668083,24.033485540334855,0.5552342394447658,9.243169684915733
1486,29001,MO,Adair County,0,25339.0,11.196179801886421,44.435726428664836,8.099620216184633,3.029275460608116,5.165308178404616
1487,29003,MO,Andrew County,0,18023.0,6.397381124119181,23.821060341427685,6.495166573460094,0.0,4.6668137687555165
1488,29005,MO,Atchison County,0,5312.0,5.120481927710843,35.78826237054085,9.956264471314638,0.0,3.049698795180723
1489,29007,MO,Audrain County,0,25223.0,12.809737144669548,42.14141243890106,12.720605088242035,0.8525243578387954,4.675588683720142
1490,29009,MO,Barry County,0,34648.0,18.05010390210113,39.10775849367947,14.890648721841531,1.3264554163596167,3.078752642706131
1491,29011,MO,Barton County,0,11712.0,8.811475409836065,46.97271546123863,12.32569721115538,0.287483414418399,6.5756097560975615
1492,29013,MO,Bates County,0,16100.0,7.130434782608695,37.730080886567734,11.941782679443138,0.1336898395721925,5.941378399788751
1493,29015,MO,Benton County,0,19351.0,6.480285256575888,38.925788400188274,13.046963725031732,0.20276264098339883,7.299663299663299
1494,29017,MO,Bollinger County,0,10758.0,5.558654024911694,37.990610328638496,15.12757414842637,0.0,4.6003330557868445
1495,29019,MO,Boone County,0,182170.0,21.986056979744195,32.61369546373881,5.001082876118972,1.6823273562841083,3.8346321121826454
1496,29021,MO,Buchanan County,0,85545.0,18.01274183178444,35.97240231937954,10.476338193223727,1.9793640766477154,4.852519113426428
1497,29023,MO,Butler County,0,42314.0,12.166186132249374,48.036166365280295,15.810344238197791,0.15594785103861267,6.604702022963369
1498,29025,MO,Caldwell County,0,8856.0,6.300813008130081,40.99487418452936,10.770767437989011,0.9717314487632509,3.7454164484023047
1499,29027,MO,Callaway County,0,44449.0,10.61216225336903,26.513025065248435,10.850104547830632,0.10117617301125584,5.29466791393826
1500,29029,MO,Camden County,0,43053.0,6.619747752769841,30.353808702228736,8.628928505789377,0.3515046867291564,5.131176904435781
1501,29031,MO,Cape Girardeau County,0,81086.0,14.804035221863208,31.31423573146731,8.13957942314322,0.42053504997897323,3.8308363360515836
1502,29033,MO,Carroll County,0,8564.0,5.791686127977581,34.08553875236295,9.630496572479519,0.0,4.872506942691239
1503,29035,MO,Carter County,0,5365.0,6.766076421248835,42.27394124380008,13.035178620125443,0.0,1.7857142857142856
1504,29037,MO,Cass County,0,106966.0,13.466896023035357,21.399437877941914,6.6727692538904,0.44268236324276994,4.666774361459623
1505,29039,MO,Cedar County,0,14184.0,6.331077270163564,52.24317759679954,13.83769473577029,0.018168604651162792,3.7991104521868055
1506,29041,MO,Chariton County,0,7432.0,5.745425188374596,30.520022246941046,8.649062380405665,0.07803355442840422,4.690318701142513
1507,29043,MO,Christian County,0,87824.0,7.734787757332848,26.910012090506076,7.502786314971798,1.2534093346817443,3.0506103477064013
1508,29045,MO,Clark County,0,6649.0,4.06076101669424,42.83975041850556,13.579706975727094,0.12690355329949238,1.697171381031614
1509,29047,MO,Clay County,0,250134.0,20.447440172067772,22.31989136497005,6.448746093497107,1.1924556016851469,4.211029854099775
1510,29049,MO,Clinton County,0,21095.0,7.20549893339654,24.76805751202215,6.654823722328505,0.36496350364963503,4.17705114146147
1511,29051,MO,Cole County,0,77412.0,19.356172169689454,23.234420548924703,7.437645959831854,0.5624937221682793,3.247180213443933
1512,29053,MO,Cooper County,0,17397.0,12.634362246364317,34.8819593485671,10.70855502069082,0.06567066163191594,5.24157375368448
1513,29055,MO,Crawford County,0,23204.0,6.210136183416652,41.43408811655257,18.897153746849447,0.26962899050905953,7.694681617117581
1514,29057,MO,Dade County,0,7584.0,6.69831223628692,43.68619022031166,10.773430391264787,0.0,8.385556550283498
1515,29059,MO,Dallas County,0,16946.0,5.865691018529446,44.65653422690282,13.162173727000429,0.7063882063882064,4.981188863807374
1516,29061,MO,Daviess County,0,8427.0,4.35504924646968,36.44005847953216,12.832886505808757,0.26622296173044924,2.1016227720138336
1517,29063,MO,DeKalb County,0,11639.0,14.150700231978691,29.276654096674665,10.42543244506779,0.0,2.0219244823386116
1518,29065,MO,Dent County,0,14585.0,7.308878985258828,45.176748385304535,16.14912878419157,0.0,4.560517595076535
1519,29067,MO,Douglas County,0,11808.0,6.046747967479675,48.99897330595483,16.24557260920897,0.0441306266548985,7.3791902481497615
1520,29069,MO,Dunklin County,0,28592.0,22.10758254057079,48.94848473954776,20.79763038188935,1.029820005372974,6.988366377191545
1521,29071,MO,Franklin County,0,104331.0,6.832101676395319,24.98640354284826,10.052844350621577,0.11572934108145376,4.511823035850496
1522,29073,MO,Gasconade County,0,14803.0,4.816591231507126,31.8197430789311,11.6545556176635,0.2724795640326975,2.5195365130692533
1523,29075,MO,Gentry County,0,6231.0,4.557855881880918,37.81429745275267,13.96608572774376,1.1734028683181226,3.795202291442893
1524,29077,MO,Greene County,0,296875.0,13.534652631578947,36.38676398958556,7.101236293380743,0.9360965315729669,4.039832522349213
1525,29079,MO,Grundy County,0,9901.0,6.3932936067063935,36.89037098791163,15.554213228631832,1.0635396782110718,4.0691066151398045
1526,29081,MO,Harrison County,0,8229.0,5.7844209502977275,42.756489493201485,8.644818423383525,0.16160310277957335,2.6734926052332195
1527,29083,MO,Henry County,0,21884.0,7.078230670809724,37.101718532280536,11.406819781204018,0.5875952121871599,5.7478243270593
1528,29085,MO,Hickory County,0,8429.0,5.777672321746352,46.82815685333973,10.868562644119907,0.0,7.850662944870901
1529,29087,MO,Holt County,0,4295.0,4.842840512223516,35.09442983504662,5.843124801524294,0.0,3.353057199211045
1530,29089,MO,Howard County,0,10147.0,11.99369271705923,30.178457616316123,12.094574113367687,0.15693659761456372,4.368825466520308
1531,29091,MO,Howell County,0,39753.0,6.64352375921314,47.499168521503314,14.151568714096333,0.6112076175770443,5.182318437443309
1532,29093,MO,Iron County,0,9606.0,6.74578388507183,46.40544041450777,17.32272069464544,0.0,3.3012737197816477
1533,29095,MO,Jackson County,0,713229.0,38.40239249946371,31.033952463134153,8.633831901800113,1.896833413554427,5.018769639580741
1534,29097,MO,Jasper County,0,122059.0,17.055686184550094,39.17300324688874,12.387213840073576,1.1336376180872518,4.09807179177365
1535,29099,MO,Jefferson County,0,225913.0,9.11102946709574,23.12817799460133,9.259884665625897,0.4630439600172621,4.198082315998052
1536,29101,MO,Johnson County,0,53889.0,15.248009797917941,31.83908278809731,7.045727657959648,0.4917952962944928,4.613641690757091
1537,29103,MO,Knox County,0,3782.0,4.415653093601269,40.76159828372218,13.30089213300892,0.0,2.932551319648094
1538,29105,MO,Laclede County,0,35898.0,8.384868237784834,43.22729966976206,13.473449500371624,0.152990264255911,5.90560759031748
1539,29107,MO,Lafayette County,0,32752.0,8.695652173913043,29.789810301468535,9.579234012649332,0.231730530497393,2.6087499219871435
1540,29109,MO,Lawrence County,0,38123.0,11.793405555701282,44.5905574819952,14.972647268691034,0.7462686567164178,7.057423048580012
1541,29111,MO,Lewis County,0,10031.0,7.3870999900309045,37.28539034661484,14.60452406254744,0.0,6.954971020954079
1542,29113,MO,Lincoln County,0,58689.0,7.27052769684268,27.687794038504936,9.150825762780874,0.1308166697813493,3.257859022296081
1543,29115,MO,Linn County,0,11962.0,5.575990637017221,36.28977657413676,10.090177918596149,0.08405127127547804,2.970822281167109
1544,29117,MO,Livingston County,0,15001.0,8.172788480767949,31.146353827214135,11.7680608365019,0.20043731778425655,3.287016285671597
1545,29119,MO,McDonald County,0,23267.0,29.844844629733096,49.613681743206875,21.83442601876848,3.995627884381831,6.157412072961805
1546,29121,MO,Macon County,0,15222.0,7.075285770595191,34.54156356583963,9.664146971581665,0.6321334503950834,3.6594473487677375
1547,29123,MO,Madison County,0,12597.0,5.437802651424942,36.4983001457018,12.471422039323274,0.0,4.968715495031285
1548,29125,MO,Maries County,0,8457.0,5.344684876433724,31.55449672424062,14.130255564715583,0.30278007156619874,5.2752880921895
1549,29127,MO,Marion County,0,28564.0,10.250665172944966,38.15244862825538,10.384955062600655,0.2272330012235623,3.8079835330441814
1550,29129,MO,Mercer County,0,3561.0,5.953383880932322,39.49171901770417,12.505125051250513,1.4657980456026058,4.197994987468672
1551,29131,MO,Miller County,0,24643.0,5.693300328693747,38.72832369942196,10.997999293868425,0.46608488694962313,5.682582380632145
1552,29133,MO,Mississippi County,0,12976.0,29.95530209617756,51.07945109693208,20.189997816117057,1.0204081632653061,6.2659303313508925
1553,29135,MO,Moniteau County,0,15723.0,11.492717674744005,31.876214265889537,14.41825239041939,1.6351744186046513,4.180626365622724
1554,29137,MO,Monroe County,0,8643.0,7.682517644336458,32.94214294096937,9.144639632244294,0.5704506560182544,1.7116876170098956
1555,29139,MO,Montgomery County,0,11384.0,7.396345748418834,35.72978838849701,14.157303370786517,0.10787486515641855,2.9732781332329696
1556,29141,MO,Morgan County,0,20883.0,6.613034525690753,42.103460089071596,20.886679378915826,1.1630980703145652,4.624350690485239
1557,29143,MO,New Madrid County,0,16658.0,21.875375195101455,44.87708705563428,17.718214254634063,0.0,4.532744665194997
1558,29145,MO,Newton County,0,58634.0,16.92874441450353,37.816074000798324,10.757112036526015,1.1034105416742659,4.726120094023791
1559,29147,MO,Nodaway County,0,21571.0,7.945853228872096,44.06353620708097,6.047283284944006,0.41876046901172526,2.4403669724770642
1560,29149,MO,Oregon County,0,8891.0,6.658418625576426,54.04939689833429,16.634584536413218,0.0,5.462555066079295
1561,29151,MO,Osage County,0,13372.0,2.677236015554891,21.339326527502667,8.148716823864882,0.17301038062283738,1.3959575396248365
1562,29153,MO,Ozark County,0,8664.0,5.136195752539243,48.24756769429141,18.447348193697156,0.0,6.832097969706735
1563,29155,MO,Pemiscot County,0,15949.0,31.964386481911088,53.106518282988866,20.198359717718866,0.16228497241155468,11.156022635408245
1564,29157,MO,Perry County,0,19007.0,5.845214920818646,31.70888448562095,13.800766283524904,0.6160164271047228,4.662885948330183
1565,29159,MO,Pettis County,0,42919.0,16.023206505277383,40.14650451603727,12.609308885754583,2.2880539499036607,4.32593606413139
1566,29161,MO,Phelps County,0,44692.0,12.962051373847668,40.79631949128047,9.401037010548901,1.532609911623224,4.981446652772836
1567,29163,MO,Pike County,0,18052.0,11.195435408818968,37.049978161851875,12.943248219002642,0.8967223252937538,3.8483067450321857
1568,29165,MO,Platte County,0,105189.0,20.56298662407666,17.613701895351966,3.371145328575594,1.6202495611329888,3.8424426218209384
1569,29167,MO,Polk County,0,31541.0,7.336482673345804,40.37453683613179,10.759027266028003,0.3696380985128514,3.386674024003311
1570,29169,MO,Pulaski County,0,53460.0,30.907220351664794,35.62611032660684,5.563528351633681,0.593318715335999,5.442176870748299
1571,29171,MO,Putnam County,0,4715.0,4.687168610816543,26.868905742145177,5.614035087719298,0.6455399061032864,5.405405405405405
1572,29173,MO,Ralls County,0,10318.0,5.950765652258189,27.38710621281576,9.545268332650553,0.0,5.143202904396934
1573,29175,MO,Randolph County,0,24880.0,12.090032154340836,36.623342637822745,11.007887817703768,0.0,4.766053846824083
1574,29177,MO,Ray County,0,23080.0,6.863084922010398,26.89863710066173,10.625891694063643,0.0697350069735007,2.528455990963594
1575,29179,MO,Reynolds County,0,6138.0,7.119582926034538,39.63210702341137,22.173627815438444,0.0,12.607879924953098
1576,29181,MO,Ripley County,0,11032.0,5.656272661348803,51.53690410454629,18.22679338627783,0.02533569799847986,5.102747633341029
1577,29183,MO,St. Charles County,0,402377.0,14.029131883780632,13.35914320679232,4.619972900615004,0.5817293881068658,3.228107002529738
1578,29185,MO,St. Clair County,0,9235.0,6.886843530048728,42.86196802521955,11.923360353721444,0.3034134007585335,3.1837160751565765
1579,29186,MO,Ste. Genevieve County,0,18406.0,4.6615234162773005,25.935754962127493,8.598386851316391,0.4232505643340858,4.06097018246551
1580,29187,MO,St. Francois County,0,67168.0,9.065328727965698,38.53694460355126,14.026066698847774,0.16653144882360477,5.005239259517988
1581,29189,MO,St. Louis County,0,1001982.0,36.09665642696176,22.463667664884284,5.902439304928932,1.5261906030644918,4.413142678662573
1582,29195,MO,Saline County,0,23278.0,20.774980668442307,37.63908603873804,12.909174734900878,3.1502112946600076,2.381835032437442
1583,29197,MO,Schuyler County,0,4094.0,3.517342452369321,43.548783484885725,10.316875460574797,0.1597444089456869,1.4997321906802357
1584,29199,MO,Scotland County,0,4760.0,2.3949579831932777,36.40849603089466,20.569514237855945,0.36607687614399026,1.142263759086189
1585,29201,MO,Scott County,0,38161.0,17.858546683787115,38.86028332844222,14.420703486578216,0.0866608892740484,4.052469997209043
1586,29203,MO,Shannon County,0,7185.0,6.86151704940849,48.56976913024539,14.241426080217012,0.0,3.5727440147329648
1587,29205,MO,Shelby County,0,6087.0,5.076392311483489,42.84250085411684,11.301859799713878,0.0,1.2363122571529495
1588,29207,MO,Stoddard County,0,28812.0,5.740663612383729,43.88783202987388,18.914081145584728,0.02656512884087488,5.4069163804807925
1589,29209,MO,Stone County,0,31018.0,5.648333225868851,34.992173232454995,9.948884179030046,0.1710654936461388,9.026972718138959
1590,29211,MO,Sullivan County,0,6045.0,23.39123242349049,40.77054794520548,14.946705426356587,4.5049504950495045,2.981651376146789
1591,29213,MO,Taney County,0,55854.0,12.081498191714111,38.20807108478341,9.92931586007636,0.6306179114311261,5.1943267636765516
1592,29215,MO,Texas County,0,24866.0,9.474784846778734,51.089691644986566,14.862188012903957,0.2247431506849315,6.403162055335969
1593,29217,MO,Vernon County,0,19831.0,6.464626090464424,41.327466079941324,10.660013608528011,1.3362456636258513,4.2636090392964485
1594,29219,MO,Warren County,0,35033.0,9.379727685325264,26.50201233459768,12.045707685326514,0.1724813798510388,4.901132330572926
1595,29221,MO,Washington County,0,23791.0,6.708419150098777,45.647866860388326,19.510130027215,0.0,5.77438647143741
1596,29223,MO,Wayne County,0,11298.0,7.027792529651265,46.16077865897621,18.226958943926366,0.23364485981308408,9.86335403726708
1597,29225,MO,Webster County,0,38978.0,6.824362460875366,36.14037867384932,12.680915182996946,0.7737226277372263,4.693626733774215
1598,29227,MO,Worth County,0,2004.0,4.04191616766467,33.69011213047911,8.60597439544808,0.0,2.478448275862069
1599,29229,MO,Wright County,0,18244.0,6.489804867353651,49.023776223776224,17.032332563510394,0.19342359767891684,4.466075007157171
1600,29510,MO,St. Louis City,0,302787.0,55.66454306162419,39.58014788395754,10.75324936935452,2.181197356210285,5.957556998157271
1601,30001,MT,Beaverhead County,0,9391.0,10.605899265253967,37.863968521641375,5.464824120603015,0.0,2.4637043554773426
1602,30003,MT,Big Horn County,0,13198.0,73.78390665252311,58.0219271155034,10.60483870967742,0.0,13.515965166908565
1603,30005,MT,Blaine County,0,7051.0,56.58771805417672,44.95901049906515,9.31662331520454,0.1779359430604982,13.24974584886479
1604,30007,MT,Broadwater County,0,6641.0,6.354464689052854,32.523903475489455,7.091599831152386,0.0,8.285455095252495
1605,30009,MT,Carbon County,0,10488.0,6.817315026697178,23.88347641554934,4.4911669569544665,0.775709219858156,4.606104916834217
1606,30011,MT,Carter County,0,1349.0,3.85470719051149,41.64156626506024,7.6923076923076925,0.0,3.025936599423631
1607,30013,MT,Cascade County,0,84178.0,16.065955475302335,31.76023669503598,7.043426944839797,0.6609346669006259,3.432223648121587
1608,30015,MT,Chouteau County,0,5896.0,23.541383989145185,40.51562233225201,7.922964407606045,0.045433893684688774,5.257312106627175
1609,30017,MT,Custer County,0,11968.0,9.174465240641712,29.76631887557127,5.924973705737992,1.477832512315271,3.949398333847578
1610,30019,MT,Daniels County,0,1739.0,7.878090856814262,28.538147932440307,7.071483474250577,0.0,2.050113895216401
1611,30021,MT,Dawson County,0,9003.0,7.741863823170054,25.23560209424084,5.016057501146964,0.17980991523246853,3.577336641852771
1612,30023,MT,Deer Lodge County,0,9380.0,11.300639658848615,40.40710751237067,9.281842818428185,0.0,4.4188722669735325
1613,30025,MT,Fallon County,0,3074.0,6.961613532856213,31.285475792988315,4.514889529298751,0.0,0.0
1614,30027,MT,Fergus County,0,11464.0,6.7951849267271465,33.52069950035689,4.679802955665025,0.15360983102918588,2.2414671421293937
1615,30029,MT,Flathead County,0,103400.0,8.397485493230175,28.150100034158005,5.055380068598078,0.2329573320255027,3.4324550715808715
1616,30031,MT,Gallatin County,0,116725.0,9.637181409295351,26.124002739409246,2.553729456384324,0.2673681486911898,2.085613789278573
1617,30033,MT,Garfield County,0,972.0,1.02880658436214,33.95061728395062,2.3880597014925375,0.0,0.0
1618,30035,MT,Glacier County,0,13827.0,70.99153829464092,55.319778188539736,11.440426793123889,1.2484394506866416,8.018368067820559
1620,30039,MT,Granite County,0,3333.0,6.240624062406241,35.2203182374541,9.047044632086852,0.0,3.6818851251840945
1621,30041,MT,Hill County,0,16297.0,32.134748726759526,39.18867924528302,8.83808392715756,0.2883229216722729,4.3607660455486545
1622,30043,MT,Jefferson County,0,12057.0,8.451521937463715,23.599292273991068,5.474452554744526,0.4995655951346655,3.342716396903589
1623,30045,MT,Judith Basin County,0,2004.0,8.283433133732535,33.93213572854291,5.063291139240507,0.22753128555176336,2.998965873836608
1624,30047,MT,Lake County,0,31030.0,35.497905252980985,37.931146899654436,7.671130605198077,0.6719972779857094,6.079815588531911
1625,30049,MT,Lewis and Clark County,0,70340.0,9.93033835655388,25.42724804344354,4.367305751765893,0.35320382526406985,3.5234854371533455
1626,30051,MT,Liberty County,0,2026.0,1.7769002961500493,40.189243027888445,27.375886524822697,0.130718954248366,0.0
1627,30053,MT,Lincoln County,0,19674.0,8.68150859001728,43.522703924388736,8.489322436066438,0.14187751241428234,7.3046210236942
1628,30055,MT,McCone County,0,1805.0,10.637119113573407,24.465691788526435,3.9346696362286564,0.0,2.3404255319148937
1629,30057,MT,Madison County,0,8499.0,7.942110836569008,26.556754833353104,3.604271729457134,0.25862068965517243,2.577710386656558
1630,30059,MT,Meagher County,0,1932.0,8.385093167701864,22.473118279569892,3.6440084092501754,0.0,1.1822660098522169
1631,30061,MT,Mineral County,0,4490.0,8.663697104677059,38.174368313225585,7.4539608301666185,0.0,5.19828510182208
1632,30063,MT,Missoula County,0,117379.0,12.172535121273823,30.035723621155352,3.655587988424389,0.4207375042984,4.690859434017084
1633,30065,MT,Musselshell County,0,4813.0,8.393933097859962,35.15771882180906,8.638239339752406,0.5507113354749885,4.426463588767254
1634,30067,MT,Park County,0,17072.0,7.222352389878163,28.359089300460067,3.4237774922530417,0.7575757575757576,2.6124661246612466
1636,30071,MT,Phillips County,0,4233.0,17.03283723127805,33.652007648183556,7.398805573988056,0.0,5.193482688391039
1637,30073,MT,Pondera County,0,5974.0,19.283562102443923,36.3932180167837,8.652205703144041,0.13711151736745886,6.742346061231511
1638,30075,MT,Powder River County,0,1759.0,9.039226833428083,29.867128827267475,6.163328197226503,0.0,0.91324200913242
1639,30077,MT,Powell County,0,6955.0,11.445003594536304,35.066392369553014,9.81730946669127,0.34782608695652173,2.869496855345912
1640,30079,MT,Prairie County,0,1227.0,3.4229828850855744,49.707602339181285,13.048245614035087,0.0,3.103448275862069
1641,30081,MT,Ravalli County,0,43790.0,9.205298013245034,29.682386023141106,7.3969009272816,0.1120059736519281,5.226209048361934
1642,30083,MT,Richland County,0,11375.0,11.56043956043956,25.924291890937965,4.614160700079554,0.2643171806167401,4.245771487745944
1643,30085,MT,Roosevelt County,0,10884.0,67.2271223814774,54.48539971278124,9.598715890850722,0.25624599615631005,12.65315739868049
1644,30087,MT,Rosebud County,0,8464.0,48.5586011342155,42.63000597728631,10.526315789473683,0.2717391304347826,6.4498790647675355
1645,30089,MT,Sanders County,0,12298.0,10.505773296470972,44.190271698736474,8.969889064976229,0.05565862708719852,5.2935943060498225
1646,30091,MT,Sheridan County,0,3522.0,10.618966496308916,26.4085524414909,7.39866194411649,0.48476454293628807,2.4807056229327453
1647,30093,MT,Silver Bow County,0,35017.0,10.140788759745266,36.23030481519658,6.239103362391034,0.5656108597285068,4.645822292881117
1648,30095,MT,Stillwater County,0,8916.0,7.884701659937192,23.276250563316808,7.287134866376631,0.24109295472810074,3.369241347696539
1649,30097,MT,Sweet Grass County,0,3690.0,6.910569105691057,24.17372302649549,3.9427908774642444,0.0,2.392604676454595
1650,30099,MT,Teton County,0,6173.0,6.88482099465414,34.17077175697865,7.546717776712986,0.12355848434925865,2.1104467112205416
1651,30101,MT,Toole County,0,5013.0,13.285457809694792,36.72964462438147,10.538116591928251,0.6648199445983379,3.0395136778115504
1653,30105,MT,Valley County,0,7553.0,15.424334701443135,33.37834188495814,7.004330634532104,0.0,4.242424242424243
1654,30107,MT,Wheatland County,0,2082.0,5.571565802113352,43.29446064139942,9.45337620578778,0.0,1.564537157757497
1655,30109,MT,Wibaux County,0,1018.0,10.609037328094303,27.25450901803607,7.361111111111112,0.23696682464454977,0.0
1656,30111,MT,Yellowstone County,0,163593.0,14.79647662186035,27.236016302853,4.984017571742353,0.426865671641791,3.921614452481391
1657,31001,NE,Adams County,0,31284.0,15.579849124152922,29.232064668238465,8.427821135817013,2.4561680619175483,2.4161156769449423
1658,31003,NE,Antelope County,0,6310.0,5.340729001584786,31.799903490429465,7.678075855689177,0.5370157268891446,2.800953516090584
1662,31011,NE,Boone County,0,5413.0,4.101237760945871,25.934974628829167,5.176093916755603,0.2257336343115124,0.9486999297259312
1663,31013,NE,Box Butte County,0,10821.0,19.517604657610203,33.023386869540715,9.469595499598178,1.027097902097902,3.7479630635524175
1664,31015,NE,Boyd County,0,1812.0,6.95364238410596,31.439820022497187,4.926470588235294,0.37174721189591076,1.5384615384615385
1665,31017,NE,Brown County,0,2752.0,6.940406976744186,37.41271591326718,6.256109481915933,1.0344827586206897,0.625
1666,31019,NE,Buffalo County,0,49840.0,14.267656500802566,28.563316297558206,7.703544994156602,1.9702640881680185,2.6715799170888994
1667,31021,NE,Burt County,0,6705.0,7.90454884414616,28.263165836728533,8.938428874734607,0.14336917562724014,4.173512980611239
1668,31023,NE,Butler County,0,8354.0,7.361742877663395,21.850177196627154,6.254355400696864,2.1363769388352356,1.12943302462164
1669,31025,NE,Cass County,0,26546.0,7.654637233481504,22.24489010354517,5.687801667397982,0.39710116152089747,2.8339207365316836
1670,31027,NE,Cedar County,0,8401.0,4.059040590405904,21.03276093045914,5.711743772241993,0.4241139048773099,2.179656538969617
1671,31029,NE,Chase County,0,3694.0,19.626421223605846,30.371389270976618,12.101167315175097,0.33025099075297226,3.076062639821029
1672,31031,NE,Cherry County,0,5505.0,13.878292461398727,33.351698806244265,2.733245729303548,0.0,0.1676727028839705
1673,31033,NE,Cheyenne County,0,9575.0,11.93733681462141,32.42125357938275,6.256564141035259,0.0,2.807377049180328
1674,31035,NE,Clay County,0,6104.0,11.435124508519005,25.900600400266843,7.028448481950752,1.729106628242075,3.041825095057034
1675,31037,NE,Colfax County,0,10608.0,52.33785822021117,27.91594370541739,26.56900539707016,24.00893355667225,0.9895444361463779
1676,31039,NE,Cuming County,0,9035.0,12.451577199778638,25.109341706852078,10.625507717303005,2.7807775377969763,3.0478955007256894
1677,31041,NE,Custer County,0,10625.0,6.343529411764706,32.71028037383177,5.574485484530462,1.0869565217391304,1.9447473645946927
1678,31043,NE,Dakota County,0,21284.0,53.974816763766206,32.861635220125784,22.06678002782501,11.411161888935052,2.1095111437219116
1679,31045,NE,Dawes County,0,8383.0,15.54336156507217,31.87819994610617,5.086410054988217,3.8711583924349884,2.2675736961451247
1680,31047,NE,Dawson County,0,24031.0,43.061046148724564,33.006480935948154,22.276527331189712,8.012274122059324,3.378325045386376
1681,31049,NE,Deuel County,0,1878.0,17.305644302449412,30.781584582441113,9.541150764748725,0.258732212160414,4.4493882091212456
1682,31051,NE,Dixon County,0,5632.0,17.258522727272727,31.79690313287721,15.582010582010582,3.80653828929691,2.4601063829787235
1683,31053,NE,Dodge County,0,37249.0,18.09981476012779,28.7576644755013,10.760210270926,2.4181979643418265,4.774577332498434
1684,31055,NE,Douglas County,0,578771.0,31.738459598010266,26.535672531144368,8.805695887480274,2.9932712805621593,4.105905667855728
1685,31057,NE,Dundy County,0,1900.0,7.947368421052632,34.13461538461539,9.418070444104135,0.0,0.9765625
1686,31059,NE,Fillmore County,0,5561.0,7.444704189893904,22.936122525214792,5.625153524932449,0.2544529262086514,1.0634762379528082
1687,31061,NE,Franklin County,0,2914.0,5.422100205902539,39.78192050650721,7.703016241299304,0.24793388429752067,1.0204081632653061
1688,31063,NE,Frontier County,0,2512.0,6.25,25.145954962468725,5.799648506151142,0.39603960396039606,5.099601593625498
1689,31065,NE,Furnas County,0,4655.0,7.389903329752953,26.351499233968045,9.586122945830796,0.9547738693467337,1.2636899747262005
1690,31067,NE,Gage County,0,21706.0,6.228692527411775,31.34006101854025,9.102285450833168,0.37511032656663723,2.142920393163907
1691,31069,NE,Garden County,0,1726.0,3.0127462340672073,34.02001177163037,6.174698795180722,0.4618937644341801,3.034134007585335
1692,31071,NE,Garfield County,0,1889.0,3.440974060349391,32.47394404827208,3.258508327299059,0.0,0.0
1693,31073,NE,Gosper County,0,1811.0,6.736609607951408,22.704225352112676,6.002824858757062,0.0,1.8181818181818181
1695,31077,NE,Greeley County,0,2219.0,4.100946372239748,32.86106032906764,8.2687338501292,0.5470459518599562,1.9175455417066156
1696,31079,NE,Hall County,0,62616.0,35.206656445636895,32.05763389158721,15.09982843929486,8.15629742033384,3.238194721804049
1697,31081,NE,Hamilton County,0,9376.0,5.780716723549488,16.456106252024618,3.2944832944832947,0.0,4.495049504950495
1698,31083,NE,Harlan County,0,3216.0,5.597014925373134,22.8904282115869,7.142857142857142,1.4754098360655739,2.1642266072565244
1699,31085,NE,Hayes County,0,891.0,7.295173961840629,36.25140291806959,6.583072100313479,0.5649717514124294,0.4524886877828055
1700,31087,NE,Hitchcock County,0,2630.0,6.311787072243346,39.52950250674894,5.013623978201634,0.0,1.9154030327214684
1701,31089,NE,Holt County,0,10175.0,7.203931203931203,36.45957785742732,6.398616515348032,1.8564356435643563,1.193139448173005
1703,31093,NE,Howard County,0,6461.0,7.862559975236032,22.949797318366073,4.689252860668612,0.27580772261623326,5.516431924882629
1704,31095,NE,Jefferson County,0,7213.0,7.541938167198115,32.01301457066063,8.314132104454686,2.7467262855317793,1.7005854474491218
1705,31097,NE,Johnson County,0,5298.0,20.139675349188373,24.273664479850048,11.518186610437533,2.86368843069874,1.9990480723465014
1706,31099,NE,Kearney County,0,6639.0,9.429130893206809,29.641544117647058,5.177847816298964,0.3675119441381845,1.6732841747022122
1707,31101,NE,Keith County,0,8312.0,10.89990375360924,32.071567672833496,10.394736842105264,4.7746065617498,2.6501337223437877
1709,31105,NE,Kimball County,0,3583.0,13.619871615964277,36.42045454545455,12.060889929742387,1.4874915483434754,4.40552016985138
1710,31107,NE,Knox County,0,8434.0,15.307090348589044,29.39037692400921,7.620204825551119,0.48149262714414687,4.116279069767441
1711,31109,NE,Lancaster County,0,320301.0,19.97059016362734,28.119276519472052,6.670673980013525,2.7649300745818954,3.245005117251813
1712,31111,NE,Lincoln County,0,34906.0,13.098034721824328,29.24041730160591,6.090762687368378,0.49172380358750606,3.491341030195382
1713,31113,NE,Logan County,0,865.0,11.213872832369942,36.531791907514446,4.070796460176991,2.1875,0.9324009324009324
1716,31119,NE,Madison County,0,35553.0,21.36247292774168,30.373710222838813,7.90760046718865,4.249230989341155,3.059445178335535
1717,31121,NE,Merrick County,0,7687.0,8.468843502016393,27.46292372881356,6.847045831032579,0.8609693877551019,1.223091976516634
1718,31123,NE,Morrill County,0,4595.0,18.759521218715996,31.602506714413607,9.369024856596559,1.994609164420485,5.700397702165267
1719,31125,NE,Nance County,0,3389.0,5.606373561522573,33.09024612579763,6.946209233375688,0.23076923076923078,4.247990815154994
1720,31127,NE,Nemaha County,0,7025.0,9.494661921708184,35.89230769230769,9.152468326780253,2.040085898353615,5.618631732168851
1721,31129,NE,Nuckolls County,0,4125.0,6.157575757575757,29.586817511067387,7.863304578633046,0.0,1.956323930846224
1722,31131,NE,Otoe County,0,15916.0,12.8424227192762,23.80223285486443,7.017382507127748,1.9803548795944235,3.28297847032235
1723,31133,NE,Pawnee County,0,2564.0,5.30421216848674,41.31903059197457,14.773980154355016,0.37418147801683815,3.0664395229982966
1724,31135,NE,Perkins County,0,2865.0,6.666666666666667,24.444444444444443,10.534351145038167,0.43975373790677225,1.0460251046025104
1725,31137,NE,Phelps County,0,8972.0,8.83860900579581,24.587706146926536,7.950673373357131,2.483487450462351,0.7407407407407408
1726,31139,NE,Pierce County,0,7266.0,4.156344618772365,27.252346924478072,5.62003665241295,0.8388675288360714,2.8600876062870393
1727,31141,NE,Platte County,0,34123.0,23.761099551622074,27.116633551792653,11.433772923049599,3.8929806102510143,1.959377414725687
1728,31143,NE,Polk County,0,5223.0,8.730614589316485,24.299610894941633,8.718516468308884,0.9193054136874361,2.7367662945624773
1729,31145,NE,Red Willow County,0,10724.0,9.17568071615069,27.624096385542167,7.335640138408304,1.5711645101663587,4.684748150757309
1730,31147,NE,Richardson County,0,7893.0,8.311161788926897,33.1486730224169,6.436338126972991,0.1926252063841497,3.8518886679920477
1731,31149,NE,Rock County,0,1321.0,2.043906131718395,33.41269841269841,4.094827586206897,1.073345259391771,1.3254786450662739
1732,31151,NE,Saline County,0,14395.0,31.80270927405349,32.455880172030255,19.806545945337984,6.140007821666015,2.6786898289351546
1733,31153,NE,Sarpy County,0,188464.0,20.595445283979966,17.433104098378216,4.486221950796808,1.163025306969505,2.8244628882156144
1734,31155,NE,Saunders County,0,22008.0,5.375318066157761,19.12915400902145,5.3219228454904055,0.554016620498615,2.431766006291982
1735,31157,NE,Scotts Bluff County,0,36229.0,29.255568743271965,30.615711252653927,10.64233817701453,1.9619741100323624,3.4730002240645304
1736,31159,NE,Seward County,0,17605.0,5.390514058506106,21.665329300660453,5.627431466570162,0.2593440122044241,2.630480167014614
1737,31161,NE,Sheridan County,0,5150.0,19.2621359223301,37.20654961530874,10.137989298789075,0.23969319271332695,1.6269841269841272
1738,31163,NE,Sherman County,0,2986.0,4.956463496316142,26.61207778915046,8.371665133394664,0.0,3.3582089552238807
1739,31165,NE,Sioux County,0,1081.0,11.100832562442182,44.31082331174838,5.228758169934641,1.9607843137254901,3.090909090909091
1740,31167,NE,Stanton County,0,5877.0,9.358516249787305,22.721791559000863,5.208067398519275,0.18066847335140018,1.0432648051549556
1741,31169,NE,Thayer County,0,5053.0,5.778745299821888,31.458375946001226,6.4754331155921605,0.3404669260700389,2.7261951797708415
1743,31173,NE,Thurston County,0,6806.0,66.14751689685572,48.57992565055762,9.466484268125855,0.9378084896347483,11.26391617550753
1744,31175,NE,Valley County,0,4031.0,3.5226990821136193,31.090954900478714,6.107406107406107,0.0,0.5453644025780863
1745,31177,NE,Washington County,0,20699.0,5.797381516015267,17.301579539341777,4.380803856241582,0.12062726176115801,2.3159412453816346
1746,31179,NE,Wayne County,0,9590.0,10.552659019812305,25.565388397246803,3.815113719735877,0.7000538502961766,2.632974023679095
1747,31181,NE,Webster County,0,3442.0,9.848925043579314,31.121689973222256,5.654147750722245,0.0,2.559821925431274
1748,31183,NE,Wheeler County,0,735.0,2.857142857142857,37.41496598639456,5.033557046979865,0.2967359050445104,0.0
1749,31185,NE,York County,0,14164.0,9.771251059022875,25.41975495386477,5.686807443027388,0.16080042880114348,3.7648705388383483
1750,32001,NV,Churchill County,0,25077.0,28.34868604697532,26.164097951841708,6.4563419926112715,2.2659694452988823,6.529985549132948
1751,32003,NV,Clark County,0,2231147.0,59.436110664156146,32.4693775139088,13.622161641554712,6.553872614835794,7.750325653287652
1752,32005,NV,Douglas County,0,49158.0,21.156271613979413,20.7870692834023,5.7570854428728016,1.214671703887906,3.7525128434219344
1753,32007,NV,Elko County,0,53420.0,35.992137776113815,25.57294045987513,11.054081484703495,1.79972064037821,4.631601747229342
1755,32011,NV,Eureka County,0,1603.0,16.281971303805364,33.66708385481852,4.940711462450593,0.0,0.0
1756,32013,NV,Humboldt County,0,17218.0,35.63712394006273,30.818053596614952,14.000709345628657,3.9535567313345092,4.616272360069244
1757,32015,NV,Lander County,0,5729.0,29.778320823878513,28.016180091452693,11.865284974093264,4.917319408181027,10.814606741573034
1758,32017,NV,Lincoln County,0,4600.0,15.58695652173913,31.952662721893493,13.182224873247838,0.0,4.02067777139575
1759,32019,NV,Lyon County,0,58029.0,27.21742576987368,27.47503763822313,13.401397867417286,1.0563065079222989,8.064575850705372
1760,32021,NV,Mineral County,0,4552.0,41.32249560632689,45.80731489741303,11.226357535082366,0.0,13.062098501070663
1761,32023,NV,Nye County,0,50096.0,27.71877994251038,36.85064935064935,13.547493200595268,2.045677455513521,9.538291401714128
1762,32027,NV,Pershing County,0,6668.0,36.052789442111575,26.572133168927248,15.898843364046266,0.8616047388260636,11.932287365813378
1763,32029,NV,Storey County,0,4047.0,18.211020509019026,21.626984126984127,6.0486522024983564,0.9931719428926132,5.31986531986532
1764,32031,NV,Washoe County,0,479758.0,38.91190975450123,27.449609570538154,11.453359398622291,3.018879911900804,5.000427852414255
1765,32033,NV,White Pine County,0,9192.0,29.036118363794607,25.204431548404116,9.538904899135446,0.7466973004020678,3.768980477223427
1766,32510,NV,Carson City,0,57957.0,35.07427920699829,30.059427336574824,12.315141056062894,2.7208831012030528,4.560305874174488
1767,33001,NH,Belknap County,0,63395.0,5.8316901963877275,20.200504453880782,6.450592551980093,0.2620155645066677,3.642423521009404
1768,33003,NH,Carroll County,0,49961.0,4.921839034446869,22.9137514956095,4.906756343625802,0.09293248454997445,5.7174043962661845
1769,33005,NH,Cheshire County,0,76473.0,6.393106063577996,22.777762350392937,6.306523350630096,0.370111033309993,3.556935412897863
1770,33007,NH,Coos County,0,31360.0,5.634566326530612,31.74873823489292,10.829256259507462,0.6695114773396116,4.509057495405618
1771,33009,NH,Grafton County,0,91025.0,10.600384509750068,23.999764234351055,7.007893591895084,0.8324358937043397,2.9784405765795703
1772,33011,NH,Hillsborough County,0,420504.0,17.161786808211097,18.007446579152,7.0920610508366915,2.4475376416287076,3.9213911268753137
1773,33013,NH,Merrimack County,0,152983.0,8.43753881150193,19.002474049739988,6.799209838781622,0.7587663709336713,3.613380239699481
1774,33015,NH,Rockingham County,0,312771.0,8.820830575724733,12.802915470700166,4.478061295727451,0.4102192134107028,3.6304268555453647
1775,33017,NH,Strafford County,0,130598.0,10.732936185852768,21.68316995903203,6.166294319878688,1.2680229113174009,3.8962962962962964
1776,33019,NH,Sullivan County,0,43105.0,5.867068785523721,28.932524604092425,9.313998884551031,0.28269419862340217,2.8949386503067482
1777,34001,NJ,Atlantic County,0,273865.0,44.499662242345686,30.128410795162026,12.200707999769927,5.014390607635097,8.59165277346068
1778,34003,NJ,Bergen County,0,952979.0,45.52366841242042,15.595337263162362,7.102287499647152,8.826582997298337,5.254915137716549
1779,34005,NJ,Burlington County,0,460102.0,34.34868789963964,15.831477771183527,6.03637835699368,2.030742459396752,5.261062636974776
1780,34007,NJ,Camden County,0,521194.0,44.773539219561236,26.291569052502652,10.816431500660318,4.586699434850385,7.149270604999799
1781,34009,NJ,Cape May County,0,95488.0,15.279406836461126,22.965859688006137,5.953423705248523,1.4724452598222582,6.968085106382979
1782,34011,NJ,Cumberland County,0,154921.0,55.289470117027385,37.94356024020493,19.221185882442793,6.841709559886647,8.097790176932678
1783,34013,NJ,Essex County,0,852720.0,70.91929355474247,31.818061564880264,13.336487483127618,10.25184241238179,8.582245483890642
1784,34015,NJ,Gloucester County,0,300821.0,22.75871697787056,17.514965008536972,6.327289788531787,1.275505535730625,5.58291778230858
1785,34017,NJ,Hudson County,0,713264.0,71.84184257161444,30.482717690088375,13.218157155087153,13.78769021892855,5.673932384341637
1786,34019,NJ,Hunterdon County,0,128807.0,16.284052885324556,10.288339188680906,4.310846646400621,1.2496171516079633,4.367577112585799
1787,34021,NJ,Mercer County,0,384951.0,52.017009957111426,24.264444221089146,10.441093715069803,6.849774640080517,6.266309348430532
1788,34023,NJ,Middlesex County,0,858770.0,59.057605645283374,18.788828095299966,10.07716834256188,7.833230368502781,6.143764709501761
1789,34025,NJ,Monmouth County,0,642160.0,25.663541796437023,14.87641007974,5.881430502425104,3.1832193802963733,5.604884575822954
1790,34027,NJ,Morris County,0,508347.0,30.30331643542698,11.869559568663115,5.446090684392062,4.44379234914368,5.303922263990354
1791,34029,NJ,Ocean County,0,630057.0,16.132191214445676,25.390771107739972,7.1667912437449495,1.6876359215745662,5.724911680282623
1792,34031,NJ,Passaic County,0,521067.0,59.8210978626549,31.17410876762078,14.977733109220399,13.208628683961113,7.362481017883733
1793,34033,NJ,Salem County,0,64752.0,27.14819619471213,27.57018943643057,9.523599762130255,2.5411061285500747,7.594817580073407
1794,34035,NJ,Somerset County,0,343950.0,46.0,12.528756232353293,5.653969901401141,5.063695029633943,5.142011527078249
1795,34037,NJ,Sussex County,0,144492.0,15.837555020347146,13.591140134380222,4.635248917645485,1.3501561343658057,5.434729425579802
1796,34039,NJ,Union County,0,571963.0,61.640350861856454,23.322503928313584,12.7344498406396,11.65909342790646,6.324290342859906
1797,34041,NJ,Warren County,0,109354.0,20.476617224792875,18.487465181058496,6.80465092611439,2.5097627257987165,5.792140675861606
1798,35001,NM,Bernalillo County,0,674919.0,62.795979962039894,34.4271855431007,9.713680243872739,4.13717842054651,5.56335094928202
1799,35003,NM,Catron County,0,3581.0,19.910639486177047,53.293751767034216,5.157103825136613,3.8739330269205516,7.13436385255648
1800,35005,NM,Chaves County,0,65014.0,62.86799766204202,47.78967929935796,20.11041766682669,5.240061951471348,5.440523980562011
1801,35006,NM,Cibola County,0,27284.0,81.68157161706495,53.26099548210217,18.184290687554395,4.940761280564659,8.475820832896256
1802,35007,NM,Colfax County,0,12406.0,53.66758020312752,46.1876584953508,10.353068984247692,2.660517914153955,4.3571289632367245
1803,35009,NM,Curry County,0,48716.0,54.26759175630183,41.55675312965254,19.265442404006677,4.13453650533224,8.186910518504332
1804,35011,NM,De Baca County,0,1873.0,64.38868126001069,54.36422413793104,19.12350597609562,1.7241379310344827,10.42654028436019
1805,35013,NM,Doña Ana County,0,218157.0,73.56674321704094,46.7202810044213,19.25569491423953,10.451252924324121,7.377984320867482
1806,35015,NM,Eddy County,0,61096.0,55.686133298415605,31.76768596546415,16.970650161081657,4.73672417656285,4.29690231452346
1807,35017,NM,Grant County,0,28178.0,54.49996451132088,46.4277863266652,12.791383889052819,1.310122038765255,9.645745090489026
1808,35019,NM,Guadalupe County,0,4465.0,82.62038073908174,41.09697933227345,16.300578034682083,9.947643979057592,12.239747634069401
1810,35023,NM,Hidalgo County,0,4214.0,62.50593260560038,43.00291545189505,16.785835886959482,7.628734901462174,5.853952926976463
1811,35025,NM,Lea County,0,72743.0,66.7074495140426,36.348195935145014,23.76541076160848,9.87379984067754,7.20022326273683
1812,35027,NM,Lincoln County,0,20084.0,40.14638518223462,41.286296613154846,9.883531784761534,2.900378310214376,6.316789361196866
1813,35028,NM,Los Alamos County,0,19169.0,29.2555688872659,11.09888958726168,1.8193822903675445,3.2382613027774316,3.1135012737050665
1814,35029,NM,Luna County,0,25282.0,72.00775255122221,55.70413203228527,29.203103830521,11.915552116723775,7.497116493656286
1815,35031,NM,McKinley County,0,72946.0,92.02697886107532,59.527763937330455,20.878057364068273,7.3234147046078295,10.983673926850226
1816,35033,NM,Mora County,0,4232.0,83.53024574669186,57.46144721233689,8.124816014130115,2.959135744480977,13.052208835341366
1817,35035,NM,Otero County,0,67298.0,52.92133495794823,42.29479424577679,13.670683088710216,5.837219160661297,9.636084059456689
1818,35037,NM,Quay County,0,8675.0,52.184438040345825,53.43971631205674,15.770725388601036,2.3221196784757367,4.274533413606261
1819,35039,NM,Rio Arriba County,0,40347.0,88.18499516692691,41.21633405585868,13.725419317524581,4.062288422477995,6.230829373909906
1820,35041,NM,Roosevelt County,0,19223.0,50.14305779534932,42.32298685518613,16.948398576512457,4.554024655547498,7.411133467471495
1821,35043,NM,Sandoval County,0,147327.0,58.04706537158837,26.127674139996575,8.620588235294118,4.5662441428491425,6.951342041050667
1822,35045,NM,San Juan County,0,122912.0,63.44051028378026,48.38462046422558,14.149411794090467,7.049878195821748,8.23055171169003
1823,35047,NM,San Miguel County,0,27357.0,83.3899915926454,49.366795366795365,15.281921618204805,7.955637062265304,7.21205597416577
1824,35049,NM,Santa Fe County,0,153632.0,57.71323682566132,31.080955848282255,9.913516141916885,3.446914480077745,5.256687778935834
1825,35051,NM,Sierra County,0,11512.0,37.39576094510076,47.25617917373071,10.474524382243604,1.3907160308212743,5.7909976309555145
1826,35053,NM,Socorro County,0,16605.0,66.967780788919,53.87998743323909,16.137077406244227,8.75051717004551,4.168157423971378
1827,35055,NM,Taos County,0,34322.0,64.55043412388555,38.300803000996424,7.893015201077545,3.263239875389408,9.919571045576408
1828,35057,NM,Torrance County,0,15150.0,51.15511551155115,49.50740566986127,12.643235435724604,1.3873473917869035,11.434108527131782
1829,35059,NM,Union County,0,4122.0,48.71421639980592,43.089663049685896,15.653075328265375,8.300704776820673,8.78972278566599
1830,35061,NM,Valencia County,0,75992.0,68.72565533214022,38.61850101282917,15.219080174021132,4.078277886497064,8.489384254649407
1831,36001,NY,Albany County,0,314679.0,28.99812189564604,24.51248820131074,7.184548746715899,2.7555562353732963,4.9104324033582
1832,36003,NY,Allegany County,0,46654.0,5.913748017318986,36.76842029299271,9.00096605483194,0.38989862635714717,6.708595387840671
1833,36005,NY,Bronx County,0,1468262.0,91.0199269612644,48.9801712363645,25.871036196416213,17.5060421222235,11.206157585337555
1834,36007,NY,Broome County,0,198591.0,17.634736720193764,36.47672786034067,9.423849254853135,1.6759018153546172,7.488122178011819
1835,36009,NY,Cattaraugus County,0,77211.0,10.306821566875186,36.840134780980904,10.399185412856147,0.6478792327577954,5.972400056907099
1836,36011,NY,Cayuga County,0,76644.0,11.201137727676008,31.25711904431171,11.924016964991733,0.8920402561756633,4.454019045528143
1837,36013,NY,Chautauqua County,0,128042.0,13.537745427281672,37.71306007274625,10.67475901463763,1.941564561734213,5.432768206465783
1838,36015,NY,Chemung County,0,84456.0,14.712986643932934,32.65158054064873,10.543179225659264,0.7071267860795372,6.1458175001266655
1839,36017,NY,Chenango County,0,47407.0,5.866222287847786,34.20027966010541,11.200611476952023,0.25312610742672,7.036924281303006
1840,36019,NY,Clinton County,0,80095.0,10.270304013983395,30.91648851803324,12.45445811959615,0.2964884647456685,4.30892582169596
1841,36021,NY,Columbia County,0,61587.0,15.173656778216182,24.738675958188153,8.779088300924451,1.1721699050343704,5.932910012186518
1842,36023,NY,Cortland County,0,46984.0,8.64123957091776,30.576446902552473,9.929438903589118,0.35049288061336253,5.85581957309706
1843,36025,NY,Delaware County,0,44644.0,8.785055102589373,34.12644138939326,9.943345350986155,0.6112403310434359,4.738203288927926
1844,36027,NY,Dutchess County,0,296012.0,30.051484399281108,19.948814366291828,8.471607360788724,2.3126146686356113,5.169542207103217
1845,36029,NY,Erie County,0,949715.0,25.431734783592972,29.060114570867345,7.903184644934252,2.198162078478852,5.143138949118831
1846,36031,NY,Essex County,0,37501.0,8.775765979573878,29.315876926602876,8.853716694888897,0.4136438844342625,5.437300099261057
1847,36033,NY,Franklin County,0,47996.0,18.905742145178763,36.96514395035229,11.858329689549628,0.414848337912828,6.588047967358312
1848,36035,NY,Fulton County,0,53588.0,9.42748376502202,35.588044432568616,12.687701223438506,0.2210759027266028,5.0599511078343875
1849,36037,NY,Genesee County,0,58387.0,9.978248582732457,26.89027261786406,7.401386564666507,0.7031601324557459,4.9218903196287345
1850,36039,NY,Greene County,0,48026.0,16.182900928663642,29.53093589457226,12.066770014394862,1.2664030714572232,3.652988206192853
1851,36041,NY,Hamilton County,0,5068.0,7.853196527229676,25.463239689181112,20.30112923462986,0.0,2.718622564567286
1852,36043,NY,Herkimer County,0,60596.0,6.8040794771932145,31.427995362669492,9.133396888878554,0.7323759256986212,5.397708235609462
1853,36045,NY,Jefferson County,0,117634.0,19.12032235578149,31.76532244219353,8.829269596834562,1.0325812333853286,5.955776695905805
1854,36047,NY,Kings County,0,2712360.0,63.26689672462358,36.720676714124025,16.304326975337453,14.044754483772337,7.113296189276919
1855,36049,NY,Lewis County,0,26681.0,5.363367190135302,32.977110807943006,8.862055953856935,0.01913326317803501,4.973385238738381
1856,36051,NY,Livingston County,0,62253.0,10.523187637543572,25.219717910553545,8.13806884411352,0.8329168748958855,4.8267654059772545
1857,36053,NY,Madison County,0,68466.0,8.250810621330295,26.608720478373275,7.243075997507574,0.5327091488760644,4.234338747099768
1858,36055,NY,Monroe County,0,757332.0,30.234164144655185,28.45948150648151,8.90720927488572,3.4075427545639596,5.339993970974549
1859,36057,NY,Montgomery County,0,49539.0,20.583782474414097,37.84105606766717,11.34505314799673,2.7079917490876393,6.418032434292596
1860,36059,NY,Nassau County,0,1391678.0,41.700235255569176,13.784989485289614,8.297057986965608,4.8545337495811065,4.546694997522181
1861,36061,NY,New York County,0,1669127.0,53.27641335860004,28.114043147261334,11.616250741793422,8.49464229620718,6.638126447670481
1862,36063,NY,Niagara County,0,212808.0,15.483910379309048,28.15717949699498,8.372577401966243,1.0285460402088193,5.825115302411039
1863,36065,NY,Oneida County,0,232034.0,18.863183843747038,31.650932911145485,11.184952197066426,2.4178460590319815,4.713322869541132
1864,36067,NY,Onondaga County,0,474621.0,23.9768151851688,29.087164110861004,8.683475111675424,2.318324376290366,5.937036757870405
1865,36069,NY,Ontario County,0,112060.0,10.905764768873818,23.43101623959148,6.734624618207871,1.147227533460803,4.045357560740588
1866,36071,NY,Orange County,0,398277.0,37.75889644644305,26.357776402640265,10.083848797250859,3.7289283564118003,5.446244156973584
1867,36073,NY,Orleans County,0,40588.0,14.297329259879769,34.453847979118876,13.012453719286436,1.6416712954391164,6.365503080082135
1868,36075,NY,Oswego County,0,118019.0,7.196298901024411,32.33377257024823,10.273768043802887,0.16257032235983657,7.138871510458057
1869,36077,NY,Otsego County,0,58952.0,9.60103134753698,30.78498547702391,7.168774882830217,1.0914112615823237,5.663396646489947
1870,36079,NY,Putnam County,0,97960.0,23.629032258064516,12.801076939007974,6.666005075350526,2.216386251479034,4.750136769227867
1871,36081,NY,Queens County,0,2393104.0,75.42325782749099,28.91002270636357,17.29827529815048,17.797857004859637,6.966396414169207
1872,36083,NY,Rensselaer County,0,161125.0,18.002792862684252,23.685548597210513,7.715919085312225,1.151625691502992,5.370700815226899
1873,36085,NY,Richmond County,0,493194.0,40.360588328325164,22.38366135761888,11.399318793573546,6.637841536501345,5.4572103660462705
1874,36087,NY,Rockland County,0,336485.0,37.14162592686153,28.83085213673927,11.144107309375224,8.179246483491744,5.950110372515055
1875,36089,NY,St. Lawrence County,0,108836.0,8.312506891102208,36.147787217788974,11.397646274193772,0.5530758781292451,6.298249314490614
1876,36091,NY,Saratoga County,0,235010.0,10.574018126888216,17.49062083988866,6.2889294296155915,0.8893068517515257,3.6040656471465873
1877,36093,NY,Schenectady County,0,157515.0,28.4258642034092,25.416065918150327,8.669461889155391,1.5285559815197092,6.925448254167978
1878,36095,NY,Schoharie County,0,29936.0,8.969134152859432,28.933459344044245,9.374709221178003,0.20644095788604458,5.810503070871576
1879,36097,NY,Schuyler County,0,17920.0,5.630580357142858,34.44375318138114,9.175691937424789,1.0607265977194378,5.735430157261795
1880,36099,NY,Seneca County,0,33900.0,12.117994100294984,31.264908774418153,15.252784918594687,0.8380504300521943,3.7319548635188804
1881,36101,NY,Steuben County,0,94153.0,7.073592981636273,32.57215693052195,8.475363187060058,0.6028460543337646,6.271283888372915
1882,36103,NY,Suffolk County,0,1522998.0,33.558481363731275,15.223347278265223,9.60749787525767,2.772744894810548,4.778457249709207
1883,36105,NY,Sullivan County,0,78230.0,29.755848140099705,32.847464032175345,13.373942592726484,2.9532204330927265,8.043106109505233
1884,36107,NY,Tioga County,0,48567.0,5.664339983939712,27.0225761397511,7.302820955670697,0.09844457570387871,5.9313644613100145
1885,36109,NY,Tompkins County,0,105638.0,23.07408318976126,31.635435527148186,5.044410117783356,2.256988971531162,4.70758413593584
1886,36111,NY,Ulster County,0,181862.0,23.966524067699684,25.720667952958472,8.581555500603228,1.389162008034385,5.149160027710426
1887,36113,NY,Warren County,0,65692.0,6.984107653900018,23.31261854461904,8.487024976160042,0.546802911725505,4.212735765387571
1888,36115,NY,Washington County,0,61504.0,8.940881893860562,28.331608005521048,11.324937921248669,0.21185560586549243,5.672317889617959
1889,36117,NY,Wayne County,0,91332.0,11.149432838435597,27.345168002124925,9.663076923076924,0.8975139657409124,4.067752555882863
1890,36119,NY,Westchester County,0,999723.0,47.61138835457422,18.718610837327503,11.148310934103423,6.830985722243718,6.064427332555673
1891,36121,NY,Wyoming County,0,40679.0,11.234297794931045,26.960408346777392,11.593027969193352,0.17013232514177695,4.065467135288254
1892,36123,NY,Yates County,0,24808.0,5.244276039987101,32.947976878612714,13.812688821752268,1.489411217128229,3.233830845771144
1893,37001,NC,Alamance County,0,169185.0,37.866241097023966,34.75547252667269,12.287004992999234,2.30278535989504,5.086772955064646
1894,37003,NC,Alexander County,0,36491.0,13.663643090077004,33.40923970282657,14.975937667099535,0.2815649081209247,4.801670146137787
1895,37005,NC,Alleghany County,0,10910.0,13.72135655362053,47.52218934911242,20.54157222951211,1.5716680637049456,4.568527918781726
1896,37007,NC,Anson County,0,22388.0,55.67714847239592,47.255061503852964,17.521714678497784,0.9068130294714235,7.276233001826669
1897,37009,NC,Ashe County,0,26598.0,7.947966012482141,38.628337067557815,12.977812761351897,1.3818988313571612,5.116675711295449
1898,37011,NC,Avery County,0,17747.0,12.469713190961853,40.307272106521,13.88807285546416,0.6428347444339918,5.71071279699875
1899,37013,NC,Beaufort County,0,44898.0,34.61178671655753,36.47374594009383,12.314186089190677,1.033424834490554,6.730142821348033
1900,37015,NC,Bertie County,0,18105.0,65.88235294117646,50.12514898688916,19.83751846381093,0.0,7.153965785381026
1901,37017,NC,Bladen County,0,30105.0,45.50739079887062,47.09423555525661,15.015811011904761,2.123216150365472,6.004770913876778
1902,37019,NC,Brunswick County,0,133789.0,18.68240288812982,25.887442630351366,7.207892882311487,0.7922230678751816,5.546888849494771
1903,37021,NC,Buncombe County,0,266981.0,17.167888351605544,30.751818544550503,8.134063384811755,2.0786869418295923,3.4327973803304017
1904,37023,NC,Burke County,0,87829.0,19.06090243541427,39.622840163311146,16.686401595413187,2.303932976495229,6.109572546658639
1905,37025,NC,Cabarrus County,0,221200.0,37.436708860759495,24.405453824378103,9.32095989534361,1.615377432737071,5.0619038649245685
1906,37027,NC,Caldwell County,0,80705.0,13.558019949197694,38.36355405779242,18.516352125518264,0.832286432160804,5.751167549981634
1907,37029,NC,Camden County,0,10353.0,21.047039505457356,26.224282816574906,10.054159144563254,0.4483122362869198,5.738513113784263
1908,37031,NC,Carteret County,0,67944.0,13.998292711644883,27.672219720846464,7.920140836896171,0.741627589876617,5.092026463487286
1909,37033,NC,Caswell County,0,22785.0,39.31533903884134,31.576268048870787,17.528494301139773,0.7911576497963932,5.770570092528106
1910,37035,NC,Catawba County,0,159852.0,25.847033505993046,32.707392138246554,13.504684251734659,2.2402423248035843,5.820172087722154
1911,37037,NC,Chatham County,0,75070.0,28.861063007859332,25.97159588072962,10.525744472989109,2.5955921402018056,3.4273463819361307
1912,37039,NC,Cherokee County,0,28515.0,9.710678590215675,41.254347980407466,10.160573346638845,0.2910031525341525,4.6491679533367645
1913,37041,NC,Chowan County,0,13796.0,40.39576688895332,39.65300849021779,15.478576200019086,1.674641148325359,5.6728009454668245
1914,37043,NC,Clay County,0,10997.0,7.429298899699918,34.885635864592864,11.153343627509207,0.34937888198757766,3.2045840407470285
1915,37045,NC,Cleveland County,0,98898.0,28.150215373415033,42.42433610535753,13.651301311581232,0.42001909177689895,7.145819237400965
1916,37047,NC,Columbus County,0,51474.0,41.370400590589426,47.15241849388191,15.955223059574234,1.794071762870515,5.260548366304725
1917,37049,NC,Craven County,0,101405.0,35.11168088358562,33.63731950820867,10.298569478245385,2.1672439386442357,5.6937900991974235
1918,37051,NC,Cumberland County,0,333582.0,58.43840494990737,39.929091000934505,8.022421416318345,2.172454018121095,8.010989171574288
1919,37053,NC,Currituck County,0,27575.0,13.740707162284679,20.274022652539276,7.737041719342605,0.710147635955896,2.5250387924954154
1920,37055,NC,Dare County,0,36718.0,14.145650634566154,22.669665880287486,4.706395032138577,1.2822132390096008,6.063638182909746
1921,37057,NC,Davidson County,0,168002.0,21.29200842847109,37.13570017823595,14.212764518392639,1.262950467261816,5.360003026825239
1922,37059,NC,Davie County,0,42543.0,16.508003666878217,27.931653826156825,9.801464283358618,0.9559409277529259,4.896403440187647
1923,37061,NC,Duplin County,0,49836.0,49.191347620194236,45.94474062962438,20.322771690849866,5.8960004034901905,7.222174767233279
1924,37063,NC,Durham County,0,320146.0,57.43535761808675,30.769180535556274,10.06629684751725,4.10207740166614,4.713361832730461
1925,37065,NC,Edgecombe County,0,49609.0,64.54877139228769,45.032801291614724,15.395745912313702,0.7684718832753518,9.291295903157325
1926,37067,NC,Forsyth County,0,380583.0,44.43130670576458,33.9226044358894,10.731548978506398,2.465300595415895,5.251583908450892
1927,37069,NC,Franklin County,0,67598.0,37.153466078878076,32.659077509184094,13.496152133816702,1.8333137047069445,6.490860053940666
1928,37071,NC,Gaston County,0,226097.0,29.58597416153244,33.47462579224165,13.302728895689874,1.5804306166159396,5.343067750486574
1929,37073,NC,Gates County,0,10584.0,37.254346182917615,31.632750549345563,10.649047804119704,1.4013046629620682,9.738955823293173
1930,37075,NC,Graham County,0,8089.0,14.711336382741996,41.990473802958135,17.460863581627386,1.7777777777777777,5.948926291352293
1931,37077,NC,Granville County,0,60854.0,42.95526999046899,33.176320375450764,13.941906791438896,1.2114328979746356,5.1838540226707215
1932,37079,NC,Greene County,0,20524.0,53.62015201715066,47.82800198205142,22.377094204888767,2.876530461720018,6.882312456985547
1933,37081,NC,Guilford County,0,537113.0,51.26556236769544,33.62772133246183,9.811499637499303,2.3616186868445914,5.5456494589346175
1934,37083,NC,Halifax County,0,49291.0,62.39475766367085,51.85839971713222,20.13514669403815,0.5686069130629957,8.501594048884167
1935,37085,NC,Harnett County,0,133074.0,39.67867502291958,34.644728729963006,11.553143540449799,1.1768454593733404,6.146902933510591
1936,37087,NC,Haywood County,0,61695.0,8.078450441688954,33.935953802742965,10.269280482550624,0.5795674078563582,3.5317543491930414
1937,37089,NC,Henderson County,0,115613.0,17.53003554963542,28.927057383855605,8.368680898407622,2.0218883324058616,3.7949412666440883
1938,37091,NC,Hertford County,0,22010.0,67.36937755565651,45.48809463626712,16.23056994818653,0.4367341987140604,8.518760907504364
1939,37093,NC,Hoke County,0,52169.0,61.93716574977477,38.18731237162269,12.269756387403447,2.146286359785371,7.454863133372161
1940,37095,NC,Hyde County,0,4697.0,44.81583989780711,48.34671705243269,21.282476506357103,2.9000000000000004,6.820809248554912
1941,37097,NC,Iredell County,0,183965.0,25.089555078411653,25.834641606376323,8.917287560124493,1.7196478614091206,4.818001739804848
1942,37099,NC,Jackson County,0,42983.0,20.422027313123795,40.93284057601631,10.822214208438515,1.2070291698716051,6.771271593327724
1943,37101,NC,Johnston County,0,211320.0,34.1231307968957,31.946123955052315,11.277875503603246,1.828667516191327,4.263812879526201
1944,37103,NC,Jones County,0,9326.0,37.93695046107656,45.56852572416775,16.606446018210725,0.0,6.3934830905949145
1945,37105,NC,Lee County,0,62676.0,42.631948433212074,36.840046292523105,14.392637748017039,3.3680935161046173,5.194199033172196
1946,37107,NC,Lenoir County,0,55344.0,51.52320034692107,47.982194754074236,18.98806583292166,1.8799139104844733,9.307923771313941
1947,37109,NC,Lincoln County,0,85670.0,15.955410295319247,28.74001837325984,11.109850572104632,1.8309068895254406,4.501964409521609
1948,37111,NC,McDowell County,0,44527.0,12.989871314034183,36.501288659793815,14.599705304518665,1.0324564775660388,6.313615577518808
1949,37113,NC,Macon County,0,36532.0,11.647322894996167,37.90734251262383,11.154769700938658,0.9265194335994406,4.21019509125236
1950,37115,NC,Madison County,0,21269.0,6.958484178851849,32.466574911521825,10.43020535482194,0.024154589371980676,2.7196868239414855
1951,37117,NC,Martin County,0,22213.0,48.48061945707469,40.25683209944246,17.5,0.4750593824228029,10.413625304136254
1952,37119,NC,Mecklenburg County,0,1100984.0,54.41323397978536,26.44316898324228,9.171039811859567,4.7605162984833385,4.637200867387769
1953,37121,NC,Mitchell County,0,14951.0,8.514480636746706,34.656048331731434,11.692280039543453,0.6679092885989437,6.389823073548764
1954,37123,NC,Montgomery County,0,25891.0,37.503379552740334,41.4128425620831,17.717734344720668,1.5035118525021949,3.3665375391994092
1955,37125,NC,Moore County,0,98618.0,23.615364335111238,24.759342856553914,7.709129901096265,1.4977213942603769,4.326415758002111
1956,37127,NC,Nash County,0,94628.0,51.84194952868073,35.16975675033995,12.640127242418217,0.6163780452010567,7.046424527480184
1957,37129,NC,New Hanover County,0,225175.0,23.122016209614742,30.223322337266602,6.2124712802723625,1.0342149368433962,4.969654470017614
1958,37131,NC,Northampton County,0,17917.0,61.5114137411397,42.450689474602896,19.051819184123485,0.459645802352305,7.5885558583106265
1959,37133,NC,Onslow County,0,201597.0,34.62253902587836,37.619287904580766,8.230047811695476,1.0932039395777373,6.888960556389081
1960,37135,NC,Orange County,0,147376.0,31.09936488980567,24.504004838257636,6.290627649629324,2.1192705766387383,4.395850338344875
1961,37137,NC,Pamlico County,0,12293.0,25.79516798177825,35.825142265907914,10.405752439650746,1.40625,5.603721717064918
1962,37139,NC,Pasquotank County,0,40240.0,46.041252485089466,30.457432953246684,10.768058629321917,1.3876900604209548,5.175095189574731
1963,37141,NC,Pender County,0,59964.0,25.74878260289507,28.08661926308985,10.634270978731458,1.213967244956518,7.154840964697658
1964,37143,NC,Perquimans County,0,13002.0,28.957083525611445,32.03845855625339,13.710666121781772,0.7849293563579277,5.15277526667872
1965,37145,NC,Person County,0,38999.0,34.15985025257058,34.08214498304822,12.200982677617187,0.31393231619262885,5.243312101910829
1966,37147,NC,Pitt County,0,170600.0,46.590855803048065,40.71708423233725,10.086615303632101,1.8486237242387606,7.398543303915591
1967,37149,NC,Polk County,0,19413.0,13.88760109205172,28.868938879899787,7.347504621072089,0.7677989762680316,3.778647288988261
1968,37151,NC,Randolph County,0,143735.0,22.09621873586809,38.09792021628624,16.103325915679317,1.7235504062270208,4.641686726023027
1969,37153,NC,Richmond County,0,43301.0,44.093669892150295,45.61637315564017,17.32848303528932,2.5104345691136754,8.885364980305898
1970,37155,NC,Robeson County,0,118836.0,76.17220370931368,52.589285714285715,22.08999531274413,1.7329135200397718,6.6768961916331016
1971,37157,NC,Rockingham County,0,90903.0,28.498509400129805,39.07918473450088,16.226288808774093,0.8437483520539999,6.669021547156481
1972,37159,NC,Rowan County,0,145784.0,29.093727706744225,38.546056804566916,13.126799721973983,2.3483824457060467,7.051345714569471
1973,37161,NC,Rutherford County,0,64592.0,17.646148129799354,42.32296492389146,14.482743827888719,1.2381870781099324,6.082366880901943
1974,37163,NC,Sampson County,0,59468.0,49.87724490482276,45.70984968691884,18.185466676700027,2.7348338893848974,6.702972882241038
1975,37165,NC,Scotland County,0,34345.0,58.27340224195662,50.612585854835714,18.66609108568962,0.5731128213525463,11.301345733812443
1976,37167,NC,Stanly County,0,62148.0,19.92179957520757,31.135015082706268,13.9487978730719,0.5289214234333347,4.689339657550375
1977,37169,NC,Stokes County,0,44588.0,9.567596662779223,34.07016185944863,13.686520758397855,0.4793097938967887,5.360173486705638
1978,37171,NC,Surry County,0,71439.0,17.126499531068465,39.37867933896021,18.98661605677797,1.4019508443170297,4.542873367404884
1979,37173,NC,Swain County,0,14166.0,40.52661301708316,45.14445080091533,14.948240165631471,0.38147138964577654,7.746478873239436
1980,37175,NC,Transylvania County,0,32979.0,10.02456108432639,32.59129564782391,8.018867924528301,0.6873095727343583,4.933182634133368
1981,37177,NC,Tyrrell County,0,3436.0,43.33527357392317,38.249534450651765,23.758999621068586,0.1413427561837456,3.639120545868082
1982,37179,NC,Union County,0,235699.0,29.476153908162527,21.653379176963576,9.87708196959779,1.766212582671747,4.548342946524587
1983,37181,NC,Vance County,0,42650.0,61.51699882766706,46.07274019665916,15.564404432132964,0.34240179294029754,6.5353535353535355
1984,37183,NC,Wake County,0,1112883.0,41.196873346075016,20.81151233058384,6.3387874345213575,2.4422945724681626,4.328165059211329
1985,37185,NC,Warren County,0,18889.0,62.3061040817407,45.271164021164026,14.273418447855402,0.6979449398991857,9.124272336117437
1986,37187,NC,Washington County,0,11183.0,56.9256907806492,50.10413836819705,16.451248588279583,0.46577561765897124,9.186712485681559
1987,37189,NC,Watauga County,0,54077.0,8.63953251844592,39.379534133890004,6.929099059284045,0.43258832011535686,8.867406196752095
1988,37191,NC,Wayne County,0,117692.0,47.900452027325564,39.157433337391936,14.163084638215127,3.10515172900494,4.44949598464663
1989,37193,NC,Wilkes County,0,66335.0,13.278058340242707,41.09194080208573,18.82706390436252,0.5574912891986062,5.8196252565008235
1990,37195,NC,Wilson County,0,78844.0,54.02820759981736,42.55371345935337,17.82862236749248,1.8636647904940586,8.157547347719497
1991,37197,NC,Yadkin County,0,37198.0,16.498198827893972,34.22008894674043,14.379454689444508,1.9084226852788453,4.8316831683168315
1992,37199,NC,Yancey County,0,18357.0,7.735468758511739,40.08670361630906,12.038721886600188,1.0501443948542923,7.863664029214851
1993,38001,ND,Adams County,0,2237.0,8.18059901654001,29.627928341754707,7.283090563647879,1.5015015015015014,0.8189262966333031
1994,38003,ND,Barnes County,0,10869.0,10.286134879013709,22.9367527959892,5.174234424498416,0.06207324643078833,3.4088972217487643
1995,38005,ND,Benson County,0,6090.0,62.331691297208536,50.39721946375373,13.36662749706228,1.790416008425487,3.3236994219653178
1996,38007,ND,Billings County,0,839.0,0.0,17.046818727490997,5.833333333333333,0.6557377049180327,2.380952380952381
1997,38009,ND,Bottineau County,0,6442.0,9.96584911518162,19.690301548492258,6.738787469010593,0.07733952049497293,4.0111940298507465
1998,38011,ND,Bowman County,0,3024.0,8.167989417989418,18.726718591263122,9.683604985618409,0.0,4.0251572327044025
1999,38013,ND,Burke County,0,2177.0,7.2117593017914565,14.285714285714285,5.952380952380952,0.0,2.459016393442623
2000,38015,ND,Burleigh County,0,97895.0,13.574748454977273,17.8784618954207,5.112921084163747,1.0858784935025303,2.845776068831614
2001,38017,ND,Cass County,0,182992.0,16.175024044766985,24.287089803732773,4.7455467451851465,1.7864242020082843,2.9966071024655054
2002,38019,ND,Cavalier County,0,3725.0,6.389261744966443,23.960341503717984,5.524025728339009,1.9317450096587252,1.8458197611292075
2003,38021,ND,Dickey County,0,5013.0,7.44065429882306,25.300954753009545,7.77233782129743,1.6966580976863752,3.251387787470262
2004,38023,ND,Divide County,0,2196.0,12.7959927140255,20.13170272812794,7.270408163265306,0.0,3.67504835589942
2005,38025,ND,Dunn County,0,4054.0,21.534287123828317,20.34491377155711,10.798765855330819,8.062330623306233,2.3910733262486716
2006,38027,ND,Eddy County,0,2378.0,10.134566862910008,33.201232937032145,10.377358490566039,2.3741690408357075,1.6564952048823016
2007,38029,ND,Emmons County,0,3316.0,2.9553679131483714,28.21691176470588,11.27728375101051,0.5972130059721301,1.3282732447817838
2008,38031,ND,Foster County,0,3396.0,5.153121319199058,24.153567110036274,7.640918580375783,0.4120879120879121,0.11098779134295228
2009,38033,ND,Golden Valley County,0,1812.0,12.472406181015453,21.87321530553969,5.947955390334572,0.0,3.316062176165803
2010,38035,ND,Grand Forks County,0,73101.0,17.548323552345384,32.961397085530805,4.636934471099662,0.8748622901950619,3.7873802734517805
2011,38037,ND,Grant County,0,2351.0,5.954912803062527,29.857204673301602,6.659012629161882,0.4734848484848485,2.1505376344086025
2012,38039,ND,Griggs County,0,2242.0,3.389830508474576,21.32591562355123,7.59493670886076,0.0,2.0104895104895104
2013,38041,ND,Hettinger County,0,2502.0,7.8337330135891285,27.887082976903336,11.345218800648297,0.4821600771456124,3.7294015611448397
2014,38043,ND,Kidder County,0,2397.0,9.094701710471423,37.67741935483871,10.968921389396709,0.47984644913627633,0.8379888268156425
2015,38045,ND,LaMoure County,0,4173.0,4.529115744069015,24.639099584046978,11.682561307901908,0.5787037037037037,1.5384615384615385
2016,38047,ND,Logan County,0,1814.0,4.575523704520397,32.4757004002287,10.156833457804332,0.9067357512953367,1.0
2017,38049,ND,McHenry County,0,5420.0,5.0,23.78540611517539,7.83289817232376,0.21468441391155002,4.243743199129488
2018,38051,ND,McIntosh County,0,2568.0,5.685358255451713,29.085760517799354,15.365365365365365,0.8169934640522877,0.5912786400591279
2019,38053,ND,McKenzie County,0,13762.0,24.6911786077605,30.400176873756358,6.721782890007189,1.9074675324675323,2.1707028942705255
2020,38055,ND,McLean County,0,9788.0,12.576624438087455,19.143446852425182,7.648564117145294,0.41453304072177516,1.6094420600858368
2021,38057,ND,Mercer County,0,8405.0,9.39916716240333,25.225885225885225,9.71987850151873,4.611443210930828,3.0280466617026556
2022,38059,ND,Morton County,0,32916.0,11.711629602624864,23.454230364547872,8.03370538668549,1.2993880788698347,2.4892657209630955
2023,38061,ND,Mountrail County,0,9717.0,43.13059586292066,30.086019276608976,10.501388208394578,2.9089861751152073,3.8259728902492354
2024,38063,ND,Nelson County,0,3035.0,8.270181219110379,27.936184657162254,6.6996402877697845,2.12443095599393,1.0936431989063569
2025,38065,ND,Oliver County,0,1850.0,8.162162162162161,26.594594594594597,6.284367635506677,0.8733624454148471,3.6764705882352944
2026,38067,ND,Pembina County,0,6912.0,9.765625,25.466766243465273,9.438518816663311,0.5780346820809248,3.9187227866473147
2027,38069,ND,Pierce County,0,4038.0,8.048538880633977,28.725868725868725,6.947368421052631,0.718132854578097,0.7804370447450572
2028,38071,ND,Ramsey County,0,11638.0,18.714555765595463,28.63790943261142,8.922452087828404,0.8952187182095626,0.7940446650124069
2029,38073,ND,Ransom County,0,5679.0,6.4447966191230845,22.543875520173692,7.474747474747474,1.9522776572668112,2.7377521613832854
2030,38075,ND,Renville County,0,2328.0,4.252577319587629,18.242049469964662,6.422018348623854,0.234192037470726,2.0052310374891023
2031,38077,ND,Richland County,0,16546.0,10.3710866674725,29.59632552723509,7.4964639321074955,0.1949610077984403,2.9981549815498156
2032,38079,ND,Rolette County,0,12508.0,83.85033578509754,49.68538040369372,13.450537184317007,0.3249390739236393,7.821346194170687
2033,38081,ND,Sargent County,0,3839.0,8.726230789268039,13.969425408539799,6.132756132756133,1.971830985915493,1.2893982808022924
2034,38083,ND,Sheridan County,0,1328.0,3.7650602409638556,19.58997722095672,12.607449856733524,0.3205128205128205,0.6269592476489028
2035,38085,ND,Sioux County,0,3993.0,89.10593538692713,62.53499618223467,15.32985287138111,0.0,18.395879323031643
2037,38089,ND,Stark County,0,32710.0,13.454601039437481,24.65196308462381,7.82406528753084,1.7297873961746553,2.6643823477284814
2038,38091,ND,Steele County,0,1870.0,5.401069518716577,22.83422459893048,3.7650602409638556,0.3865979381443299,2.0629750271444083
2039,38093,ND,Stutsman County,0,21678.0,8.603192176400038,29.301863354037266,8.489872317668294,0.5403021281287903,4.684247050659264
2040,38095,ND,Towner County,0,2190.0,13.470319634703195,34.59737827715356,11.931119311193111,1.7346938775510203,3.3050047214353167
2041,38097,ND,Traill County,0,8008.0,8.603896103896105,20.34076015727392,5.7032825967357414,0.1221001221001221,2.127659574468085
2042,38099,ND,Walsh County,0,10631.0,16.536544069231493,29.50191570881226,12.868885594933296,0.552364118426867,2.3721275018532246
2043,38101,ND,Ward County,0,69686.0,18.481474040696842,22.97407467797163,6.197773173341834,0.9323426448524683,4.335396486163924
2044,38103,ND,Wells County,0,4031.0,3.7955842222773506,27.640222334512384,8.539478143002372,0.0,1.3895781637717122
2045,38105,ND,Williams County,0,38460.0,23.083723348933958,22.49189659261602,8.763615199135279,1.2429674211696977,3.0561647754362546
2046,39001,OH,Adams County,0,27564.0,4.048759251197214,43.84425353047454,16.327833954230975,0.0885565285840795,6.492696829355184
2047,39003,OH,Allen County,0,102462.0,20.288497198961565,32.725384168881554,8.852802514405447,0.25079294829239507,6.1301210663540635
2048,39005,OH,Ashland County,0,52658.0,4.931824224239432,32.773807874265124,10.315903210213541,0.6916370366762457,3.596079777294741
2049,39007,OH,Ashtabula County,0,97869.0,11.69931234609529,40.99603908106681,13.605956605200396,0.8739434415110091,7.647006135518832
2050,39009,OH,Athens County,0,62933.0,10.558848298984634,43.541353522982426,9.08381414276556,0.8936151199678298,5.835360641725294
2051,39011,OH,Auglaize County,0,46282.0,4.91767857914524,21.69062856140966,6.320556157918235,0.185459940652819,3.3072023517883387
2052,39013,OH,Belmont County,0,67077.0,7.755266335703744,31.59271827725096,8.476603681777634,0.04332755632582322,5.421389847215377
2053,39015,OH,Brown County,0,43694.0,4.009703849498787,32.58649170563738,13.277641277641278,0.041254125412541254,4.493760064412238
2054,39017,OH,Butler County,0,387830.0,21.056390686641056,26.330234687792824,8.478621626291321,2.5587726849616117,5.154717748081906
2055,39019,OH,Carroll County,0,26866.0,4.730886622496836,31.830057934794958,10.276129032258066,0.2831858407079646,3.5816164817749603
2056,39021,OH,Champaign County,0,38678.0,7.482289673716325,26.57216903792246,8.808731039585647,0.36115052237843415,5.779459901800328
2057,39023,OH,Clark County,0,136032.0,16.5181721947777,34.771974060681096,11.258491701780033,0.7238226543792178,7.09430951686893
2058,39025,OH,Clermont County,0,207650.0,7.422104502769082,23.47125844302991,9.455143781502104,0.34847465916732895,4.226820290951357
2059,39027,OH,Clinton County,0,42046.0,7.165961090234505,32.98306919972438,8.791441584577905,0.972927241962775,5.999140934472391
2060,39029,OH,Columbiana County,0,102331.0,6.931428403904976,33.165472728562314,10.48861879052606,0.13797109868564375,4.935710471182682
2061,39031,OH,Coshocton County,0,36621.0,4.713142732312062,38.852867830423946,15.715300805305542,1.3432527381690433,6.857930043124101
2062,39033,OH,Crawford County,0,41939.0,5.481771143804096,38.19225601563454,9.965856461918122,0.9374306634124694,5.6920193351090065
2063,39035,OH,Cuyahoga County,0,1263667.0,42.02111790527093,33.637299591006176,9.28302420209812,2.7590985856218495,7.506438372085911
2064,39037,OH,Darke County,0,51839.0,4.3287872065433355,33.53740831295843,8.731955844891027,0.043215211754537596,2.415610984341805
2065,39039,OH,Defiance County,0,38329.0,14.362493151399725,25.54931152954963,7.888186865785947,1.0281923714759535,5.081869009584664
2066,39041,OH,Delaware County,0,211121.0,17.009676915133976,10.206394483341496,2.7915815137499553,0.758990973102196,2.8169998601985182
2067,39043,OH,Erie County,0,75560.0,18.35230280571731,29.515619751427614,8.098746426215087,0.8504252126063032,5.605527310650501
2068,39045,OH,Fairfield County,0,157622.0,15.882935123269595,23.091525160186848,6.450128645745299,0.7814526028249857,4.051544580792492
2069,39047,OH,Fayette County,0,28897.0,8.125410942312351,36.387269022693744,15.754150476863298,0.21794089442943076,5.334035510081252
2070,39049,OH,Franklin County,0,1313598.0,38.72044567668343,30.73005053710766,8.539437608761713,2.860313269745992,4.806895134201571
2071,39051,OH,Fulton County,0,42709.0,11.634550094827787,25.078213879408416,6.893838311266208,0.9783451649466085,3.7943925233644857
2072,39053,OH,Gallia County,0,29369.0,7.2219006435357,35.837141960018144,14.911148615109699,0.16826071555083247,4.559025256193013
2073,39055,OH,Geauga County,0,95408.0,5.677720945832634,18.191258278145696,9.411425011017736,1.0411642883486056,3.1335095306743552
2074,39057,OH,Greene County,0,167043.0,17.427249271145755,24.48443991930639,5.976944170815473,0.5114742226044449,4.70802084963465
2075,39059,OH,Guernsey County,0,38542.0,6.4475118053033045,37.60119861213332,14.133738601823708,0.3284581060981656,4.905246128957708
2076,39061,OH,Hamilton County,0,826790.0,35.66480000967597,30.64421765089323,8.058353594998263,1.440681396330498,5.1416886440937715
2077,39063,OH,Hancock County,0,75139.0,11.80079585834254,27.873449233336522,6.557408806493481,1.1680143755615455,3.7128016171541156
2078,39065,OH,Hardin County,0,30738.0,6.083674930054005,36.34557388681923,9.544849614053765,0.5970407545210695,4.730932493495824
2079,39067,OH,Harrison County,0,14623.0,5.641797168843603,34.01960784313726,11.617786187322611,0.0,5.4774118815158035
2080,39069,OH,Henry County,0,27618.0,10.898689260627128,28.65187148062272,6.4259549973835695,0.9963768115942028,4.762583772993013
2081,39071,OH,Highland County,0,43162.0,5.273156943607804,38.62645776887737,16.273472984882382,0.45383032796805034,5.157188272695161
2082,39073,OH,Hocking County,0,28180.0,4.386089425124202,34.33982683982684,11.891268368523997,0.7651245551601423,4.0479760119940025
2083,39075,OH,Holmes County,0,44166.0,2.3207897477697776,28.090198519748217,43.4409261672928,8.71969696969697,2.1627583561118304
2084,39077,OH,Huron County,0,58583.0,10.64131232610143,31.48880332878675,10.045432867290845,0.40793541738234285,4.334539323474656
2085,39079,OH,Jackson County,0,32531.0,4.322031293227998,38.68045760852531,12.551662174303685,0.1617992071838848,7.294197031039136
2086,39081,OH,Jefferson County,0,65620.0,10.356598597988418,36.476955362355426,7.2841996823625355,0.19420376456528235,6.032986111111112
2087,39083,OH,Knox County,0,62399.0,5.6058590682543,31.051932120220815,8.259255641301163,0.5456609044875153,3.0478858209950648
2088,39085,OH,Lake County,0,232202.0,13.275510116191935,21.66289839637548,6.963600848043069,1.7797326328436014,4.809475670039084
2089,39087,OH,Lawrence County,0,58570.0,5.82550793921803,38.21090252958118,11.051520372752202,0.12384996461429583,4.6323618577953845
2090,39089,OH,Licking County,0,177454.0,11.507207501662403,23.497934063393917,7.169751726774775,0.3919085948569534,3.563964981643603
2091,39091,OH,Logan County,0,45997.0,7.3526534339196035,27.304271439551993,7.187842707190977,0.30114116652578193,4.419057739992915
2092,39093,OH,Lorain County,0,311737.0,22.84169027096559,28.089315249751902,9.09850481699126,1.323076923076923,4.70230174310597
2093,39095,OH,Lucas County,0,431212.0,32.44969991558676,35.46252266104767,9.83690893542793,0.8630783126484461,7.2582210840644565
2094,39097,OH,Madison County,0,43947.0,12.444535463171547,23.0763276048924,11.64612954186414,1.1198208286674132,3.1179747825237025
2095,39099,OH,Mahoning County,0,229044.0,25.216552278164894,35.833591717332396,8.566787973524168,1.0699639234066172,7.915134520250787
2096,39101,OH,Marion County,0,65515.0,12.397160955506372,36.82829397115112,10.062893081761008,0.4412189188074718,5.8261394720949236
2097,39103,OH,Medina County,0,181448.0,7.0306644327851515,16.781497978635258,4.933614611843498,0.5058856502242153,2.7673185149196327
2098,39105,OH,Meigs County,0,22361.0,3.5552971691784805,42.402762631770266,14.870240575866642,0.5505218488358757,7.513039618244368
2099,39107,OH,Mercer County,0,42154.0,5.02917872562509,20.725488774499144,7.089108910891088,0.5275387803805816,2.430323299888517
2100,39109,OH,Miami County,0,107899.0,8.537613879646706,23.814962878355225,6.816667110980779,0.6354120936250838,3.7333381173642386
2101,39111,OH,Monroe County,0,13514.0,3.6924670711854373,37.601017659383416,10.162932790224033,0.0,5.53873552983081
2102,39113,OH,Montgomery County,0,536136.0,30.26806631153289,32.972761984263165,8.970950404789441,1.3934632779101588,6.109896220814452
2103,39115,OH,Morgan County,0,13955.0,8.742386241490504,42.34593888364665,15.311100049776009,0.0,4.069565217391304
2104,39117,OH,Morrow County,0,34892.0,4.482402843058581,27.67859734680252,11.039173905917062,0.3218884120171674,3.201160002230773
2105,39119,OH,Muskingum County,0,86346.0,8.958145137006927,34.25589458258373,10.176631814029033,0.39740947895201645,4.463458631953586
2106,39121,OH,Noble County,0,14166.0,6.762671184526331,33.37826453243471,14.98050863189159,0.6510416666666667,4.764086120018323
2107,39123,OH,Ottawa County,0,40479.0,8.559994070999778,22.671953025018194,7.644085598004463,0.3513664249860569,3.9328415161536503
2108,39125,OH,Paulding County,0,18858.0,8.611729769858947,28.726708074534162,10.26370415929884,0.4411764705882353,4.325758449648172
2109,39127,OH,Perry County,0,35439.0,3.9560935692316375,33.37231524002396,11.16018484439537,0.17596205340065796,4.859024359056327
2110,39129,OH,Pickaway County,0,58458.0,7.899688665366587,27.378173059106913,12.80964398598486,0.1352265043948614,4.173458170653122
2111,39131,OH,Pike County,0,27271.0,5.247332331047633,45.24733268671193,14.876648234793704,0.08589425462874595,5.238183848157797
2112,39133,OH,Portage County,0,161897.0,11.757475431910413,27.40464910741557,7.604064550184752,0.7826800479707127,5.914123683499865
2113,39135,OH,Preble County,0,41027.0,4.323981768103931,26.003744026799353,8.645483211476488,0.036040365209034114,3.0813982152541537
2114,39137,OH,Putnam County,0,34395.0,8.501235644715802,18.049426301853487,5.423817633957815,0.7903936768505851,2.616066917419862
2115,39139,OH,Richland County,0,124504.0,15.19951166227591,34.75017304586356,11.55230919652614,0.5837794162205837,5.25401726194653
2116,39141,OH,Ross County,0,77205.0,10.8244284696587,34.10329322444635,11.21266405878697,0.26141571889322696,6.019568070635962
2117,39143,OH,Sandusky County,0,59013.0,16.850524460712045,31.060671442133426,7.406066748714979,0.15548178341807792,5.45696994563545
2118,39145,OH,Scioto County,0,74392.0,7.195666200666738,45.30710105070164,14.014756441457102,0.08880363739698778,7.850647955896041
2119,39147,OH,Seneca County,0,55166.0,10.941521951926912,31.749484992587746,6.980545581220858,0.4436922513951148,3.944555302166477
2120,39149,OH,Shelby County,0,48307.0,7.822882812014822,26.69257430942128,10.378856271207546,0.9495903196049704,5.239491691104595
2121,39151,OH,Stark County,0,374712.0,14.41400328785841,30.724835190095806,7.703113846059879,0.5154572416561978,4.906319381958162
2122,39153,OH,Summit County,0,540567.0,24.45968769828717,28.826452815270798,7.376722633132217,1.4359369729677636,5.682502345248596
2123,39155,OH,Trumbull County,0,202199.0,13.86159179817902,36.85282771488364,10.786634732853406,0.687147748532163,4.867105045035089
2124,39157,OH,Tuscarawas County,0,93025.0,6.1144853533996235,32.83556021308183,11.630691714356805,0.8310984838427019,5.625928190792347
2125,39159,OH,Union County,0,61769.0,11.777752594343442,13.729483646819215,5.635454306157123,0.7619839290662234,3.0031693282870244
2126,39161,OH,Van Wert County,0,28808.0,6.956400999722299,27.764084507042252,7.115142353237591,0.3808534579762832,4.86541737649063
2127,39163,OH,Vinton County,0,12853.0,3.788998677351591,38.197929736511924,19.754993930029798,0.0,4.893992932862191
2128,39165,OH,Warren County,0,239556.0,15.49575047170599,14.047788642103217,5.398424303697585,1.4922799232016188,3.4509183698425767
2129,39167,OH,Washington County,0,59942.0,5.325147642721297,33.61735754410679,8.600121161284308,0.0777573153263761,5.291723202170964
2130,39169,OH,Wayne County,0,116858.0,6.567800236184087,29.593371483495456,13.91676005316515,2.031207351469384,3.567179846046186
2131,39171,OH,Williams County,0,37026.0,8.107816129206503,31.751163633323117,8.313327654301867,0.33418517790446234,3.4401919092792497
2132,39173,OH,Wood County,0,131930.0,12.6119912074585,26.303528551210903,5.040033097271909,0.8602150537634409,5.198764328103406
2133,39175,OH,Wyandot County,0,21933.0,5.448411070077053,25.679366695986296,6.369218709171674,0.8189464364763169,2.678963548528766
2134,40001,OK,Adair County,0,19839.0,61.68153636776047,52.147989604036084,19.02097902097902,0.2806499261447563,5.579681537044348
2135,40003,OK,Alfalfa County,0,5744.0,17.444289693593316,26.431623931623932,14.452759588400374,0.0,3.614457831325301
2136,40005,OK,Atoka County,0,14080.0,30.795454545454547,41.6958654519972,16.30710017218677,0.3683995088006549,6.029955261622252
2137,40007,OK,Beaver County,0,5100.0,31.11764705882353,36.172344689378754,15.123820754716983,7.2992700729927,3.561311210036423
2138,40009,OK,Beckham County,0,22349.0,25.60740972750459,38.19187229380771,14.79805927091529,1.1002908814974073,6.491817492142625
2139,40011,OK,Blaine County,0,8799.0,29.503352653710653,36.33693765852356,17.006480164374903,1.693958215697346,6.447725218439289
2140,40013,OK,Bryan County,0,45809.0,30.66209696784475,42.38898975634904,12.887812540908497,1.0490102081100896,5.277318857682323
2141,40015,OK,Caddo County,0,27253.0,44.39144314387407,43.960526826994055,14.336312118570183,2.0453045964372114,6.873327797767321
2142,40017,OK,Canadian County,0,151174.0,26.1367695503195,22.293087904842636,7.94288219702254,1.5144611907929508,3.7413903021363297
2143,40019,OK,Carter County,0,48102.0,32.152509251174585,37.6409476751552,12.813249073872305,0.8513638089040725,4.456070719826808
2144,40021,OK,Cherokee County,0,47307.0,54.38941382882025,43.40474000087616,11.800930419358076,0.9035800068626331,6.480179926904695
2145,40023,OK,Choctaw County,0,14307.0,41.24554413923254,45.862093503166584,16.34141331142153,0.20847810979847115,7.476006061626536
2146,40025,OK,Cimarron County,0,2271.0,30.03082342580361,38.83968113374668,13.814955640050696,2.0506634499396865,0.6398537477148081
2147,40027,OK,Cleveland County,0,292110.0,29.997603642463456,29.529624797713,7.988742844350635,1.6035646628778784,4.62078149868451
2148,40029,OK,Coal County,0,5294.0,34.60521344918776,47.52684049079755,15.116926503340759,0.3824091778202677,6.320541760722348
2149,40031,OK,Comanche County,0,121502.0,45.103784299846915,37.21280501933943,9.394693093805174,1.855543975712538,6.668377519395148
2150,40033,OK,Cotton County,0,5603.0,25.59343208995181,38.62170628339783,16.38110072689512,0.09995002498750624,4.128256513026052
2151,40035,OK,Craig County,0,14172.0,38.336155800169344,45.79271036448178,13.135293523289887,0.25014431402732346,5.411968777103209
2152,40037,OK,Creek County,0,71879.0,25.577706979785475,34.698032119429996,10.198017787003684,0.7398912359883097,4.003997751264913
2153,40039,OK,Custer County,0,28564.0,32.83153619941185,38.67941947634698,11.78007362546016,1.9849292409483552,2.7236580516898607
2154,40041,OK,Delaware County,0,40688.0,37.36482500983091,42.7418752334703,14.82748112281177,0.6425162158854485,6.3825972628936825
2155,40043,OK,Dewey County,0,4548.0,19.854881266490764,36.00537393640842,7.397165572070515,1.2641383898868928,4.67005076142132
2156,40045,OK,Ellis County,0,3813.0,14.293207448203516,37.22044728434505,12.211466865227104,0.13623978201634876,7.286288009179575
2157,40047,OK,Garfield County,0,62628.0,27.267356453982245,34.38302073050345,11.806675463030835,1.2774869109947644,3.9208402282935393
2158,40049,OK,Garvin County,0,25949.0,26.544375505799838,38.880206298351176,11.833467695496948,0.5966828478964401,3.337199964308022
2159,40051,OK,Grady County,0,54739.0,19.6952812437202,28.590049158349473,9.76159793814433,0.30816640986132515,4.475876768068203
2160,40053,OK,Grant County,0,4166.0,14.378300528084493,29.226219812715627,9.058360186179735,0.3978779840848806,3.0854830551340413
2161,40055,OK,Greer County,0,5548.0,27.072819033886088,43.74729554305495,17.067725130240635,0.0962000962000962,6.916707257671701
2162,40057,OK,Harmon County,0,2540.0,45.70866141732283,42.1010101010101,18.264322178105502,2.1966527196652716,5.4575986565911
2163,40059,OK,Harper County,0,3358.0,27.754615842763545,40.94247246022032,10.757839721254356,6.354515050167224,4.084507042253521
2164,40061,OK,Haskell County,0,11711.0,31.406370079412515,46.787962404070015,15.307137527978115,0.8304195804195804,8.5708510208207
2165,40063,OK,Hughes County,0,13406.0,38.91541100999552,48.41341795104261,16.655658300308236,1.1034128817038749,7.35950044603033
2166,40065,OK,Jackson County,0,24960.0,38.85817307692307,37.43815963060686,13.626455751385688,2.3058628890497364,4.308572450165371
2167,40067,OK,Jefferson County,0,5491.0,24.27608814423602,47.97612385748927,16.522210184182015,1.0209042294603792,5.05050505050505
2168,40069,OK,Johnston County,0,10446.0,32.3090178058587,43.16061147508437,12.826704545454545,0.7678525723061171,6.327014218009479
2169,40071,OK,Kay County,0,44019.0,27.837979054499197,41.567899802852835,11.73188182533977,1.3419248049184203,6.40724253488721
2170,40073,OK,Kingfisher County,0,15272.0,25.170246202200104,30.548735983013735,10.793291490894125,4.088277858176555,3.0688728609814735
2171,40075,OK,Kiowa County,0,8518.0,26.91946466306645,45.09686677828271,13.955840215742457,1.8031784841075795,4.314994606256742
2172,40077,OK,Latimer County,0,9555.0,37.83359497645212,47.71079121117004,13.560362018714528,0.0,8.919824697086879
2173,40079,OK,Le Flore County,0,48436.0,30.149062680650758,48.25100474195675,15.782660954787808,1.17460137320547,5.480645988208152
2174,40081,OK,Lincoln County,0,33650.0,18.817236255572066,35.263967196309586,11.013025228266043,0.11155378486055777,3.5282811641954974
2175,40083,OK,Logan County,0,49005.0,23.130292827262526,28.641041797941607,8.358410612295032,0.36777583187390545,3.39229879641924
2176,40085,OK,Love County,0,10105.0,30.638297872340424,39.10224438902743,15.710463733650414,1.7173423423423424,5.399909624943516
2177,40087,OK,McClain County,0,41258.0,22.252654030733435,24.38661528705917,10.685308606201101,0.8223240765705042,3.80677085885062
2178,40089,OK,McCurtain County,0,31112.0,39.91064541013114,45.95844460366052,15.93553727055845,1.2995104583889632,5.3990793477412815
2179,40091,OK,McIntosh County,0,19105.0,33.15885893745093,43.12469985593085,13.69686560755689,0.2488593944421402,4.871794871794872
2180,40093,OK,Major County,0,7753.0,16.36785760350832,31.858290530752008,10.460011452567283,1.3245033112582782,1.7744705208929592
2181,40095,OK,Marshall County,0,15361.0,36.625219712258314,43.18151902066605,18.72865275142315,3.010867628719045,4.674243636945734
2182,40097,OK,Mayes County,0,39303.0,36.862326031091776,39.60257703950943,11.945240132435549,0.7299270072992701,6.12370902559497
2183,40099,OK,Murray County,0,13874.0,29.83998846763731,35.38255433164632,14.35024687467171,1.2375735443294784,3.3258354755784065
2184,40101,OK,Muskogee County,0,66881.0,45.700572658901635,46.06750454509525,13.71253298450574,0.9074837949322333,6.083926237839408
2185,40103,OK,Noble County,0,11020.0,20.01814882032668,35.02312673450509,10.44776119402985,0.8805330794859592,5.232084690553746
2186,40105,OK,Nowata County,0,9484.0,34.932517924926195,44.518486672398964,10.88672942605527,0.026723677177979688,5.4326923076923075
2187,40107,OK,Okfuskee County,0,11444.0,40.10835372247466,52.0476831378581,18.223119636547196,0.6084656084656085,5.544505221282944
2188,40109,OK,Oklahoma County,0,790938.0,45.25474815977991,35.724888732679055,11.58215700842001,3.423596816029469,4.581090656896889
2189,40111,OK,Okmulgee County,0,37046.0,38.56556713275388,42.47912435116227,13.415477207108292,0.07880220646178093,7.490242240257729
2190,40113,OK,Osage County,0,46140.0,37.568270481144346,34.74562958640964,10.678153166963027,0.07132667617689016,5.690376569037657
2191,40115,OK,Ottawa County,0,30568.0,36.7672075372939,48.3283086616307,13.704001608686909,0.9208731241473397,4.086204232967712
2192,40117,OK,Pawnee County,0,15687.0,24.759354879836806,36.22383044714397,11.205857818148115,0.23728813559322032,3.8625976706472063
2193,40119,OK,Payne County,0,81817.0,23.608785460234426,43.659940402487315,7.917519282228868,2.407282751546623,4.338534425047634
2194,40121,OK,Pittsburg County,0,43836.0,32.0239072908112,39.26101419101634,12.98015834229303,0.6252921926133708,6.991627113220628
2195,40123,OK,Pontotoc County,0,38102.0,36.39179045719384,34.41835211076422,10.588521007042823,0.5272528074500137,4.288240495137047
2196,40125,OK,Pottawatomie County,0,72331.0,29.066375413031757,35.65408151483662,11.344406793755066,0.5793345275755613,5.607999006334617
2197,40127,OK,Pushmataha County,0,10891.0,30.970526122486458,48.75709896657667,14.482669759051669,0.28646455001193605,8.434909800097513
2198,40129,OK,Roger Mills County,0,3477.0,18.1190681622088,42.557529857267696,8.708456037021456,2.209550962223806,5.736137667304015
2199,40131,OK,Rogers County,0,94637.0,29.66387353783404,25.72668951955211,8.14013075143252,0.652836210648484,5.185310758407324
2200,40133,OK,Seminole County,0,23798.0,37.0829481469031,50.48905046308319,15.979185175783728,0.3263022957697238,9.14627631157175
2201,40135,OK,Sequoyah County,0,39652.0,39.05729849692323,48.21569777823126,17.457368948991345,0.8958490049921356,4.947704640821695
2202,40137,OK,Stephens County,0,42983.0,21.059488635041763,38.55273432878204,12.12886285598869,1.0040281368364097,5.6578308049452035
2203,40139,OK,Texas County,0,21448.0,58.11264453562104,43.33444386273857,26.806330759232356,15.32656023222061,2.8418089037480203
2204,40141,OK,Tillman County,0,7070.0,42.65912305516266,48.79598168119368,21.010694065841896,4.228571428571429,6.6473988439306355
2205,40143,OK,Tulsa County,0,664084.0,39.63775666933701,33.609359232135034,10.174442524479552,2.76512724496334,5.631818329201683
2206,40145,OK,Wagoner County,0,80509.0,30.693462842663553,26.674250853220986,9.003549003549004,0.744535519125683,5.210004009623096
2207,40147,OK,Washington County,0,52382.0,28.595700813256464,35.59506884530742,9.490526315789474,0.9174762044941616,4.484494648221009
2208,40149,OK,Washita County,0,11014.0,17.468676230252406,31.775963974106393,10.441551469601396,0.4416094210009814,6.9852235655344455
2209,40151,OK,Woods County,0,8731.0,17.225976405909975,35.41878172588832,8.50239763924751,1.6206482593037215,4.457013574660634
2210,40153,OK,Woodward County,0,20591.0,21.193725414015834,33.94063459570113,12.101636520241172,3.2696177062374243,4.998454086365042
2211,41001,OR,Baker County,0,16539.0,10.399661406372816,38.05792377131394,9.216214011907676,0.0716743119266055,6.372697070371489
2212,41003,OR,Benton County,0,94667.0,20.848870250456862,32.14121189649555,3.7065223031288377,2.667915440192668,6.3242142612342
2213,41005,OR,Clackamas County,0,418577.0,20.13201872056993,18.954762506164375,5.663613252088293,1.507962871271615,4.924910233807471
2214,41007,OR,Clatsop County,0,40720.0,17.12180746561886,31.072982717891335,7.867115391023291,0.7327767433479488,4.763612149772064
2215,41009,OR,Columbia County,0,52381.0,13.607987629102155,25.511877882629925,9.544732662784543,0.30100837806652286,5.38400318344608
2216,41011,OR,Coos County,0,64619.0,15.890063294077594,36.37995088470499,10.041996814034796,0.3619647446338726,6.140445596227909
2217,41013,OR,Crook County,0,24300.0,12.703703703703702,29.452394739018946,9.158826784726065,0.5225605466787258,3.9291287983108414
2218,41015,OR,Curry County,0,23234.0,15.145906860635275,35.37081961531797,8.0884292724107,0.6952169076751946,8.692838654012078
2219,41017,OR,Deschutes County,0,194964.0,13.958987300219528,25.48813046419516,5.669814620496677,0.959296096005244,5.46021840873635
2220,41019,OR,Douglas County,0,110680.0,13.68810986628117,35.49107142857143,9.455187118594221,0.37448262269233296,5.880330123796424
2221,41021,OR,Gilliam County,0,1954.0,12.589559877175024,31.09156751163994,6.562922868741543,0.0,5.743243243243244
2222,41023,OR,Grant County,0,7225.0,9.951557093425606,33.17750389573594,9.462133477244109,0.5803298717165547,8.265241986172219
2223,41025,OR,Harney County,0,7454.0,13.925409176281192,46.43249176728869,9.31999258847508,0.4876462938881665,7.07070707070707
2224,41027,OR,Hood River County,0,23915.0,38.089065440100356,26.1469632380872,16.752042932064885,4.402726561626998,3.670566643725625
2225,41029,OR,Jackson County,0,221662.0,20.77758027988559,32.69580848704952,9.130415669725,1.4150468887969865,5.560502053594509
2226,41031,OR,Jefferson County,0,24232.0,42.897821063057116,30.68617206548241,12.155125980010773,1.564774381368268,9.061615076652672
2227,41033,OR,Josephine County,0,87686.0,14.79255525397441,40.564761387157574,9.191768840057083,0.8105566006418059,7.587278681245491
2228,41035,OR,Klamath County,0,68899.0,23.97422313821681,42.263272641565024,11.631951633608018,1.5306668569593607,7.418212127526568
2229,41037,OR,Lake County,0,8119.0,17.576056164552284,37.643488586884814,13.944682252222588,0.0,6.255639097744361
2230,41039,OR,Lane County,0,380532.0,19.301136303911363,34.62129810749676,7.113270942880464,1.3226621199493585,7.025289795154219
2231,41041,OR,Lincoln County,0,49866.0,19.177395419724864,32.74936996992114,7.25869327927647,0.42547413207803375,7.043567496968
2232,41043,OR,Linn County,0,127200.0,16.30817610062893,32.56869696337766,9.817684491313734,1.0567466862134263,6.960590892044806
2233,41045,OR,Malheur County,0,31313.0,40.005748411203015,44.913286408823744,18.510302671793355,2.1670244301339054,6.266382699868939
2234,41047,OR,Marion County,0,344037.0,36.59490112982034,34.38811126119126,14.327722438175709,3.6827593038998776,5.720765671777193
2235,41049,OR,Morrow County,0,11964.0,42.268472082915416,39.54911163258464,22.544495715227423,6.707466340269278,3.4746086292478044
2236,41051,OR,Multnomah County,0,810011.0,31.919196159064505,27.457691002977647,7.632992897436843,3.5598476540851585,5.547544643801034
2237,41053,OR,Polk County,0,86347.0,23.40671939963172,29.1099911058405,8.426585887384176,1.9658496629071893,5.315543249952262
2238,41055,OR,Sherman County,0,1784.0,13.11659192825112,33.38945005611672,12.684824902723735,0.0,2.5316455696202533
2239,41057,OR,Tillamook County,0,27129.0,16.7127428213351,31.933630659913824,9.332221186399098,1.5464370441964679,4.796690723464179
2240,41059,OR,Umatilla County,0,79509.0,36.00975990139481,35.730725736712564,16.76212294768996,4.249962979416556,6.417352701525666
2241,41061,OR,Union County,0,26255.0,12.012949914302038,34.24063732573124,7.253501000285796,0.48405466970387245,6.349206349206349
2242,41063,OR,Wallowa County,0,7330.0,8.63574351978172,29.48558819473176,5.988882911959835,0.03059039461609055,5.157835400225479
2243,41065,OR,Wasco County,0,26603.0,26.8465962485434,34.2695339404607,12.974971863443916,2.793620106331561,6.813767384041644
2244,41067,OR,Washington County,0,596969.0,36.321986568816804,19.549417744213386,7.005919336337368,3.5665070755966997,4.63044899572747
2245,41069,OR,Wheeler County,0,1477.0,17.670954637779282,49.17808219178082,10.396475770925111,0.0,4.1441441441441444
2246,41071,OR,Yamhill County,0,107024.0,24.23381671400807,26.2313117620479,9.884538014274298,1.8590972349867396,3.7489844082485395
2247,42001,PA,Adams County,0,103782.0,11.64363762502168,21.084264815074956,10.238091985739068,1.3330660519194146,3.536911753772954
2248,42003,PA,Allegheny County,0,1246116.0,22.580241325847673,24.818111987196005,4.9141866359013315,1.2893875180252234,5.084743248355203
2249,42005,PA,Armstrong County,0,65967.0,3.474464504979763,30.853344768439108,7.607246168680631,0.2815477909327173,5.711879211380085
2250,42007,PA,Beaver County,0,168260.0,11.5684060382741,26.20648005556059,5.451478435761439,0.500578663357363,5.649671052631579
2251,42009,PA,Bedford County,0,47729.0,3.7964340338159186,30.515494573182387,10.534915720674235,0.3413675390503776,4.727431312690798
2252,42011,PA,Berks County,0,426967.0,30.312647113242946,27.386508222012445,12.45221002833017,4.610626932808547,5.692340304619811
2253,42013,PA,Blair County,0,123132.0,6.147873826462658,32.10971025581318,7.620437295689256,0.37402514722266433,4.843376736987316
2254,42015,PA,Bradford County,0,60233.0,4.799694519615493,33.37310723829051,9.780795526631112,0.3046897517190267,5.216062854648626
2255,42017,PA,Bucks County,0,643872.0,17.510933850206253,14.343656132801364,5.513858250329597,2.450652528548124,4.57388026470926
2256,42019,PA,Butler County,0,192561.0,6.107155654571797,20.037884851395336,4.496127407213838,0.5346774708096727,4.819492079855673
2257,42021,PA,Cambria County,0,134048.0,8.01056338028169,31.671948976796966,7.523197567249514,0.33502044345179127,5.260832569708077
2258,42023,PA,Cameron County,0,4596.0,6.092254134029591,42.994957246217936,7.57533089270628,0.328484279680901,8.691308691308691
2259,42025,PA,Carbon County,0,64792.0,9.775898259044325,29.497545935061666,9.695817490494296,0.6574946792338097,6.651864468641645
2260,42027,PA,Centre County,0,158879.0,15.321093410708778,31.01337096590261,5.636834802481228,1.9140989729225024,4.286585210963497
2261,42029,PA,Chester County,0,531704.0,21.95770579119209,14.6405820845179,5.489974816629282,1.7844256379977694,4.1352132771316565
2262,42031,PA,Clarion County,0,37571.0,4.769636155545501,34.75618141313017,9.57102150747492,0.15718972115910335,6.300734441437959
2263,42033,PA,Clearfield County,0,80667.0,7.884264941053963,34.898404162820874,11.389457225077765,0.16989902227921141,6.434220969375189
2264,42035,PA,Clinton County,0,37824.0,5.425126903553299,34.07478956809714,9.939164417227348,0.4993160054719562,5.491081022995917
2265,42037,PA,Columbia County,0,65013.0,7.612323689108331,33.04275019700552,8.899768926308083,0.2683050122487071,4.862318611488729
2266,42039,PA,Crawford County,0,84495.0,5.8109947334161784,35.292516670171835,9.736503856041132,0.5357411587659895,6.226964612490012
2267,42041,PA,Cumberland County,0,257333.0,16.074502687179645,20.169296987087517,6.744256934630199,1.5205009167869543,3.535075448674067
2268,42043,PA,Dauphin County,0,284199.0,36.2823233016302,27.306352261101612,9.086666024057266,3.0647433515120612,4.511802575107296
2269,42045,PA,Delaware County,0,573883.0,34.91879006696487,22.572272879257525,6.5624824214655,2.554001829621194,6.627522018864389
2270,42047,PA,Elk County,0,31037.0,3.750362470599607,26.069073578376965,7.023484915120064,0.051855693014297356,6.228883838073592
2271,42049,PA,Erie County,0,271903.0,16.89683453290328,34.481799211685605,8.340849776107854,1.280532054638484,5.850449947575261
2272,42051,PA,Fayette County,0,129443.0,9.170059408388248,35.01843329076408,10.968440756748798,0.1663678207664011,7.232998961118586
2273,42053,PA,Forest County,0,7121.0,28.029771099564666,35.81254371648403,16.59016393442623,0.16797312430011196,6.093189964157706
2274,42055,PA,Franklin County,0,155592.0,13.440922412463365,27.6588951298659,10.710224146153564,1.6037766353024865,3.8496662250633467
2275,42057,PA,Fulton County,0,14529.0,5.0037855323835085,29.354883271170053,11.376510574018127,0.10016694490818029,4.895598194130925
2276,42059,PA,Greene County,0,36248.0,7.807327300816596,28.94093935137116,11.947398955714563,0.14329727018700295,4.638481217180558
2277,42061,PA,Huntingdon County,0,44458.0,10.19614017724594,31.76346790544876,10.069390422254722,0.32075955863484734,5.578619615983394
2278,42063,PA,Indiana County,0,83620.0,7.099976082276966,33.010590402128315,8.270006908337272,0.6630686198920586,6.698197622395501
2279,42065,PA,Jefferson County,0,44491.0,3.50632712233935,36.70369946168824,9.531023164804646,0.4902789518174133,5.17644811613581
2280,42067,PA,Juniata County,0,23607.0,6.654805777947219,29.662796178071037,16.980560770302187,1.9529465509365007,2.846689273603427
2281,42069,PA,Lackawanna County,0,215529.0,16.913733186717334,30.168529871378773,8.441310975609756,2.114266714058039,4.7609631157189
2282,42071,PA,Lancaster County,0,550480.0,19.25465048684784,23.87890961475629,13.64479848534561,3.156914675504484,3.4455289170897956
2283,42073,PA,Lawrence County,0,86311.0,9.152946901321963,32.40824379575925,8.23941050323288,0.6341557974024535,6.826759765993584
2284,42075,PA,Lebanon County,0,142486.0,19.520514296141375,28.43361003318958,12.437428983815987,2.551225391723584,4.664246823956443
2285,42077,PA,Lehigh County,0,372492.0,38.106053284365835,28.543399175550505,10.307847590209438,7.406101216716629,6.100762789541549
2286,42079,PA,Luzerne County,0,324825.0,21.278842453628876,32.69950323725848,9.779699936119886,3.0823375596704063,5.943929584280193
2287,42081,PA,Lycoming County,0,114274.0,10.811733202653272,31.6534262485482,9.384280832556694,0.47028832630098455,5.235516464345425
2288,42083,PA,McKean County,0,40652.0,7.350191872478599,35.55537920270878,7.351515990585629,0.1394523326572008,6.185290488707687
2289,42085,PA,Mercer County,0,111216.0,10.749352611135087,31.586220132424913,9.872010735400236,0.5611598759771169,5.849026807217024
2290,42087,PA,Mifflin County,0,46156.0,4.831441199410694,35.30654925701706,14.674534276622694,0.793948822488064,4.085376767495973
2291,42089,PA,Monroe County,0,168128.0,36.53406928054815,26.18484841176045,10.349341266468338,1.9237265234427778,6.335028009226569
2292,42091,PA,Montgomery County,0,850890.0,25.814382587643525,14.930603270578535,5.342988975473601,2.284255423233914,4.542530356077479
2293,42093,PA,Montour County,0,18198.0,9.462578305308275,24.82416695491756,8.349705304518663,1.2038523274478332,2.615986584684181
2294,42095,PA,Northampton County,0,311359.0,25.3013402535337,22.132018942688703,8.363248899030964,2.5593919871149584,4.752618984639801
2295,42097,PA,Northumberland County,0,91853.0,8.754205088565426,33.93204048941754,10.37834292358606,0.4121062913109797,4.6721462025897695
2296,42099,PA,Perry County,0,45879.0,5.7084940822598575,23.90684725689918,11.137484024100786,0.3085900241261292,3.3840874973193222
2297,42101,PA,Philadelphia County,0,1596865.0,66.23496663775586,42.57361655692117,13.44967286356712,6.740559968327023,8.920035647735558
2298,42103,PA,Pike County,0,58345.0,21.34201731082355,24.329548200048322,6.912822392230519,1.5588197507601387,8.441078034172978
2299,42105,PA,Potter County,0,16478.0,4.211676174292997,34.633635299192704,10.539072294191392,0.7674236491777604,6.160938809723386
2300,42107,PA,Schuylkill County,0,143308.0,10.404164456973792,32.15325997410851,10.596817990591655,0.7857230942691542,5.795948434622468
2301,42109,PA,Snyder County,0,39877.0,5.26619354515134,28.47411444141689,13.506103286384977,0.7722813608849928,2.358490566037736
2302,42111,PA,Somerset County,0,74331.0,6.402443126017408,30.012145397761774,10.527924623296292,0.4089129154104723,5.391649413388544
2303,42113,PA,Sullivan County,0,5935.0,7.245155855096883,33.69982547993019,9.627964022894522,1.0425354462051708,5.608157319737801
2304,42115,PA,Susquehanna County,0,38892.0,4.2965134217834,30.670311076402445,9.480937705599224,0.23979261179520417,6.346313173156587
2305,42117,PA,Tioga County,0,41089.0,4.086251794884276,34.38800384113461,9.00319358564925,0.22643818849449204,4.733041690823802
2306,42119,PA,Union County,0,43094.0,15.79570241797002,27.61369235674328,11.779525414496305,0.8357348703170028,3.166656964899005
2307,42121,PA,Venango County,0,50810.0,5.152529029718559,33.437349009502334,8.398489442050955,0.18542290686064755,6.950946897802522
2308,42123,PA,Warren County,0,38791.0,4.704699543708593,30.80915310214673,6.8807339449541285,0.39203484754200374,5.242238693737244
2309,42125,PA,Washington County,0,209090.0,8.905256109809173,22.92603508221321,6.135307762350705,0.38243362626121724,5.066120147634327
2310,42127,PA,Wayne County,0,51244.0,10.79345874638982,28.961115557989636,9.472961635268096,0.8565973476443574,5.622888037846361
2311,42129,PA,Westmoreland County,0,355107.0,7.054775039635941,23.87095847104469,5.10462952413505,0.24952721159907545,4.980876696022133
2312,42131,PA,Wyoming County,0,26389.0,5.430292925082421,26.261755485893417,7.065446127946127,0.32075471698113206,5.413838832982292
2313,42133,PA,York County,0,454605.0,18.31282102044632,23.071639103955608,9.228183687111379,1.5371709705942367,4.658387672882834
2314,44001,RI,Bristol County,0,50672.0,9.368092832333438,13.232716234127153,8.404067568703253,2.744772479634722,4.241769700580962
2315,44003,RI,Kent County,0,169345.0,13.38746346216304,19.570512324247712,7.536188034460245,1.6156237367049082,4.406195120919112
2316,44005,RI,Newport County,0,85525.0,15.455130078924292,17.39882903118901,5.596844181459566,1.412437374394973,6.13363264228179
2317,44007,RI,Providence County,0,656672.0,40.84306929486867,30.13328678874044,13.834773141673601,7.933347222667393,6.593140052505422
2318,44009,RI,Washington County,0,129735.0,9.56411145797202,17.100803718408056,5.525506180792341,1.4752744010385932,5.970738864825971
2319,45001,SC,Abbeville County,0,24374.0,31.697710675309754,38.33516344285835,16.29292221443588,0.4775549188156638,4.10173056697581
2320,45003,SC,Aiken County,0,168045.0,34.75973697521497,33.52701812091494,10.707657004015793,0.9181845326963274,6.686612769749825
2321,45005,SC,Allendale County,0,8304.0,77.86608863198458,57.770270270270274,23.80547525930964,0.0,16.351174934725847
2322,45007,SC,Anderson County,0,202223.0,23.37567932431029,34.56715281291803,14.172894814304279,0.820691054848039,5.3715419923086465
2323,45009,SC,Bamberg County,0,13525.0,63.77818853974122,42.82926067608713,22.428555543200268,0.131521262604121,9.307875894988067
2324,45011,SC,Barnwell County,0,20801.0,49.65626652564781,52.08445072894826,18.557885665038782,0.387737792317945,7.854851200354021
2325,45013,SC,Beaufort County,0,186007.0,32.17782126479111,26.331581652106163,6.602259193229817,1.78354718627705,3.8781612059299864
2326,45015,SC,Berkeley County,0,224806.0,37.48876809337829,29.4017798136899,10.432816966956985,1.8112624130344295,4.203564110070258
2327,45017,SC,Calhoun County,0,14198.0,45.74587970136639,32.725452334978186,13.948126801152739,0.25911210917256866,4.767493032125569
2328,45019,SC,Charleston County,0,404946.0,35.093074138280166,27.555606279641886,7.11486833444189,1.7610647411723352,3.7584830893721817
2329,45021,SC,Cherokee County,0,56204.0,28.45882855312789,44.03142779734489,16.664041994750654,1.1953892130354349,6.9747371724462575
2330,45023,SC,Chester County,0,32273.0,41.95767359712453,44.36437373264701,15.407492897727273,0.18150252525252525,5.942334739803094
2331,45025,SC,Chesterfield County,0,43655.0,40.229068835184975,44.650019707403025,19.953489895516032,1.0706388921214942,8.221451199275908
2332,45027,SC,Clarendon County,0,31613.0,52.11779963938886,41.12334366141473,20.22718301828867,0.9149762624082866,10.793675641828427
2333,45029,SC,Colleton County,0,38520.0,44.0472481827622,47.965271119633535,14.033329621794158,0.5843681519357196,6.287105200664925
2334,45031,SC,Darlington County,0,63433.0,45.9114341115823,46.36964755729601,15.191720238909406,0.6062046832283371,6.27390408943807
2335,45033,SC,Dillon County,0,28527.0,54.881340484453325,53.741593424189595,21.26175631406531,1.6193154271308057,6.465623207408014
2336,45035,SC,Dorchester County,0,160180.0,37.03146460232239,27.3755282829693,9.560723514211885,1.8359013074362582,5.452478228819172
2337,45037,SC,Edgefield County,0,25938.0,43.08350682396484,38.2468437275683,17.93665062661943,2.5928367391782023,6.764523830577416
2338,45039,SC,Fairfield County,0,21186.0,61.74360426696875,44.110634239389604,15.471795868143253,0.0,5.991969525378359
2339,45041,SC,Florence County,0,137276.0,49.4318016259215,38.45454883998063,13.703392749504864,0.7588190998436022,4.588524720260296
2340,45043,SC,Georgetown County,0,62992.0,35.12985775971552,36.07497596924063,10.295083356281907,0.3503308680420397,6.836345309237527
2341,45045,SC,Greenville County,0,519178.0,32.71806586565687,27.553630476851104,10.348351111725835,2.4677599883205996,3.8694263960524258
2342,45047,SC,Greenwood County,0,69338.0,41.087138365686926,41.42570641762452,14.02125982574612,0.5802284421413715,5.7302054642732765
2343,45049,SC,Hampton County,0,19227.0,59.53086805013783,51.175078430293354,18.525985663082437,1.177682908876785,10.79900124843945
2344,45051,SC,Horry County,0,344865.0,23.04032012526641,34.41781679456776,8.905959589324286,1.314176615233751,6.121624776773038
2345,45053,SC,Jasper County,0,28363.0,55.790995310792226,42.897758337889556,11.22248427672956,2.598339949476723,7.542051003798155
2346,45055,SC,Kershaw County,0,64989.0,32.02849713028358,32.73737841593331,10.230026880535847,0.42166981245733104,5.620213878487332
2347,45057,SC,Lancaster County,0,94653.0,30.266341267577364,29.525757133119097,12.106006651166897,0.6284668142197447,4.859946230382132
2348,45059,SC,Laurens County,0,67148.0,32.8140823256091,39.72514395393474,17.885477750948603,1.2736334150779212,6.406244853595072
2349,45061,SC,Lee County,0,16730.0,67.5433353257621,53.12703159537121,17.746266152038935,0.2847200253084467,7.776261937244201
2350,45063,SC,Lexington County,0,291723.0,26.612917048021583,29.287821906991564,9.607678226883689,1.148602002071108,4.719777861243762
2351,45065,SC,McCormick County,0,9584.0,48.0279632721202,32.1135350692001,16.50314465408805,0.05307855626326964,6.587183308494785
2352,45067,SC,Marion County,0,29585.0,61.83876964678047,55.04385964912281,19.605063786108804,0.6086315012910365,7.151055001324269
2353,45069,SC,Marlboro County,0,26912.0,61.30350772889417,53.240418118466906,20.2524413047995,0.5465652127317543,8.959115561118065
2354,45071,SC,Newberry County,0,37842.0,40.08773320649014,37.671735995864736,13.827663005913523,1.9686860011891392,4.560820171792741
2355,45073,SC,Oconee County,0,77932.0,15.972899450803265,34.211754335934465,13.88362129512572,0.7003362848239904,6.065002901915264
2356,45075,SC,Orangeburg County,0,84909.0,66.84214865326408,48.167003629454605,15.684029765311964,0.7181942544459644,9.499766759048377
2357,45077,SC,Pickens County,0,129617.0,14.841417406667334,37.467748630588545,13.400872174240492,0.7423439459525062,4.390290611385072
2358,45079,SC,Richland County,0,414719.0,58.87697452974182,34.18497316544134,8.185476948900376,1.407343148329599,6.268309189260818
2359,45081,SC,Saluda County,0,19008.0,41.65614478114478,43.31288343558282,18.721086405014177,3.0303030303030303,4.091498644027826
2360,45083,SC,Spartanburg County,0,322864.0,32.79182566033996,34.12050361992671,12.501086593495078,2.0730228442201173,5.027968111947953
2361,45085,SC,Sumter County,0,105537.0,55.52744535091958,41.23653359449999,11.928280780456944,0.23290593052048345,8.258938198128261
2362,45087,SC,Union County,0,27306.0,35.92250787372739,46.13754646840149,17.19755055832862,0.16143497757847536,8.874226804123712
2363,45089,SC,Williamsburg County,0,31279.0,68.48364717542121,46.12902141392409,16.06648199445983,0.09142287234042554,4.55922075796022
2364,45091,SC,York County,0,276569.0,30.8646305261978,23.92750066135622,8.390517112379486,0.850145444308905,4.943325813908152
2365,46003,SD,Aurora County,0,2649.0,10.11702529256323,23.627684964200476,9.965034965034965,2.292263610315186,0.34153005464480873
2366,46005,SD,Beadle County,0,18959.0,25.639537950313834,32.48073630136986,14.227152158186641,5.763423920178548,2.2950819672131146
2367,46007,SD,Bennett County,0,3411.0,67.69275872178247,57.75913720790893,11.751283513976041,1.3118062563067607,10.596026490066226
2368,46009,SD,Bon Homme County,0,7020.0,14.273504273504273,35.1268115942029,11.374314800313234,0.16359918200409,2.9585798816568047
2369,46011,SD,Brookings County,0,34315.0,11.11467288357861,28.977217329129967,3.75556279170737,1.2468827930174564,4.085770771024484
2370,46013,SD,Brown County,0,38471.0,14.522627433651323,25.06742863246722,6.791124470988411,2.7160493827160495,2.9734104046242775
2371,46015,SD,Brule County,0,5247.0,17.61006289308176,37.055238844112445,11.967779056386652,0.4522613065326633,3.423160961398398
2372,46017,SD,Buffalo County,0,1974.0,86.01823708206688,67.91006642820643,18.81881881881882,0.9671179883945842,18.91891891891892
2373,46019,SD,Butte County,0,10167.0,10.66194550998328,34.68468468468468,8.689438330713163,0.07513148009015778,9.26517571884984
2374,46021,SD,Campbell County,0,1548.0,5.361757105943153,31.841763942931255,12.699905926622765,0.3058103975535168,3.6989795918367347
2375,46023,SD,Charles Mix County,0,9346.0,39.450032099293814,43.978768107928786,11.769849597761455,1.4531936465021968,8.448687350835323
2376,46025,SD,Clark County,0,3791.0,6.858348720654181,31.652736586681048,6.146380913869794,0.43383947939262474,5.501432664756447
2377,46027,SD,Clay County,0,14816.0,14.079373650107991,40.08697052665486,5.115961800818554,0.18789928598271327,6.470039636278853
2378,46029,SD,Codington County,0,28289.0,9.074198451695006,29.264447708788648,8.42170929507174,0.40123714787260717,1.5060625398851308
2379,46031,SD,Corson County,0,3965.0,73.0390920554855,61.678924676642154,14.013921113689095,0.46728971962616817,25.191326530612244
2380,46033,SD,Custer County,0,8360.0,11.566985645933014,26.728560957732718,7.05581465322702,0.027578599007170437,4.300791556728232
2381,46035,SD,Davison County,0,19944.0,10.348977135980746,32.614413466596524,10.118471052827658,1.013553329404832,1.685714285714286
2382,46037,SD,Day County,0,5487.0,14.835064698377984,35.02698678578076,8.036856923470694,0.60790273556231,2.1765913757700206
2383,46039,SD,Deuel County,0,4283.0,4.2260098062106,24.734481944772245,8.423180592991914,0.6131549609810479,1.78491744756805
2384,46041,SD,Dewey County,0,5343.0,81.73310874040801,55.36220919235861,16.59765355417529,0.12121212121212122,18.846636021730045
2385,46043,SD,Douglas County,0,2838.0,6.3072586328400275,23.905109489051096,9.931686810299526,0.18365472910927455,0.7768361581920904
2386,46045,SD,Edmunds County,0,4005.0,5.218476903870163,21.018780550553124,7.398051245037893,0.6715916722632639,2.218782249742002
2387,46047,SD,Fall River County,0,6979.0,16.0481444332999,39.95868378338498,6.574523720582742,1.4607812003810734,3.1219512195121952
2388,46049,SD,Faulk County,0,2157.0,3.7552155771905427,29.61026615969582,8.418194161575016,0.0,3.1031031031031033
2389,46051,SD,Grant County,0,7550.0,7.81456953642384,23.048078210794163,8.025988916491496,4.54096742349457,2.4584057611124908
2390,46053,SD,Gregory County,0,4004.0,13.136863136863136,38.655886811520965,9.618155619596541,0.12763241863433314,3.5940803382663846
2391,46055,SD,Haakon County,0,1868.0,5.8886509635974305,37.09765411893072,4.253673627223511,0.9831460674157303,0.9569377990430622
2392,46057,SD,Hamlin County,0,6127.0,7.6383221805124855,27.957711025339822,7.838807617996135,2.1153846153846154,2.528658125421443
2393,46059,SD,Hand County,0,3061.0,7.089186540346291,25.880398671096344,7.142857142857142,0.6627393225331369,0.31746031746031744
2395,46063,SD,Harding County,0,1179.0,10.941475826972011,23.711340206185564,5.231866825208085,0.0,2.9197080291970803
2396,46065,SD,Hughes County,0,17829.0,19.328061024174097,22.28475631660879,3.7136356248984237,0.20026702269692925,0.9069568928723858
2397,46067,SD,Hutchinson County,0,7412.0,8.594171613599569,26.804979253112034,9.566968781470292,0.10302197802197803,1.7428043306047005
2398,46069,SD,Hyde County,0,1381.0,8.399710354815351,21.61961367013373,8.622398414271556,0.0,0.9395973154362416
2399,46071,SD,Jackson County,0,2868.0,64.7489539748954,64.7715005397625,13.749277874061235,0.2770083102493075,9.29451287793953
2400,46073,SD,Jerauld County,0,1811.0,11.651021535063501,19.222096956031567,7.982261640798225,0.0,0.0
2402,46077,SD,Kingsbury County,0,5131.0,5.612940947183785,21.53328050713154,7.951329937747595,0.5524861878453038,0.7855459544383346
2403,46079,SD,Lake County,0,11358.0,7.448494453248812,26.517454177028643,8.725779545746184,0.17319766183156526,2.3817084788821847
2404,46081,SD,Lawrence County,0,25687.0,9.98948884649823,30.416868637905964,5.623852700673082,0.0,2.5773195876288657
2405,46083,SD,Lincoln County,0,63233.0,8.42598010532475,14.789948206407058,4.139803189684424,0.6189570775516808,1.497760358342665
2406,46085,SD,Lyman County,0,3746.0,46.12920448478377,47.74993263271355,8.885017421602788,0.24691358024691357,5.904059040590406
2407,46087,SD,McCook County,0,5676.0,6.976744186046512,20.401519262072707,8.742579600647598,1.5165441176470589,2.86484664644422
2408,46089,SD,McPherson County,0,2245.0,4.0534521158129175,31.09360518999073,13.873873873873874,0.0,2.2492970946579196
2410,46093,SD,Meade County,0,29561.0,13.362200196204457,25.788394005771703,4.506513914938917,0.34955633234740524,3.527131782945737
2411,46095,SD,Mellette County,0,1916.0,64.97912317327767,66.2330623306233,18.907563025210084,0.0,14.113597246127366
2412,46097,SD,Miner County,0,2293.0,6.80331443523768,28.603302097278,10.893512851897185,0.0,2.276707530647986
2413,46099,SD,Minnehaha County,0,194884.0,19.1724307793354,25.401316518773854,6.845228799000469,1.4743967794046,2.5172918031022076
2414,46101,SD,Moody County,0,6335.0,24.719810576164168,24.582530507386,5.963085660198769,0.6871463217461601,1.845585973546601
2416,46103,SD,Pennington County,0,108707.0,21.75572870192352,28.380026663893116,5.551981127017318,0.7363134331750107,2.9435048578625405
2417,46105,SD,Perkins County,0,2977.0,6.0799462546187435,31.109598366235534,8.17490494296578,0.0,1.9018404907975461
2418,46107,SD,Potter County,0,2613.0,8.878683505549176,28.00632911392405,5.978260869565218,1.0309278350515463,1.5833333333333335
2419,46109,SD,Roberts County,0,10254.0,45.48468890189194,43.013644059356636,10.150260656240418,0.2741228070175438,5.026624068157615
2420,46111,SD,Sanborn County,0,2371.0,5.651623787431464,23.133362106171774,8.253358925143955,0.78125,1.7037037037037037
2421,46115,SD,Spink County,0,6408.0,8.146067415730338,24.570337364735835,9.79036574487065,1.0980073200488003,1.8158236057068744
2422,46117,SD,Stanley County,0,2963.0,13.196085048936887,14.217848659653887,6.300331596399811,0.32025620496397117,0.2321532211259431
2423,46119,SD,Sully County,0,1279.0,5.863956215793588,16.57501963864886,3.3932135728542914,2.249134948096886,0.28530670470756064
2424,46121,SD,Todd County,0,9434.0,93.00402798388807,77.98036465638148,21.294092187838128,1.5761094981335544,15.135834411384216
2425,46123,SD,Tripp County,0,5615.0,20.56990204808549,40.33488372093023,12.021577189827896,1.6658733936220846,4.933857704683589
2426,46125,SD,Turner County,0,8621.0,5.069017515369446,26.09828300769686,8.454024924216908,1.0383616959907702,2.6175687666370897
2427,46127,SD,Union County,0,16424.0,9.626156843643448,19.67011324470704,5.574354407836153,0.9211873080859775,3.2784986098239113
2428,46129,SD,Walworth County,0,5355.0,21.568627450980394,30.005682894487588,10.045056983832493,0.9523809523809524,5.20431765612953
2429,46135,SD,Yankton County,0,23213.0,12.59208202300435,24.15359207266722,8.493133737473709,0.5798902350626489,1.8267767005848892
2430,46137,SD,Ziebach County,0,2479.0,77.12787414279951,63.24302466639708,10.828877005347595,0.0,32.416666666666664
2431,47001,TN,Anderson County,0,76683.0,11.877469582567192,34.485929005436525,10.138282520139562,0.8846414619184451,5.220082133148245
2432,47003,TN,Bedford County,0,49754.0,24.150822044458735,37.51272549578532,16.219493709261787,1.4130920464700625,5.185621685327048
2433,47005,TN,Benton County,0,15872.0,8.335433467741936,42.83080053411331,15.242675994752952,0.0,5.435831457060148
2434,47007,TN,Bledsoe County,0,14863.0,12.689228285003026,44.94257950530035,23.444976076555022,0.3468679861252806,7.386918320859095
2435,47009,TN,Blount County,0,134042.0,9.76559585801465,26.788947731284708,10.226624487890888,0.6553680952289966,4.50798131935789
2436,47011,TN,Bradley County,0,107845.0,15.608512216607167,33.755047622701596,12.586550317746372,1.2308293445345315,5.706633704161517
2437,47013,TN,Campbell County,0,39388.0,3.9707525134558748,43.04737582738312,19.931017491993103,0.44461382113821135,10.54532535970158
2438,47015,TN,Cannon County,0,14309.0,6.646166748200432,32.08507030311595,15.478515625,0.8287779932992418,3.5063330244053135
2439,47017,TN,Carroll County,0,28370.0,15.777229467747619,36.57425958981458,11.942512274959082,0.30032763014197306,4.289721168124072
2440,47019,TN,Carter County,0,56314.0,5.796072024718542,41.348302259990476,13.207861425716189,0.39070794581050666,6.965052115266708
2441,47021,TN,Cheatham County,0,40878.0,8.990165859386467,26.249412695665075,12.718826914410512,1.0282441754522973,4.375204067353888
2442,47023,TN,Chester County,0,17278.0,15.383724968167611,37.24948168624741,15.339754351860032,0.6385068762278978,7.232130318775452
2443,47025,TN,Claiborne County,0,31958.0,5.1286062957631895,44.902506963788305,17.97184817187432,0.1789709172259508,6.6481005427020845
2444,47027,TN,Clay County,0,7568.0,5.681818181818182,47.52104770813845,17.87508973438622,0.8072653884964682,4.094202898550725
2445,47029,TN,Cocke County,0,35896.0,7.254290171606864,46.42594374327919,16.197426541194545,0.383569286561127,7.758509955041746
2446,47031,TN,Coffee County,0,57227.0,12.62690687961976,35.72375749217631,12.210228732973528,0.5219253245304902,4.1790279456469985
2447,47033,TN,Crockett County,0,14012.0,27.412218098772478,39.779885598436024,15.834476934445266,0.5383330239465379,3.873075128324778
2448,47035,TN,Cumberland County,0,60568.0,5.991612732796196,38.27323463556462,11.421795839172146,0.12819062700297854,5.982905982905983
2449,47037,TN,Davidson County,0,708490.0,44.31777442165733,31.21132643149545,9.88732514482851,4.69544917800714,4.766756616125558
2450,47039,TN,Decatur County,0,11460.0,8.429319371727749,43.605012887743314,15.592240028919147,0.1142857142857143,10.601001669449083
2451,47041,TN,DeKalb County,0,19875.0,12.613836477987423,46.076820375885795,19.45774647887324,1.5829490215630064,4.711300035423308
2452,47043,TN,Dickson County,0,54000.0,11.05,28.74637206254096,12.816620055932882,0.12205665463052434,4.530315646052531
2453,47045,TN,Dyer County,0,36975.0,20.95740365111562,38.67084432717678,12.143801851629194,0.9141141960570299,5.794066317626527
2454,47047,TN,Fayette County,0,41584.0,32.92853020392459,28.2192716977448,10.666021609417836,0.4833040421792618,5.96700416302616
2455,47049,TN,Fentress County,0,18385.0,4.106608648354637,44.601226993865026,19.748503901219607,0.25527341125890096,7.346938775510205
2456,47051,TN,Franklin County,0,42528.0,12.16375094055681,36.99735911106682,11.346444780635402,0.5769113985546851,3.741584005756283
2457,47053,TN,Gibson County,0,50278.0,23.879231473010066,38.29990643179691,12.899083639759528,0.41160732661041366,5.111921812367698
2458,47055,TN,Giles County,0,30197.0,16.985130973275492,34.022376859053075,12.414117647058823,0.6669591926283458,5.250699375941468
2459,47057,TN,Grainger County,0,23377.0,6.463618086153057,39.88018274286699,20.068428504011326,1.3271968318527239,5.884074941451991
2460,47059,TN,Greene County,0,69926.0,7.536538626548066,39.231812286286996,14.92248444751654,0.4659967962720256,5.356733571264857
2461,47061,TN,Grundy County,0,13471.0,11.320614653700542,40.81170790585396,21.848386079276626,0.0,7.820627802690582
2462,47063,TN,Hamblen County,0,64184.0,19.129378038140345,40.99527198051483,15.207780725022104,2.496832985983409,7.252235277996642
2463,47065,TN,Hamilton County,0,363790.0,29.70202589405976,29.373853159051265,9.523660844960483,1.708056627707419,4.618979535221186
2464,47067,TN,Hancock County,0,6695.0,3.2710978342046304,54.97284716834756,18.705784436121515,0.24544179523141654,8.755573571139037
2465,47069,TN,Hardeman County,0,25612.0,46.17757301265032,46.076440177252586,17.85733600129793,0.022079929344226097,12.247838616714697
2466,47071,TN,Hardin County,0,26722.0,8.565975600628697,43.66970378559719,15.62890462307372,0.0,4.09144516011975
2467,47073,TN,Hawkins County,0,56803.0,5.4504163512490535,39.76295607715547,13.41360218563381,0.29415638582780873,8.46774193548387
2468,47075,TN,Haywood County,0,17912.0,56.52635104957571,46.79635808403552,17.244693632358832,0.6602978364709188,8.03671090164951
2469,47077,TN,Henderson County,0,27800.0,13.316546762589928,40.28716216216216,13.268642000934047,0.7946040838954079,5.719647519582245
2470,47079,TN,Henry County,0,32298.0,13.424979874914856,41.432805700952265,14.242450093840642,0.10820837842015767,4.69089779434607
2471,47081,TN,Hickman County,0,24848.0,10.198003863490019,37.733472330814,18.0628860190904,0.08012820512820512,3.6253494874184526
2472,47083,TN,Houston County,0,8238.0,8.691429958727847,40.648974971701676,15.69468267581475,0.0,5.635036496350365
2473,47085,TN,Humphreys County,0,18956.0,8.6410635155096,36.429852693373924,13.663618647878877,0.0,9.927755767886273
2474,47087,TN,Jackson County,0,11626.0,5.952176156889729,40.62911870661629,18.62677670793214,0.0,8.245787908820615
2475,47089,TN,Jefferson County,0,54358.0,8.876338349460982,34.77838517361574,13.622546241434385,1.0480434889073902,6.013518763110869
2476,47091,TN,Johnson County,0,17912.0,8.71482804823582,46.31318890155834,18.958318071936123,0.9185012392477038,4.6190102120974075
2477,47093,TN,Knox County,0,475286.0,18.565663621482646,29.877788646754894,7.86500652021266,1.288545739469067,4.074674146978454
2478,47095,TN,Lake County,0,7187.0,33.26840128008905,49.95621716287215,26.309020760609958,0.0,7.62448132780083
2479,47097,TN,Lauderdale County,0,25406.0,40.5101157206959,46.06121644699391,20.403471463877235,0.7655293088363955,6.737405995673225
2480,47099,TN,Lawrence County,0,43967.0,7.405554165624219,42.053744574752976,13.903255247946456,0.25480798398349813,7.86069136824674
2481,47101,TN,Lewis County,0,12485.0,7.62515018021626,45.59568556953751,16.63001967364888,0.0,5.363833563399724
2482,47103,TN,Lincoln County,0,35042.0,14.308544032874837,30.578464397723316,14.298520842671447,0.3278221208665907,4.904550366190419
2483,47105,TN,Loudon County,0,54349.0,13.367311266076653,28.21711466043371,12.671710133386421,1.7797348745470392,3.308984951901968
2484,47107,TN,McMinn County,0,53065.0,12.158673325167248,40.1538401771493,14.017468415288869,0.6048291830080802,5.526959750232048
2485,47109,TN,McNairy County,0,25916.0,10.638215774039203,42.686848090345855,14.816631246253612,0.010185373803218578,6.000194495769717
2486,47111,TN,Macon County,0,24954.0,8.976516790895248,39.95033179986158,20.192655027092112,1.6835743578674727,5.086192182966377
2487,47113,TN,Madison County,0,98373.0,45.16991450906245,36.61611354358356,10.522637496201764,1.1989973901134396,7.044081354778317
2488,47115,TN,Marion County,0,28679.0,8.717179817985285,34.898261975413305,18.517434772006826,0.05973715651135006,5.546530517521467
2489,47117,TN,Marshall County,0,33909.0,15.526851278421658,37.326289882042204,12.180451127819548,0.5110866488441579,5.9338932866034195
2490,47119,TN,Maury County,0,99011.0,21.582450434800172,26.466646889736793,8.894223774188854,0.8175023357209592,2.9043614316448267
2491,47121,TN,Meigs County,0,12622.0,9.1031532245286,36.077989042861745,16.789189189189187,0.6044063170208618,8.599738268835297
2492,47123,TN,Monroe County,0,46041.0,10.573184770096217,37.83311293901428,15.306957708049113,0.5653063421987725,6.215961457896942
2493,47125,TN,Montgomery County,0,216172.0,38.28849249671558,30.987686417243744,6.426784969927946,1.2612961528530855,5.799554748494455
2494,47127,TN,Moore County,0,6481.0,7.375405030087949,31.250978550180054,13.252756573367261,1.3333333333333335,4.002646377770427
2495,47129,TN,Morgan County,0,21158.0,8.928065034502316,42.29476195640386,18.818636688543766,0.19690576652601968,8.640081799591002
2496,47131,TN,Obion County,0,30722.0,19.56252848121867,41.38570576935815,16.98932680312341,0.31135238703496726,4.94078325946378
2497,47133,TN,Overton County,0,22364.0,4.314970488284743,42.006170039016425,18.64278027473571,0.0,3.520195340319463
2498,47135,TN,Perry County,0,8313.0,9.009984361842898,38.70136246471094,22.32034632034632,0.19659239842726078,9.090909090909092
2499,47137,TN,Pickett County,0,5021.0,3.8637721569408487,41.63471241170535,20.779562812746903,0.0,4.921700223713646
2500,47139,TN,Polk County,0,17502.0,8.15906753513884,34.083751312259416,17.68770867303362,1.8983728232943191,6.576812679395981
2501,47141,TN,Putnam County,0,78955.0,12.47039452852891,39.588743441623826,11.124146966230617,0.6795478032129771,4.894344313238036
2502,47143,TN,Rhea County,0,32723.0,11.548452159031873,43.689076158732156,16.877580326691795,1.458137347130762,8.412550925595024
2503,47145,TN,Roane County,0,53313.0,7.731697709751844,32.4270443714519,9.333367168269596,0.2801635052588068,5.328640419088155
2504,47147,TN,Robertson County,0,72309.0,18.093183421150894,28.13642411933609,12.14911838790932,1.273741332529394,4.916648507300065
2505,47149,TN,Rutherford County,0,335595.0,31.394687048376763,25.18087182035217,7.662927274953611,2.7144718591063848,3.9569836884817744
2506,47151,TN,Scott County,0,21855.0,3.0702356440173872,53.15569340664504,20.09546860293129,0.0,9.906396255850234
2507,47153,TN,Sequatchie County,0,15727.0,6.987982450562727,43.88526390593708,17.92436388985709,1.5854074326628025,4.476943739740337
2508,47155,TN,Sevier County,0,98088.0,11.129801810619036,36.287988047188705,13.431413001721612,2.102289703126273,4.4190261891368205
2509,47157,TN,Shelby County,0,929178.0,65.11701740678319,38.49562664316083,10.724622023166427,1.7393216363718371,7.633783958882217
2510,47159,TN,Smith County,0,19820.0,9.3087790110999,35.05911129229515,12.807347411050044,0.628930817610063,4.508923911908987
2511,47161,TN,Stewart County,0,13569.0,9.359569607192867,30.139359698681734,13.22690992018244,0.8446277745040267,4.561287112290596
2512,47163,TN,Sullivan County,0,157843.0,7.1190993582230435,35.69837939423584,11.674819271892991,0.21036926519955237,6.717582554172939
2513,47165,TN,Sumner County,0,193036.0,18.04689280755921,23.421092600254532,9.317920119211578,1.0655579724111348,3.6865905441218483
2514,47167,TN,Tipton County,0,60868.0,25.197147926660975,30.56496138513119,11.182553846906094,0.21957913998170175,5.171094728056754
2515,47169,TN,Trousdale County,0,11463.0,17.700427462269914,26.268817204301076,14.20854271356784,1.58256195879367,2.997275204359673
2516,47171,TN,Unicoi County,0,17891.0,8.171706444581075,38.85995535969782,13.791053648387578,0.0,5.208964264082374
2517,47173,TN,Union County,0,19597.0,4.398632443741389,40.49407012274069,20.8480820631366,0.0,5.822873082287308
2518,47175,TN,Van Buren County,0,6083.0,4.652309715600855,43.80345463692772,19.085841694537347,1.6998341625207296,3.8611544461778475
2519,47177,TN,Warren County,0,40801.0,15.55844219504424,42.30731004323411,16.787590693019766,1.1462951234958834,3.525175990112311
2520,47179,TN,Washington County,0,132067.0,12.308146622547646,33.998994437985104,9.351886399051862,0.8085517090670697,5.104010624990348
2521,47181,TN,Wayne County,0,16350.0,10.776758409785932,38.950160547256736,17.516129032258064,0.6877093986951155,5.585189833699404
2522,47183,TN,Weakley County,0,32948.0,13.852130630083767,41.9369590070227,12.812120078556063,1.0746991599182623,3.814056141802883
2523,47185,TN,White County,0,27134.0,7.075993218839832,42.97956739764987,18.51504738102676,0.0,5.80166011358672
2524,47187,TN,Williamson County,0,242386.0,16.765407242992584,11.769385345238343,4.2232353721221,1.22727432570243,2.287538027371847
2525,47189,TN,Wilson County,0,144748.0,17.13046121535358,20.443322109988777,7.010427570657862,1.0173074382349057,3.783604381015599
2526,48001,TX,Anderson County,0,58133.0,42.70207971375983,41.0657546337158,17.940339907383464,1.8267888571948776,4.024184755674496
2527,48003,TX,Andrews County,0,18184.0,61.04267487901451,31.319712865819987,23.935589519650655,8.494331789877057,2.9193148766562533
2528,48005,TX,Angelina County,0,86584.0,40.26840986787397,42.605696616519,16.196039673855495,2.2150171744085263,6.280242190864642
2529,48007,TX,Aransas County,0,24149.0,33.748809474512406,42.56276546532655,11.29111438389789,3.8461538461538463,8.154247840931914
2530,48009,TX,Archer County,0,8616.0,12.337511606313836,28.479607339020685,9.342847660139396,1.9282112132898248,3.2444959443800694
2531,48011,TX,Armstrong County,0,1980.0,11.818181818181818,21.02803738317757,7.892720306513409,0.0,1.0250569476082005
2532,48013,TX,Atascosa County,0,48684.0,68.14148385506532,36.967022856067416,19.33331184112963,6.830618277879112,6.315201192250372
2533,48015,TX,Austin County,0,30132.0,39.34023629364131,29.682736440081747,12.78640776699029,1.6552656025673507,5.493347385061257
2534,48017,TX,Bailey County,0,6968.0,68.32663605051664,29.330185895544407,28.10623556581986,10.040983606557377,2.3187459177008494
2535,48019,TX,Bandera County,0,20839.0,24.818849272997745,27.536302742873907,9.282753422936816,2.8032923774305143,6.710226094171334
2536,48021,TX,Bastrop County,0,94887.0,50.712953302349106,30.301100798618606,15.641174012280192,2.3024527517508235,4.027829435316253
2537,48023,TX,Baylor County,0,3491.0,24.83529074763678,40.820543093270366,16.041918581217253,0.5301524188204109,3.5137034434293746
2538,48025,TX,Bee County,0,31191.0,69.63547177070308,43.025038323965255,20.96033011347651,4.589855243026951,7.284526094506901
2539,48027,TX,Bell County,0,364703.0,56.02860409703238,35.85397727272727,8.897628229068705,2.6386154164400146,7.686241391943667
2540,48029,TX,Bexar County,0,1990522.0,73.46273992450222,34.88085317409598,14.628098591934766,6.345903916198593,5.609206583366328
2541,48031,TX,Blanco County,0,11313.0,25.280650578979934,23.065863959025968,9.847961299239806,1.0317961676142346,4.25232823756809
2543,48035,TX,Bosque County,0,18275.0,23.9671682626539,33.33333333333333,10.47931613494123,1.847378144095495,3.8343746171750586
2544,48037,TX,Bowie County,0,92957.0,37.37319405746743,35.69048246166531,10.246760670731707,0.7621457787717387,4.143345386101342
2545,48039,TX,Brazoria County,0,368575.0,55.25659635081055,21.272278769816214,11.190595942255493,3.3857938270412924,5.063670911394093
2546,48041,TX,Brazos County,0,231095.0,45.505095307124776,41.331901281407504,11.282642273494833,4.86804500938692,4.385836090498363
2547,48043,TX,Brewster County,0,9501.0,50.37364487948637,31.393469123827998,12.011173184357542,5.886102847428814,3.3595284872298627
2548,48045,TX,Briscoe County,0,1266.0,45.7345971563981,57.16560509554141,14.803312629399587,0.8976660682226212,1.839464882943144
2549,48047,TX,Brooks County,0,7100.0,92.91549295774648,56.87663637763746,31.462333825701627,7.587628865979382,1.6528925619834711
2550,48049,TX,Brown County,0,38085.0,29.696730996455294,36.88069867076788,13.058082047024191,1.9384342365708827,5.229606228139456
2551,48051,TX,Burleson County,0,17687.0,36.343076836094305,26.73998968894999,17.197554697554697,2.9674003900808024,5.542438175717659
2552,48053,TX,Burnet County,0,48424.0,27.635056996530643,29.078925202156334,11.402777378453752,1.3823086784460177,3.658914728682171
2553,48055,TX,Caldwell County,0,45286.0,62.127368281588126,37.54932454389304,19.939669197396963,6.454767726161369,2.3811814508370213
2554,48057,TX,Calhoun County,0,20367.0,59.20361368881033,34.157504601761104,16.9955255629722,7.38255033557047,4.1051065939514135
2555,48059,TX,Callahan County,0,13781.0,15.57216457441405,30.48289001245695,10.432022932022932,0.6670478368591576,4.504222708789491
2556,48061,TX,Cameron County,0,420554.0,91.48884566547935,52.90600723959816,30.542135475540142,15.748673383065444,5.954300769982057
2557,48063,TX,Camp County,0,12498.0,45.95135221635462,41.5533199195171,12.617564431415659,1.8015963511972635,8.155834698707446
2558,48065,TX,Carson County,0,5856.0,15.163934426229508,21.228762656598594,7.480802576170424,0.0,2.1592442645074224
2559,48067,TX,Cass County,0,28692.0,24.289000418235048,41.280875088214536,13.068862275449103,0.3517720517104916,8.760358532048029
2560,48069,TX,Castro County,0,7450.0,69.28859060402685,43.92093149201192,23.62998684787374,9.267687215556474,4.058839553255244
2561,48071,TX,Chambers County,0,45257.0,35.117219435667415,23.982979102615516,10.581101920650497,2.0462931902046293,8.428123600537393
2562,48073,TX,Cherokee County,0,50564.0,40.90459615536746,40.11640167011092,19.543439985428936,4.193033621306333,6.601711892187215
2563,48075,TX,Childress County,0,6784.0,46.12323113207547,34.7326049453709,17.137137137137138,1.4492753623188406,7.218479307025986
2564,48077,TX,Clay County,0,10236.0,11.70379054318093,26.1049315877547,7.977513050461786,0.0,1.7919670442842432
2565,48079,TX,Cochran County,0,2553.0,66.00078339208774,53.46534653465347,32.62285375962108,9.044193216855087,8.445945945945946
2566,48081,TX,Coke County,0,3288.0,26.186131386861316,35.123183828174355,16.245644599303137,2.9624277456647397,2.8368794326241136
2567,48083,TX,Coleman County,0,7848.0,24.184505606523953,37.8047207532568,14.221685916221341,0.7759155803848541,6.55829596412556
2568,48085,TX,Collin County,0,1039812.0,45.927629225283034,16.756337930073826,6.1024873706438925,4.6561457114376115,4.251959314169308
2569,48087,TX,Collingsworth County,0,2948.0,42.5033921302578,48.389331485971596,25.439063331559343,6.552706552706552,4.637096774193548
2570,48089,TX,Colorado County,0,20559.0,45.32321610973296,36.187624750499005,15.635763490241104,2.8146878125446495,4.4794056593466625
2571,48091,TX,Comal County,0,156257.0,34.406138604990495,19.241054456179242,6.183444944560325,1.8381262970649275,3.5539538064923453
2572,48093,TX,Comanche County,0,13540.0,31.994091580502214,33.25344517675254,14.455277660025434,2.783184118333982,7.479950647748304
2573,48095,TX,Concho County,0,3181.0,38.57277585664885,34.5758354755784,24.700239808153476,4.732254047322541,1.2834224598930482
2574,48097,TX,Cooke County,0,41215.0,26.318088074730074,29.47664519949663,12.105958373496128,3.1913572581646594,3.7843042850264803
2575,48099,TX,Coryell County,0,81692.0,43.34084120844146,34.00961348921136,10.842606699967213,1.8285046338816064,6.079930432262039
2576,48101,TX,Cottle County,0,1560.0,37.371794871794876,55.19230769230769,14.610069101678183,0.764525993883792,3.7711313394018204
2577,48103,TX,Crane County,0,4654.0,70.62741727546197,34.65585269618588,24.47988904299584,11.833952912019827,3.4564393939393936
2578,48105,TX,Crockett County,0,2939.0,62.09595100374277,21.016246111303147,20.33213644524237,0.0,1.5693659761456373
2579,48107,TX,Crosby County,0,5265.0,61.86134852801519,45.86306653809065,22.84057971014493,6.049638055842813,4.725670804965959
2580,48109,TX,Culberson County,0,2209.0,88.00362154821187,56.78620063549705,36.28028814669286,24.76340694006309,12.5
2581,48111,TX,Dallam County,0,7135.0,48.08689558514366,42.1127562642369,29.63982564808442,14.152936206168146,2.5223759153783565
2582,48113,TX,Dallas County,0,2604722.0,72.07705851142656,35.77165207008533,19.277010052123224,9.277057291831653,5.150820851991259
2583,48115,TX,Dawson County,0,12371.0,68.91924662517177,49.305423406279736,29.15436930578725,6.6207878500237305,8.168474792597321
2584,48117,TX,Deaf Smith County,0,18675.0,76.8942436412316,43.65170068027211,25.762835739082767,10.982849604221636,3.6173089925625423
2585,48119,TX,Delta County,0,5251.0,21.138830698914493,30.877260484801848,12.6507713884993,0.3889158969372873,4.224757076468103
2586,48121,TX,Denton County,0,885012.0,43.05862519378268,17.513194197987385,6.740225923081246,3.3187430587312994,4.109755417685427
2587,48123,TX,DeWitt County,0,19834.0,46.48583240899465,36.69352597943873,16.866346222828035,2.5113464447806355,6.278481012658228
2588,48125,TX,Dickens County,0,1569.0,36.77501593371574,42.10526315789473,16.225448334756617,1.1023622047244095,8.881578947368421
2589,48127,TX,Dimmit County,0,8840.0,90.20361990950227,64.99484713156991,31.418735278130093,11.233631977946244,5.9493206022769005
2590,48129,TX,Donley County,0,3266.0,21.004286589099816,31.959798994974875,14.028436018957347,0.0,0.06925207756232687
2591,48131,TX,Duval County,0,10001.0,90.38096190380962,45.499840983780345,27.632608355499922,6.439127375087966,10.27992277992278
2592,48133,TX,Eastland County,0,17785.0,21.94545965701434,41.67603716636089,14.992986219985147,1.6275944452740034,5.458660631074424
2593,48135,TX,Ector County,0,161258.0,69.98908581279689,33.49370720492148,23.67253873063468,9.085209847676172,6.149729245294927
2594,48137,TX,Edwards County,0,1366.0,45.68081991215227,46.85418208734271,21.61572052401747,9.31899641577061,0.0
2595,48139,TX,Ellis County,0,187984.0,42.051983147501915,20.997979103065745,12.57189946435929,2.612106908209479,3.9920588626572107
2596,48141,TX,El Paso County,0,860485.0,88.53820810356949,44.79081611551937,20.244163019044265,21.685994461910017,6.768432152663512
2597,48143,TX,Erath County,0,42288.0,26.477960650775636,36.291482712436135,12.364103181289366,2.271204609406405,5.5605808140918835
2598,48145,TX,Falls County,0,17074.0,49.73644137284761,42.757131640931696,20.49979175343607,1.6977302085255583,8.071462753230179
2599,48147,TX,Fannin County,0,35453.0,22.40148929568725,34.94739432720113,14.121326330139128,0.9623095429029671,4.837257172262961
2600,48149,TX,Fayette County,0,24445.0,29.764778073225607,24.250353019353767,11.509065550906556,0.481651376146789,3.4887924801156904
2601,48151,TX,Fisher County,0,3720.0,33.79032258064516,32.599238716693854,13.605182926829269,3.0658838878016956,3.7863070539419086
2602,48153,TX,Floyd County,0,5478.0,64.07447973713035,40.65893613105098,26.336522228474955,5.4910242872228086,4.473902236951118
2603,48155,TX,Foard County,0,1087.0,32.198712051517944,50.43062200956938,24.271844660194176,5.7324840764331215,10.097087378640776
2604,48157,TX,Fort Bend County,0,806497.0,68.86733614632169,19.996875488204967,8.987356410454089,5.579569751375884,5.462368853000389
2605,48159,TX,Franklin County,0,10413.0,22.75040814366657,26.40722049689441,9.706293706293707,1.3818386914833616,6.6451221975358505
2606,48161,TX,Freestone County,0,19478.0,35.30136564328987,35.921685747469716,17.367392720167885,1.2334399269072636,2.7139594249630523
2607,48163,TX,Frio County,0,18428.0,84.75146516171044,37.28429013406669,34.457023060796644,10.392609699769054,5.1183893378704095
2608,48165,TX,Gaines County,0,21167.0,45.55203855057401,33.649603871151385,38.443976115209,12.88560885608856,3.288422014158484
2609,48167,TX,Galveston County,0,347084.0,44.04005946687257,25.63111465640617,10.141358947237698,2.777588207193066,5.719525375399544
2610,48169,TX,Garza County,0,5734.0,61.545169166376,26.341577228184786,33.793264733395695,4.9853372434017595,6.920600858369099
2611,48171,TX,Gillespie County,0,26730.0,26.63299663299663,29.257592375477476,10.412291933418693,2.14190093708166,4.722921914357682
2612,48173,TX,Glasscock County,0,1221.0,48.56674856674857,29.64782964782965,24.548736462093864,9.409190371991247,0.0
2613,48175,TX,Goliad County,0,7085.0,42.83697953422724,34.609341522639625,16.275862068965516,4.455260202171472,3.758169934640523
2614,48177,TX,Gonzales County,0,19720.0,59.57910750507099,40.46982625681094,23.541829554339326,9.498399146211312,0.7918292403029609
2615,48179,TX,Gray County,0,21398.0,38.643798485839795,37.42832496067387,18.976757369614514,4.1872858774267225,4.964539007092199
2616,48181,TX,Grayson County,0,134205.0,25.9722066987072,30.922001974633556,9.655347747269753,1.7365398561376688,3.9384988260243885
2617,48183,TX,Gregg County,0,123744.0,43.811417119213864,38.35455582667788,14.134928863184982,2.169160200625884,3.729022114365793
2618,48185,TX,Grimes County,0,28878.0,42.05969942516795,33.76214752270193,18.334579905260533,2.597951209208998,4.931554931554931
2619,48187,TX,Guadalupe County,0,169477.0,51.101919434495535,24.72729007747407,10.712344149651983,2.54282243022639,4.428712943052502
2620,48189,TX,Hale County,0,32879.0,67.67845737400773,44.779266275260305,24.75908080059303,6.088527551942186,4.5208319400789145
2621,48191,TX,Hall County,0,2875.0,45.18260869565218,49.85875706214689,17.41093828399398,3.4452296819787986,9.737827715355806
2622,48193,TX,Hamilton County,0,8211.0,16.636219705273415,43.33001493280239,13.083289311498502,0.2061855670103093,3.7371910789632303
2623,48195,TX,Hansford County,0,5332.0,50.22505626406601,40.95220030349014,27.26991970352069,12.074829931972788,11.34575569358178
2624,48197,TX,Hardeman County,0,3567.0,33.02495093916457,31.033487297921482,14.52853095912586,7.037643207855974,2.5223331581713087
2625,48199,TX,Hardin County,0,56124.0,14.8706435749412,30.19211361014994,11.548590992889123,0.7584597432905484,4.248671022196972
2626,48201,TX,Harris County,0,4697957.0,71.74022665596982,35.1814021459724,18.131704964297768,11.449240670652992,6.484632731478336
2627,48203,TX,Harrison County,0,68674.0,37.54550484899671,36.73389876225013,11.939350117224304,1.017465809853353,6.616676857722139
2628,48205,TX,Hartley County,0,5465.0,41.500457456541625,18.300492610837438,14.010853478046373,1.3497652582159625,0.7619047619047619
2629,48207,TX,Haskell County,0,5420.0,36.27306273062731,41.375268607149835,21.134155946442636,5.22167487684729,6.798986486486487
2630,48209,TX,Hays County,0,234573.0,48.41222135539896,29.478951137117427,9.534400740917446,3.4630964156186708,5.609040772737416
2631,48211,TX,Hemphill County,0,3450.0,38.173913043478265,29.918032786885245,14.498466929478756,4.686373467916366,6.246351430239346
2632,48213,TX,Henderson County,0,81717.0,23.583832005580234,40.136079853452465,15.158970804816772,1.666293536316244,6.277643451082149
2633,48215,TX,Hidalgo County,0,865677.0,94.28551295691118,54.4103765870253,32.678021769279944,19.629162101652934,7.767535846758568
2634,48217,TX,Hill County,0,35686.0,30.53858656055596,33.072023517883395,14.557455007584144,1.9627386337499042,5.480917845678278
2635,48219,TX,Hockley County,0,21670.0,55.01615136132902,40.269546931753005,23.452600516414606,5.015752993068683,5.817750074205995
2636,48221,TX,Hood County,0,60521.0,16.98418730688521,21.514183982213602,8.076870469156066,1.115933044017359,6.20951691695314
2637,48223,TX,Hopkins County,0,36666.0,27.796869033982436,33.41462738685807,13.825896122896856,1.4113196566273825,4.516525234479678
2638,48225,TX,Houston County,0,22288.0,39.19597989949749,47.4985593797475,20.42602681030789,1.9991840065279476,4.45859872611465
2639,48227,TX,Howard County,0,34620.0,53.41998844598498,35.45971749934606,19.455121436114045,2.0311722765710494,5.3836800864631185
2640,48229,TX,Hudspeth County,0,3322.0,81.15593016255268,59.23890063424947,50.32651284283849,36.24856156501726,7.450980392156863
2641,48231,TX,Hunt County,0,98783.0,30.165109381168826,34.12055757096972,12.69904336929613,2.2905246671887234,5.4208213621767785
2642,48233,TX,Hutchinson County,0,20801.0,30.92639776933801,30.118967018086856,13.736263736263737,1.7729981107397181,7.3403822692151275
2643,48235,TX,Irion County,0,1555.0,31.897106109324756,27.331189710610932,11.318989710009355,0.5908419497784343,6.881405563689605
2644,48237,TX,Jack County,0,8494.0,23.64021662349894,36.3942372424936,18.371932250259245,3.1228551818805768,6.565349544072949
2645,48239,TX,Jackson County,0,14971.0,42.30846302852181,31.267893660531698,19.425183398653402,3.0067895247332688,4.291647438855561
2646,48241,TX,Jasper County,0,33369.0,26.09907399082981,42.99873405996233,15.522776572668112,0.6653099561678146,13.717821078082777
2647,48243,TX,Jeff Davis County,0,2021.0,25.680356259277588,50.45685279187817,13.389941214892229,12.871287128712872,0.0
2648,48245,TX,Jefferson County,0,256755.0,60.9164378493116,37.875490130923104,15.134558081696817,4.779463294196289,5.603174176675534
2649,48247,TX,Jim Hogg County,0,4864.0,93.33881578947368,52.732240437158474,27.165817326538612,9.838369641602249,4.298740772904907
2650,48249,TX,Jim Wells County,0,39203.0,82.42226360227534,47.43897094836697,21.057261676263593,7.9859758472925595,4.347022966566098
2651,48251,TX,Johnson County,0,177022.0,30.34255629243823,29.220394717931324,13.684621051263163,3.2340146105228595,3.285905104826065
2652,48253,TX,Jones County,0,19721.0,43.64890218548755,36.191849434620934,19.296682204551686,3.9537292817679557,5.810092961487383
2653,48255,TX,Karnes County,0,14823.0,65.53329285569723,36.89286645234164,24.911137440758292,7.5378018505980595,3.3413848631239937
2654,48257,TX,Kaufman County,0,140145.0,41.29794141781726,28.21345808156282,13.59742920804828,2.1520275390244428,4.866951217794306
2655,48259,TX,Kendall County,0,43842.0,29.195748369143743,18.38849651479481,6.7425395354992395,1.654264805362524,4.222729177336003
2658,48265,TX,Kerr County,0,52411.0,32.92629409856709,30.544961270789916,9.825012461631292,1.0942221408295945,3.667562538763697
2659,48267,TX,Kimble County,0,4295.0,27.357392316647267,33.82768361581921,14.32129514321295,2.7824151363383414,2.0708697653014267
2662,48273,TX,Kleberg County,0,31015.0,80.16766080928583,43.90494452814683,19.387463573510086,4.342936240159183,5.366803722138065
2663,48275,TX,Knox County,0,3384.0,43.67612293144208,40.604026845637584,18.99782135076253,9.59232613908873,3.604193971166448
2664,48277,TX,Lamar County,0,49932.0,27.116878955379313,38.512842344259965,12.55117557609077,1.0235825388861013,3.3244399271587683
2665,48279,TX,Lamb County,0,13147.0,61.86202175401232,45.03244746600742,23.73085734957193,3.496959165942658,3.0924191553277964
2666,48281,TX,Lampasas County,0,21443.0,28.993144615958588,29.008746355685133,8.60553587826315,0.718970736629667,6.655537006121313
2667,48283,TX,La Salle County,0,6956.0,87.83783783783784,45.465077788811655,31.175320443189225,6.638115631691649,1.4902560183416125
2668,48285,TX,Lavaca County,0,20287.0,27.579237935623794,29.90240466847772,13.683230703136188,1.9845232151772343,3.1625091326583865
2669,48287,TX,Lee County,0,17393.0,37.86580808371184,33.67592646972455,12.89300511820619,4.342875731945348,2.783882783882784
2670,48289,TX,Leon County,0,15877.0,24.63311708761101,37.004934834872834,16.61447615639259,2.8520208604954367,6.291339793877865
2671,48291,TX,Liberty County,0,89948.0,40.92253301907769,39.872708205258014,21.943617336189032,4.619329673504768,8.092452723039354
2672,48293,TX,Limestone County,0,22252.0,43.56911738270718,42.37280252999721,15.5011655011655,4.098666998878784,4.325728484300881
2673,48295,TX,Lipscomb County,0,3138.0,40.12109623964308,29.924861156484813,14.127569847127042,5.594405594405594,5.870841487279844
2674,48297,TX,Live Oak County,0,11378.0,43.900509755668836,40.186540968809545,23.315613796513784,4.66683951257454,3.612073231073726
2675,48299,TX,Llano County,0,21246.0,15.13226019015344,27.72869763465375,10.859458815115032,0.35791757049891537,4.185727355901189
2677,48303,TX,Lubbock County,0,308580.0,47.902002722146605,37.567076235029056,12.128167713234852,2.686514355034371,4.423641472111277
2678,48305,TX,Lynn County,0,5587.0,50.134240200465364,39.37579386681183,20.953956437827408,3.4695817490494294,3.2535527299925207
2679,48307,TX,McCulloch County,0,7676.0,37.87128712871287,35.12358049432198,19.500091894872266,1.561504142766093,7.66531713900135
2680,48309,TX,McLennan County,0,258031.0,45.13953749743248,39.45729591158083,13.600330305532617,6.236065991464425,4.696339937855615
2682,48313,TX,Madison County,0,13579.0,46.056410634067305,33.680092469102874,21.71868319794784,3.0614805520702637,7.287201469687692
2683,48315,TX,Marion County,0,9748.0,29.636848584324987,45.574075991303445,12.990851513019,1.5609514370664024,11.667951683371884
2684,48317,TX,Martin County,0,5213.0,49.51083828889315,33.172147001934235,19.253246753246753,6.209850107066381,5.734323432343234
2685,48319,TX,Mason County,0,3948.0,21.757852077001015,22.715736040609137,17.62114537444934,4.966442953020135,3.4897025171624714
2686,48321,TX,Matagorda County,0,36323.0,57.6108801585772,42.59717855254737,18.619299571680525,6.912173023527693,6.303030303030304
2687,48323,TX,Maverick County,0,57769.0,97.41383787152279,52.48254056495605,36.446586637565176,26.749576031656304,7.0044145469833925
2688,48325,TX,Medina County,0,50458.0,58.165206706567844,28.238078432186676,14.177527298344488,3.2925738144944825,3.0257520208489774
2689,48327,TX,Menard County,0,1981.0,41.4437152953054,32.92244478685157,17.911434236615996,9.734513274336283,8.58050847457627
2690,48329,TX,Midland County,0,166964.0,56.62118780096308,22.748301461772293,15.483386593770454,4.727112398828457,3.2696177062374243
2691,48331,TX,Milam County,0,24895.0,38.7427194215706,36.57269119031057,13.934037252343101,4.5277207392197125,6.328665130296046
2692,48333,TX,Mills County,0,4520.0,27.942477876106192,30.93706936150666,14.678086237448317,0.7669616519174041,2.4281466798810705
2693,48335,TX,Mitchell County,0,8903.0,48.85993485342019,30.318257956448914,17.751923437793206,9.565987599645705,1.994134897360704
2694,48337,TX,Montague County,0,19850.0,14.92191435768262,32.406696360006144,13.520864648199844,1.2125079770261646,6.971375807940905
2695,48339,TX,Montgomery County,0,607999.0,36.34496109368601,22.31215383266877,10.401894224074441,3.1853047665260723,4.568569715892997
2696,48341,TX,Moore County,0,21494.0,68.86107751000279,37.99212598425197,32.8922193877551,17.23487596111998,2.030104971281442
2697,48343,TX,Morris County,0,11988.0,36.9703036369703,39.13672739656053,10.06572541382668,0.0,5.709935287400076
2698,48345,TX,Motley County,0,1269.0,20.803782505910164,43.498817966903076,13.413304252998909,1.5283842794759825,3.6163522012578615
2699,48347,TX,Nacogdoches County,0,64822.0,41.323933232544505,44.26882117781436,14.671024659863946,2.526986227718268,7.440583216188826
2700,48349,TX,Navarro County,0,51908.0,46.156661786237194,39.33514193599119,19.821614389772556,5.113055334621066,5.086091608157807
2701,48351,TX,Newton County,0,12532.0,27.042770507500798,46.07295963762841,17.929780706737873,0.0,10.371932515337424
2702,48353,TX,Nolan County,0,14727.0,46.49283628709174,45.453918322295806,17.671232876712327,4.956741167988464,7.950609847914471
2703,48355,TX,Nueces County,0,353594.0,71.56258307550468,36.39858936119123,15.892978264720242,4.323616619815934,5.97938630906377
2704,48357,TX,Ochiltree County,0,10063.0,58.402066978038356,42.985971943887776,23.34494773519164,8.210818307905686,1.924985116094463
2705,48359,TX,Oldham County,0,2251.0,29.808973789426922,31.260410882842866,12.566641279512567,1.0802469135802468,1.5182186234817814
2706,48361,TX,Orange County,0,85045.0,20.692574519372098,28.10303614113953,11.043408021352812,0.8682595639117379,5.372496396799364
2707,48363,TX,Palo Pinto County,0,28303.0,26.42829382044306,35.732932804062514,13.138045050630295,2.667822402003275,6.882716049382716
2708,48365,TX,Panola County,0,22583.0,27.303724040207232,36.087270756165864,17.325247782994264,1.1116540434888835,2.8008930383600568
2709,48367,TX,Parker County,0,144803.0,18.224760536729214,21.091270814214962,10.335658328049254,1.7573551116796222,4.3234397292080455
2710,48369,TX,Parmer County,0,9874.0,67.33846465464856,35.29291483488396,26.70737586373132,10.245901639344263,2.2235948116121063
2711,48371,TX,Pecos County,0,15202.0,75.83870543349559,42.925733756679314,25.029585798816566,8.088088088088089,1.317089232795522
2712,48373,TX,Polk County,0,49372.0,29.044802722190717,40.03876053393724,19.616031390134527,1.421188630490956,9.458987783595113
2713,48375,TX,Potter County,0,119043.0,57.15329754794486,47.689154264325815,23.50863266521135,6.737350068440712,3.582791800844598
2714,48377,TX,Presidio County,0,6328.0,84.3236409608091,67.21492962201486,47.911001236093945,28.610478359908885,7.839056538328131
2715,48379,TX,Rains County,0,12013.0,16.015982685424124,29.96980372420735,13.642473118279568,3.4023991275899674,3.8678182500938787
2716,48381,TX,Randall County,0,139176.0,30.791946887394378,24.199316945898012,6.281218373543143,1.9016152716593244,3.1564309918861633
2717,48383,TX,Reagan County,0,3363.0,74.45732976509069,40.623127621330134,14.83402489626556,7.483629560336763,6.359781950333132
2718,48385,TX,Real County,0,2852.0,24.544179523141654,48.892226811866315,10.752145381120647,1.4557670772676372,1.4130434782608696
2719,48387,TX,Red River County,0,11685.0,26.82071031236628,43.93294536610788,12.2339806954297,1.0673055979089523,4.3049139017219655
2720,48389,TX,Reeves County,0,14584.0,77.43417443773998,37.92873546188606,29.52018121911038,16.756756756756758,6.521739130434782
2721,48391,TX,Refugio County,0,6822.0,59.55731457050718,41.27602216564325,18.772486772486772,3.015075376884422,5.598866052445074
2722,48393,TX,Roberts County,0,724.0,17.67955801104972,24.929577464788732,6.428571428571428,0.0,0.0
2723,48395,TX,Robertson County,0,16839.0,43.92184809074173,38.273977538886555,15.059767908559463,2.266244057052298,9.44257891202149
2724,48397,TX,Rockwall County,0,105227.0,31.72284679787507,12.297223578052773,6.438262339517058,1.554331721226692,3.6129263270969476
2725,48399,TX,Runnels County,0,9887.0,39.708708404976235,38.682784493538975,16.803398769411075,1.3347570742124935,1.9715224534501645
2726,48401,TX,Rusk County,0,52542.0,37.44052377145902,33.29028495250792,15.458910382725985,2.8262347077480743,6.0831434590086415
2727,48403,TX,Sabine County,0,9974.0,15.71084820533387,41.888055161224905,13.624373516222633,0.06949270326615706,10.223924572775486
2728,48405,TX,San Augustine County,0,7964.0,30.926670015067803,46.435029708085764,18.924508790072387,0.3157562361856647,11.36438718202841
2729,48407,TX,San Jacinto County,0,27380.0,26.417092768444117,39.68393972804116,15.509103169251517,2.380700454978309,7.724848261909141
2730,48409,TX,San Patricio County,0,68600.0,62.79737609329447,38.0002069567017,18.245471382752857,2.3227486559139785,4.308419808222777
2731,48411,TX,San Saba County,0,5775.0,36.883116883116884,37.20703125,18.356510745891278,3.520408163265306,3.3738191632928474
2732,48413,TX,Schleicher County,0,2547.0,57.008244994110726,25.206124852767964,15.075669383003493,2.2650056625141564,16.389132340052587
2733,48415,TX,Scurry County,0,16985.0,48.819546658816606,33.84697485157761,18.986535662299854,1.8583626318432949,2.912904165452957
2734,48417,TX,Shackelford County,0,3145.0,15.230524642289348,25.024092515258594,9.437470943747094,0.0,7.202039515615041
2735,48419,TX,Shelby County,0,24254.0,39.02861383689288,44.92603058510639,19.33645688236039,2.9781973477185884,5.9672762271414825
2736,48421,TX,Sherman County,0,2357.0,48.40899448451421,39.422662645411464,28.39974699557242,8.518518518518519,1.8356643356643356
2737,48423,TX,Smith County,0,231429.0,41.09078810347882,31.899781247509146,12.363076558706851,3.639849097410816,4.889788813697803
2738,48425,TX,Somervell County,0,9170.0,22.32279171210469,22.01763196071867,10.693776191215273,0.37186241090796407,5.394285714285714
2739,48427,TX,Starr County,0,65568.0,96.77739141044412,60.59841938558996,41.245509638851566,29.29189741383945,12.103042416167
2740,48429,TX,Stephens County,0,9142.0,30.1903303434697,35.050956143364246,15.145693243675954,1.536189069423929,6.520090978013647
2741,48431,TX,Sterling County,0,1391.0,39.89935298346513,35.488611315209404,7.577639751552795,1.5113350125944585,0.0
2742,48433,TX,Stonewall County,0,1358.0,26.4359351988218,36.98940998487141,15.538847117794486,2.9661016949152543,2.1052631578947367
2743,48435,TX,Sutton County,0,3417.0,71.49546385718466,35.432607416127134,23.076923076923077,9.697508896797153,4.081632653061225
2744,48437,TX,Swisher County,0,7055.0,56.00283486888732,56.12642067569672,27.117913343392974,7.105369398465886,6.213872832369942
2745,48439,TX,Tarrant County,0,2091953.0,55.18580006338575,28.48935367715378,13.348500790425494,5.699752907526858,5.050819266247246
2746,48441,TX,Taylor County,0,141739.0,38.0184705691447,35.94349841209022,10.644971574201136,2.4544021616752985,2.7542620270901446
2747,48443,TX,Terrell County,0,979.0,58.22267620020429,35.648621041879466,13.580246913580247,1.643192488262911,0.0
2748,48445,TX,Terry County,0,11937.0,59.06844265728407,47.24861086216168,27.027393544887442,9.701126898579128,7.950664136622391
2749,48447,TX,Throckmorton County,0,1426.0,16.40953716690042,35.34361851332398,8.955223880597014,1.9417475728155338,5.937921727395412
2750,48449,TX,Titus County,0,31327.0,56.440131515944714,45.9235627739108,20.822017965322747,6.9269757837431944,4.997902977771564
2751,48451,TX,Tom Green County,0,119048.0,48.44600497278408,30.07852267596781,12.564293847422356,3.197661445084125,3.7417987971569167
2752,48453,TX,Travis County,0,1267795.0,51.918094013622074,24.372583841991116,9.365507854590824,5.221623913174532,4.299931819121867
2753,48455,TX,Trinity County,0,13695.0,22.65790434465133,40.19245003700963,16.099226674701214,3.4019391052900154,8.404503105590063
2754,48457,TX,Tyler County,0,20032.0,21.615415335463258,37.040368829416394,18.5963687150838,0.9348659003831419,16.19891008174387
2755,48459,TX,Upshur County,0,40781.0,20.293764252960937,36.783293188646915,14.444962185024554,0.7683863885839737,4.786076867295142
2756,48461,TX,Upton County,0,3340.0,61.07784431137725,34.756097560975604,23.94429469901168,7.59493670886076,5.193075898801598
2757,48463,TX,Uvalde County,0,24918.0,74.9739144393611,46.64203612479474,25.222880197826512,9.454589139836617,5.04746257758306
2758,48465,TX,Val Verde County,0,47767.0,85.61559235455441,43.953117838356945,29.0902153931532,12.987736900780378,4.380288700846193
2759,48467,TX,Van Zandt County,0,58782.0,17.30801946173999,34.68435783145019,13.869130551685366,1.2654782963668527,3.6906991260923845
2760,48469,TX,Victoria County,0,91280.0,56.797765118317265,34.87637086506891,16.363392647699474,2.375873052982261,4.615454607493005
2761,48471,TX,Walker County,0,76506.0,44.11549420960448,43.73367282827949,14.144194831812884,1.9301934398654332,4.600200736032118
2762,48473,TX,Waller County,0,55505.0,57.663273578956854,29.64217289493546,12.48157405627123,6.270970727756565,4.556088207094919
2763,48475,TX,Ward County,0,11375.0,61.75824175824176,34.44454295593581,21.283167204829425,5.559432426145616,5.743740795287187
2764,48477,TX,Washington County,0,35561.0,37.25148336660949,27.590519294902332,10.874774055235612,2.279591543218755,4.812958862603426
2765,48479,TX,Webb County,0,266963.0,96.6560909189663,47.966713234820865,31.179040469930218,25.65381132966788,5.780138187068165
2766,48481,TX,Wharton County,0,41602.0,56.64150761982597,38.09558679945323,19.47242743078875,3.67553865652725,6.002728512960437
2767,48483,TX,Wheeler County,0,5091.0,30.936947554507952,38.89882727092029,18.64904552129222,4.289405684754522,3.8415841584158414
2768,48485,TX,Wichita County,0,129419.0,36.012486574614236,37.09720372836218,11.909098585093423,2.8563718265418387,4.681325362245415
2769,48487,TX,Wilbarger County,0,12887.0,43.71847598354932,45.458956732713304,21.439211642030482,3.270824247710423,8.681875792141952
2770,48489,TX,Willacy County,0,20423.0,89.72237183567546,55.62581656650117,31.461799137399876,13.179448994787787,7.935785039280428
2771,48491,TX,Williamson County,0,591759.0,42.873027702155774,16.787347885467508,5.993944590728698,2.9947653595371477,4.5241853210497105
2772,48493,TX,Wilson County,0,49374.0,44.58216875278487,26.642335766423358,10.66575277148647,2.4839223553011975,3.889263441766391
2773,48495,TX,Winkler County,0,7629.0,66.7715296893433,31.869444075892268,28.272138228941685,5.986044803525523,2.153040442246145
2774,48497,TX,Wise County,0,67877.0,24.79632276028699,27.492202495201536,14.121945349931087,2.822717983651226,4.619091859249797
2775,48499,TX,Wood County,0,44615.0,18.605850050431467,32.85308630481333,13.846772696330218,0.8246132848043677,4.575455867546705
2776,48501,TX,Yoakum County,0,7707.0,71.1950175165434,27.14415466459063,27.09443615433809,13.087248322147651,3.5735037768739106
2777,48503,TX,Young County,0,17894.0,23.046831340114004,32.892270997785225,13.248551191242756,3.833175867188555,3.2760338814150476
2778,48505,TX,Zapata County,0,13945.0,96.58659017569022,59.984117816921746,31.755298895798962,26.74259681093394,8.317686819376643
2779,48507,TX,Zavala County,0,9900.0,94.58585858585859,54.1025379675874,24.42631310555839,13.376546847377726,3.6658932714617167
2780,49001,UT,Beaver County,0,6962.0,15.972421717897156,23.24793875147232,9.26517571884984,0.940733772342427,5.124835742444152
2781,49003,UT,Box Elder County,0,56891.0,13.492468052943348,26.15264852623757,6.27930983630733,1.055292953721007,2.6585402333233623
2782,49005,UT,Cache County,0,131703.0,16.82725526373735,34.73395237428647,5.837091277105564,1.7020960309201725,2.5540097953787444
2783,49007,UT,Carbon County,0,20208.0,17.68111638954869,37.96431264136718,8.523290386521309,0.5668642102550888,6.778318433857644
2785,49011,UT,Davis County,0,358831.0,17.46560358497454,17.230764909915603,4.316243565884865,1.0555146088681426,2.4414868694080636
2786,49013,UT,Duchesne County,0,19651.0,15.525927433718387,33.63716401677974,10.23384243679351,1.799775028121485,5.272088231729487
2787,49015,UT,Emery County,0,9839.0,9.523325541213538,31.912927405277745,5.751570807153214,1.0724637681159421,4.216269841269842
2788,49017,UT,Garfield County,0,5061.0,11.914641375222288,40.16427104722793,4.821327283040272,1.7004936917169502,4.874835309617918
2789,49019,UT,Grand County,0,9630.0,18.826583592938732,43.35459583812611,6.238480079398837,3.4418169047061573,1.207860104561024
2790,49021,UT,Iron County,0,55839.0,15.091602643313811,38.587792475706195,6.667304686253868,0.8626522327469555,4.1669829222011385
2791,49023,UT,Juab County,0,11648.0,9.306318681318682,28.303524917520402,7.480916030534352,0.7142857142857143,2.3542600896860986
2792,49025,UT,Kane County,0,7635.0,9.88867059593975,31.48573746113289,7.304875870691195,0.36593479707252163,3.4854771784232366
2793,49027,UT,Millard County,0,12860.0,17.115085536547433,26.678208861257573,10.267229254571026,1.4272121788772598,3.110720562390158
2794,49029,UT,Morgan County,0,12162.0,6.60253247821082,11.89731775547145,2.163355408388521,0.0,1.2902019446522064
2795,49031,UT,Piute County,0,1809.0,6.0254284134881155,53.142536475869804,10.802223987291502,0.0,5.623100303951368
2796,49033,UT,Rich County,0,2507.0,11.727163940965298,29.696243005595523,3.1628532974428,1.059001512859304,3.0752916224814424
2797,49035,UT,Salt Lake County,0,1173331.0,30.19889528189403,23.034236113569506,8.199408368809333,3.124499479458637,3.8613560826010134
2798,49037,UT,San Juan County,0,14610.0,56.57768651608487,44.05403513683768,13.449564134495642,8.337088778729157,11.090696509103056
2799,49039,UT,Sanpete County,0,28458.0,14.32637571157495,36.02469998834906,9.008168028004668,0.5805852299117511,3.860594188703885
2800,49041,UT,Sevier County,0,21471.0,8.509151879279027,33.64083640836408,7.640017733116595,0.7586206896551724,5.415760588174382
2801,49043,UT,Summit County,0,42156.0,16.019072018218047,13.812562502976334,4.96399086597576,1.1651205936920224,1.8847053818336523
2802,49045,UT,Tooele County,0,71340.0,18.885618166526495,22.003600640743944,7.62513159153986,1.2320232351150044,4.061858491857123
2803,49047,UT,Uintah County,0,35488.0,19.454463480613164,36.50051328846812,12.41939336040124,1.8972120780261867,6.270385409039473
2804,49049,UT,Utah County,0,648265.0,18.738478862810734,25.770386405010807,4.874927104754305,1.5056832434903311,3.56710815125212
2805,49051,UT,Wasatch County,0,34028.0,17.10356177265781,16.293062765455403,3.942059981529189,1.5506061460389062,2.308487423911795
2806,49053,UT,Washington County,0,176533.0,16.833679821902987,27.35929643919806,6.307141681037845,1.5461817944832754,3.1769261652830485
2807,49055,UT,Wayne County,0,2500.0,7.960000000000001,33.211826650465774,8.314479638009049,0.2843601895734597,0.5208333333333333
2808,49057,UT,Weber County,0,259390.0,24.575349859285247,25.47537710390441,8.180795708759224,1.3120430058540808,3.3965085417367575
2809,50001,VT,Addison County,0,37306.0,8.095212566343216,19.261947265224897,5.676133302547526,0.13132430190765826,4.052963789094015
2810,50003,VT,Bennington County,0,37235.0,6.918222102860212,27.371998440024512,5.993453478309943,0.35140908151312616,4.389478242043732
2811,50005,VT,Caledonia County,0,30402.0,6.239721070982172,32.40172302682902,7.140889052167523,0.2155688622754491,3.5586734693877555
2812,50007,VT,Chittenden County,0,167523.0,12.460378574882256,22.481778633350007,4.986687774339785,1.3060194288733014,3.7741626012941154
2813,50009,VT,Essex County,0,5972.0,5.7267247153382455,37.353237168735326,10.247970155804257,0.622938805423232,5.47945205479452
2814,50011,VT,Franklin County,0,49752.0,6.803746583051938,25.22972068398953,8.290333677330581,0.4771142452681802,3.6477272727272725
2815,50013,VT,Grand Isle County,0,7249.0,8.304593737067181,16.955256960797893,5.184373859072655,0.23931623931623933,4.075235109717868
2816,50015,VT,Lamoille County,0,25920.0,6.30787037037037,27.058171306379442,6.630106937208664,0.13850415512465375,3.91644908616188
2817,50017,VT,Orange County,0,29286.0,5.354094106398962,26.666899149114244,6.41849710982659,0.20996527497375433,3.082212807760791
2818,50019,VT,Orleans County,0,27317.0,5.68876523776403,31.084611016467917,8.780609695152423,0.6438525313106368,5.940235872946965
2819,50021,VT,Rutland County,0,60662.0,5.797698724077676,27.620280768706557,6.272704709041268,0.25202016161292906,4.33753438679547
2820,50023,VT,Washington County,0,59609.0,6.6734889026824815,24.920496243229078,5.393937973229565,0.9587460715280265,3.122116271916333
2821,50025,VT,Windham County,0,45811.0,7.860557508022091,30.81247733043163,6.32114598346913,0.4348965155881583,4.661120626376316
2822,50027,VT,Windsor County,0,57593.0,6.099699616272811,25.28008737316798,5.83808068176555,0.1067148251518634,3.59448554135844
2823,51001,VA,Accomack County,0,33388.0,40.301904876003356,40.579841586552995,17.72385005729252,2.112775579423403,3.879975834060549
2824,51003,VA,Albemarle County,0,111438.0,23.614027531003785,17.262687606374747,6.680372698638622,1.5116333070171364,3.3238651399940013
2825,51005,VA,Alleghany County,0,15266.0,8.771125376654004,31.10697179350718,10.696473102956894,0.0,3.245467012037178
2826,51007,VA,Amelia County,0,13220.0,26.67927382753404,30.178911305671868,14.544885830466061,1.4258188824662814,4.33170152796321
2827,51009,VA,Amherst County,0,31381.0,25.751250756827382,30.266684096999803,12.34066951881092,0.15153932046578403,5.047955577990914
2828,51011,VA,Appomattox County,0,16039.0,23.4927364548912,31.159964925466614,11.107196335770281,0.09697753353806368,3.714577482767424
2829,51013,VA,Arlington County,0,235764.0,39.79954530801989,14.018329842549146,5.10730529119134,4.780512745599299,2.910370139721617
2830,51015,VA,Augusta County,0,76948.0,10.387534438841815,24.91600959890298,10.556811758055398,0.4518072289156626,3.0481705712029483
2831,51017,VA,Bath County,0,4243.0,4.8079189252887105,48.09672013406751,14.847030593881225,0.6582556226001097,1.7316017316017316
2832,51019,VA,Bedford County,0,79183.0,13.244004394882742,24.186520575869537,7.668893063382731,0.6910657287179646,3.1333906832460054
2833,51021,VA,Bland County,0,6278.0,6.482956355527238,33.74905517762661,11.093084567024944,0.0,3.969270166453265
2834,51023,VA,Botetourt County,0,33542.0,8.210601633772583,19.208171382084426,6.188358932902183,0.2064851636586112,3.0534351145038165
2835,51025,VA,Brunswick County,0,16044.0,59.33682373472949,41.49368397724754,21.59177135148807,0.6435224386113463,6.885919835560124
2836,51027,VA,Buchanan County,0,20615.0,5.573611447974776,48.858054388008306,26.278591621691085,0.17473118279569894,5.837219798405296
2837,51029,VA,Buckingham County,0,16832.0,38.80703422053232,38.515472257803545,19.1710255190997,0.4367575122292104,7.018561484918793
2838,51031,VA,Campbell County,0,55656.0,21.735302572948108,30.34687340758535,10.567119531347375,1.6409656970732365,4.403414294611129
2839,51033,VA,Caroline County,0,30861.0,36.93334629467613,23.48937352410057,11.3346905923015,0.7090909090909091,4.140759359703664
2840,51035,VA,Carroll County,0,29123.0,6.228753905847611,37.28415527006493,18.44522645217312,0.9318050630823782,5.059162621359223
2841,51036,VA,Charles City County,0,6817.0,56.85785536159601,32.6764705882353,17.10870377288009,0.06821282401091405,3.3539276257722856
2842,51037,VA,Charlotte County,0,11605.0,31.960361912968548,39.03211614606247,15.510053948013732,0.23881893182805036,4.113215231113826
2843,51041,VA,Chesterfield County,0,359798.0,39.978543516084024,18.116978560688402,7.428481959283233,2.4255805100875527,4.719793167666322
2844,51043,VA,Clarke County,0,14726.0,14.980306940105937,16.085071236836672,8.321710832171084,1.7392832044975406,3.7208074943924
2845,51045,VA,Craig County,0,4914.0,3.8461538461538463,36.07277289836888,11.376564277588168,0.1545595054095827,1.3565891472868217
2846,51047,VA,Culpeper County,0,52021.0,31.46037177293785,23.020411404971806,11.124439493902265,1.0004521817770744,4.162929745889387
2847,51049,VA,Cumberland County,0,9669.0,36.51877133105802,26.062674526838347,11.967349197565024,0.4761904761904762,2.7302441838108056
2848,51051,VA,Dickenson County,0,14256.0,2.595398428731762,47.72084933690847,20.024651559685218,0.0,4.561717352415027
2849,51053,VA,Dinwiddie County,0,28040.0,37.799572039942944,30.07386175724837,11.299491875031444,0.1460849240358395,6.168091168091168
2850,51057,VA,Essex County,0,10621.0,45.937294040109215,37.116826421182495,15.342537119041417,0.6280530355896721,8.623816240177312
2851,51059,VA,Fairfax County,0,1146825.0,50.68157739846969,14.325179319719277,6.635226279967818,6.549001279751781,4.16694157233475
2852,51061,VA,Fauquier County,0,72416.0,21.350254087494477,13.306132644989383,7.160434547746234,2.2927135678391957,2.8891494073205677
2853,51063,VA,Floyd County,0,15536.0,7.144696189495366,33.72160745486313,9.800378592324902,0.0,3.3620908398883533
2854,51065,VA,Fluvanna County,0,27078.0,23.147942979540588,14.562460864120224,6.513793621388874,1.1123359054013429,2.834575920868089
2855,51067,VA,Franklin County,0,54829.0,13.082492841379562,31.857191252305494,10.868094701240135,0.29955067398901647,2.857026077004823
2856,51069,VA,Frederick County,0,90287.0,18.16983618904161,19.43958363909367,11.648330592236574,1.9069156250954986,3.7259457326962697
2857,51071,VA,Giles County,0,16764.0,5.631114292531615,29.39331805572307,10.09099106484138,0.24912075029308325,2.0476068594829795
2858,51073,VA,Gloucester County,0,38586.0,16.433421448193645,22.015013828526275,10.566599340916339,0.07391479639833355,3.3490590491990253
2859,51075,VA,Goochland County,0,24300.0,22.666666666666664,12.778782399035563,5.992795546337736,0.5182991326422679,3.1486681984511953
2860,51077,VA,Grayson County,0,15418.0,10.896354909845634,38.73278236914601,17.336079642979747,1.161649214659686,4.6106870229007635
2861,51079,VA,Greene County,0,20374.0,19.69176401295769,21.348148148148148,11.618845200141694,0.7699455728129564,4.017938861431448
2862,51081,VA,Greensville County,0,11465.0,64.03837767117314,36.33980698200882,22.804628999319267,0.15708451146716934,8.872598584428717
2863,51083,VA,Halifax County,0,34228.0,40.41135912118733,39.59801696332577,17.271366743518183,0.1258699837109433,4.967320261437909
2864,51085,VA,Hanover County,0,109232.0,17.263256188662663,14.472348707061114,6.188040497785277,0.5829818903497892,3.1478918407993786
2865,51087,VA,Henrico County,0,331924.0,48.534303033224475,21.877818778187784,7.284484623037328,2.902653531121428,4.065779461436134
2866,51089,VA,Henry County,0,51077.0,30.8612487029387,44.493760324821366,19.13080642145471,1.1844414115812048,5.89874593590339
2867,51091,VA,Highland County,0,2229.0,7.671601615074024,31.76470588235294,7.879146919431279,0.0,16.118769883351007
2868,51093,VA,Isle of Wight County,0,38301.0,30.208088561656353,20.498149654864704,9.039280643634642,0.6904335125804952,5.647590361445784
2869,51095,VA,James City County,0,77733.0,25.718806684419743,16.131927013564656,4.419203123613453,1.4286674734435927,4.423544850589168
2870,51097,VA,King and Queen County,0,6690.0,33.99103139013453,27.305389221556887,11.736641221374047,0.0,3.236894872529361
2871,51099,VA,King George County,0,26597.0,28.62728879196902,19.554540262707025,7.71061129681038,0.8893594494441502,2.9108461932275285
2872,51101,VA,King William County,0,17511.0,22.819941750899435,21.4852738150023,7.418446762709058,0.43497825108744564,2.9783203536097664
2873,51103,VA,Lancaster County,0,10916.0,32.94246976914621,28.10901311505906,10.094383057090239,1.039060996728882,11.725218169612889
2874,51105,VA,Lee County,0,22482.0,7.116804554754914,50.67583703491426,20.201543991985385,0.0,9.396825396825397
2875,51107,VA,Loudoun County,0,413574.0,45.883445284278025,9.344435311683826,5.933944018830303,4.063674552288305,3.359460547329787
2876,51109,VA,Louisa County,0,37136.0,23.179663937957777,26.530005941770646,10.836312705023774,0.810315670800451,6.151761517615176
2877,51111,VA,Lunenburg County,0,11982.0,41.378734768819896,38.33770462150674,20.271202022523557,0.2555762081784387,4.760931753167143
2878,51113,VA,Madison County,0,13731.0,15.330274561211857,29.242569511025884,12.358764123587642,0.21256038647342995,5.026533018867925
2879,51115,VA,Mathews County,0,8548.0,15.383715489003274,17.141169521559362,7.363678732328724,0.028105677346824058,6.960110041265474
2880,51117,VA,Mecklenburg County,0,30347.0,39.69090849177843,39.46760046236486,13.534034900759293,0.450414855788226,3.4090909090909087
2881,51119,VA,Middlesex County,0,10686.0,22.197267452741904,26.572204968944103,12.052619104053093,0.0,6.154473201548808
2882,51121,VA,Montgomery County,0,99294.0,16.720043507160554,37.66853650648496,5.81352252872346,1.257985534573495,3.5509493267637935
2883,51125,VA,Nelson County,0,14795.0,18.992903007772895,26.291525423728814,15.505335844318896,0.5204098227354041,4.710500490677134
2884,51127,VA,New Kent County,0,22519.0,22.412185265775566,15.473631249142386,6.7204953861097625,0.16855285335901757,3.1013615733736764
2885,51131,VA,Northampton County,0,12226.0,45.084246687387534,31.998997158616078,14.134858651413488,0.20786092214663643,5.295354616708087
2886,51133,VA,Northumberland County,0,11965.0,31.725867112411198,29.010067114093957,9.594928548404427,0.0,7.329724853405503
2887,51135,VA,Nottoway County,0,15667.0,45.84157783876939,42.12451585138431,16.66075545309452,1.205500094179695,5.80226904376013
2888,51137,VA,Orange County,0,36001.0,22.932696313991276,21.264481772087358,10.378610460577674,0.48675733715103797,4.987684729064039
2889,51139,VA,Page County,0,23734.0,7.082666217241089,33.47349643221203,16.97950253339475,0.0,4.318676534610361
2890,51141,VA,Patrick County,0,17661.0,10.401449521544647,30.339032164589973,16.795580110497237,0.19399896533885153,2.8575025176233635
2891,51143,VA,Pittsylvania County,0,60833.0,26.20945868196538,37.395353528561344,15.945562549871442,0.9771722823662976,5.375297425913908
2892,51145,VA,Powhatan County,0,29979.0,14.66693352013076,11.243072050673,8.639021796916534,0.0,1.865572902884361
2893,51147,VA,Prince Edward County,0,21887.0,39.21505916754238,42.75490855709829,14.31300748288489,0.3655279066497962,4.486338145805989
2894,51149,VA,Prince George County,0,42170.0,45.859615840645006,23.394250293897617,11.273063996158857,0.48831252001280817,7.170742909633712
2895,51153,VA,Prince William County,0,477224.0,59.17682262417648,16.756762492969553,10.37427183197931,5.648955398437085,4.935227796119474
2896,51155,VA,Pulaski County,0,33893.0,9.7748797686838,29.583550393773173,10.582093653098873,0.5366726296958855,3.730867346938776
2897,51157,VA,Rappahannock County,0,7400.0,12.08108108108108,19.431601849333695,8.260637350899056,0.0,3.6885245901639343
2898,51159,VA,Richmond County,0,8902.0,39.76634464165356,33.42068965517242,22.181818181818183,0.5336179295624333,2.693498452012384
2899,51161,VA,Roanoke County,0,96303.0,15.06391285837409,20.878442393468102,6.493450534298518,0.785427379947297,2.9234648163197265
2900,51163,VA,Rockbridge County,0,22663.0,8.516083484093015,29.8001698779561,10.812400729454675,0.48645660585959094,5.2917620137299775
2901,51165,VA,Rockingham County,0,83090.0,12.549043206161992,24.378189168536004,13.799201568847177,1.285709705344833,3.1291348452842453
2902,51167,VA,Russell County,0,25932.0,3.7328397346907294,44.83189016303924,18.244191486043974,0.0,6.853484466834593
2903,51169,VA,Scott County,0,21576.0,3.5780496848350016,40.188133140376266,18.00211350780133,0.11611704598235022,4.039561487130601
2904,51171,VA,Shenandoah County,0,44037.0,13.57948997433976,30.33702709523482,11.011442517987891,1.4525075770572426,3.918943870014771
2905,51173,VA,Smyth County,0,29960.0,6.238317757009345,43.587906087906084,15.841042701544911,0.4838581740303006,3.848575476152999
2906,51175,VA,Southampton County,0,18028.0,39.18903927224318,24.326934685500422,14.496975128837105,0.19516589100735626,6.31755945231804
2907,51177,VA,Spotsylvania County,0,138493.0,33.99594203317135,18.82078590057464,8.419792498004789,2.1545970298681794,5.996068152031455
2908,51179,VA,Stafford County,0,154204.0,41.7025498690047,13.31413218126421,6.793772038838876,2.77547555034466,4.102368220015279
2909,51181,VA,Surry County,0,6563.0,46.77738838945604,32.31121281464531,14.626262626262626,0.03676470588235294,6.433607520564043
2910,51183,VA,Sussex County,0,10960.0,61.16788321167883,31.19957537154989,20.16476085085454,0.08205689277899343,5.7732388495206335
2911,51185,VA,Tazewell County,0,40615.0,6.418810784193033,42.36095113773068,15.173488750338846,0.13960276667301225,6.401328818756788
2912,51187,VA,Warren County,0,40442.0,14.705009643439986,26.14728662613215,11.6773276474769,0.6298899350218804,5.955322963609052
2913,51191,VA,Washington County,0,53997.0,5.076207937478008,31.516333868870017,12.109579480020939,0.09613183794918746,4.774110861903236
2914,51193,VA,Westmoreland County,0,18324.0,36.684130102597685,33.29286463219469,16.643591051519348,2.1592785469325544,11.525591770975337
2915,51195,VA,Wise County,0,36531.0,8.945826832005693,42.84902160253725,21.83719421440293,0.0213903743315508,10.620892182911481
2916,51197,VA,Wythe County,0,28347.0,6.50862525134935,34.00933813308622,11.146848447026066,0.7505154639175258,5.134874043248867
2917,51199,VA,York County,0,69635.0,30.939900911897755,14.199690059774186,4.758775648634899,1.3824884792626728,4.686404244290636
2918,51510,VA,Alexandria City,0,158185.0,48.48563390966273,20.60928353006518,6.850617664967845,5.48070704893296,3.236717385881766
2919,51520,VA,Bristol City,0,16996.0,12.208755001176748,41.83490622386812,13.21998047510576,1.279433782496257,3.686635944700461
2920,51530,VA,Buena Vista City,0,6649.0,12.663558429839073,44.482589504659146,20.151441133365903,0.0,1.294390972452705
2921,51540,VA,Charlottesville City,0,46597.0,34.57733330471919,38.42692543690203,7.617116068756857,1.8537696768848384,4.310512970548079
2922,51550,VA,Chesapeake City,0,247172.0,44.24247083002929,19.91779668710745,6.49939558688213,1.2145884826591211,5.0789519204632505
2923,51570,VA,Colonial Heights City,0,18127.0,29.6960335411265,26.152125279642057,8.420391171157018,1.1922304085733422,6.486721811057902
2924,51580,VA,Covington City,0,5716.0,19.48915325402379,43.13480741797432,11.015701668302256,0.15704750687082844,3.4266610948600085
2925,51590,VA,Danville City,0,42556.0,59.10564902716421,49.92096111286753,15.820774481313778,1.231845077998924,6.030847758544163
2926,51595,VA,Emporia City,0,5761.0,80.48949835098074,54.319441960293325,25.36534446764092,0.7142857142857143,15.909972836631741
2927,51600,VA,Fairfax City,0,23980.0,45.383653044203506,18.878189904572736,7.1904616325282795,6.985698569856985,3.6189924724956573
2928,51610,VA,Falls Church City,0,14494.0,29.35007589347316,5.789291882556132,2.6844262295081966,2.2735346358792183,5.127900059488399
2929,51620,VA,Franklin City,0,8249.0,62.44393259789065,47.0965355689804,16.24198301265384,0.0,8.473670141673349
2930,51630,VA,Fredericksburg City,0,28027.0,42.01662682413387,24.5426114151681,8.942945075757576,4.4740132166458295,4.980104451628948
2931,51640,VA,Galax City,0,6681.0,24.87651549169286,46.09884986011812,21.339187705817782,2.3741007194244603,5.142857142857142
2932,51650,VA,Hampton City,0,136748.0,63.12925966010472,30.93838202689307,7.437430447969626,0.7073324462497373,5.953106647437518
2933,51660,VA,Harrisonburg City,0,52062.0,35.67861396027813,48.739495798319325,16.634021395208677,6.408607180446732,5.3346524104866635
2934,51670,VA,Hopewell City,0,23020.0,55.8036490008688,48.22539654719131,14.793524942186984,0.9386125795662963,8.634044965048176
2935,51678,VA,Lexington City,0,7287.0,20.021956909564977,30.428736964078794,3.544542032622334,2.1945137157107233,3.4394438346139777
2936,51680,VA,Lynchburg City,0,78973.0,38.1307535486812,38.281374784010225,10.174089984173639,1.1437852033587892,6.050283448153138
2937,51683,VA,Manassas City,0,42596.0,61.07146210911822,18.582632657387126,14.159803496604537,8.811384751511577,4.954340729721912
2938,51685,VA,Manassas Park City,0,17081.0,68.89526374334055,28.0007081317125,20.432606363961387,6.168768186226964,3.003875968992248
2939,51690,VA,Martinsville City,0,13476.0,57.28702879192639,53.72128637059724,11.673588506005164,0.12376237623762376,5.453306066802999
2940,51700,VA,Newport News City,0,185069.0,58.65001702067877,35.32420504696164,8.439180303307753,1.8646058567576946,5.686683253760115
2941,51710,VA,Norfolk City,0,238556.0,57.11237612971378,36.94607003744614,11.139505711540515,1.7560860062232846,7.124193122536121
2942,51720,VA,Norton City,0,3696.0,3.5173160173160176,44.75562877539813,11.252813203300825,0.0,8.241082410824108
2943,51730,VA,Petersburg City,0,33229.0,84.98901561888712,45.69102220053672,15.146643493373887,1.6039823008849559,12.183564035415888
2944,51735,VA,Poquoson City,0,12382.0,9.643030205136489,10.793058709049626,4.423054887131889,0.411522633744856,1.6161933155499766
2945,51740,VA,Portsmouth City,0,97454.0,63.48738892195293,37.759562257537056,9.75676664228237,0.814463206494955,6.330769751234805
2946,51750,VA,Radford City,0,16205.0,17.03178031471768,50.41979010494752,7.774655426200989,0.4869251577998197,7.308612440191388
2947,51760,VA,Richmond City,0,225676.0,58.55695776245591,38.48738796621999,12.263690922730683,2.615840762590947,5.98754427437152
2948,51770,VA,Roanoke City,0,99578.0,42.56361846994316,39.514065192344944,11.725685856838554,1.6017396997614928,6.3612683366301725
2949,51775,VA,Salem City,0,25335.0,15.776593645154923,25.716037487956555,6.791023025357039,0.38110520509477486,3.632089778586594
2950,51790,VA,Staunton City,0,25358.0,19.859610379367457,33.18106312292359,8.34841753057978,0.9797752808988764,5.161189112871598
2951,51800,VA,Suffolk City,0,93268.0,51.535360466612346,23.60194793275097,9.191106906338694,0.6723594995602713,6.514519288086519
2952,51810,VA,Virginia Beach City,0,457658.0,39.467462603079156,20.082707035683327,5.548167472639348,1.9661556883521798,4.286585727478374
2953,51820,VA,Waynesboro City,0,22149.0,26.592622691769378,35.2833554406989,12.339960110660748,1.7942456736383905,4.5949535192563085
2954,51830,VA,Williamsburg City,0,15299.0,32.237401137329236,32.21671189295406,6.64405928158754,1.506906655504395,6.161745827984596
2955,51840,VA,Winchester City,0,28194.0,35.47917996736894,33.28547235107872,12.72437599575146,2.9769468143038664,4.019354838709678
2956,53001,WA,Adams County,0,20353.0,67.41512307767896,46.63091513977854,31.509076131129778,18.91848002598246,7.4346030289123455
2957,53003,WA,Asotin County,0,22285.0,11.303567422032758,36.837808417997095,8.465739821251242,0.13998061806826748,5.556098992467964
2958,53005,WA,Benton County,0,204551.0,31.50461254161554,25.974013146522985,9.694542114337773,3.0448243370574777,4.983726185293447
2959,53007,WA,Chelan County,0,78508.0,33.13547663932338,32.017877152535384,15.269293802145413,4.3563818959082585,4.039450215087609
2960,53009,WA,Clallam County,0,76727.0,18.77565915518657,29.740252883879315,7.11988353590412,0.5975740278273278,6.173504978121631
2961,53011,WA,Clark County,0,496494.0,23.658694767711193,22.465845911067188,6.994771203214086,2.828319026133038,5.341147893344839
2962,53013,WA,Columbia County,0,3969.0,17.208364827412446,24.376590330788805,8.959632425336396,1.9469983775013522,2.5826446280991737
2963,53015,WA,Cowlitz County,0,109457.0,18.155074595503258,30.54423910225547,10.06484982146608,1.320834112586497,6.139555958314454
2964,53017,WA,Douglas County,0,42622.0,37.621416170053024,28.43976145015675,17.918028128995598,4.2872103678491955,3.8984674329501914
2965,53019,WA,Ferry County,0,7198.0,27.86885245901639,40.721504772599666,9.804993621286677,0.3067484662576687,7.198228128460686
2966,53021,WA,Franklin County,0,95313.0,60.91613945631761,34.24035300224952,24.070588235294117,10.980844846866997,5.6522707034728406
2967,53023,WA,Garfield County,0,2278.0,8.735733099209833,30.84775854416334,6.009615384615385,0.0,10.95617529880478
2968,53025,WA,Grant County,0,97874.0,48.17316141161085,34.96876224252046,19.74826388888889,8.566289668627869,5.147155289281497
2969,53027,WA,Grays Harbor County,0,74737.0,21.6412218847425,36.18200748515631,9.882897953931282,2.053276032606842,6.9228004835179195
2970,53029,WA,Island County,0,85938.0,22.014708278060926,21.072723112679277,4.539646029007731,1.0426756310181755,6.078841793127507
2971,53031,WA,Jefferson County,0,32590.0,13.295489413930653,28.87885061798105,3.860059160793193,0.9614764147899593,7.638054019395687
2972,53033,WA,King County,0,2240876.0,42.923794087669286,17.9117103928617,6.331713642266043,5.745488236832656,4.610611106495418
2973,53035,WA,Kitsap County,0,273072.0,24.70081150758774,19.793856531405496,4.792879329696432,1.0078398125303638,4.623852321220742
2974,53037,WA,Kittitas County,0,44147.0,18.669445262418737,30.710971123560387,7.619642725869294,0.9535478372043469,6.683168316831684
2975,53039,WA,Klickitat County,0,22478.0,18.458047869027496,34.49230082570855,9.424520433694745,0.7286755250750108,6.894785370351399
2976,53041,WA,Lewis County,0,81214.0,18.101558844534193,32.00255070144289,10.738208447575746,0.8038945649040772,7.067757009345795
2977,53043,WA,Lincoln County,0,10798.0,9.862937581033524,27.39623348636747,7.705301455301456,0.04504504504504504,5.084745762711865
2978,53045,WA,Mason County,0,64964.0,21.74127208915707,30.15469976959609,9.594608823839106,1.813832967909109,6.3415692942155335
2979,53047,WA,Okanogan County,0,41966.0,36.565314778630324,43.11041238360141,15.053254437869823,2.5315694527961514,6.469594594594595
2980,53049,WA,Pacific County,0,22974.0,20.45790894054148,35.01948972360028,9.670098527620945,1.640008098805426,5.102270173072601
2981,53051,WA,Pend Oreille County,0,13302.0,14.388813712223724,31.346796234436685,7.217238890607279,0.10613833362816204,6.487311581759206
2982,53053,WA,Pierce County,0,910225.0,35.36125683210195,21.962711617455042,7.924204393231977,2.739538469323062,5.033926097960921
2983,53055,WA,San Juan County,0,17631.0,12.205773920934718,26.16108846661691,4.288579926679118,0.847457627118644,3.0037699136568166
2984,53057,WA,Skagit County,0,128228.0,27.280313192126528,23.944775670931318,8.89119262412599,2.528690146418678,4.846769923219487
2985,53059,WA,Skamania County,0,11973.0,14.557754948634427,23.789473684210527,7.161803713527852,0.27524878255346175,6.059556786703601
2986,53061,WA,Snohomish County,0,820024.0,33.185979922538856,18.100394309093833,7.138865214536208,4.294484602435885,4.362219614723004
2987,53063,WA,Spokane County,0,531477.0,16.912114729329776,29.43768367335086,5.83972404194168,1.1424346498759779,5.670439787598651
2988,53065,WA,Stevens County,0,46057.0,14.460342618928717,31.70431842631013,7.638427631181692,0.3457359236088245,5.429062399312641
2989,53067,WA,Thurston County,0,290642.0,27.10860784057363,23.515045518048698,5.81614697323461,2.0068787317992944,5.7401535968435144
2990,53069,WA,Wahkiakum County,0,4373.0,17.699519780471075,33.97968605724838,7.227138643067847,0.0,4.298941798941799
2991,53071,WA,Walla Walla County,0,62168.0,29.376849826277184,30.89980944389084,11.615111871866976,4.553016373347343,6.286850643686984
2992,53073,WA,Whatcom County,0,224533.0,22.456387257106975,27.745989414703427,6.800694301276211,1.3442385800923609,5.056325150516673
2993,53075,WA,Whitman County,0,48197.0,23.065750980351474,43.221512376418005,4.65029453248154,3.387007218212104,7.460759391518379
2994,53077,WA,Yakima County,0,255151.0,58.463811625272875,43.005385368026666,26.240013422992035,7.985963419821353,7.135333931901375
2995,54001,WV,Barbour County,0,15600.0,6.980769230769231,42.27837946249499,12.190315315315315,0.1892310338895579,9.973507869721052
2996,54003,WV,Berkeley County,0,120460.0,17.305329569981737,28.343657284058533,9.606384908398331,0.4611640121269055,4.816378554927109
2997,54005,WV,Boone County,0,22059.0,2.5522462486966773,38.66366020891814,15.925878757004586,0.0,13.876739562624255
2998,54007,WV,Braxton County,0,12702.0,9.30562116202173,47.27979274611399,17.944899478778854,0.1323918799646955,15.786202610316968
2999,54009,WV,Brooke County,0,22603.0,5.826660177852498,32.23839223839224,7.052573731452647,0.6930995821017225,4.888631761643043
3000,54011,WV,Cabell County,0,94622.0,10.401386569719516,41.333701047986764,10.733963783331491,0.2995075892177268,5.52496722679061
3001,54013,WV,Calhoun County,0,6420.0,1.3707165109034267,53.02815793613339,15.413300186451211,0.0,11.169977924944813
3002,54015,WV,Clay County,0,8176.0,0.684931506849315,54.88441461595824,19.93231207695048,0.0,14.625719769673703
3003,54017,WV,Doddridge County,0,7929.0,4.048429814604615,33.230032398929424,16.50959272972063,0.0,4.944717444717445
3004,54019,WV,Fayette County,0,41056.0,7.821024941543259,42.676365840721374,15.619705902283663,0.18944177822682495,7.297539723218863
3005,54021,WV,Gilmer County,0,7516.0,19.78445981905269,33.006644518272424,15.784389489953632,1.9275975552421252,9.214285714285714
3006,54023,WV,Grant County,0,11063.0,3.7964385790472748,34.057309728052566,15.957577999753362,0.5546177959971064,6.615776081424936
3007,54025,WV,Greenbrier County,0,33307.0,8.70087369021527,40.01775709518415,12.860048820179006,0.13585110718652357,5.615626089989536
3008,54027,WV,Hampshire County,0,23214.0,5.3028344964245715,36.56845753899481,12.879144133552787,0.0,6.8527652429425965
3009,54029,WV,Hancock County,0,29223.0,6.8165486089723855,31.763969539970095,10.052665619513999,0.3426791277258567,9.478639184081022
3010,54031,WV,Hardy County,0,14269.0,9.972668021585255,45.373640344681455,15.758847658113135,0.7594062823610631,2.4945770065075923
3011,54033,WV,Harrison County,0,66222.0,6.6261967322038,32.289932803156404,11.589495361229647,0.08037046959317234,5.399484536082475
3012,54035,WV,Jackson County,0,28011.0,3.5129056442112025,34.7478386167147,10.637342908438061,0.0,3.5515779557230336
3013,54037,WV,Jefferson County,0,57542.0,17.97643460428904,21.406520458966078,9.607926539395,0.4063888101313675,5.66425681501625
3014,54039,WV,Kanawha County,0,181953.0,12.822542085043938,35.45057141421529,9.71947006794974,0.39782108451747944,5.927803935772063
3015,54041,WV,Lewis County,0,16966.0,5.835199811387481,37.766277530388734,12.561455260570305,0.07505253677574303,8.3554933519944
3016,54043,WV,Lincoln County,0,20625.0,2.9527272727272726,44.556392448400665,19.013121924548933,0.0,6.492399488563716
3017,54045,WV,Logan County,0,32786.0,4.1084609284450675,51.17608675387627,19.672131147540984,0.0,15.803687837586141
3018,54047,WV,McDowell County,0,19334.0,11.265128788662459,60.7578712733352,25.41390150192106,0.18711991267737407,13.450159308147475
3019,54049,WV,Marion County,0,56256.0,7.828498293515358,33.58343173766918,8.850678733031673,0.07732623077583985,5.544613326396373
3020,54051,WV,Marshall County,0,30813.0,4.29688767727907,34.83749130305139,7.333537895059834,0.10160020320040639,4.140817699379625
3021,54053,WV,Mason County,0,25667.0,4.090855962909572,38.86992490261435,13.465367848877886,0.0,2.6724485679709558
3022,54055,WV,Mercer County,0,59892.0,10.412075068456556,44.18433526703972,14.630396215257244,0.5033693269464967,4.690361245213917
3023,54057,WV,Mineral County,0,27045.0,6.977260122018858,28.09263576260175,6.456749537702897,1.3996740485092511,6.232363137950496
3024,54059,WV,Mingo County,0,23821.0,4.298728013097687,51.93726548336777,24.243494642646883,0.26344676180021953,11.322348964934516
3025,54061,WV,Monongalia County,0,105695.0,12.566346563224373,34.09531809363813,6.7088512241054605,0.8363886342804766,6.206692947571332
3026,54063,WV,Monroe County,0,12492.0,4.202689721421709,40.81731155981016,11.572052401746726,0.20031159581571334,11.440107671601615
3027,54065,WV,Morgan County,0,17144.0,5.9437704153056465,30.25239748190857,10.56577523573968,0.0,7.244744744744745
3028,54067,WV,Nicholas County,0,24770.0,3.2176019378280176,43.000406008932195,11.22812791399265,0.0,7.688396216820909
3029,54069,WV,Ohio County,0,42443.0,8.639822821195487,33.978553479461596,7.024184363904334,0.8712099501346937,5.423241043961497
3030,54071,WV,Pendleton County,0,6249.0,6.657065130420866,38.12611444318366,16.985951468710088,0.2571795970852979,5.598813496477568
3031,54073,WV,Pleasants County,0,7623.0,2.95159386068477,30.742049469964666,10.821499191083946,0.0,6.8925571966406025
3032,54075,WV,Pocahontas County,0,8006.0,1.3240069947539346,45.635845635845634,17.48446189074256,0.0,9.341233879400487
3033,54077,WV,Preston County,0,34266.0,8.743360765773653,31.457702724231325,12.977906612347226,0.41566746602717825,8.500574363132644
3034,54079,WV,Putnam County,0,57385.0,5.55023089657576,25.212165937483526,7.5292433739696945,0.12231030577576445,3.648155654641265
3035,54081,WV,Raleigh County,0,74929.0,12.998972360501273,41.86136855541373,13.46632017798052,0.09989012086704625,7.253781512605043
3036,54083,WV,Randolph County,0,28150.0,8.16341030195382,38.12280498629925,11.506702933747814,0.0,8.555033907146584
3037,54085,WV,Ritchie County,0,8676.0,3.503918856615952,38.679914833215044,18.55588838089232,0.6087792374239026,5.104712041884817
3038,54087,WV,Roane County,0,14129.0,4.487224856677755,49.35499964364622,19.726027397260275,0.0,10.647095307008476
3039,54089,WV,Summers County,0,12125.0,8.065979381443299,41.95847263769136,15.630606860158311,0.0,7.516339869281046
3040,54091,WV,Taylor County,0,16727.0,4.370179948586118,36.12434347135703,11.487254424419548,0.5185298154643891,10.859124866595518
3041,54093,WV,Tucker County,0,6822.0,2.829082380533568,31.52634766807995,12.263450834879407,0.07168458781362007,6.987874920229737
3042,54095,WV,Tyler County,0,8397.0,3.0844349172323446,30.049739172631323,9.821284817259702,0.10366275051831375,6.504824151882975
3043,54097,WV,Upshur County,0,23965.0,5.862716461506364,42.031723713695676,13.10605598585107,0.09375976664235858,5.612391241992542
3044,54099,WV,Wayne County,0,39337.0,3.658133563820322,38.88278715741616,18.277288639015595,0.1035983148007459,4.723930526458066
3045,54101,WV,Webster County,0,8415.0,1.6874628639334521,52.76845637583892,21.2538979156409,0.0,13.959044368600681
3046,54103,WV,Wetzel County,0,14629.0,3.4452115660674005,42.34397931371864,11.061526775541209,0.0,6.4
3047,54105,WV,Wirt County,0,5264.0,3.2864741641337387,37.91658731670158,18.146618482188952,0.0,3.020292590844738
3048,54107,WV,Wood County,0,84678.0,5.113488745600982,35.13205692294781,9.320815220086283,0.09369676320272573,5.256888747716985
3049,54109,WV,Wyoming County,0,21581.0,2.7663222278856403,48.44152800562456,22.568514977692796,0.8082103912764593,7.961491442542787
3050,55001,WI,Adams County,0,20505.0,11.163130943672275,34.8722731747759,12.144247141814644,1.1613343959922577,5.653836959120249
3051,55003,WI,Ashland County,0,16002.0,18.14148231471066,35.754189944134076,6.225009087604508,0.3321256038647343,5.468846012043751
3052,55005,WI,Barron County,0,46529.0,7.7908401212147265,31.850168276585517,9.476995674400314,1.286309241393853,2.8861893684845352
3053,55007,WI,Bayfield County,0,16031.0,16.187386937807997,27.648318428013603,4.572031833685236,0.20385974449578687,3.91355909869548
3054,55009,WI,Brown County,0,267364.0,20.745874538082912,25.27047050899644,7.6222606368148105,2.260327357755261,2.9503768930781207
3055,55011,WI,Buffalo County,0,13314.0,5.039807721195734,23.954862162980913,8.44229383300731,0.34234234234234234,2.04510435635243
3056,55013,WI,Burnett County,0,16356.0,9.861824406945463,31.42291266943121,7.325599872874624,0.15736766809728184,5.409212565150021
3057,55015,WI,Calumet County,0,52128.0,10.102056476365869,17.08407181937274,5.211545406561658,0.5227927883910686,2.276725304465494
3058,55017,WI,Chippewa County,0,65877.0,7.184601606023347,30.039970814960505,7.281252007107838,0.35692354927847714,2.771753661507382
3059,55019,WI,Clark County,0,34655.0,8.004616938392727,33.60894512284832,17.18931475029036,2.9942022079262967,3.1052886948083454
3060,55021,WI,Columbia County,0,58219.0,8.438825812878957,20.83729613582726,6.006200879659673,0.6204197201865422,3.3622118662621587
3061,55023,WI,Crawford County,0,16167.0,6.3957444176408735,30.921009930551048,7.6765609007164795,0.53779963122311,3.333788768957508
3062,55025,WI,Dane County,0,555474.0,21.81128189618236,21.812847151741064,3.9242064753891186,1.7899811893101054,2.411929389177493
3063,55027,WI,Dodge County,0,89274.0,11.059210968479064,23.66275928492565,8.01232427076237,1.209940211385339,4.587971474171195
3064,55029,WI,Door County,0,29713.0,6.865681688149968,21.263487525102963,4.506065857885615,0.6171025565677344,3.409997341132678
3065,55031,WI,Douglas County,0,44034.0,9.19516737066812,26.717503847768292,5.757786781463662,0.25443943811290753,3.9258546821718983
3066,55033,WI,Dunn County,0,45254.0,8.04569761789013,29.67374043597517,5.987485615650172,1.2849453030039937,3.8141025641025643
3067,55035,WI,Eau Claire County,0,105206.0,11.294983175864495,26.358526538313363,4.479418886198547,1.0339241471316942,3.5722090540790425
3068,55037,WI,Florence County,0,4542.0,3.6988110964332894,28.6255290710626,8.298524087997771,0.0,7.012345679012346
3069,55039,WI,Fond du Lac County,0,103890.0,11.728751564154393,21.29951320518053,7.776094739741119,0.6903750800692747,3.5030651820342795
3070,55041,WI,Forest County,0,9184.0,22.28876306620209,34.66487635671926,10.043800030206917,0.16393442622950818,4.752223634053367
3071,55043,WI,Grant County,0,52210.0,5.6579199387090595,31.637572052760056,7.696101094159347,0.5967130214917826,2.8188607409576805
3072,55045,WI,Green County,0,37098.0,6.310313224432584,23.883665469696556,7.169696739666755,0.4937629937629938,3.3556721056721055
3073,55047,WI,Green Lake County,0,18990.0,8.578199052132701,29.95507540913467,9.38574204154835,0.45073244021534997,3.3923778851315083
3074,55049,WI,Iowa County,0,23715.0,6.304026987138942,19.75392737025842,4.159693999521874,0.2359216329879988,1.933764750666159
3075,55051,WI,Iron County,0,6074.0,4.972011853803095,35.75991930060525,4.282478896438131,0.46411995715815785,5.116279069767442
3076,55053,WI,Jackson County,0,21004.0,14.454389640068557,34.165358716014374,9.485714285714286,0.7421383647798742,5.104594134721249
3077,55055,WI,Jefferson County,0,84808.0,11.10390529195359,22.017496701041004,7.521601188065344,0.49319275863087325,3.6663477935365805
3078,55057,WI,Juneau County,0,26595.0,10.11844331641286,32.33025918269995,9.661242452154333,0.6175817813374506,4.348166106201611
3079,55059,WI,Kenosha County,0,168743.0,26.162270434921748,25.60674594489434,8.651446286419882,2.856839261047103,5.759673508793101
3080,55061,WI,Kewaunee County,0,20535.0,6.335524713903093,22.048636698599854,6.070549630844955,0.11105626850937808,1.734000715051841
3081,55063,WI,La Crosse County,0,120291.0,11.085617377858693,27.035449941566032,4.341055341055341,0.6511702921194282,2.777352247311499
3082,55065,WI,Lafayette County,0,16662.0,6.7758972512303455,31.097930032683696,8.457404633952956,1.5899205039748014,2.0408163265306123
3083,55067,WI,Langlade County,0,19469.0,7.031691406851919,28.97804141950255,9.937583280734973,0.2974773917182294,5.712760277629472
3084,55069,WI,Lincoln County,0,28378.0,5.726266826414828,27.066152904317764,7.372945399584356,0.24056408129406884,4.75095785440613
3085,55071,WI,Manitowoc County,0,81103.0,10.709838107098381,26.245867897461483,7.366491967252424,1.019119251306195,2.1141953113763843
3086,55073,WI,Marathon County,0,137597.0,12.240092443875957,23.07386112339673,7.150778372949447,1.1366466256359173,3.197288934728157
3087,55075,WI,Marinette County,0,41720.0,5.127037392138063,30.174588016356914,8.555548416115146,0.33253379851722636,4.268535082488571
3088,55077,WI,Marquette County,0,15515.0,7.1479213664195935,30.092411818300143,8.471502590673575,0.4635167464114832,3.994490358126722
3089,55078,WI,Menominee County,0,4318.0,89.87957387679482,45.1981351981352,5.226337448559671,0.0,12.524850894632205
3090,55079,WI,Milwaukee County,0,939123.0,50.60050706882912,37.59335746963261,10.833660935632166,3.3371881711547995,4.942881142377153
3091,55081,WI,Monroe County,0,46091.0,10.709249094183246,30.167733930114554,9.271416618394799,0.8571589691535555,2.6017135423675595
3092,55083,WI,Oconto County,0,38691.0,5.823059626269675,23.968977624063303,7.826881191596994,0.00611545988258317,2.2107552992361006
3093,55085,WI,Oneida County,0,37468.0,5.615458524607665,24.688103068685276,5.333472861727361,0.2035105571101501,2.4435117576036336
3094,55087,WI,Outagamie County,0,189620.0,13.44583904651408,19.774648492465012,5.694744922883663,0.85303307975266,3.138000151274488
3095,55089,WI,Ozaukee County,0,91029.0,9.510156104098694,14.867115241803003,2.6369550869032277,0.41475778687413595,2.8022288621497213
3096,55091,WI,Pepin County,0,7328.0,4.25764192139738,26.186534216335538,7.638494989601059,0.7194244604316548,2.560646900269542
3097,55093,WI,Pierce County,0,42204.0,7.05620320348782,20.920174018615945,4.885370154966043,0.23959646910466584,3.0951391773992523
3098,55095,WI,Polk County,0,44806.0,5.624246752667053,24.295216978143806,6.161793192509916,0.08760882658927888,4.00968900038929
3099,55097,WI,Portage County,0,70378.0,9.758731421751115,24.24174777509897,5.217066853957245,0.7885403395199889,3.36426617583148
3100,55099,WI,Price County,0,14003.0,6.227237020638435,32.75824574121059,7.55639097744361,0.24330900243309003,2.4620625580675135
3101,55101,WI,Racine County,0,197379.0,29.831441034760537,27.75258915294916,8.285959613904186,1.2702429149797572,3.9395382051892405
3102,55103,WI,Richland County,0,17353.0,6.759638102921685,30.800446979944716,8.819218241042345,1.4251781472684086,2.7858176555716354
3103,55105,WI,Rock County,0,163522.0,18.68739374518413,25.903975245177552,7.966154810404262,0.8889898530970771,4.488719325514578
3104,55107,WI,Rusk County,0,14182.0,5.690311662670991,34.02727925340991,10.688055662930035,0.3793501566881082,5.195783132530121
3105,55109,WI,St. Croix County,0,92495.0,7.121466025190551,14.717867482383786,3.6969696969696972,0.3193263062706644,2.173198507376114
3106,55111,WI,Sauk County,0,65428.0,10.217338142691203,24.99145246013738,8.22352580659283,1.2439478584729982,2.482249360976995
3107,55113,WI,Sawyer County,0,17813.0,23.1179475663841,32.878205495955484,6.608761329305136,0.08825012607160868,6.06679481018741
3108,55115,WI,Shawano County,0,40836.0,14.220295817416007,28.91256612436371,7.5257767272976395,0.2808988764044944,3.249150072850898
3109,55117,WI,Sheboygan County,0,117528.0,17.22823497379348,23.209326696358396,6.060532007184663,1.4009969026276385,3.0801478470966606
3110,55119,WI,Taylor County,0,19960.0,4.869739478957916,30.161150932845302,11.045506912442397,0.6241060980366663,3.4382284382284385
3111,55121,WI,Trempealeau County,0,30504.0,11.378835562549174,26.47754925164172,8.271730202444799,1.6474059503319398,2.6579960856114653
3112,55123,WI,Vernon County,0,30719.0,4.622546306845926,32.14650710447368,9.573073000145708,1.005662131327643,2.154834106314663
3113,55125,WI,Vilas County,0,22813.0,15.33336255643712,30.680051525785103,4.8870913380519045,0.047393364928909956,4.904789382573572
3114,55127,WI,Walworth County,0,105945.0,15.309830572466845,23.638405390230208,8.369695685942244,1.206625731829216,3.6956671488599575
3115,55129,WI,Washburn County,0,16561.0,6.3522734134412175,31.613691931540345,7.173232768996229,0.5505364201016375,4.009591048354869
3116,55131,WI,Washington County,0,136300.0,7.998532648569332,14.211455110645115,4.9828552485729976,0.40138333900765144,2.839980279716651
3117,55133,WI,Waukesha County,0,405332.0,12.884993042740273,12.654024883825512,3.602824212318254,0.8687652688846784,2.73494638807252
3118,55135,WI,Waupaca County,0,51769.0,6.312658154494002,25.009939567430024,6.985900505453578,0.2660893879944076,2.2479437269716027
3119,55137,WI,Waushara County,0,24527.0,11.175439311778856,27.286795048143052,11.003653556845046,0.6777260772810034,4.037709000355745
3120,55139,WI,Winnebago County,0,171304.0,12.942488208097885,26.653137568918932,6.376551414613937,0.8555505769015346,2.5761377400934418
3121,55141,WI,Wood County,0,74107.0,8.555197214838005,30.22738135882554,6.655432271746128,0.3774771940861906,4.295269562414377
3122,56001,WY,Albany County,0,37311.0,18.629894669132426,39.4250866092135,4.12947477215071,2.2664835164835164,4.311349335819156
3123,56003,WY,Big Horn County,0,11671.0,13.280781424042498,31.676583829191458,11.272773279352228,0.7354685646500593,7.752830550758012
3124,56005,WY,Campbell County,0,46758.0,13.293981778519184,22.415292940715933,7.56408136265917,0.11634671320535195,3.316162266580811
3125,56007,WY,Carbon County,0,14714.0,23.35870599429115,33.539665599430805,9.993039673859004,1.9201616978271854,3.920741989881956
3126,56009,WY,Converse County,0,13702.0,11.662531017369728,21.103488972486538,6.664547573638482,0.8871540099361249,4.901681390709603
3127,56011,WY,Crook County,0,7185.0,6.903270702853166,21.030345800988005,7.1968190854870775,1.1339475549255846,0.3450258769407705
3128,56013,WY,Fremont County,0,39434.0,31.089922401988133,35.792257629579694,7.69756838905775,0.10351966873706005,9.061437074829932
3129,56015,WY,Goshen County,0,12642.0,15.29030216737858,29.406772468811,6.861755802219979,0.34260378879484077,3.61088211046991
3130,56017,WY,Hot Springs County,0,4673.0,8.345816392039374,34.28446005267779,4.172876304023846,0.0,1.9581664441477526
3131,56019,WY,Johnson County,0,8457.0,9.802530448149462,31.12305854241338,4.618440655520609,0.026143790849673207,2.590034533793784
3132,56021,WY,Laramie County,0,99905.0,22.679545568289875,23.41995279018199,6.013241517613578,0.560697321384849,3.960356472045718
3133,56023,WY,Lincoln County,0,19457.0,8.15644755100992,19.924481456576835,6.494310705162938,0.43342814574021404,3.301362948006058
3134,56025,WY,Natrona County,0,79382.0,14.179536922728076,26.736611740473737,6.01530159668835,0.4627076055647484,3.9595519454377532
3135,56027,WY,Niobrara County,0,2486.0,12.55028157683025,42.02317290552585,7.82789009849663,0.0,4.934823091247672
3136,56029,WY,Park County,0,29664.0,9.587378640776699,26.102915951972555,4.6353898685626085,0.9597842468469897,3.2183281058229922
3137,56031,WY,Platte County,0,8607.0,14.906471476705008,29.423600426085926,8.286623238903196,0.9754811494858951,0.37443834248627056
3138,56033,WY,Sheridan County,0,30812.0,9.265870440088278,25.005828476269777,4.194321533923303,0.7075290317619011,2.527747481875922
3139,56035,WY,Sublette County,0,8830.0,9.920724801812005,18.958262254065733,4.966398950991641,0.0,5.195362816659511
3140,56037,WY,Sweetwater County,0,42459.0,21.705645446195156,22.398130707422332,7.2943629565717565,1.9769463584261702,6.713717782641712
3141,56039,WY,Teton County,0,23319.0,20.073759595179897,21.523235800344235,3.9696472053910186,4.889308572028119,2.402088772845953
3142,56041,WY,Uinta County,0,20514.0,12.97162913132495,25.687077515172447,6.430892465805184,1.6416938110749186,3.46751693901953
3143,56043,WY,Washakie County,0,7768.0,18.357363542739442,25.391808244435666,5.900792919048497,0.2967359050445104,2.5199600798403194
3144,56045,WY,Weston County,0,6891.0,11.870555797416921,23.660714285714285,7.113654946852003,0.0,3.974763406940063
