,County FIPS,Plant state abbreviation,Plant county name,EPA Region,has_plant,Total Population,People of Color (%),Low Income (%),Less Than High School Education (%),Limited English Speaking (%),Unemployment Rate (%),Over Age 64 (%),Under Age 5 (%),Limited Life Expectancy (%),Plant primary fuel category_x,Plant annual net generation (MWh)
2,01001,AL,Autauga County,4,0,58239.0,26.902934459726303,30.77002941685413,10.415509668299086,0.1464128843338213,2.824625323967997,15.135905492882776,5.697213207644362,,,
3,01003,AL,Baldwin County,4,0,227131.0,17.427387718981556,25.847737876052413,8.985843669162906,0.8372519784378942,3.6858279270217142,20.60705055672717,5.298704271984009,,,
4,01005,AL,Barbour County,4,0,25259.0,55.39015796349816,50.31460674157303,24.32898027229786,1.287411971830986,8.624186145799978,19.00708658300012,5.225860089473059,,,
5,01007,AL,Bibb County,4,0,22412.0,25.950383723005533,40.40476190476191,19.461916920969045,0.3247211633488635,9.706818930493029,16.036052114938425,5.336426914153132,,,
6,01009,AL,Blount County,4,0,58884.0,14.07682901976768,33.46535672033332,16.35192288777417,1.5821596244131455,6.023722769206915,17.97432239657632,5.887847292982814,,,
7,01011,AL,Bullock County,4,0,10386.0,79.6264201810129,55.01614856681469,22.39348553148175,4.007019596373208,2.997967479674797,16.194877720007703,5.37261698440208,,,
8,01013,AL,Butler County,4,0,19181.0,49.079818570460354,40.23317435082141,14.435146443514643,0.0,6.545634185500802,20.81226213440384,5.667066367759762,,,
9,01015,AL,Calhoun County,4,0,116425.0,28.64676830577625,38.4548166716684,14.785143839627226,1.1920081273281409,7.01468498342018,17.679192613270345,5.768520506764011,,,
10,01017,AL,Chambers County,4,0,34834.0,45.18286731354424,43.31295487627365,17.21846302561624,0.6096167034976758,3.15354774120886,19.60153872653155,5.902279382212781,,,
11,01019,AL,Cherokee County,4,0,24975.0,9.065065065065063,39.0738707972517,20.17791277934476,2.156417664052827,4.699815121144303,22.862862862862865,4.36036036036036,,,
12,01021,AL,Chilton County,4,0,44857.0,20.73255010366275,38.65158371040724,18.23868474487457,2.517811858471199,6.397163871104292,16.434447243462557,6.04142051407807,,,
13,01023,AL,Choctaw County,4,0,12792.0,43.55065666041276,41.58533682456558,19.41601120568904,0.0,6.053119209388512,22.795497185741088,5.472170106316447,,,
14,01025,AL,Clarke County,4,0,23346.0,48.47939689882635,43.17717169080865,17.7761386686336,0.2787878787878788,12.23474801061008,19.737856592135696,6.146663239955453,,,
15,01027,AL,Clay County,4,0,14184.0,19.58544839255499,41.25331993396023,16.99267729962885,0.0185219485089831,6.117159149818559,20.17061477721376,5.245346869712352,,,
16,01029,AL,Cleburne County,4,0,15046.0,7.603349727502326,37.291778613648574,16.942892319348424,0.6252232940335835,4.471679364027824,19.194470291107272,5.749036288714608,,,
17,01031,AL,Coffee County,4,0,53043.0,30.857983145749674,33.38876146788991,13.643779553687471,0.7764430120128919,5.090109890109891,16.899496634805725,6.055464434515393,,,
18,01033,AL,Colbert County,4,0,56789.0,22.21733082110972,34.491774121831924,13.203763307749444,0.6404593639575972,3.763709832595728,19.611192308369574,5.603197802391309,,,
19,01035,AL,Conecuh County,4,0,11778.0,49.89811512990321,49.93183367416496,12.42931332948644,0.3821351803200382,4.671361502347418,22.8222109016811,4.313126167430803,,,
20,01037,AL,Coosa County,4,0,10442.0,35.93181382876843,35.101838052657726,14.90508266993264,0.0,3.348162022945446,23.711932579965524,4.453169890825513,,,
21,01039,AL,Covington County,4,0,37490.0,17.15124033075487,40.70462324115825,14.817758601112752,0.0,7.043553149606299,20.925580154707923,5.6548412910109365,,,
22,01041,AL,Crenshaw County,4,0,13300.0,29.774436090225564,40.290964777947934,18.76952914556621,0.2149151085321298,4.722830051057622,19.26315789473684,5.458646616541354,,,
23,01043,AL,Cullman County,4,0,87129.0,8.904038838962917,34.562666976420026,15.785215395538527,0.7620146331096876,4.397947294047649,18.21092862307613,6.071457264515833,,,
24,01045,AL,Dale County,4,0,49443.0,32.60522217502983,39.62744852357683,15.15503183955246,1.314843348741654,8.172043010752688,17.00139554638675,6.492324494872884,,,
25,01047,AL,Dallas County,4,0,39162.0,73.10147592053521,49.49445193404542,14.092480717352482,0.2641640597844977,8.51694130716534,18.28558296307645,6.120729278382106,,,
26,01049,AL,DeKalb County,4,0,71554.0,20.36503899153087,46.62842574888464,21.79099531955432,2.605366977852428,4.255183004863066,16.94943678899852,5.8822707325935655,,,
27,01051,AL,Elmore County,4,0,87146.0,26.980010556996305,25.85794578583828,12.355065262042006,0.7903888713246918,4.758058409268749,15.502719574048148,5.613568035251188,,,
28,01053,AL,Escambia County,4,0,36879.0,40.04718132270398,48.532658287463576,18.264893451547675,0.5513278459388103,9.76051239209134,17.95872990048537,5.72683641096559,,,
29,01055,AL,Etowah County,4,0,103468.0,22.926895271968142,38.25197527966831,13.801372694947489,0.4831674893572567,6.1158659842587415,18.91502686821046,5.825955851084394,,,
30,01057,AL,Fayette County,4,0,16365.0,16.15032080659945,43.89410229320738,16.968168377109063,0.2256608639587363,9.335830571963694,20.959364497402994,5.523984112435075,,,
31,01059,AL,Franklin County,4,0,32034.0,24.193044889804582,45.25584333543904,20.501661285039077,4.500228206298494,4.622248226431654,16.479365673971405,7.217331585190736,,,
32,01061,AL,Geneva County,4,0,26604.0,18.463388964065555,44.425868227068925,17.508238545763792,0.5629428321848006,3.4619279992634198,19.98947526687716,5.465343557359796,,,
33,01063,AL,Greene County,4,0,7851.0,82.57546809323652,59.51919348584723,15.558366461872064,0.7371007371007371,9.99592003263974,22.87606674309005,6.865367469112214,,,
34,01065,AL,Hale County,4,0,14819.0,61.66407989742898,48.53435848149928,18.731417244796827,0.0,6.951596292481978,19.400769282677643,6.606383696605708,,,
35,01067,AL,Henry County,4,0,17165.0,30.748616370521408,38.17549331254124,18.685461399770528,0.1873828856964397,4.949832775919733,22.417710457325956,4.951937081270026,,,
36,01069,AL,Houston County,4,0,106355.0,34.732734709228524,37.91598939173582,12.24323332291086,0.6278136026280569,5.234084560290689,17.79794085844577,6.122890320154201,,,
37,01071,AL,Jackson County,4,0,52548.0,11.067975945801932,43.71935626526178,17.57405393937787,0.5721049516669955,5.695540553389749,20.107330440739897,5.153383573114105,,,
38,01073,AL,Jefferson County,4,0,672550.0,50.81347111738904,33.32254033692391,9.03861114077083,1.5675583574714602,6.094784042725064,15.870641587986023,6.309121998364434,,,
39,01075,AL,Lamar County,4,0,13929.0,14.028286309139206,36.55107096022148,17.541214314435063,0.0,4.939372325249644,21.803431689281357,5.8295642185368655,,,
40,01077,AL,Lauderdale County,4,0,93342.0,16.182425917593367,33.582668985050795,11.306415516598284,0.95707656612529,3.816986276261828,19.79280495382572,5.080242548906173,,,
41,01079,AL,Lawrence County,4,0,33089.0,23.772250596875093,35.47205518757059,16.765953799339993,0.2806961263934557,2.9751712328767126,18.138958566290917,5.146725497899604,,,
42,01081,AL,Lee County,4,0,172223.0,32.905593329578515,37.4420369277464,8.624695361914787,1.9802921326954157,4.287575077791447,12.270138134860035,5.6763614615934,,,
43,01083,AL,Limestone County,4,0,101217.0,24.717191776085045,26.10374486689685,13.479491403708863,1.2793850527812147,4.519256777844823,15.093314364187837,5.357795627216772,,,
44,01085,AL,Lowndes County,4,0,10334.0,75.16934391329592,52.25641529839741,15.255891786361737,0.0,8.89387144992526,19.01490226437004,6.202825624153281,,,
45,01087,AL,Macon County,4,0,19490.0,83.53001539250899,45.24894810659186,16.484568147380173,0.0420403587443946,11.006969478490747,20.25654181631606,4.617752693689072,,,
46,01089,AL,Madison County,4,0,382149.0,35.913217095949484,25.226534955714165,8.02713784793211,1.481718435110841,4.360715359029345,14.94731112733515,5.788056491054537,,,
47,01091,AL,Marengo County,4,0,19397.0,55.35907614579574,48.40897235263432,13.416130021465808,1.3245033112582782,5.370942812982999,19.704077950198485,6.578336856214878,,,
48,01093,AL,Marion County,4,0,29392.0,9.1113228089276,42.77016742770167,18.66698405141633,0.9163597161081664,5.929075738125802,20.79817637452368,4.980947196516059,,,
49,01095,AL,Marshall County,4,0,97179.0,20.143240823634734,39.12889407693831,16.484449797708393,4.2382685741697,3.901603463862587,16.86887084658208,7.028267424031941,,,
50,01097,AL,Mobile County,4,0,414620.0,43.803000337658574,38.89082177684128,12.14035964035964,0.7953430984846087,5.756792758670497,16.270319810911197,6.489797887222035,,,
51,01099,AL,Monroe County,4,0,20115.0,46.0949540144171,44.96100628930817,17.595730871854045,0.0,11.857975335411302,20.328113348247577,5.085756897837435,,,
52,01101,AL,Montgomery County,4,0,229072.0,67.5730774603618,38.154372128360045,12.270843714757795,1.537011690264097,6.562870644049927,15.134542851155969,6.728888733673255,,,
53,01103,AL,Morgan County,4,0,122608.0,25.292803079733783,34.29985385943935,15.315921102302758,1.4707431677869318,4.720276620267754,17.503751794336424,6.027339162208013,,,
54,01105,AL,Perry County,4,0,8702.0,70.60445874511606,61.24335274753102,21.366906474820144,0.0,19.545903257650544,19.604688577338543,6.446793840496437,,,
55,01107,AL,Pickens County,4,0,19240.0,46.47609147609148,43.4141621129326,16.72883787661406,0.0286000286000286,6.986781764229836,18.91891891891892,5.020790020790021,,,
56,01109,AL,Pike County,4,0,33176.0,44.36339522546419,43.10498503851786,12.70684055879169,1.24261383385471,4.436476130211629,15.248975162768266,5.283940197733301,,,
57,01111,AL,Randolph County,4,0,21984.0,25.159206695778742,41.36740975655256,19.72224024920501,1.126989659579412,3.966885132804415,20.874272197962156,5.708697234352257,,,
58,01113,AL,Russell County,4,0,58695.0,55.51409830479598,42.8482468734324,14.745630970588971,1.512467049824986,6.35304732999754,14.393048811653465,6.762075134168158,,,
59,01115,AL,St. Clair County,4,0,90412.0,14.81661726319515,28.303317750133004,13.98776681275026,1.2734059847070869,4.8289163511679405,16.747776843781796,5.64416227934345,,,
60,01117,AL,Shelby County,4,0,220780.0,23.51435818461817,18.33881087541081,6.375767845795383,1.2328516553868667,3.2757004478700136,15.551680405833862,5.509104085514992,,,
61,01119,AL,Sumter County,4,0,12482.0,75.1642365005608,56.08583690987125,12.72680145152929,0.2911813643926789,6.972789115646258,18.77904182022112,6.024675532767184,,,
62,01121,AL,Talladega County,4,0,81850.0,37.89737324373855,43.00024306932593,17.106845876261705,0.5506954496821701,7.936553138170635,17.84117287721442,5.285277947464874,,,
63,01123,AL,Tallapoosa County,4,0,41284.0,31.324484061621938,39.67622276266981,18.43856076035302,0.5921855921855922,9.949400193302631,21.453831993023933,5.714078093208022,,,
64,01125,AL,Tuscaloosa County,4,0,223945.0,39.45343722789077,34.29271193822264,10.357752489331435,1.108937522924563,5.258674796019008,13.427850588314094,5.880015182299225,,,
65,01127,AL,Walker County,4,0,65194.0,12.30634720986594,40.31619315958363,17.708654821215998,0.7465714517568773,6.991324633666253,19.185814645519525,5.827223364113262,,,
66,01129,AL,Washington County,4,0,15574.0,34.88506485167587,42.27705459490966,13.83067122149386,0.03801558639042,6.380734751274389,20.64337999229485,5.290869397714139,,,
67,01131,AL,Wilcox County,4,0,10686.0,73.27344188658057,55.413037235570016,20.757618115739447,0.4964147821290678,14.097279472382525,19.80160958263148,6.382182294591053,,,
68,01133,AL,Winston County,4,0,23650.0,6.744186046511628,44.01839831492069,20.68641278796427,0.8026900965397549,4.869773475701028,21.454545454545453,5.04862579281184,,,
69,02013,AK,Aleutians East Borough,10,0,3409.0,87.21032560868291,33.637702503681886,15.280985373364125,3.391684901531729,4.5297670405522,11.704312114989731,3.5787621003226757,,,
70,02016,AK,Aleutians West Census Area,10,0,5251.0,77.14721005522757,17.635230243313895,8.963001563314227,4.9800796812749,3.8157894736842106,6.9510569415349455,3.085126642544277,,,
71,02020,AK,Anchorage Municipality,10,0,292545.0,43.86812285289442,21.72682285842093,5.844955305413011,3.0948029429682737,5.379566676918445,11.465244663214207,6.911073510058281,,,
72,02050,AK,Bethel Census Area,10,0,18514.0,90.8015555795614,55.11945392491467,18.034912718204488,2.566371681415929,18.12761638969935,7.475424003456843,10.273306686831589,,,
73,02060,AK,Bristol Bay Borough,10,0,849.0,58.77502944640754,15.87878787878788,5.287713841368585,0.3174603174603174,2.4229074889867843,13.074204946996469,7.891637220259129,,,
74,02063,AK,Chugach Census Area,10,0,7015.0,28.681397006414823,15.596064814814811,4.584352078239609,1.0030864197530864,3.571428571428571,13.513898788310764,6.372059871703492,,,
75,02066,AK,Copper River Census Area,10,0,2635.0,42.23908918406072,31.920580374188624,5.907859078590786,0.2114164904862579,7.705334462320068,14.497153700189752,6.110056925996205,,,
77,02070,AK,Dillingham Census Area,10,0,4899.0,85.58889569299856,47.826982492276,13.458203260492544,3.206997084548105,12.56446319737459,11.247193304756072,9.471320677689324,,,
78,02090,AK,Fairbanks North Star Borough,10,0,97149.0,31.6307939350894,20.91393689278652,5.531193453205745,1.951951951951952,6.289879475363347,11.088122368732565,7.495702477637443,,,
79,02100,AK,Haines Borough,10,0,2098.0,20.30505243088656,31.467181467181465,2.3060796645702304,0.0,3.711790393013101,20.877025738798856,4.337464251668256,,,
80,02105,AK,Hoonah-Angoon Census Area,10,0,2327.0,55.65105285775677,31.12639724849527,6.256572029442692,1.6029593094944512,14.965986394557824,22.862054146970348,2.8792436613665666,,,
81,02110,AK,Juneau City and Borough,10,0,32240.0,37.49379652605459,16.839028070285732,4.595435230209839,2.832378888716917,5.063291139240507,13.883374689826304,5.517990074441688,,,
82,02122,AK,Kenai Peninsula Borough,10,0,58711.0,21.30094871489159,27.02040390698321,6.049227191239885,0.4172522839072382,8.229213148891864,17.868883173510927,5.860911924511591,,,
83,02130,AK,Ketchikan Gateway Borough,10,0,13939.0,37.5421479302676,23.01495137175207,6.029996939087848,2.770184071441589,4.733324239530759,15.9624076332592,5.122318674223402,,,
84,02150,AK,Kodiak Island Borough,10,0,13218.0,52.59494628536844,23.618827160493822,9.509374649152353,5.41213768115942,5.754959866727245,11.355727038886366,6.914813133605689,,,
86,02164,AK,Lake and Peninsula Borough,10,0,986.0,75.65922920892496,40.55441478439425,10.725552050473189,0.3134796238244514,15.79961464354528,9.939148073022311,7.809330628803246,,,
87,02170,AK,Matanuska-Susitna Borough,10,0,106807.0,22.29535517335006,24.10516949395792,6.281162244254684,0.6569266344334664,7.42076570694194,12.223917908002283,6.745812540376567,,,
88,02180,AK,Nome Census Area,10,0,10070.0,85.71002979145979,47.71295818275684,12.362148701529703,0.9211495946941785,18.62854590127317,7.567030784508441,9.404170804369414,,,
89,02185,AK,North Slope Borough,10,0,10865.0,71.7901518637828,22.06599175103112,12.344798059083772,8.083689966714218,9.152488972904852,7.326277036355269,6.764841233317993,,,
90,02188,AK,Northwest Arctic Borough,10,0,7776.0,89.75051440329219,46.4443290942123,15.687645687645688,0.9681093394077448,15.722062119756645,7.651748971193416,9.96656378600823,,,
91,02195,AK,Petersburg Borough,10,0,3368.0,39.311163895486935,18.86736214605067,8.51063829787234,4.211395540875309,4.69399881164587,28.028503562945367,5.285035629453682,,,
92,02198,AK,Prince of Wales-Hyder Census Area,10,0,5886.0,55.41963982330955,35.47059831990399,7.646212847555129,0.0,9.559322033898306,18.36561331974176,5.215766224940537,,,
93,02220,AK,Sitka City and Borough,10,0,8518.0,38.55365109180559,17.864427114577083,5.19053876478318,1.5120674614713578,5.396071659831643,15.848790795961492,4.872035689128904,,,
94,02230,AK,Skagway Municipality,10,0,1329.0,26.18510158013544,15.575620767494357,9.51035781544256,0.0,12.872340425531911,13.31828442437923,5.8690744920993225,,,
95,02240,AK,Southeast Fairbanks Census Area,10,0,6849.0,27.94568550153307,30.22432113341204,7.425631849698054,1.9275975552421247,10.324585635359115,14.294057526646226,7.475543875018251,,,
96,02275,AK,Wrangell City and Borough,10,0,2162.0,43.15448658649399,32.554880896777206,15.22712731925784,0.0,5.710814094775213,24.65309898242368,6.244218316373728,,,
98,02290,AK,Yukon-Koyukuk Census Area,10,0,5433.0,78.61218479661329,46.79427615684817,12.877263581488934,1.895734597156398,12.811791383219957,15.534695380084669,7.93300202466409,,,
99,04001,AZ,Apache County,9,0,66473.0,82.28754531915213,59.34224459415909,17.820216231528256,17.759604999228515,9.03173311635476,15.368645916387106,6.3529553352488985,,,
100,04003,AZ,Cochise County,9,0,125092.0,46.07169123525085,37.18801154294008,11.319265740264196,4.9533906050082255,7.080221532264831,22.47625747449877,5.563105554312027,,,
101,04005,AZ,Coconino County,9,0,144942.0,46.97051234286818,37.43469590470341,9.03269217383234,3.064443442992339,7.813120999904067,12.852037366670809,5.106180403195761,,,
102,04007,AZ,Gila County,9,0,53211.0,38.92428257315217,40.880491079992325,13.058637890664768,1.551152156370483,7.331002904829894,28.81922910676364,5.111725019262934,,,
103,04009,AZ,Graham County,9,0,38145.0,49.560886092541615,42.27139322092421,16.551609415287366,1.528893495724281,5.93006993006993,13.84978372001573,6.821339625114694,,,
104,04011,AZ,Greenlee County,9,0,9542.0,54.5692726891637,25.94155501635193,12.322110378340854,3.032159264931088,3.567292100996062,12.890379375393,7.377908195346887,,,
105,04012,AZ,La Paz County,9,0,16845.0,43.90026714158504,44.26934965755501,16.00667576998938,4.321272182530537,7.724719101123595,39.64381121994657,4.476105669338082,,,
106,04013,AZ,Maricopa County,9,0,4367186.0,46.23716507609248,28.632145776462416,11.157495813424903,3.3765258238974214,4.985146564480635,15.164364421391715,6.082658260948812,,,
107,04015,AZ,Mohave County,9,0,211274.0,24.07773791379914,38.25675532580549,12.551204023853243,1.3457967997080889,7.395165028175541,30.43157227107926,4.26034438690989,,,
108,04017,AZ,Navajo County,9,0,106609.0,58.738943241189766,49.88286108192012,15.451961994431208,5.275248174583641,10.491613039350142,18.21422206380324,6.577305855978388,,,
109,04019,AZ,Pima County,9,0,1035063.0,49.61292211198739,34.379125580435044,10.649117387971764,3.828419360788344,6.270054653089057,19.80246613008097,5.382281078543046,,,
110,04021,AZ,Pinal County,9,0,420625.0,44.59054977711738,31.31091967474273,12.426283888934393,2.1105569067150336,6.352864492399377,20.42270430906389,5.508231797919763,,,
111,04023,AZ,Santa Cruz County,9,0,47463.0,84.98409287234267,49.92797220574528,22.25552518033003,23.3382030679328,9.864358986824834,17.957145566019847,6.712597180962013,,,
112,04025,AZ,Yavapai County,9,0,233789.0,20.625008020052267,31.97406541240532,8.448757291753061,1.6904958916235304,5.439586799636612,31.87147385035224,3.9531372305797103,,,
113,04027,AZ,Yuma County,9,0,202944.0,70.22380558183539,44.004275570712345,25.0899078879187,10.681280598492766,8.420437814093281,18.9702578051088,7.037409334594765,,,
114,05001,AR,Arkansas County,6,0,17273.0,31.3668731546344,33.42942872271578,13.313313313313312,0.6974981046247157,4.2791959551116046,19.342326173797257,6.298847912927691,,,
115,05003,AR,Ashley County,6,0,19362.0,32.41400681747753,46.99484831139096,14.823652225784803,1.1465672054151126,5.028233396074214,20.52990393554385,5.882656750335709,,,
116,05005,AR,Baxter County,6,0,41476.0,7.252386922557624,41.084269799868366,11.345838069976,0.1805149986726838,5.397123202001251,30.5477866718102,4.197608255376603,,,
117,05007,AR,Benton County,6,0,278774.0,32.29605343396443,24.783724619634864,10.285979877515311,2.7396176403683152,2.976973916981559,13.302890513462518,6.816632828025569,,,
118,05009,AR,Boone County,6,0,37445.0,6.64708238750167,38.770358306188925,10.888175494917068,0.2699144173798551,4.643799472295514,20.590198958472424,5.7444251568967815,,,
119,05011,AR,Bradley County,6,0,10597.0,45.11654241766538,44.64438731790917,15.873672596883187,0.7825148407987047,5.446365143263083,17.9956591488157,6.737755968670378,,,
120,05013,AR,Calhoun County,6,0,4811.0,27.9983371440449,33.390228291017706,15.794066317626529,0.2700877785280216,8.708414872798434,20.39077114944918,3.866140095614217,,,
121,05015,AR,Carroll County,6,0,28154.0,23.62719329402572,38.76723147616312,14.791029050223267,2.587750716332378,4.048550016291951,22.78539461532997,5.256801875399588,,,
122,05017,AR,Chicot County,6,0,10405.0,61.19173474291206,58.0829756795422,21.605285352825412,0.523168908819133,14.12859560067682,20.836136472849592,5.785679961556943,,,
123,05019,AR,Clark County,6,0,21569.0,31.985720246650285,43.0987084392344,9.46449821499405,1.079940417080437,3.6620848801043446,16.19453845797209,5.099911910612453,,,
124,05021,AR,Clay County,6,0,14661.0,5.647636586863106,42.9682659874716,15.705035275925388,0.0,6.403430937592429,21.342336811950076,5.374803901507401,,,
125,05023,AR,Cleburne County,6,0,24848.0,6.648422408242112,38.69535101658314,11.75326779734255,0.1031507876969242,6.3147508633448455,26.690276883451386,4.684481648422408,,,
126,05025,AR,Cleveland County,6,0,7632.0,15.828092243186584,37.96664019062748,9.293075393238112,0.1092896174863388,1.965923984272608,20.4664570230608,4.677672955974843,,,
127,05027,AR,Columbia County,6,0,22947.0,40.70248834270275,45.74442919998107,12.981282470998506,0.65653964984552,4.360806056082738,16.686277073255763,5.95284786682355,,,
128,05029,AR,Conway County,6,0,20687.0,18.91526079180161,42.4556284950158,11.86287462624296,0.5791962174940898,6.666666666666667,19.205298013245034,5.578382559095084,,,
129,05031,AR,Craighead County,6,0,109875.0,26.01410693970421,38.19678934560752,10.340768892607455,1.3328556073092082,5.729809374712221,13.63367463026166,6.827758816837315,,,
130,05033,AR,Crawford County,6,0,60483.0,16.869202916521996,39.55881612302113,15.07868523458724,1.0374538420960084,4.700589512876202,16.679066845229237,6.2711836383777255,,,
131,05035,AR,Crittenden County,6,0,48338.0,59.394265381273534,45.06699147381242,15.499757006317836,0.7111685792791337,9.91857883049593,13.840043030328106,7.491000868881626,,,
132,05037,AR,Cross County,6,0,16935.0,27.86536758193091,43.20115011381335,18.20039158934196,0.0,8.241129339946585,18.53557720696782,6.147032772364925,,,
133,05039,AR,Dallas County,6,0,6645.0,47.163280662152,35.99134343266189,12.253218884120171,0.0,8.164794007490636,23.446200150489087,5.041384499623777,,,
134,05041,AR,Desha County,6,0,11530.0,55.98438855160451,54.258757753123085,19.112318840579707,2.8595636517686933,5.697879858657244,18.8031222896791,6.851691240242845,,,
135,05043,AR,Drew County,6,0,17511.0,34.64108274798698,44.916586073500966,13.034914950760967,0.0,2.520786590999076,17.668893838158873,6.059048598024099,,,
136,05045,AR,Faulkner County,6,0,123191.0,20.84324341875624,35.63774453005404,6.889336437109303,0.7169770696522769,3.267394941442772,12.515524673068647,5.926569311069803,,,
137,05047,AR,Franklin County,6,0,17159.0,10.251180138702722,44.49378330373002,13.521985935779036,0.0,5.14317486794551,19.465003788099537,5.46651902791538,,,
138,05049,AR,Fulton County,6,0,12072.0,6.643472498343274,49.51227716111672,14.104632403779672,0.0647109577221742,5.9026977173161175,25.596421471172963,4.895626242544732,,,
139,05051,AR,Garland County,6,0,99694.0,18.890805865949805,37.74834437086093,9.622568416392262,1.4337174073809011,6.168537291817524,23.386562882420208,5.2199731177402855,,,
140,05053,AR,Grant County,6,0,17912.0,8.430102724430549,30.273360122248004,8.403696033136848,0.1021897810218978,3.436947182208744,17.77020991514069,5.7726663689146935,,,
141,05055,AR,Greene County,6,0,45665.0,8.757253914376436,40.86694224109039,11.3388644867415,0.6028550304271172,7.413300884541583,15.834884484835213,6.595861162816161,,,
142,05057,AR,Hempstead County,6,0,20352.0,46.29520440251572,44.7536087605774,16.166333110962864,1.4538725878932064,4.846126636009904,17.82134433962264,6.7855738993710695,,,
143,05059,AR,Hot Spring County,6,0,33096.0,18.00519700265893,40.46364253613114,11.435471570205914,1.0687655343827671,5.547169811320755,18.68201595358956,4.867657722987672,,,
144,05061,AR,Howard County,6,0,12894.0,36.776795408717234,45.881798176674,11.94793119479312,2.303445650104702,5.739774448746003,17.519776640297813,7.018768419419885,,,
145,05063,AR,Independence County,6,0,37796.0,14.842840512223516,40.95245861534698,14.215956525163426,0.5644992682416894,5.436688881094353,17.025611175785798,6.246692771721875,,,
146,05065,AR,Izard County,6,0,13653.0,10.88405478649381,45.23527085804666,17.896786757546252,0.0,6.8559411146161935,24.719841793012527,4.819453599941405,,,
147,05067,AR,Jackson County,6,0,16878.0,23.61061737172651,48.00135961930659,16.517894385584384,0.0,10.27428398242158,17.72129399217917,5.332385353714895,,,
148,05069,AR,Jefferson County,6,0,68199.0,61.87480754849778,42.93290478103656,11.598543448751371,0.5160550458715597,9.33299700911679,17.536914030997522,5.973694628953504,,,
149,05071,AR,Johnson County,6,0,25853.0,21.94716280509032,51.65341812400636,19.91977821034625,3.137374352726165,3.825086726310024,16.234092755192822,6.335821761497698,,,
150,05073,AR,Lafayette County,6,0,6373.0,42.460379726973166,54.52648475120385,18.922470433639948,1.4,7.96243364638628,23.58386944923897,4.032637690255767,,,
151,05075,AR,Lawrence County,6,0,16292.0,6.807021851215321,46.25617635879893,15.207877461706785,0.0159744408945686,7.2418670438472414,18.837466241099925,5.9170144856371225,,,
152,05077,AR,Lee County,6,0,8832.0,59.40896739130434,54.30327868852459,18.261843790012804,0.6505240332490061,14.252179745137491,19.22554347826087,5.514039855072464,,,
153,05079,AR,Lincoln County,6,0,13092.0,36.02199816681943,36.69867947178872,18.79242224698612,0.2654084340902388,3.1473533619456364,15.528567063855789,4.216315307057745,,,
154,05081,AR,Little River County,6,0,12104.0,27.404163912756115,35.88923491288612,10.109811410837908,0.3787081843046497,8.437270726338959,20.72042300066094,5.973231989424983,,,
155,05083,AR,Logan County,6,0,21299.0,11.4934973472933,40.21247201181459,12.271523178807946,0.6166122597025753,4.832480951883937,19.606554298323864,5.864125076294662,,,
156,05085,AR,Lonoke County,6,0,73824.0,14.961259211096662,29.529466509730927,10.059688159818094,0.513252923708619,5.152244968174781,13.663578240138708,6.415257910706545,,,
157,05087,AR,Madison County,6,0,16496.0,16.870756547041708,38.56671957026004,15.088757396449704,0.082562747688243,5.129674738501218,19.09553831231814,6.777400581959263,,,
158,05089,AR,Marion County,6,0,16750.0,6.835820895522388,45.73736886530809,13.827044762127958,0.3884892086330935,7.746819133515864,27.8089552238806,4.334328358208955,,,
159,05091,AR,Miller County,6,0,42875.0,32.40116618075802,43.19357244232759,13.102858120828342,0.270935960591133,7.522813265079012,16.452478134110788,6.057142857142858,,,
160,05093,AR,Mississippi County,6,0,41061.0,43.004310659750125,45.44159188060896,17.385782061339608,0.8095085126887247,9.57022136969257,14.585616521760308,7.033438055575851,,,
161,05095,AR,Monroe County,6,0,6903.0,45.84963059539331,41.015854374633,21.18905574984571,0.1065340909090909,10.305614783226725,22.903085614950022,6.794147472113574,,,
162,05097,AR,Montgomery County,6,0,8525.0,9.489736070381232,46.55234012147195,16.041115091107304,1.171981466339602,8.721100380450688,26.815249266862168,4.598240469208212,,,
163,05099,AR,Nevada County,6,0,8340.0,37.21822541966427,45.23517883390495,9.03214535290007,0.0,7.378984651711924,20.52757793764988,5.743405275779376,,,
164,05101,AR,Newton County,6,0,7343.0,7.653547596350266,37.22557628979144,14.780168381665106,0.2527988443481401,4.579606440071556,26.474193109083483,4.943483589813428,,,
165,05103,AR,Ouachita County,6,0,22858.0,45.26642750896841,44.253180322035405,12.438431323648606,0.0460511167395809,6.274900398406374,20.404234841193457,5.477294601452446,,,
166,05105,AR,Perry County,6,0,10056.0,8.701272871917263,40.80546349301999,8.702397743300423,0.0,4.277398127056442,19.89856801909308,5.071599045346062,,,
167,05107,AR,Phillips County,6,0,16923.0,65.9871181232642,53.090973998929016,18.31268221574344,0.1741884402216943,15.286721864458755,18.885540388819948,7.368669857590262,,,
168,05109,AR,Pike County,6,0,10234.0,14.490912644127418,38.772261466520746,12.104673943464874,0.4700643245917862,3.6685082872928176,20.09966777408638,5.110416259527066,,,
169,05111,AR,Poinsett County,6,0,23212.0,14.535585042219545,45.11609463805789,18.51030110935024,0.7895907473309609,4.229637894309768,17.865759090125795,6.311390660003447,,,
170,05113,AR,Polk County,6,0,19476.0,12.897925652084616,45.879964603612514,11.53082971999706,1.2280248190279217,10.350624399615754,22.612446087492295,5.858492503594167,,,
171,05115,AR,Pope County,6,0,63234.0,16.815320871682957,43.6661997198319,15.75600450031796,2.5575008582217644,5.897373115533947,15.423664484296424,6.178638074453617,,,
172,05117,AR,Prairie County,6,0,8306.0,15.928244642427162,36.84861987869786,13.16182572614108,0.0,5.973684210526316,23.284372742595718,5.140862027450036,,,
173,05119,AR,Pulaski County,6,0,397931.0,48.98864375984781,36.04418286228108,8.522869928665317,1.7571661900338196,5.27015415718979,15.627332376718575,6.438302117703823,,,
174,05121,AR,Randolph County,6,0,18442.0,9.04999457759462,45.43589174800355,14.41234665611397,0.6635333149018523,7.285562067128397,19.49354733759896,6.430972779524997,,,
175,05123,AR,St. Francis County,6,0,23623.0,60.9702408669517,55.18130932100268,17.680551393467187,3.9160324085440714,6.613879832324174,16.454303009778606,6.087287812724887,,,
176,05125,AR,Saline County,6,0,122308.0,17.315302351440625,26.249255410682377,8.193282262816735,1.318783180247746,3.839901157497725,17.75599306668411,5.695457369918566,,,
177,05127,AR,Scott County,6,0,9928.0,16.20668815471394,46.133576568359175,20.04045658141887,3.605891315388522,5.861217156972828,20.215551974214343,4.764302981466559,,,
178,05129,AR,Searcy County,6,0,7872.0,10.073678861788618,49.6078179246496,19.84746056508927,0.0,4.2833607907743,25.1905487804878,4.941565040650406,,,
179,05131,AR,Sebastian County,6,0,127941.0,31.443399692045556,41.36858722641345,15.422682337562296,2.967801965611492,4.961506961506962,16.034734760553693,6.468606623365456,,,
180,05133,AR,Sevier County,6,0,16074.0,44.17693169092945,49.030837004405285,26.46912598190315,6.875227355401964,4.832022873481058,13.923105636431504,7.701878810501431,,,
181,05135,AR,Sharp County,6,0,17243.0,8.50200081192368,52.30044182621503,17.768528893869057,0.0,5.536222714330908,25.03044713796903,5.033926810879778,,,
182,05137,AR,Stone County,6,0,12364.0,8.468133290197347,55.92861217504685,15.371044216561913,0.0,7.482212531558412,26.82788741507603,4.98220640569395,,,
183,05139,AR,Union County,6,0,39262.0,39.45290611787479,40.96261634185222,13.669601552007164,0.6828476776418092,4.3782622044826525,17.749987265039987,6.400590902144568,,,
184,05141,AR,Van Buren County,6,0,15851.0,7.671440287679012,47.55280454342416,14.940374787052807,0.5035246727089627,5.398018448923813,25.676613462873004,4.378272664185225,,,
185,05143,AR,Washington County,6,0,242793.0,32.49681827729795,36.78197627381348,13.5028761731759,4.006394463970919,4.721307240198928,11.685674628181207,6.548788474132286,,,
186,05145,AR,White County,6,0,77075.0,13.207914369120983,43.03861166646266,14.21419025392456,0.4300849680058743,5.376312199750904,16.046707752189427,5.867012650016218,,,
187,05147,AR,Woodruff County,6,0,6333.0,30.570030001579028,43.976493633692456,17.557593379557147,0.0,7.561567811307665,23.62229591031107,5.873993368072004,,,
188,05149,AR,Yell County,6,0,20489.0,25.765044658109236,43.60375577524964,22.54584681769148,4.906511072802015,3.624643347775547,17.228756893943093,6.115476597198496,,,
189,06001,CA,Alameda County,9,0,1673133.0,70.1320815500023,19.41000051018053,10.995566492972811,7.997483165229172,5.048308418226371,13.985499060744123,5.621489744090876,,,
190,06003,CA,Alpine County,9,0,1344.0,45.68452380952381,30.729166666666668,6.29514963880289,1.152073732718894,9.217391304347826,28.199404761904763,7.514880952380952,,,
191,06005,CA,Amador County,9,0,40095.0,24.97568275346053,20.72293768627129,8.6903073286052,1.565545017539301,6.778511071362487,26.696595585484477,3.8109489961341816,,,
192,06007,CA,Butte County,9,0,217884.0,29.708927686291787,36.57411109490905,9.660469729262063,2.190123340993294,7.183860915204199,17.988470929485416,5.396908446696407,,,
193,06009,CA,Calaveras County,9,0,45349.0,20.781053606474234,28.808956752064457,9.195731166490228,0.5473258373490392,6.808248346968508,28.04251471917793,4.2713180003969216,,,
194,06011,CA,Colusa County,9,0,21780.0,66.03305785123968,36.15936993282372,26.6747955816956,10.0232781048884,5.5362979102703775,14.55922865013774,7.033976124885216,,,
195,06013,CA,Contra Costa County,9,0,1161643.0,58.37628255841081,19.086146768053577,10.25614270452908,5.740472863892413,5.8383628943858215,15.84230266958093,5.538104219626856,,,
196,06015,CA,Del Norte County,9,0,27655.0,39.9132164165612,38.03794913201453,19.413287316652287,1.091176161997692,7.5037518759379696,17.866570240462845,5.619237027662267,,,
197,06017,CA,El Dorado County,9,0,190568.0,23.721191385752068,19.203976412547508,5.321849631393247,1.3617763466827664,4.687841082733027,21.45218504680744,4.5500818605432185,,,
198,06019,CA,Fresno County,9,0,1003150.0,72.09390420176445,42.4188654614703,22.092396218129213,9.759208195381351,8.786108648520544,12.14574091611424,7.484523750186911,,,
199,06021,CA,Glenn County,9,0,28675.0,49.90409764603313,41.532712915961646,23.521373127801464,7.197785296831744,7.055589492974954,16.170880557977334,7.3025283347864,,,
200,06023,CA,Humboldt County,9,0,137014.0,27.90079845855168,40.72762323193831,9.008154346319886,1.5243164771352529,9.369448041193651,18.076254981242798,5.039630986614506,,,
201,06025,CA,Imperial County,9,0,180051.0,90.27497764522276,46.550677845271,29.56006783534512,25.15096286862388,13.940912104914169,12.819145686499937,7.769465318159854,,,
202,06027,CA,Inyo County,9,0,18804.0,40.15634971282706,25.650073285923675,7.915029826858723,1.2640449438202246,4.316958662544372,23.175920017017656,4.132099553286535,,,
203,06029,CA,Kern County,9,0,905644.0,67.82289729739279,43.92061964322048,24.05209300978012,8.958337125279845,8.866073430384933,10.933656050280243,7.517081767228624,,,
204,06031,CA,Kings County,9,0,151887.0,69.14811669201445,41.32385638782577,26.36989571287622,13.856674213371528,9.108701676596924,10.306346165241266,7.453567454752546,,,
205,06033,CA,Lake County,9,0,67749.0,32.18350086348138,38.19835034757302,13.404847690795938,2.292165583304824,10.081426909654905,22.668969283679463,5.729973874153124,,,
206,06035,CA,Lassen County,9,0,32949.0,35.84327293696318,34.59185001952871,19.95230851457468,2.9966329966329965,6.897294967130079,14.737928313454129,4.907584448693435,,,
207,06037,CA,Los Angeles County,9,0,10019635.0,74.54166743598944,32.24026383578323,19.9571630472485,12.052341577193564,7.000432345209087,13.695279319057033,5.692492790406037,,,
208,06039,CA,Madera County,9,0,156304.0,67.59200020472925,41.82744344626042,28.19128970407718,10.681995502317683,10.455314543542215,13.853132357457262,7.193034087419388,,,
209,06041,CA,Marin County,9,0,262387.0,30.320480816503864,15.79794680354643,6.576024909185262,3.81104760436044,5.15358361774744,22.3623883805219,4.4773559665684655,,,
210,06043,CA,Mariposa County,9,0,17225.0,22.11901306240929,34.52556032707806,9.124546732775846,2.0031628887717448,9.697280656747049,28.22060957910015,4.145137880986938,,,
211,06045,CA,Mendocino County,9,0,91534.0,36.55472283523062,37.26823307226573,13.35973354207917,2.6972471696457303,8.469162478275166,22.39277208468984,5.549850328839557,,,
212,06047,CA,Merced County,9,0,279150.0,74.05839154576393,42.6133008629827,29.64686542448069,12.216667891886594,11.08755321072268,11.10084184130396,7.511732043704102,,,
213,06049,CA,Modoc County,9,0,8723.0,23.35205777828729,41.34275618374559,14.54905545399147,3.48666861998242,9.876543209876544,28.12105926860025,5.250487217700332,,,
214,06051,CA,Mono County,9,0,13291.0,35.91151907305696,24.842169316193807,12.782984100242182,3.003171050177205,2.446735395189003,14.980061695884434,5.492438492212775,,,
215,06053,CA,Monterey County,9,0,438953.0,71.21423022510382,32.17168150819641,27.010523163793472,10.73343745431884,5.486839353470168,13.65499267575344,6.8831970621000425,,,
216,06055,CA,Napa County,9,0,138795.0,49.04787636442235,20.125026691505106,14.75569536759856,5.348240845214894,4.885423728813559,19.27663100255773,4.799884722072121,,,
217,06057,CA,Nevada County,9,0,102090.0,16.19943187383681,25.575931800158603,4.870195978620514,0.8391026738752845,4.185627024146271,27.450288960720933,4.132628073268684,,,
218,06059,CA,Orange County,9,0,3182923.0,60.95648559515892,23.32340914119182,13.388919483522136,7.898509065877956,5.421738126121644,14.842174944225794,5.717543277044402,,,
219,06061,CA,Placer County,9,0,400330.0,29.707990907501312,16.59579399228126,5.174401896050722,1.927675434495104,4.277207117173736,19.42647315964329,5.190717657932206,,,
220,06063,CA,Plumas County,9,0,19631.0,17.4061433447099,30.570673301197328,5.449591280653951,0.8990402138257806,8.241693271845808,28.251235291121183,4.360450308186032,,,
221,06065,CA,Riverside County,9,0,2409331.0,66.7554188278821,30.426597577663923,17.009495179927747,8.302701125986825,7.223240221876575,14.339167179602969,6.243392875449659,,,
222,06067,CA,Sacramento County,9,0,1571767.0,57.10859179509431,30.00702337319264,11.93478218121242,6.196917550926953,6.560270122769167,14.066970486083497,6.279047721449809,,,
223,06069,CA,San Benito County,9,0,63329.0,67.66568238879502,21.31402870265889,16.748780428609567,8.106978687839533,7.137713771377138,12.736660929432016,6.530973171848601,,,
224,06071,CA,San Bernardino County,9,0,2171071.0,73.41966246152245,34.42320540332538,18.89536360772495,6.226994382755166,7.467937074808048,11.556830707056562,6.881718746185639,,,
225,06073,CA,San Diego County,9,0,3296317.0,55.854609857001016,25.19429035936403,11.684828596188638,6.002637075740921,6.557940923818316,14.102527153790124,6.018140852351276,,,
226,06075,CA,San Francisco County,9,0,865933.0,60.84570053341309,20.470623575063566,11.219663003705536,10.622276605522366,5.286646005828207,15.9311401690431,4.41362091524402,,,
227,06077,CA,San Joaquin County,9,0,771406.0,70.41804186122484,32.38732104711487,19.700528058346457,8.456418167406738,7.280191390269107,12.642240272956135,6.862404492575894,,,
228,06079,CA,San Luis Obispo County,9,0,282771.0,32.65893602950798,24.66409994499882,8.067338156712536,2.2754939601086246,5.145118733509235,20.240406548054786,4.497278716700086,,,
229,06081,CA,San Mateo County,9,0,762488.0,62.245700915948845,14.699961802145689,9.180960183575705,7.78241698503541,4.604277314664846,16.2453704189443,5.470381173211907,,,
230,06083,CA,Santa Barbara County,9,0,447651.0,56.97474148387919,31.440210767124828,18.09198215056859,7.0222318679380935,6.137066941737213,15.239773841675769,6.13603007700195,,,
231,06085,CA,Santa Clara County,9,0,1932022.0,70.14050564641603,15.567417727216323,10.81273362719843,10.094813765851894,4.452060963758326,13.555176907923409,5.74475860005735,,,
232,06087,CA,Santa Cruz County,9,0,272138.0,43.86267261462935,25.18239196783444,11.7243103591966,5.021974377047141,6.385357088973927,16.8241847885999,4.804547692714726,,,
233,06089,CA,Shasta County,9,0,181935.0,21.97872866683156,33.13136168761843,8.935611038107753,1.0390666629273353,6.525693215704228,20.43586995355484,5.711930084920438,,,
234,06091,CA,Sierra County,9,0,3079.0,12.569015914257877,22.83748361730013,5.635023840485479,0.0,8.989501312335959,27.768756089639496,3.345241961675869,,,
235,06093,CA,Siskiyou County,9,0,44151.0,25.161377998233338,38.391387822270985,10.08596344226174,1.295838262178729,7.869545859305433,25.480736563158253,5.075762723381124,,,
236,06095,CA,Solano County,9,0,451432.0,63.67669992379805,21.738982389074778,11.149302788525857,4.739897937929598,5.953515588635567,15.88124014247993,5.929796735720994,,,
237,06097,CA,Sonoma County,9,0,492498.0,38.31386117304029,20.145140509679464,10.834490594621892,4.054733876647551,5.070805483176617,19.86099435936796,4.809968771446788,,,
238,06099,CA,Stanislaus County,9,0,550842.0,60.38010899677222,34.8656801657673,20.046879208669782,7.433154163834417,8.410268837798329,12.951989862791873,7.041765152257816,,,
239,06101,CA,Sutter County,9,0,99080.0,55.87202260799354,34.5899180754359,20.350844740411887,7.121670794728312,7.607707487970908,15.202866370609607,6.536132418247881,,,
240,06103,CA,Tehama County,9,0,65345.0,33.60471344402785,39.85771192088907,14.231300396489509,2.256527229033441,8.112021471959316,19.57915678322749,5.829061137041855,,,
241,06105,CA,Trinity County,9,0,15818.0,20.37552155771905,42.98975672215109,6.115424637797166,1.165331391114348,5.77893820713664,27.75319256543179,3.8247566063977754,,,
242,06107,CA,Tulare County,9,0,470999.0,73.00992146480141,45.18837093723981,27.38189718636094,15.874698311979431,10.209434125104286,11.280278726706426,7.715939948917089,,,
243,06109,CA,Tuolumne County,9,0,55243.0,20.87142262368083,24.452738242574256,7.9082416932718465,0.679565424403757,8.089772581815078,26.15353981499918,4.491066741487609,,,
244,06111,CA,Ventura County,9,0,845255.0,55.858291284878526,23.30929636323244,14.374940195029446,5.831945815769243,5.57948510165133,15.674204825762638,5.630490207097266,,,
245,06113,CA,Yolo County,9,0,216703.0,54.83357406219572,31.43307914804102,12.398972495457675,6.318983450596918,5.590968221520163,12.5328214191774,5.309571164220154,,,
246,06115,CA,Yuba County,9,0,80404.0,47.39813939604995,35.72625485566304,18.83205070167497,2.9046414757512644,6.53350870216866,12.450873090891,7.647629471170589,,,
247,08001,CO,Adams County,8,0,514969.0,51.74330882053094,26.238898008595594,15.135807712669704,4.717887833559475,4.566796974589955,10.489175076558006,6.781767446195791,,,
248,08003,CO,Alamosa County,8,0,16377.0,53.53239299016914,41.52707440592131,13.052781740370897,3.7300458353089936,5.489651691065118,13.641082005251269,6.185504060572755,,,
249,08005,CO,Arapahoe County,8,0,651621.0,41.51416237352694,20.53364916566936,7.930632729879907,4.057415339068396,4.560799791245352,13.22287034948229,5.975559412603339,,,
250,08007,CO,Archuleta County,8,0,13267.0,24.24813446898319,31.06803496769289,5.963707699852868,0.537261698440208,4.718490083173385,26.064671741916037,4.49234943845632,,,
251,08009,CO,Baca County,8,0,3519.0,16.8513782324524,50.6993006993007,14.459724950884087,1.1292346298619824,2.6814911706998035,24.69451548735436,4.859335038363171,,,
252,08011,CO,Bent County,8,0,5861.0,45.57242791332537,49.869884078542704,12.916023804275952,1.218836565096953,6.087470449172576,18.59750895751578,3.617130182562703,,,
253,08013,CO,Boulder County,8,0,328713.0,23.326123396397467,21.68387308478684,4.512600829421683,1.6636168290293925,4.568389106644003,14.685759309793042,4.2681609793345565,,,
254,08014,CO,Broomfield County,8,0,72697.0,24.44117363852704,12.09883712891138,3.4154777345438823,1.6719232204022112,3.3408461285627085,13.959310563021855,5.02221549720071,,,
255,08015,CO,Chaffee County,8,0,19436.0,15.450710022638404,32.040500165984284,5.5911587758305,0.8314790959128704,4.789781798829164,25.37044659394937,3.838238320642108,,,
256,08017,CO,Cheyenne County,8,0,1691.0,19.2193968066233,27.8886872353297,6.968641114982578,1.4388489208633095,2.877697841726619,19.455943228858665,10.940272028385571,,,
257,08019,CO,Clear Creek County,8,0,9427.0,12.909727378805558,17.251776868404047,2.6520649162158594,1.5134402529929976,3.8644875723527408,20.748912697570805,3.065662458894664,,,
258,08021,CO,Conejos County,8,0,7579.0,55.24475524475524,52.69858109004111,10.540052198353743,9.525347110106557,7.957244655581948,19.250560759994723,6.689536878216123,,,
259,08023,CO,Costilla County,8,0,3517.0,66.8751777082741,47.05715098094967,13.138686131386862,7.192254495159059,7.7142857142857135,26.32925789024737,2.9854990048336654,,,
260,08025,CO,Crowley County,8,0,6018.0,46.90927218344965,58.46404563047464,10.973871733966746,1.6417910447761193,5.564738292011019,13.991359255566632,2.725157859754071,,,
261,08027,CO,Custer County,8,0,4720.0,11.35593220338983,34.05474220241884,1.7128874388254487,0.6120527306967984,5.52540700542674,33.559322033898304,0.8898305084745763,,,
262,08029,CO,Delta County,8,0,31133.0,20.030193042752064,37.13750543532796,10.358808911365916,0.9964588651898212,5.24436686766106,25.8632319403848,4.516108309510809,,,
263,08031,CO,Denver County,8,0,706799.0,46.026522391797386,26.42856012305337,9.96761361978584,3.6011671540426726,4.583647202150118,11.69837535140825,5.716193712781145,,,
264,08033,CO,Dolores County,8,0,2288.0,19.79895104895105,26.923076923076923,3.5696073431922484,0.0,3.022452504317789,33.91608391608392,1.5297202797202798,,,
265,08035,CO,Douglas County,8,0,351929.0,19.703121936526973,8.298217734779993,2.1243769285544745,0.7410823867855942,3.453011476378251,12.252471379170233,5.584080879950217,,,
266,08037,CO,Eagle County,8,0,55693.0,35.14086150862766,23.847666468221757,8.294571694365525,3.890113269437754,3.8849303728232263,12.046397213294313,5.137090837268597,,,
267,08039,CO,Elbert County,8,0,25897.0,14.638761246476426,14.619678995115144,3.650382831877494,0.2051614296512255,1.958975086947264,16.68146889601112,4.305518013669537,,,
268,08041,CO,El Paso County,8,0,722736.0,32.3642381173762,25.047703546982664,5.550444713882365,1.4823560763644708,6.066674124622441,12.865970423501803,6.468752075446636,,,
269,08043,CO,Fremont County,8,0,49007.0,21.707103066908807,34.72704035055688,10.322104486267069,0.0685322672758423,4.669455022161183,21.45407798885873,3.9831044544656886,,,
270,08045,CO,Garfield County,8,0,61221.0,33.74659022230934,24.519446056886974,10.401348413415738,5.072096558713779,3.9304851556842864,13.291190931216413,6.664379869652571,,,
271,08047,CO,Gilpin County,8,0,5812.0,14.556090846524434,18.99265477439664,6.2660393498716855,0.2866356144750985,1.9397116644823065,17.326221610461115,1.8754301445285613,,,
272,08049,CO,Grand County,8,0,15629.0,16.15586409879071,22.94261137501605,5.552279046254951,0.3595274781715459,4.968194779556921,17.972998912278456,3.6918548851494015,,,
273,08051,CO,Gunnison County,8,0,16851.0,14.367099875378315,30.573049822285963,2.041750595129097,0.2253521126760563,4.212839128773405,14.349296777639308,3.8336003797994183,,,
274,08053,CO,Hinsdale County,8,0,858.0,14.102564102564102,20.62937062937063,3.629032258064517,0.0,3.896103896103896,31.23543123543124,4.07925407925408,,,
275,08055,CO,Huerfano County,8,0,6787.0,38.69161632532784,37.11526855763428,7.901427733229024,0.4008746355685131,5.294585987261147,33.54943273905997,4.4644172683070575,,,
276,08057,CO,Jackson County,8,0,1375.0,10.036363636363635,37.29927007299271,13.901760889712698,0.0,9.023668639053255,36.21818181818182,1.4545454545454546,,,
277,08059,CO,Jefferson County,8,0,580130.0,23.03311326771586,16.840784308234607,4.860872918061328,1.1019074076423157,3.9993148667896703,16.53094995949184,4.980607794804612,,,
278,08061,CO,Kiowa County,8,0,1414.0,6.152758132956153,35.52346570397112,2.9001074113856067,0.8561643835616438,0.5738880918220948,21.287128712871286,10.961810466760962,,,
279,08063,CO,Kit Carson County,8,0,7071.0,23.235751661716872,35.32694233795965,10.800083559640694,3.8798920377867754,3.147835862844295,19.318342525809644,6.661009758167162,,,
280,08065,CO,Lake County,8,0,7417.0,38.560064716192535,21.193866374589263,11.719768958449786,2.361359570661896,2.7346313716910964,11.028717810435486,3.963866792503708,,,
281,08067,CO,La Plata County,8,0,55673.0,22.52258725055233,24.742881586044003,3.4057120011993702,0.377256804095931,3.3067198935462407,17.99974853160419,4.639591902717655,,,
282,08069,CO,Larimer County,8,0,354670.0,18.674542532495,23.32674058651315,3.6758322499227134,1.3928017909419663,4.556774925083016,15.844024022330617,4.772323568387515,,,
283,08071,CO,Las Animas County,8,0,14531.0,47.4502787144725,41.61940994903453,11.816048803378695,1.2012480499219969,7.342934008545655,24.237836349872683,4.734705113206249,,,
284,08073,CO,Lincoln County,8,0,5630.0,29.50266429840142,35.963541666666664,11.26693605894937,0.1103752759381898,2.593192868719611,17.08703374777975,5.506216696269982,,,
285,08075,CO,Logan County,8,0,21765.0,24.916149781759707,35.1494857689548,8.574250905498848,0.5423814328960646,3.4278646523544483,17.312198483804274,6.409372846312887,,,
286,08077,CO,Mesa County,8,0,154685.0,19.7536929889776,30.24025634405185,8.451408568094683,1.043935653548897,5.633638914389893,19.389727510747647,5.414875391925526,,,
288,08081,CO,Moffat County,8,0,13240.0,20.891238670694865,35.180245408124385,8.020134228187919,2.069908221050576,4.518355820520866,14.818731117824774,6.518126888217522,,,
289,08083,CO,Montezuma County,8,0,25916.0,28.507485723105415,34.85525548863416,9.123733563267946,1.911863110601281,5.070202808112325,22.684827905540978,5.25929927457941,,,
290,08085,CO,Montrose County,8,0,42328.0,24.846437346437348,29.018709431080563,11.215507862723763,4.097387173396674,5.265055896141363,23.854186354186357,5.214042714042714,,,
291,08087,CO,Morgan County,8,0,28868.0,42.8017181654427,35.849852382960776,19.283303872730198,6.235260824450523,4.311206281227695,15.155189136760429,7.225994180407372,,,
292,08089,CO,Otero County,8,0,18665.0,48.80792927939995,46.57414010642383,12.158318849739295,2.5859805723286957,6.282586027111575,20.52504687918564,5.818376640771498,,,
293,08091,CO,Ouray County,8,0,4850.0,7.855670103092784,17.665289256198346,1.3798294029101856,0.1814882032667876,3.571428571428571,31.17525773195876,3.896907216494845,,,
294,08093,CO,Park County,8,0,17384.0,12.03405430280718,18.15852309125852,2.5413966882649386,0.1952852559631747,4.375068703968341,21.076852277956743,3.5434882650713297,,,
295,08095,CO,Phillips County,8,0,4497.0,32.354903268845895,35.33664708540443,13.228070175438598,8.338192419825074,1.1380504700643246,16.655548143206584,8.716922392706248,,,
296,08097,CO,Pitkin County,8,0,17471.0,19.168908476904583,12.053520156196164,2.491261991522273,0.7359066925853929,2.7331048422532733,19.31200274740999,5.832522465800469,,,
297,08099,CO,Prowers County,8,0,11966.0,42.6792578973759,42.28808433422622,17.830262133402545,5.835783759330468,3.902439024390244,17.691793414674912,6.735751295336788,,,
298,08101,CO,Pueblo County,8,0,167453.0,49.12721778648337,37.81759077077248,9.467635655545315,1.524638030161645,6.719635869999202,18.4499531211743,5.611126704209539,,,
299,08103,CO,Rio Blanco County,8,0,6495.0,16.951501154734412,32.257017686191794,8.532344076049153,1.8086816720257235,7.041800643086817,15.735180908391069,6.759045419553503,,,
300,08105,CO,Rio Grande County,8,0,11476.0,48.75392122690833,31.483118260562136,10.914786967418546,3.5095320623916813,7.184430702073481,20.50365981178111,5.428720808644127,,,
301,08107,CO,Routt County,8,0,24899.0,14.856018313988514,19.98945361619276,3.3270928055629847,0.5745987715474539,2.481234361968307,16.48258966223543,4.1567934455199005,,,
302,08109,CO,Saguache County,8,0,6369.0,41.67059192965929,42.59375984872361,13.340336134453782,4.101494612443517,10.645488340655628,24.91756947715497,5.118542942377139,,,
304,08113,CO,San Miguel County,8,0,8084.0,14.930727362691735,28.66020382798906,1.7141941685357258,2.5876460767946576,3.590451765634248,15.74715487382484,2.9811974270163284,,,
305,08115,CO,Sedgwick County,8,0,2459.0,24.115494103294026,37.087458745874585,11.26357918810749,0.392156862745098,4.284412032816773,23.46482309882066,10.776738511590075,,,
306,08117,CO,Summit County,8,0,31042.0,20.343405708395075,22.44117456407597,5.456349206349207,3.6896460411333742,3.248259860788863,14.43850267379679,4.088009793183429,,,
307,08119,CO,Teller County,8,0,24607.0,14.31706425001016,22.551819813938305,2.1588361057516816,0.5115089514066496,4.409229000738977,22.42044946559922,3.55183484374365,,,
308,08121,CO,Washington County,8,0,4834.0,14.06702523789822,32.58771929824562,8.58242083456644,1.949025487256372,3.11284046692607,20.66611501861812,4.406288787753413,,,
309,08123,CO,Weld County,8,0,322424.0,35.6995757139667,25.75102123664781,11.91132816240544,3.3671395946845046,4.932738043129358,12.109830533707168,7.000719549413195,,,
310,08125,CO,Yuma County,8,0,9944.0,26.981094127111827,31.64727877025343,12.521021250573307,4.891864057672503,6.011469250543801,17.960579243765086,7.290828640386163,,,
311,09001,CT,Fairfield County,1,0,956446.0,40.22746710216782,21.1773506683664,9.805912404078404,7.248392441685768,6.351634555024385,15.827866915643956,5.377616718560169,,,
312,09003,CT,Hartford County,1,0,898636.0,40.98211066549749,23.658319698775905,9.69421839906853,5.968658930970553,5.810693884495756,16.99965280714327,5.296248981790179,,,
313,09005,CT,Litchfield County,1,0,185175.0,13.536924530849197,17.82326619476385,6.109383043670561,1.2437046635585185,5.9588700476826615,21.41703793708654,4.114486296746321,,,
314,09007,CT,Middlesex County,1,0,164568.0,17.810874532108308,16.54173978440712,5.013307843799699,2.501466275659824,4.67962173508472,20.522215740605706,3.9764717320499736,,,
315,09009,CT,New Haven County,1,0,864751.0,39.20585232049457,25.298155426076896,9.676565560319728,5.563020214030916,6.706236444153145,17.334354051050532,5.104822081732198,,,
316,09011,CT,New London County,1,0,269131.0,26.03156083840212,22.13609926328034,6.960755928723712,2.6516016477745,5.149037838771427,18.339767622458957,4.861572988618925,,,
317,09013,CT,Tolland County,1,0,150120.0,17.30349054090061,19.428689589979918,5.177327918315359,2.2179718893119724,4.661132112766535,15.94191313615774,4.084732214228618,,,
318,09015,CT,Windham County,1,0,116503.0,18.885350591830253,25.20299700657836,10.569214813007138,2.2586681342872867,6.864650423218387,16.6587984858759,4.781851111130186,,,
319,10001,DE,Kent County,3,0,180078.0,40.35417985539599,29.93326159622693,11.18182043876563,2.218225419664269,5.552150132025651,17.18310954142094,6.030720021324093,,,
320,10003,DE,New Castle County,3,0,567769.0,44.51722443458519,23.612284382919587,7.626306409829439,2.4155741690443207,5.945714200253249,15.718892718693697,5.605096438868625,,,
321,10005,DE,Sussex County,3,0,234045.0,25.39169817770087,27.51752120988565,10.359916114039562,2.4217898832684828,5.052984662088092,28.27874981307013,4.93494840735756,,,
322,11001,DC,District of Columbia,3,0,683154.0,63.347063766002975,26.225948331691267,7.777727658562389,3.2202099940665065,7.079709784823336,12.178659570170122,6.28818685098821,,,
323,12001,FL,Alachua County,4,0,276171.0,39.97052550774701,37.44446980069983,6.820671055575839,2.049465253373713,4.819094607461265,14.357046902100508,5.082358393893639,,,
324,12003,FL,Baker County,4,0,28003.0,21.45127307788451,29.93913008425041,14.181664643479175,0.0,5.075503355704698,14.491304503088957,6.156483233939221,,,
325,12005,FL,Bay County,4,0,181384.0,24.67472323909496,31.71515608842682,9.921141627779196,1.6808221621547454,4.629236193254246,17.65315573589732,5.758501301107043,,,
326,12007,FL,Bradford County,4,0,27928.0,27.7785734746491,40.59682804674458,18.0195683170264,0.0,5.002237136465324,17.559438556287596,5.045116012603838,,,
327,12009,FL,Brevard County,4,0,601573.0,27.206673171834503,27.830181550103028,7.509306290784763,1.6253394709404634,4.780078475697214,23.525989364549275,4.557884080568775,,,
328,12011,FL,Broward County,4,0,1934551.0,65.8361552629008,30.94387547625453,10.03151306351788,9.407424801765002,5.993780637667336,16.66727835037691,5.670204610785655,,,
329,12013,FL,Calhoun County,4,0,13863.0,24.24439154584145,46.04394686272872,22.334975369458128,0.0444938820912124,3.446088794926004,17.92541296977566,4.219865829906946,,,
330,12015,FL,Charlotte County,4,0,184837.0,17.014450569961642,28.392155562554912,8.247080636242396,1.7847864177391093,5.378625019575462,39.85349253666744,2.9187879050190166,,,
331,12017,FL,Citrus County,4,0,151888.0,13.091225113241336,35.833674146681595,10.102002890770184,1.4246009446714154,7.703411076502317,36.00745286000211,3.4426682818919203,,,
332,12019,FL,Clay County,4,0,216308.0,29.15611073099469,25.678353765160665,8.081519806199209,1.1700286695766715,4.789760606778858,15.841762671745844,5.382140281450525,,,
333,12021,FL,Collier County,4,0,372797.0,38.194513367865085,26.563053932566028,10.524229476682592,7.127661650760193,4.180991993845118,32.04934589065899,4.295367183748796,,,
334,12023,FL,Columbia County,4,0,69265.0,29.14170215837725,39.472741153924055,13.524676087047672,0.7190609452736318,8.16872427983539,18.81180971630694,5.798022089078178,,,
335,12027,FL,DeSoto County,4,0,34027.0,46.00170452875658,55.88518530023919,25.211958946898704,8.323093307118866,9.443570733168578,21.747435859758426,4.884356540394393,,,
336,12029,FL,Dixie County,4,0,16701.0,16.633734506915754,41.73619388160509,19.098781270044903,0.9553615549332894,4.9097848716169326,22.968684509909583,4.0177234896114005,,,
337,12031,FL,Duval County,4,0,983153.0,49.15369225339291,33.68784112449816,9.500403307118372,3.4691789317016704,5.108627722681341,14.163614411998946,6.620129318630975,,,
338,12033,FL,Escambia County,4,0,318828.0,36.738617687279664,34.99508808262641,9.400516532278631,1.441033302809774,6.280976110413375,16.8266275233041,5.938625214849385,,,
339,12035,FL,Flagler County,4,0,113888.0,26.22313149761169,29.979080239690813,7.679241196119338,4.293156888175683,3.651895576987031,30.40706659173925,3.7247119977521774,,,
340,12037,FL,Franklin County,4,0,12232.0,23.986265533028124,45.233399079552925,21.10856428422588,0.4606273305549462,9.517871986699916,23.62655330281229,4.120340091563113,,,
341,12039,FL,Gadsden County,4,0,44233.0,67.72545384667555,46.1823681514368,19.219286700266444,2.5366224871583487,3.986748914781814,18.104130400379805,5.819184771550652,,,
342,12041,FL,Gilchrist County,4,0,17759.0,14.499690297877132,36.45484949832776,13.690428028157616,2.027331431145817,3.869407496977025,19.961709555718222,5.141055239596824,,,
343,12043,FL,Glades County,4,0,12183.0,41.15570877452188,48.30437610331692,30.57706204191184,5.402449693788276,9.06344410876133,27.21004678650579,3.825002052039728,,,
344,12045,FL,Gulf County,4,0,15205.0,21.18382111147649,28.478964401294498,13.261255173578853,0.6704113063960863,4.138682156471229,22.93982242683328,3.643538309766524,,,
345,12047,FL,Hamilton County,4,0,13973.0,45.84555929292206,54.7921103805908,24.08155414502789,1.4020912547528517,11.349335819156376,17.46224862234309,4.480068703929006,,,
346,12049,FL,Hardee County,4,0,25632.0,54.034019975031214,49.86722866174921,23.7592715431466,12.487549800796812,6.615749819382804,16.39747191011236,6.679151061173533,,,
347,12051,FL,Hendry County,4,0,39439.0,69.4033824387028,57.09288268127685,30.680866339595543,15.459012557522811,6.111736032995876,13.44608129009356,7.256776287431223,,,
348,12053,FL,Hernando County,4,0,192128.0,24.57736508994004,35.08349694935293,11.012097307149167,1.8028984764418703,6.30190705748648,26.88051715522985,4.474621085942705,,,
349,12055,FL,Highlands County,4,0,101174.0,34.87358412240299,40.53298602414467,14.09233216998563,3.397230370420902,7.351789331532749,35.260047047660464,4.463597366912448,,,
350,12057,FL,Hillsborough County,4,0,1444359.0,52.99111924389989,31.925151380847595,10.81641085652414,7.026578861824251,5.026531134126071,14.23226497013554,5.966037529450781,,,
351,12059,FL,Holmes County,4,0,19622.0,13.99449597390684,47.80416760026888,19.515779161710167,0.3859899928520371,4.787165221891578,19.90113138314137,4.846600754255428,,,
352,12061,FL,Indian River County,4,0,158002.0,26.0730876824344,27.420404517322783,8.869152476022705,2.037016583303091,5.981083921333133,32.97489905191073,4.004379691396311,,,
353,12063,FL,Jackson County,4,0,48067.0,35.00738552437223,41.72169053094938,16.64626682986536,0.7888961385610059,5.135776735568294,19.6496556889342,5.122017184346849,,,
354,12065,FL,Jefferson County,4,0,14405.0,39.9166955918084,33.4243795848291,16.19489559164733,0.1112347052280311,6.206896551724138,23.07532106907324,4.151336341548074,,,
355,12067,FL,Lafayette County,4,0,8343.0,32.92580606496464,37.80680350222477,26.38006022080964,5.470635559131135,5.875115349123346,16.193215869591274,3.6797315114467217,,,
356,12069,FL,Lake County,4,0,375059.0,32.21173202082872,29.69256275111245,9.619611158072695,2.5787026195175806,6.12656306511956,26.33532324247652,4.797378545775464,,,
357,12071,FL,Lee County,4,0,752251.0,34.79516810213612,30.06462908873792,10.232748879728812,4.771353777363639,4.628180674725262,28.40142452452705,4.537847074978963,,,
358,12073,FL,Leon County,4,0,290965.0,44.45620607289536,35.64432024430296,6.801426327436165,1.260229271650365,6.194012036234343,13.635316962521266,5.092365061089821,,,
359,12075,FL,Levy County,4,0,42392.0,21.494621626722022,45.32765836028153,12.440636632011296,1.5248144712430427,5.162250329079151,24.450367993961127,4.984431024721646,,,
360,12077,FL,Liberty County,4,0,7987.0,26.12996118692876,46.85688129386634,23.00069541029207,0.0,7.703230386936458,13.922624264429698,2.954801552522849,,,
361,12079,FL,Madison County,4,0,18051.0,46.24120547338097,47.06583819745183,19.530495505534507,1.4904517931998138,3.92156862745098,20.707994016951968,4.642402082987092,,,
362,12081,FL,Manatee County,4,0,394824.0,29.818349441776583,28.116234569640586,9.74082770963553,2.70201082852279,5.477336317851147,27.48262516969586,4.533412355885154,,,
363,12083,FL,Marion County,4,0,370372.0,31.141122979058892,37.9348772225518,11.617025594931754,2.1228791092258747,6.850905240005702,28.46840473901915,4.906688410570993,,,
364,12085,FL,Martin County,4,0,158323.0,22.791382174415595,26.36534232706309,7.896494973031986,1.9195861317843528,4.565992522339151,31.031498897822807,4.036684499409436,,,
365,12086,FL,Miami-Dade County,4,0,2690113.0,86.74137480470151,38.06254451337256,17.510282109260288,24.15696677848371,5.113400002140633,16.17720147815352,5.6868614812835,,,
366,12087,FL,Monroe County,4,0,82244.0,35.22202227518117,25.028691306225703,7.933035437224602,5.403798709984247,3.707686448462038,22.545109673654004,4.453820339477652,,,
367,12089,FL,Nassau County,4,0,88492.0,14.349319712516388,22.69574739916043,8.50364572983384,0.7465913349283676,4.767870479678127,22.274329882927272,4.994801789992316,,,
368,12091,FL,Okaloosa County,4,0,209230.0,27.984992591884527,27.5004439533553,7.119078461688466,1.9783578895885552,3.855029463880991,15.788844811929456,6.373369019739044,,,
369,12093,FL,Okeechobee County,4,0,39716.0,38.15842481619499,42.11838859961634,19.377863002024075,4.853318913072868,5.032808816971396,19.636922147245443,5.9749219458152885,,,
370,12095,FL,Orange County,4,0,1409949.0,61.75932604654495,34.55059217703542,10.532896764091202,8.251348644622675,5.6792550657581335,12.0111436654801,5.91446924675999,,,
371,12097,FL,Osceola County,4,0,380331.0,70.3332097567645,39.11778333796682,13.3899199612703,12.693816042703077,5.985015470905385,12.97080700758024,6.164104424829951,,,
372,12099,FL,Palm Beach County,4,0,1481233.0,47.48233397446587,28.882470105887105,10.933399078403756,7.170132107193192,6.112616435971098,23.7705344128844,5.038505083265091,,,
373,12101,FL,Pasco County,4,0,551598.0,28.134619777446616,31.04063122758529,9.56561090498145,2.257521236160833,5.444751724940695,22.10522880793621,5.071265668113373,,,
374,12103,FL,Pinellas County,4,0,957989.0,27.14707580149668,28.628288175929345,7.853226600486907,2.8099968729704377,4.971910694666142,24.81468993902853,4.196707895393371,,,
375,12105,FL,Polk County,4,0,713148.0,43.99605691946132,37.96332311353133,13.642637308453216,4.069468911200815,4.93499361948413,19.86361877198001,5.704566233096076,,,
376,12107,FL,Putnam County,4,0,73147.0,29.334080686836096,52.26015852452394,18.138575276520143,2.6221978473983687,9.007518256052377,22.885422505365906,5.704950305549099,,,
377,12109,FL,St. Johns County,4,0,265724.0,19.06828137465942,18.649011457885717,5.300202003109368,1.0968214136344625,4.679523097995268,20.10206078487453,4.853532236455871,,,
378,12111,FL,St. Lucie County,4,0,324599.0,45.203466430888575,31.74659473451685,11.781884476930411,4.087211300803693,5.665371214151702,23.97173127458803,4.963354785442962,,,
379,12113,FL,Santa Rosa County,4,0,184345.0,18.91833247443652,24.636133145192574,7.717260341684945,0.688542067699233,4.9263223953367685,15.96300414982777,5.511405245599284,,,
380,12115,FL,Sarasota County,4,0,429336.0,18.00291613095571,22.11888098678681,6.316132467131965,2.5706079217008813,3.578422932897172,36.49891926137105,3.43646933869976,,,
381,12117,FL,Seminole County,4,0,467382.0,41.83687005490156,24.840431729810675,5.819891457164885,3.031107130813584,4.473956155781868,15.58190088621299,5.155739844495509,,,
382,12119,FL,Sumter County,4,0,127335.0,15.563670632583342,23.592815384485224,7.780015167760664,0.4736251037580768,5.531346640427326,57.62594730435465,1.846310912160836,,,
383,12121,FL,Suwannee County,4,0,43514.0,25.155122489313783,41.74159734577103,17.093128977789323,0.8941581666445887,5.296020888914117,20.28542538033736,5.147768534264834,,,
384,12123,FL,Taylor County,4,0,21762.0,29.252826027019573,43.644581633777975,17.80085063797848,0.0687757909215956,6.203612939364235,19.180222406028857,4.250528444076831,,,
385,12125,FL,Union County,4,0,16141.0,30.964624248807382,37.73767947225456,22.680937818552497,0.0,3.3619290517041502,15.451335109348864,5.111207484046838,,,
386,12127,FL,Volusia County,4,0,548783.0,30.077097869285307,32.18871277117749,8.868399487710448,1.6336423574500478,4.19833876665038,24.34623521501213,4.623867721849984,,,
387,12129,FL,Wakulla County,4,0,33144.0,21.37641805454984,23.8231146329998,11.821576763485476,0.257411681164566,3.2694182645433862,15.07361815109824,4.767076997344919,,,
388,12131,FL,Walton County,4,0,73456.0,16.563657155303854,27.99910755372108,8.775849335302805,1.2060168312239083,4.616497829232995,19.506915704639518,5.827978653888042,,,
389,12133,FL,Washington County,4,0,24906.0,23.408014133140608,47.41140705113662,16.428571428571427,0.598667118490907,5.647442872687704,17.284991568296796,3.966915602666024,,,
390,13001,GA,Appling County,4,0,18509.0,31.73050948187368,51.13229379029147,22.204227062920072,1.265632062678921,2.883235485975212,17.294289264682046,5.980874169323032,,,
391,13003,GA,Atkinson County,4,0,8269.0,45.0114886927077,55.65143412736996,33.15609570831751,9.19811320754717,6.158437330439501,13.883178135203773,6.203894062159875,,,
392,13005,GA,Bacon County,4,0,11163.0,26.946161426139923,47.22700325109964,16.65753424657534,1.910170366546205,3.427922814982974,15.712622055003136,6.673833198960853,,,
393,13007,GA,Baker County,4,0,2928.0,48.94125683060109,62.43169398907104,16.3627863487611,0.0,12.127236580516898,28.927595628415297,3.346994535519126,,,
394,13009,GA,Baldwin County,4,0,43876.0,47.94648555018689,42.183692120227455,14.301834595224229,0.6834712816654126,7.554166445939503,15.890236119974476,4.672258182149695,,,
395,13011,GA,Banks County,4,0,18061.0,13.133270583024196,32.410387304405724,23.09836718438869,1.2494215640906987,3.3923123856009765,16.787553291622835,5.309783511433476,,,
396,13013,GA,Barrow County,4,0,82138.0,31.814750785263826,31.659324522760645,12.276394247632409,2.307117171645245,3.97582013236805,12.442474859382989,6.594998660790377,,,
397,13015,GA,Bartow County,4,0,107868.0,24.346423406385583,31.384257172900703,13.448352441495713,2.466538694154461,5.592719934225278,13.99302851633478,6.494048281232617,,,
398,13017,GA,Ben Hill County,4,0,17237.0,45.24569240587109,51.256875850239545,16.227880880448854,1.244874048037493,4.184818481848184,17.299994198526424,5.992922202239368,,,
399,13019,GA,Berrien County,4,0,18195.0,19.07666941467436,44.052469997209045,19.41654710664753,0.7386192342478143,6.239349849259405,17.587249244297883,6.375377851057983,,,
400,13021,GA,Bibb County,4,0,156711.0,63.13277306634506,44.48674009250325,13.60984841094875,0.7693355119825708,7.740803605813803,15.52028893951286,6.538787960002808,,,
401,13023,GA,Bleckley County,4,0,12562.0,32.19232606272887,44.41390317432169,12.423500611995104,0.0472589792060491,7.709429380817482,17.27431937589556,4.935519821684445,,,
402,13025,GA,Brantley County,4,0,18072.0,8.621071270473662,49.93052853887623,18.710868518221226,0.2264150943396226,4.7361299052774015,16.135458167330675,6.02589641434263,,,
403,13027,GA,Brooks County,4,0,16254.0,44.91817398794143,50.66434868992922,18.443346276032475,0.0666222518321119,7.098591549295774,19.096837701488862,6.035437430786268,,,
404,13029,GA,Bryan County,4,0,43278.0,28.67738804935533,22.68247326824733,7.71578831230922,1.007028926736956,6.292608759625288,10.511114191968206,7.223069457923194,,,
405,13031,GA,Bulloch County,4,0,79635.0,37.18214352985496,44.01281480310889,11.79932421848777,0.9198741224885016,9.063279301745636,11.433414955735543,5.668361901174107,,,
406,13033,GA,Burke County,4,0,24231.0,52.42045313854153,40.51264840374208,16.079266718306222,1.2125371768474034,5.646399855452164,15.686517271264083,6.338987247740498,,,
407,13035,GA,Butts County,4,0,24950.0,34.52905811623246,34.41555525618573,18.849059819348973,0.1658767772511848,4.792016599150282,15.92384769539078,4.216432865731463,,,
408,13037,GA,Calhoun County,4,0,5668.0,67.67819336626675,54.77243172951886,23.426820645769503,0.0,15.06931886678722,15.56104446012703,4.0225829216654905,,,
409,13039,GA,Camden County,4,0,54256.0,30.641772338543205,34.046643979158254,8.1798826101968,0.1198083067092651,4.582279566205153,13.554261279858448,6.832424063698024,,,
410,13043,GA,Candler County,4,0,10885.0,40.32154340836013,49.46044853148165,21.861680186992988,4.06544372830937,5.769230769230769,18.12586127698668,5.953146531924667,,,
411,13045,GA,Carroll County,4,0,118402.0,31.47581966520836,33.513249139722966,14.404151972852484,1.5081505805089717,6.071080234766687,13.536933497744972,6.25073900778703,,,
412,13047,GA,Catoosa County,4,0,67579.0,10.004587223841726,30.32672897196262,10.884324784505694,1.0569744597249509,3.507672099826855,17.589783808579586,5.247192175083976,,,
413,13049,GA,Charlton County,4,0,12416.0,39.01417525773196,42.3588478816172,19.189248733201143,0.1262626262626262,11.094311094311095,15.963273195876289,4.027061855670103,,,
414,13051,GA,Chatham County,4,0,294815.0,52.71000457914285,33.23918731179611,9.384328171952838,1.6507369825741098,7.078547854785479,15.59384698878958,6.074317792513949,,,
415,13053,GA,Chattahoochee County,4,0,9533.0,44.67638728626875,49.51102270843693,4.925146452592753,1.9966722129783692,11.660978384527873,3.073534039651736,8.287003042064407,,,
416,13055,GA,Chattooga County,4,0,24898.0,17.836774038075347,54.07099035933391,28.01656266402286,0.9250190445097398,3.2456049100176845,17.5998072134308,5.944252550405655,,,
417,13057,GA,Cherokee County,4,0,262155.0,22.92613148709733,20.108235764727603,8.050409790052768,2.473250679347826,4.074599347610268,14.12942724723923,5.6817531612977055,,,
418,13059,GA,Clarke County,4,0,128195.0,45.21315183899528,46.72609872229644,10.288319369147365,2.874770782396088,5.569278797338869,11.111197784624984,4.979133351534771,,,
419,13061,GA,Clay County,4,0,2883.0,58.96635449184877,48.766737138830166,19.570294255021015,0.0,4.781533388293488,27.124523066250436,2.6708289975719737,,,
420,13063,GA,Clayton County,4,0,294335.0,90.88351708087724,44.10680153881911,14.62884711724859,4.24665615721622,6.964291804508714,9.534034348616371,7.341634532080793,,,
421,13065,GA,Clinch County,4,0,6737.0,35.549948048092624,55.14341492716625,25.769146847043423,0.169419737399407,5.135699373695198,15.066053139379546,6.60531393795458,,,
422,13067,GA,Cobb County,4,0,762500.0,49.858360655737705,22.32044507962977,7.087758459329533,3.0185160702232925,4.921759494718914,12.475409836065571,5.939540983606557,,,
423,13069,GA,Coffee County,4,0,43048.0,42.63380412562721,47.95296713214832,22.820539893710627,3.4886835409133523,4.165753124314843,14.167905593755808,6.683237316483925,,,
424,13071,GA,Colquitt County,4,0,45800.0,45.22707423580786,49.83111464335386,23.58960639400729,3.896664405943647,6.916370366762457,15.323144104803491,6.558951965065503,,,
425,13073,GA,Columbia County,4,0,154274.0,33.23243061047228,17.892166464266595,7.083308985371745,1.7354034918167112,5.220615696526703,13.81891958463513,6.20260056782089,,,
426,13075,GA,Cook County,4,0,17188.0,36.089131952525015,44.97844954832615,18.617886178861788,0.3137384412153236,5.302740599107712,15.85408424482197,6.853618803816616,,,
427,13077,GA,Coweta County,4,0,144928.0,29.885184367410023,22.2888683942279,9.502253216696234,1.876228817526449,3.428091415771088,13.97659527489512,5.776661514683154,,,
428,13079,GA,Crawford County,4,0,12159.0,27.041697508018757,34.11803990316387,18.72602580495176,0.2568293252393182,9.762532981530343,18.545933053705077,4.959289415247965,,,
429,13081,GA,Crisp County,4,0,20524.0,50.79906450984214,47.04617077684959,16.623112659698023,0.5358776630505816,9.725250763192324,18.97290976417852,6.236601052426428,,,
430,13083,GA,Dade County,4,0,16313.0,7.343836204254275,32.05744822979292,17.164916060687673,0.0,4.722709485899339,19.113590388034083,5.186047937227977,,,
431,13085,GA,Dawson County,4,0,26202.0,9.78932905885047,25.511265164644715,11.61861109630656,0.3682487725040916,5.798493130447628,19.826730783909625,4.950003816502557,,,
432,13087,GA,Decatur County,4,0,29020.0,50.3790489317712,47.94952681388013,15.564910092505976,0.4881859011911736,5.681068601583114,16.102687801516197,6.7849758787043415,,,
433,13089,GA,DeKalb County,4,0,758634.0,70.91680573240852,30.954660530578533,9.27675981007057,4.481102395234699,6.692274984325115,12.600674369986054,6.75279515550318,,,
434,13091,GA,Dodge County,4,0,20089.0,36.23375976902782,46.17967631839701,14.091786108048511,0.0,4.222673091554654,18.333416297476237,4.903180845238688,,,
435,13093,GA,Dooly County,4,0,11546.0,57.786246319071545,45.701084773001206,19.96720927509076,1.0545267489711936,9.963849977406236,20.29274207517755,3.403776199549628,,,
436,13095,GA,Dougherty County,4,0,86825.0,75.77541030809098,49.40453276874218,16.44026845637584,0.6814607723222087,9.875514349705714,15.910164123236395,6.412899510509646,,,
437,13097,GA,Douglas County,4,0,143520.0,63.037207357859536,29.329993296404755,11.692486319705,1.9307404160357056,6.654002787875475,11.66736343366778,5.989409141583055,,,
438,13099,GA,Early County,4,0,10813.0,55.7847035975215,49.23163418290854,19.83494593056346,0.0,8.233701782088879,18.921668362156662,6.233237769351707,,,
439,13101,GA,Echols County,4,0,3691.0,41.58764562449201,43.45705770793823,20.980392156862745,2.0346646571213265,3.9399624765478425,15.74099160119209,7.50474126253048,,,
440,13103,GA,Effingham County,4,0,63448.0,24.01021308788299,22.64135959339263,9.648509961695051,0.5109129207188635,5.210522963246066,11.800214348758038,6.714159626780986,,,
441,13105,GA,Elbert County,4,0,19453.0,37.65486043283812,44.39303353262282,20.80522306855277,3.537887559500836,7.612340710932259,20.469850408677324,5.808872667454891,,,
442,13107,GA,Emanuel County,4,0,22739.0,41.01323716962048,46.885757561848806,19.852452479064205,0.7398423286840509,9.443684930066253,15.871410352258234,7.009982848849994,,,
443,13109,GA,Evans County,4,0,10761.0,44.02936530062262,47.8620019436346,22.821929451763705,3.937210499227998,8.159471183639743,15.333147477000278,6.412043490381934,,,
444,13111,GA,Fannin County,4,0,25198.0,6.548138741169934,38.30323897986147,12.364713089646722,0.3038970325348588,5.103789754332508,29.133264544805144,3.84554329708707,,,
445,13113,GA,Fayette County,4,0,117828.0,40.5820348304308,15.210017815540631,5.148920327624721,1.6127128048924466,4.138640086432231,18.46250466782089,4.418304647452218,,,
446,13115,GA,Floyd County,4,0,98210.0,29.84421138376948,39.54184327674711,16.29800143299236,3.0759363060877325,4.636867775773368,16.38224213420222,5.892475308013441,,,
447,13117,GA,Forsyth County,4,0,245754.0,32.12236626870773,12.36714778596656,6.374847253048705,2.747499787345218,3.6596397087006514,11.905808247271665,5.783832613100906,,,
448,13119,GA,Franklin County,4,0,23256.0,17.371861025111798,40.78883655412247,18.23365433350228,1.7972681524083391,5.543689320388349,18.657550739594083,5.250257997936016,,,
449,13121,GA,Fulton County,4,0,1054286.0,61.05231407796367,27.371932668475647,6.75437451937892,2.6185746156874634,5.494051016676294,11.75544396871437,5.611285742198986,,,
450,13123,GA,Gilmer County,4,0,31047.0,14.899990337230651,32.33134017938386,14.96646049307431,2.245414294750158,3.361660524930436,25.09099107804297,5.118046832222115,,,
451,13125,GA,Glascock County,4,0,2903.0,13.021012745435756,38.112011271574495,18.167860798362334,0.0,1.5349194167306217,16.5346193592835,3.961419221495005,,,
452,13127,GA,Glynn County,4,0,84373.0,36.84828084813862,33.589425060002654,11.034494357456396,2.140654471423012,4.326695411609301,20.487596743033908,5.500574828440378,,,
453,13129,GA,Gordon County,4,0,57274.0,23.3456716834864,42.58104407737832,23.267249857653088,4.038051825793985,3.0468104290329854,14.633166882005796,5.9328840311485145,,,
454,13131,GA,Grady County,4,0,26076.0,42.12302500383495,44.51917130488559,20.26381623834433,2.5102459016393444,2.667016439314445,18.27734315079,4.670961803957662,,,
455,13133,GA,Greene County,4,0,18461.0,41.83413682899085,34.35602953240361,12.368957483983692,0.6007646095030038,5.543294820199922,29.29960457180001,4.728887925897839,,,
456,13135,GA,Gwinnett County,4,0,948505.0,64.93682162982799,28.108425008018656,12.122255576168367,8.792612366367363,4.057643710318944,10.192039050927512,6.407768013874465,,,
457,13137,GA,Habersham County,4,0,45767.0,24.28605763978412,35.29167339966296,19.464672945593424,2.9557627454870063,2.431654676258993,18.255511613171063,5.923481984836236,,,
458,13139,GA,Hall County,4,0,201703.0,40.47485659608434,31.69181930160129,19.35884972757896,5.275055397748398,3.5935612885342625,15.041918067653926,6.31423429497826,,,
459,13141,GA,Hancock County,4,0,8652.0,75.32362459546925,52.78693672476056,30.973711264502864,0.0,2.1748222501045587,23.3587609801202,3.9412852519648633,,,
460,13143,GA,Haralson County,4,0,29685.0,9.941047667171972,30.25884442016118,16.929923223629515,0.0,4.902095029439956,15.792487788445342,6.07714333838639,,,
461,13145,GA,Harris County,4,0,34316.0,23.834362979368223,18.954848260547745,6.694665058838205,0.1230113170411678,6.430713857228554,18.39375218556941,4.953957337685045,,,
462,13147,GA,Hart County,4,0,25808.0,25.70908245505269,41.006848492130246,17.868904706257304,1.5132034417960638,5.596084587681227,22.624767513949163,4.824085554866708,,,
463,13149,GA,Heard County,4,0,11440.0,15.340909090909092,37.17778368323146,17.956893253411554,0.676779463243874,7.068273092369477,16.346153846153847,5.445804195804196,,,
464,13151,GA,Henry County,4,0,236615.0,60.65126893899372,25.116777701202235,7.610178963648415,1.498661245537485,6.273212674831568,11.730870823912262,5.655600870612599,,,
465,13153,GA,Houston County,4,0,161177.0,45.15842831173183,27.76491316385603,6.989415136638384,0.9894846294463916,5.423190669449103,12.60787829529027,6.324723750907388,,,
466,13155,GA,Irwin County,4,0,9615.0,33.43733749349974,42.41873396065013,21.13918373448946,0.6659267480577136,7.668019846639602,18.48153926157046,4.794591783671347,,,
467,13157,GA,Jackson County,4,0,73839.0,20.268421836698764,27.868964761330627,13.734068480562549,1.1377341802685534,4.474670899586743,14.243150638551445,6.308319451780224,,,
468,13159,GA,Jasper County,4,0,14478.0,25.535294930238983,41.95193516836663,12.39193083573487,0.0943396226415094,5.585149313962874,17.336648708385134,5.463461804116591,,,
469,13161,GA,Jeff Davis County,4,0,14753.0,29.383854131363112,51.99645680021804,20.45572781188222,1.2962256957682043,5.094687447628624,14.918999525520231,5.897105673422355,,,
470,13163,GA,Jefferson County,4,0,15708.0,58.39062897886428,45.453947368421055,20.282843319687384,1.4933333333333334,5.80060422960725,18.264578558696208,6.073338426279603,,,
471,13165,GA,Jenkins County,4,0,8693.0,41.113539629587024,60.13309894525364,17.773500160410652,3.2826747720364744,4.068278805120911,19.049810192108595,5.717243759346601,,,
472,13167,GA,Johnson County,4,0,9272.0,38.74029335634168,47.05951958348125,24.758507950661315,0.0,11.596907491335644,19.2083692838654,5.112165660051769,,,
473,13169,GA,Jones County,4,0,28297.0,29.37060465773757,29.76067339586974,8.801767547014695,0.191497510532363,5.1493769704248615,17.48595257447786,5.060607131498038,,,
474,13171,GA,Lamar County,4,0,18482.0,34.82848176604264,34.220333061604755,10.31589338598223,0.0,8.39211870591097,17.352018179850663,4.777621469537928,,,
475,13173,GA,Lanier County,4,0,9874.0,32.651407737492406,54.21837522160809,14.656855383691244,1.9552281099461604,2.9658645775041967,13.317804334616165,6.117075146850314,,,
476,13175,GA,Laurens County,4,0,49202.0,42.96166822486891,47.41086235489221,13.619832706994789,0.5124956812161695,5.095287853908544,17.413926263160036,6.455022153570993,,,
477,13177,GA,Lee County,4,0,32547.0,30.18711401972532,20.41822781567233,8.843792473168675,0.0,4.936955021642306,12.956647310043936,6.378468061572495,,,
478,13179,GA,Liberty County,4,0,64334.0,62.1568688407374,42.10144226115575,8.569062691989208,2.021814312317106,9.528672427337,9.34031771691485,10.12528367581683,,,
479,13181,GA,Lincoln County,4,0,7686.0,33.047098620869114,47.56193990511333,16.472868217054263,0.1354554690145614,4.5129162776221605,24.12177985948477,4.371584699453552,,,
480,13183,GA,Long County,4,0,16398.0,43.59068179046225,44.41887942292146,17.547205798207134,4.418648193222243,7.567888410743434,8.775460422002682,6.2324673740700085,,,
481,13185,GA,Lowndes County,4,0,117437.0,47.31728501238962,43.78604535965751,11.083594897342126,0.7080353782461423,5.60771132746098,12.32064851792876,6.770438618152712,,,
482,13187,GA,Lumpkin County,4,0,33188.0,9.868024587200193,34.42369566588859,11.644457181067011,1.8825436858223743,4.306546695625194,17.80462817885983,4.124984934313607,,,
483,13189,GA,McDuffie County,4,0,21727.0,46.98301652321996,41.93593379515551,15.904898544783766,0.5963972736124635,5.3706030150753765,17.70607999263589,6.199659409950752,,,
484,13191,GA,McIntosh County,4,0,11291.0,37.88858382782748,40.73410922112802,16.548940464177598,0.1274968125796855,4.181966544267645,26.95066867416526,2.6481268266761138,,,
485,13193,GA,Macon County,4,0,12330.0,67.41281427412814,50.32051282051282,27.44920993227991,0.1023803429741489,9.27346570397112,17.31549067315491,4.614760746147607,,,
486,13195,GA,Madison County,4,0,29906.0,19.66495017722196,41.048196831816654,18.174314153920854,1.3320647002854424,6.237340224907452,17.11696649501772,5.737979000869391,,,
487,13197,GA,Marion County,4,0,7563.0,41.901361893428536,41.73586927404232,23.04307974335472,0.2051983584131327,5.702453010512902,20.61351315615497,4.680682268940896,,,
488,13199,GA,Meriwether County,4,0,20659.0,43.308001355341496,49.702439024390245,20.57675183231728,0.0,5.588682333684088,20.39788953966794,5.769882375720025,,,
489,13201,GA,Miller County,4,0,5984.0,32.92112299465241,41.77215189873418,14.929714008725156,0.0,6.4338235294117645,21.139705882352946,5.915775401069519,,,
490,13205,GA,Mitchell County,4,0,21940.0,54.4302643573382,51.47096184136984,17.47746553552492,0.4404731940599043,8.792796798577147,16.86873290793072,5.952597994530538,,,
491,13207,GA,Monroe County,4,0,27825.0,27.42857142857143,29.98535651259716,11.289655885088354,0.0,4.11250475104523,18.40431266846361,4.751123090745732,,,
492,13209,GA,Montgomery County,4,0,8701.0,34.22595104011033,43.87236206458174,19.083969465648856,2.695134756737837,9.39983557138942,16.871623951269967,5.20629812665211,,,
493,13211,GA,Morgan County,4,0,19694.0,27.312887173758504,19.719109825992668,10.497913368830048,0.2208114821970742,3.060155103751834,19.726820351376052,5.245252361125216,,,
494,13213,GA,Murray County,4,0,39853.0,18.96720447645096,37.92436996160008,27.22295143446465,2.286743815397408,6.773162939297124,14.495771961960203,6.268035028730585,,,
495,13215,GA,Muscogee County,4,0,204366.0,60.84818414021902,40.30811518192337,11.58384464972018,1.0638162337083232,8.023402979772188,13.44988892477222,7.072605032148205,,,
496,13217,GA,Newton County,4,0,111262.0,56.348079308299326,32.460589694935045,10.969362830623211,0.96588887194347,5.815662016797576,13.067354532544805,6.2222501842497895,,,
497,13219,GA,Oconee County,4,0,41006.0,16.541481734380334,14.53090087656837,3.9795765129899383,1.661296097386323,3.0332585584706915,15.36848266107399,5.082183095156807,,,
498,13221,GA,Oglethorpe County,4,0,14779.0,25.096420596792747,30.62970568104038,15.106669229290794,0.0,4.170577980421081,18.147371270045333,5.142431828946478,,,
499,13223,GA,Paulding County,4,0,165688.0,32.4326444884361,20.90907434513,9.24906570444964,0.5076326849948145,4.192738014933358,10.835425619236156,6.273236444401525,,,
500,13225,GA,Peach County,4,0,27822.0,54.70490978362447,38.92275638552358,14.97129479962098,1.0480948182975804,8.705428846771603,15.962188196391343,5.786787434404427,,,
501,13227,GA,Pickens County,4,0,32814.0,13.920887426098616,30.766161213088587,11.864688525952708,0.0948916653487268,4.581437387022377,21.72548302553788,4.860730176144329,,,
502,13229,GA,Pierce County,4,0,19644.0,16.055793117491348,42.882087099424815,13.877706038739085,0.138217000691085,2.7596825772829563,17.37426186112808,7.075951944614131,,,
503,13231,GA,Pike County,4,0,18754.0,13.250506558600833,21.47578285838119,11.941580756013746,0.0161290322580645,4.257028112449799,15.3087341367175,5.220219686466887,,,
504,13233,GA,Polk County,4,0,42692.0,28.487772884849623,40.73611536558354,18.049917040279592,1.8507770684207128,6.455417115315592,15.44317436522065,6.661669633655018,,,
505,13235,GA,Pulaski County,4,0,10001.0,44.70552944705529,36.18958673826757,19.608900876601485,1.264591439688716,4.82881962187021,20.607939206079397,6.319368063193681,,,
506,13237,GA,Putnam County,4,0,21870.0,34.942844078646544,37.13418001104362,12.36118122160525,0.3263501421202232,4.299449065572,24.0877914951989,4.965706447187928,,,
507,13239,GA,Quitman County,4,0,2249.0,59.44864384170743,40.64028457092041,31.089560752994867,2.2198731501057085,20.99236641221374,30.76923076923077,3.379279679857715,,,
508,13241,GA,Rabun County,4,0,16731.0,12.216842986073756,40.93286305035272,14.353126228863546,0.3796507213363705,4.159077109896782,28.252943637559024,4.458789074173689,,,
509,13243,GA,Randolph County,4,0,6503.0,69.06043364600953,62.944,20.966612187718887,0.0,9.6474234792716,20.544364139627863,6.366292480393665,,,
510,13245,GA,Richmond County,4,0,205772.0,66.650467507727,43.55762347888332,13.63092158746582,1.3160217843028073,9.015399668183944,14.0898664541337,6.556285597651771,,,
511,13247,GA,Rockdale County,4,0,92983.0,71.50769495499178,34.66276997957499,10.594453064391,2.6070420807262917,6.1172322609078895,14.487594506522695,5.6504952518202245,,,
512,13249,GA,Schley County,4,0,4622.0,31.82604932929468,39.939420164430985,13.555408970976254,0.0,6.730769230769231,15.03678061445262,5.4089138900908695,,,
513,13251,GA,Screven County,4,0,14028.0,45.20958083832336,42.78376990241397,16.604907361041562,0.3186743148502231,5.700082850041425,19.076133447390934,5.63872255489022,,,
514,13253,GA,Seminole County,4,0,9108.0,38.24110671936759,41.50754884547069,14.131399822432671,0.594900849858357,5.329719963866306,23.07861220904699,4.369784804567414,,,
515,13255,GA,Spalding County,4,0,66722.0,43.21363268487156,40.88348017284818,16.207190098880233,0.4757852390530713,4.682080924855491,18.19190072240041,6.357723089835436,,,
516,13257,GA,Stephens County,4,0,26641.0,18.29135542960099,39.69705293725229,16.111080500303046,0.6675301384875959,5.397844153706903,19.605119927930637,6.3285912690965045,,,
517,13259,GA,Stewart County,4,0,5347.0,78.28688984477277,51.83540556542333,28.97674418604651,0.0,6.864064602960969,14.213577707125491,1.9263138208341124,,,
518,13261,GA,Sumter County,4,0,29690.0,61.03401818794206,47.71116575065085,16.6604487555295,2.07852193995381,7.515123313168916,16.982148871673964,5.938026271471876,,,
519,13263,GA,Talbot County,4,0,5837.0,59.37981839986294,45.66752799310939,18.080509438253355,0.4315417810906237,6.447784810126582,25.149905773513797,3.6320027411341447,,,
520,13265,GA,Taliaferro County,4,0,1574.0,65.6289707750953,48.41168996188056,17.606177606177607,0.0,5.673758865248227,28.52604828462516,2.541296060991105,,,
521,13267,GA,Tattnall County,4,0,23211.0,43.80681573391927,40.78464281967901,22.062008787672504,2.792482795129698,7.355710645840258,14.139847486105724,4.89853948558873,,,
522,13269,GA,Taylor County,4,0,7857.0,42.40804378261423,50.68759730150493,23.75178316690442,0.9366925064599484,6.832298136645963,20.60582919689449,5.892834415171185,,,
523,13271,GA,Telfair County,4,0,12860.0,51.197511664074646,50.71071071071072,29.623910885629208,0.0,1.635388739946381,17.278382581648522,3.919129082426128,,,
524,13273,GA,Terrell County,4,0,9102.0,64.16172269830807,51.37750455373406,20.770982433311648,1.1363636363636365,7.418162618796198,19.35838277301692,5.713030103274005,,,
525,13275,GA,Thomas County,4,0,45669.0,42.38761523133854,35.23382731386991,13.158736249680224,1.3414155020486052,5.561487809218722,17.92682125730802,6.017210799448203,,,
526,13277,GA,Tift County,4,0,41148.0,45.416545154077966,46.6620696700378,15.968238288818814,2.361483613527834,2.717391304347826,14.690871974336542,6.763390687275201,,,
527,13279,GA,Toombs County,4,0,26956.0,40.84433892268883,49.23875042291643,17.67369869296033,2.893956437263524,5.986716404330816,16.73838848493842,6.959489538507197,,,
528,13281,GA,Towns County,4,0,12300.0,6.504065040650407,31.24453001925433,7.476836888601595,0.0,5.013246382718566,33.65853658536586,3.2601626016260163,,,
529,13283,GA,Treutlen County,4,0,6410.0,29.765990639625585,49.40417080436941,24.79829140958709,0.3577817531305903,8.375850340136054,18.954758190327613,5.117004680187208,,,
530,13285,GA,Troup County,4,0,69483.0,44.58356720348862,39.60436903937147,12.855245105511878,1.2412753807106598,4.920324294101202,14.908682699365311,6.135313673848279,,,
531,13287,GA,Turner County,4,0,8856.0,46.6576332429991,52.54435107376284,20.336243129647592,4.7721015601101255,8.5189021232522,17.98780487804878,6.752484191508581,,,
532,13289,GA,Twiggs County,4,0,8034.0,45.00871296987802,39.55410821643287,19.639934533551557,0.3812824956672443,3.0560271646859083,22.70351008215086,4.904157331341797,,,
533,13291,GA,Union County,4,0,24183.0,6.686515320679816,40.79732532058064,12.252384446074837,0.7471490365709791,3.0573248407643314,33.12244138444362,3.841541578795021,,,
534,13293,GA,Upson County,4,0,27424.0,33.20813885647608,43.37458156241773,17.3092305231163,0.0771902740254728,3.163103021735289,18.08634772462077,6.818844807467911,,,
535,13295,GA,Walker County,4,0,67772.0,9.701646697751285,39.02195910230465,15.62813650050184,0.1014475789145109,6.563826162376484,18.515020952605795,5.353243227291507,,,
536,13297,GA,Walton County,4,0,95453.0,27.277298775313508,28.603374454194757,12.214394813129266,0.5483353024932593,4.9788473394417405,15.56158528280934,5.859428200266099,,,
537,13299,GA,Ware County,4,0,36084.0,37.52909876953775,47.12243074173369,18.20479373879015,0.99506385646008,4.495221027479092,16.882828954661345,6.354617004766655,,,
538,13301,GA,Warren County,4,0,5218.0,62.035262552702186,50.75698757763976,28.458913100551325,0.0,7.266602502406159,22.230739747029517,6.707550785741663,,,
539,13303,GA,Washington County,4,0,20052.0,57.87452623179733,50.60074955908289,16.00396909773903,0.5452257793932616,4.106029106029106,18.05804907241173,5.430879712746858,,,
540,13305,GA,Wayne County,4,0,30118.0,29.244969785510328,46.23594907981987,15.481561396626129,0.4702627939142462,4.692956306958521,15.917391593067268,5.910086991168073,,,
541,13307,GA,Webster County,4,0,2372.0,58.93760539629005,48.22635135135135,19.40828402366864,6.243272335844995,8.449304174950298,17.959527824620576,1.854974704890388,,,
542,13309,GA,Wheeler County,4,0,7568.0,44.21247357293869,47.52368064952639,27.01649862511457,3.079947575360419,5.264857881136951,14.785940803382664,4.783298097251586,,,
543,13311,GA,White County,4,0,27886.0,9.298572760524996,31.520341038550587,14.83115302707636,0.4487367086137938,3.9821972358866247,22.70673456214588,4.826794807430252,,,
544,13313,GA,Whitfield County,4,0,103076.0,42.82180138926617,41.85364798001161,27.68127681276813,5.851154347949401,6.575430558067563,13.869377934727773,6.4001319414800735,,,
545,13315,GA,Wilcox County,4,0,8841.0,41.07001470421898,51.36548518303312,17.72784019975031,1.3082583810302535,7.157534246575342,16.77412057459563,4.999434453116163,,,
546,13317,GA,Wilkes County,4,0,9643.0,48.64668671575236,43.70923627182832,19.173363949483356,0.2006018054162487,2.2781205505457995,23.146323758166545,5.402882920253034,,,
547,13319,GA,Wilkinson County,4,0,8931.0,44.563878625014,48.306433280290975,13.307618129218902,0.6238303181534623,8.16081608160816,19.437912887694548,5.7216437129100886,,,
548,13321,GA,Worth County,4,0,20824.0,32.49615827890895,38.23572438679475,15.079798117582868,1.29387650525237,6.774400684931507,19.280637725701112,5.604110641567423,,,
549,15001,HI,Hawaii County,9,0,200468.0,70.19673962926751,30.253270952323085,7.175247662899401,3.950869723537156,6.887600858995476,21.32060977313088,5.66574216333779,,,
550,15003,HI,Honolulu County,9,0,1015167.0,82.25356025166303,19.685871443071328,7.252190301548492,6.437485055676119,4.813405582037357,17.793328585346057,6.189326485198987,,,
552,15007,HI,Kauai County,9,0,73247.0,70.70869796715223,24.16596385958606,7.915904239097286,2.8983589200635254,4.41904561255662,20.29980750064849,5.683509222220706,,,
553,15009,HI,Maui County,9,0,164568.0,70.31743716882991,21.12844990373792,7.445318666768517,3.696285168493481,5.714318730716341,18.555855330319385,5.719824024111613,,,
554,16001,ID,Ada County,10,0,485246.0,16.596942581700826,22.801504496862822,4.97022342262778,1.2954124866075776,3.4992981908920773,14.6678179727396,5.503394154717401,,,
555,16003,ID,Adams County,10,0,4321.0,9.071974080074057,32.72642390289449,7.499270498978698,0.0,9.731543624161072,29.83105762554964,3.401990280027772,,,
556,16005,ID,Bannock County,10,0,86362.0,17.528542646071188,33.961120749067234,6.711945665201757,0.7298359428607073,5.242230570327365,14.330376786086472,6.603598805029991,,,
557,16007,ID,Bear Lake County,10,0,6327.0,7.712976134028765,34.77707006369427,6.890674458242025,0.5826983415508741,4.156125767979761,20.02528844634108,6.495969653864391,,,
558,16009,ID,Benewah County,10,0,9509.0,15.963823745924913,40.672,14.190391459074734,0.8132361189007292,4.400102327961116,22.589126091071616,5.594699758123882,,,
559,16011,ID,Bingham County,10,0,47540.0,26.67437946992007,36.16939774420089,10.674509257970207,1.8350383631713556,5.427475750056395,13.98611695414388,7.353807320151451,,,
560,16013,ID,Blaine County,10,0,23868.0,28.326629797218036,28.01443740294624,9.97525335847278,4.612398675647905,2.387969470263734,19.14278531925591,4.558404558404559,,,
561,16015,ID,Boise County,10,0,7549.0,11.710160286130614,25.375116186429423,5.293037234930707,0.0305157155935306,1.497097464100214,26.069678103060006,3.3249437011524705,,,
562,16017,ID,Bonner County,10,0,46481.0,8.685269249800994,31.815023881893183,8.101411696917316,0.2071933273123306,3.69256976802445,24.93707106129386,4.851444676319356,,,
563,16019,ID,Bonneville County,10,0,121771.0,18.17674158871981,32.056135932464564,7.49763673193788,1.5230374403377065,4.169932591315254,13.035944518809895,8.104556914207816,,,
564,16021,ID,Boundary County,10,0,11966.0,11.164967407655023,36.05619584419954,11.715328467153284,0.0,4.135802469135803,22.63078723048638,6.267758649506937,,,
565,16023,ID,Butte County,10,0,2573.0,9.327633113097551,41.15566037735849,10.783798001052078,4.366347177848776,2.868447082096934,21.37582588418189,4.974737660318694,,,
566,16025,ID,Camas County,10,0,1044.0,11.302681992337163,34.67432950191571,20.473537604456823,4.179104477611941,2.375296912114014,14.942528735632186,6.0344827586206895,,,
567,16027,ID,Canyon County,10,0,227367.0,31.317649439012698,35.83846997850191,13.47545692641302,3.1273220268279647,4.393697572563284,13.713951452937325,7.107451828981339,,,
568,16029,ID,Caribou County,10,0,7003.0,9.11038126517207,25.19161243673174,10.309278350515465,0.97165991902834,2.7291604865025216,16.65000713979723,6.340139940025703,,,
569,16031,ID,Cassia County,10,0,24469.0,32.0364542891005,37.23373454109277,15.688836921383864,5.67287267274772,3.1196287383980748,13.948261065021049,7.838489517348482,,,
571,16035,ID,Clearwater County,10,0,8719.0,10.609014795274687,33.83153894870171,7.5702431212694705,0.287852619458837,5.767470247177296,27.491684826241546,3.991283404060099,,,
572,16037,ID,Custer County,10,0,4273.0,11.888602855136906,36.73421300659755,12.991400491400492,0.5827505827505828,4.817073170731708,33.325532412824714,3.557219751930728,,,
573,16039,ID,Elmore County,10,0,28396.0,29.359768981546697,41.89154739793874,10.746618978428524,3.454442771084337,6.870158613057913,13.53007465840259,8.085645865614875,,,
574,16041,ID,Franklin County,10,0,14036.0,9.924479908805928,31.567598648745776,7.253638749701742,0.9269476936658574,0.8181537511577648,13.921345112567682,7.459390139640923,,,
575,16043,ID,Fremont County,10,0,13370.0,15.026178010471202,34.3871975019516,11.463525147258723,2.798507462686567,5.337223270979921,17.277486910994764,6.110695587135377,,,
576,16045,ID,Gem County,10,0,18692.0,15.284613738497754,30.611684603558093,12.203105968331302,3.7447789140141152,3.6620365055676727,21.46907768029104,5.29638347956345,,,
577,16047,ID,Gooding County,10,0,15422.0,33.523537803138375,39.67994774657087,22.83146521256185,5.95524320325504,5.595254145881084,17.384256257294776,6.536117235118661,,,
578,16049,ID,Idaho County,10,0,16494.0,9.506487207469384,37.96459065796082,7.846670488983537,0.7671833411617348,4.24681858538029,27.76767309324603,4.6865526858251485,,,
579,16051,ID,Jefferson County,10,0,30427.0,13.944851612055082,34.9166611766256,8.206739006282124,1.6907437132156236,3.5204367301231803,11.144707003648076,8.094784237683635,,,
580,16053,ID,Jerome County,10,0,24081.0,40.49665711556829,38.97708708582918,23.69420702754036,10.333501768569985,3.8376068376068377,12.607449856733524,7.877579834724472,,,
581,16055,ID,Kootenai County,10,0,168317.0,11.686282431364628,27.81289430992009,6.462938660031019,0.591551899436177,3.55272175445467,18.91728108271892,5.77838245691166,,,
582,16057,ID,Latah County,10,0,39464.0,13.427427528887089,32.97267609501579,3.4840333217632766,0.3310836622946644,5.354345659087673,13.886073383336711,5.179404013784715,,,
583,16059,ID,Lemhi County,10,0,7948.0,6.806743834927026,37.06400919892679,10.03637566137566,0.4760487950014876,3.452453058752272,30.070457976849525,4.453950679416206,,,
584,16061,ID,Lewis County,10,0,3613.0,18.93163575975644,43.909899888765295,10.030983733539893,0.5141388174807198,3.633610900832703,26.43232770550789,5.923055632438417,,,
585,16063,ID,Lincoln County,10,0,5184.0,35.39737654320987,36.887159533073934,18.66387058118634,5.228031145717464,6.686815262561391,13.792438271604937,6.481481481481481,,,
586,16065,ID,Madison County,10,0,50979.0,12.293297240040015,46.88234016935436,4.38624605100499,1.2932943573390026,6.539039039039039,6.881264834539712,9.070401537888149,,,
587,16067,ID,Minidoka County,10,0,21393.0,39.082877576777456,41.04678004428322,20.88474270237737,7.08950156186337,3.87026166550592,15.589211424297666,7.698779974758098,,,
588,16069,ID,Nez Perce County,10,0,41820.0,13.74461979913917,30.965199941265727,6.838280660862411,0.4273504273504274,3.2897286821705425,19.684361549497847,5.61453849832616,,,
589,16071,ID,Oneida County,10,0,4514.0,7.7315019937970755,22.65033407572383,9.911444141689374,1.818181818181818,0.3278688524590163,19.40629153743908,6.025697828976517,,,
590,16073,ID,Owyhee County,10,0,11815.0,31.20609394837072,37.28581220013708,25.14073694984647,8.175803402646503,2.8752800597460797,17.81633516716039,5.391451544646635,,,
591,16075,ID,Payette County,10,0,24928.0,23.467586649550707,32.665883020550446,13.855494839101397,1.6069887834339949,4.268559908843895,18.677792041078305,6.590982028241335,,,
592,16077,ID,Power County,10,0,7854.0,39.25388337153043,41.55794320798158,20.547385620915037,8.268446421950316,5.900783289817232,14.782276546982429,7.677616501145914,,,
593,16079,ID,Shoshone County,10,0,13124.0,9.661688509600731,41.60086700727667,11.596480201131364,1.749217455348923,6.283445537717936,22.698872295032004,6.636696129228893,,,
594,16081,ID,Teton County,10,0,11490.0,19.321148825065272,27.295696114305628,7.607052896725442,1.428911645629912,3.4472331418203805,12.48912097476066,6.196692776327241,,,
595,16083,ID,Twin Falls County,10,0,89128.0,23.251952248451666,35.22049721184314,12.96978629329403,3.028809120320444,3.722263658400149,15.51813122699937,6.882236783053585,,,
596,16085,ID,Valley County,10,0,11476.0,5.960264900662252,37.67618040873855,9.450744941071823,0.6233062330623307,0.7495948136142625,27.30045311955385,4.278494248867201,,,
597,16087,ID,Washington County,10,0,10425.0,21.75539568345324,46.47628267182962,12.186865267433989,3.623540856031129,6.584169974317068,25.237410071942445,5.179856115107913,,,
598,17001,IL,Adams County,5,0,65878.0,8.893712620298126,28.195995230204574,7.557305032403984,0.0588798115846029,4.204997243100497,19.965694161935694,6.0217371504903,,,
599,17003,IL,Alexander County,5,0,5488.0,36.86224489795919,48.50857568978375,13.799423932966745,0.0,10.626992561105206,22.46720116618076,4.354956268221574,,,
600,17005,IL,Bond County,5,0,16804.0,12.6815044037134,33.376105895860064,11.237363188236277,0.164095831965868,3.7840077337384335,18.709830992620805,4.052606522256606,,,
601,17007,IL,Boone County,5,0,53592.0,28.237423496044183,26.589039027704388,12.91898455369497,2.799386145949092,8.231340643792006,16.039707419017766,5.414987311539036,,,
602,17009,IL,Brown County,5,0,6330.0,26.714060031595576,29.321613702952444,19.31228373702422,1.7017017017017018,1.497504159733777,14.075829383886257,4.723538704581358,,,
603,17011,IL,Bureau County,5,0,33338.0,13.354130421740956,31.10975795402649,9.405314213412062,0.8268059181897303,5.9283851078966086,21.6839642450057,5.078289039534465,,,
604,17013,IL,Calhoun County,5,0,4537.0,4.033502314304607,18.434743270753223,7.239411234604987,0.0,4.0992448759439055,23.473661009477627,4.694732201895525,,,
605,17015,IL,Carroll County,5,0,15586.0,10.573591684845374,31.124252311038607,12.07653150781113,0.5080171455786633,5.013927576601671,25.144360323367128,4.869754908250994,,,
606,17017,IL,Cass County,5,0,13058.0,25.81559197426865,33.63263410480688,15.063334474495036,6.26128838049368,6.777777777777779,17.399295451064482,6.0039822331138,,,
607,17019,IL,Champaign County,5,0,206583.0,33.98875996572806,35.537185764224546,5.229051393250585,3.814993584652044,5.060943296237414,12.887798124724686,5.3755633328976735,,,
608,17021,IL,Christian County,5,0,34038.0,5.314648334214701,33.57954192787537,10.589011170190842,0.3980246185597405,5.444480625203517,19.478230213291027,5.608437628532816,,,
609,17023,IL,Clark County,5,0,15587.0,3.54782831847052,23.799882437463264,6.956201693043798,0.0,4.091028676664036,19.5162635529608,5.729133252069032,,,
610,17025,IL,Clay County,5,0,13313.0,4.416735521670548,35.79341431736573,11.621911922663802,0.8812190196438406,5.62749800159872,20.39360024036656,5.581011041838805,,,
611,17027,IL,Clinton County,5,0,37048.0,9.061217879507666,21.932062491042,8.703394968172173,0.2806032970887407,3.388665679847748,16.959080112286763,5.638630965234291,,,
612,17029,IL,Coles County,5,0,47542.0,9.85023768457364,38.60243924638208,8.075348075348074,0.429226898218955,7.3559670781893,17.02284295990913,4.795759538933996,,,
613,17031,IL,Cook County,5,0,5265398.0,58.36738267458605,29.724796394661336,12.026606549131891,7.275642185636913,7.264569295486009,14.705042239921845,5.933226700051923,,,
614,17033,IL,Crawford County,5,0,18825.0,9.508632138114208,28.74039385206532,13.685509034177487,0.0798722044728434,3.0424242424242425,18.948207171314746,5.083665338645418,,,
615,17035,IL,Cumberland County,5,0,10528.0,3.7613981762917934,21.718538565629228,7.076425394257986,0.3150751333010179,2.728561304039688,19.88031914893617,6.155015197568389,,,
616,17037,IL,DeKalb County,5,0,100922.0,24.633875666356197,29.968121222157823,7.365533850682365,2.7510210372196964,7.351179300109079,12.645409326014152,5.7222409385466,,,
617,17039,IL,De Witt County,5,0,15653.0,5.711365233501565,28.465491446041764,6.877787689562891,0.0,5.391733497840839,19.03149555995656,5.538874337187759,,,
618,17041,IL,Douglas County,5,0,19708.0,10.6758676679521,28.73088052914428,16.116268452290367,1.977587343441002,3.259022293312006,18.10432311751573,6.718084026791151,,,
619,17043,IL,DuPage County,5,0,934094.0,34.55765693816682,15.637337432196702,6.513435020594395,4.395123566072225,4.812509929591928,15.72496986384668,5.783036824987635,,,
620,17045,IL,Edgar County,5,0,16998.0,3.3474526414872336,33.84707646176911,11.995821950827574,0.2518557794273595,5.443084010183052,22.296740793034477,4.90645958348041,,,
621,17047,IL,Edwards County,5,0,6233.0,4.075084229103161,29.22728742321371,7.85601086710437,1.6566265060240966,7.96221322537112,21.12947216428686,5.631317182737044,,,
622,17049,IL,Effingham County,5,0,34576.0,4.673762147154095,25.541609100796613,6.876343859353261,0.6239364719228588,2.627221547632189,17.515039333641834,6.507403979639056,,,
623,17051,IL,Fayette County,5,0,21514.0,8.027331040252857,40.04996252810392,13.573207497706122,0.4074122749375738,4.235768713581354,19.201450218462394,5.85200334665799,,,
624,17053,IL,Ford County,5,0,13589.0,7.793067922584443,31.904870450573664,8.247750132345157,0.3671970624235006,4.646314221891288,18.831407756273457,5.703142247405991,,,
625,17055,IL,Franklin County,5,0,38068.0,4.833455920983503,38.890825712676666,10.447816707580152,0.1170166902752971,6.067336918400748,20.28212672060523,5.868445938846275,,,
626,17057,IL,Fulton County,5,0,34022.0,8.670860031744166,33.39663849586934,10.487390882638216,0.2951126466565896,7.3110924695102275,20.24572335547587,4.967374052083946,,,
627,17059,IL,Gallatin County,5,0,5038.0,4.525605398967844,33.72393247269116,11.968589222854048,0.0,8.068783068783068,24.27550615323541,4.763795156808257,,,
628,17061,IL,Greene County,5,0,12187.0,4.135554279149914,34.8500168520391,9.340148698884756,0.0443262411347517,3.4204193881058784,19.2500205136621,5.153031919258226,,,
629,17063,IL,Grundy County,5,0,52364.0,15.121075548086472,18.85076557703076,6.387854482956174,0.2976338112009524,4.72156289939748,13.887403559697503,5.925826903979833,,,
630,17065,IL,Hamilton County,5,0,8021.0,4.650292980925071,32.702736789002394,11.836806163544038,0.0,5.437553101104503,21.39384116693679,5.523002119436479,,,
631,17067,IL,Hancock County,5,0,17750.0,4.4845070422535205,28.82913740937375,6.5928927680798,0.4207383279044517,4.690058479532164,23.11549295774648,5.166197183098591,,,
632,17069,IL,Hardin County,5,0,3700.0,4.8108108108108105,33.25972950593431,15.187713310580206,0.0,6.0357675111773474,29.27027027027027,2.945945945945946,,,
633,17071,IL,Henderson County,5,0,6485.0,5.042405551272166,26.275668948350965,7.543679342240493,0.0,7.271616254201038,25.72089437162683,4.749421742482652,,,
634,17073,IL,Henry County,5,0,49412.0,10.371974419169431,25.28441879637263,7.718755372184975,0.7658262469541002,4.355828220858895,20.51525945114547,5.320569902048086,,,
635,17075,IL,Iroquois County,5,0,27362.0,10.88370733133543,32.29108086829378,11.556567171900056,0.9606831524639744,5.583060400639805,21.197280900518965,5.525911848549082,,,
636,17077,IL,Jackson County,5,0,53676.0,26.678590058871748,44.53591767409332,8.370914931735344,1.9063227809885277,8.570522476809641,15.612191668529697,5.328265891646174,,,
637,17079,IL,Jasper County,5,0,9324.0,2.895752895752896,27.152747728256166,7.970570202329859,0.0267022696929239,4.666949512091642,19.551694551694556,6.166881166881167,,,
638,17081,IL,Jefferson County,5,0,37362.0,15.662973074246562,34.65960579972814,10.105488457422412,0.7187842278203724,6.779856115107914,19.0193244472994,6.075691879449708,,,
639,17083,IL,Jersey County,5,0,21533.0,4.560442112106999,21.04263093788063,7.592321023863485,0.2558199027884369,4.623381360569032,19.33776064644964,4.611526494218177,,,
640,17085,IL,Jo Daviess County,5,0,21995.0,5.924073653102978,24.166093140628583,7.754755846358901,0.8594843094143514,3.0973451327433628,28.033644010002277,4.250966128665605,,,
641,17087,IL,Johnson County,5,0,13238.0,13.551896056806164,29.67777370926401,16.92371390125246,0.0,3.911131682480908,21.10590723674271,4.517298685602055,,,
642,17089,IL,Kane County,5,0,518648.0,43.73100831392389,21.9169549902764,13.970879454554522,4.085224232193001,5.157581891267783,13.85197667782388,6.1581265135506165,,,
643,17091,IL,Kankakee County,5,0,108104.0,29.06275438466662,30.843443096476022,10.456804601552465,1.3260298418678431,5.373700213971996,16.719085325242357,5.854547472803966,,,
644,17093,IL,Kendall County,5,0,130757.0,33.37718057159464,13.732251053993656,6.381136748950906,1.3001735106998265,4.261423568625796,10.350497487706203,6.339239964208416,,,
645,17095,IL,Knox County,5,0,50193.0,18.19177973024127,38.94922410603521,11.062378167641326,0.8311057108140948,5.179354955443977,21.3137290060367,5.606359452513299,,,
646,17097,IL,Lake County,5,0,714484.0,40.05618040431976,19.937677265263478,9.187170764646115,4.602522049135247,5.475044108581511,14.400602392775768,5.586829096242883,,,
647,17099,IL,LaSalle County,5,0,109986.0,15.54834251632026,28.754134716583973,9.445188543169174,1.3371069462705858,5.8220698719428805,18.812394304729693,5.470696270434419,,,
648,17101,IL,Lawrence County,5,0,15465.0,15.738764953119947,33.90206579954093,15.63468863495438,0.4955037621581942,6.369029035279425,17.238926608470738,4.856126737795021,,,
649,17103,IL,Lee County,5,0,34373.0,14.476478631484014,28.25669271166901,10.38438558056164,0.4811963281018655,3.615754812563323,19.689872865330347,4.960288598609373,,,
650,17105,IL,Livingston County,5,0,35902.0,11.40604980223943,31.479507225775883,9.86266671943642,0.2979696486729956,4.49092950422502,19.24405325608601,5.548437412957495,,,
651,17107,IL,Logan County,5,0,28238.0,14.29987959487216,25.689315608074843,9.654543612602572,0.1545033172771062,5.6442942712332975,18.10326510376089,5.244705715702245,,,
652,17109,IL,McDonough County,5,0,27743.0,13.192517031323217,38.26660729466057,4.951151851405138,0.5779318929492309,8.5720333004092,17.694553581083518,4.595753883862596,,,
653,17111,IL,McHenry County,5,0,310749.0,20.517845592423463,15.395940073934756,6.464794042793855,1.7152194047847895,5.072776063484402,14.814850570717846,5.386018941332072,,,
654,17113,IL,McLean County,5,0,171455.0,21.127992767781635,27.481935571229855,4.0123338568200095,1.2474226804123711,3.230410257571982,13.352191537138026,5.71286926598816,,,
655,17115,IL,Macon County,5,0,104331.0,24.645599102855336,31.578373448590348,8.250723991980397,0.323594674556213,8.080006511211492,19.846450240101216,6.138156444393325,,,
656,17117,IL,Macoupin County,5,0,45152.0,4.597802976612331,32.57339304292758,8.912806114490719,0.1869794322624511,4.875278080181758,20.027905740609494,5.178065201984408,,,
657,17119,IL,Madison County,5,0,266112.0,16.021449615199614,26.513085626934807,6.999919417658278,0.4499385607509447,5.265901215716216,17.257771164021165,5.590879028379028,,,
658,17121,IL,Marion County,5,0,37781.0,9.258622058706758,37.131840183772255,11.013552204619202,0.2746174970576697,8.99408943905431,19.374818030226837,6.344458854980016,,,
659,17123,IL,Marshall County,5,0,11781.0,6.289788642729819,26.69907202828104,7.552447552447552,0.6745707277187245,4.213694507148231,23.249299719887954,5.483405483405483,,,
660,17125,IL,Mason County,5,0,13225.0,3.9017013232514177,33.25668736107917,9.363883657668968,0.0,5.216025137470542,22.207939508506616,5.141776937618148,,,
661,17127,IL,Massac County,5,0,14280.0,13.0812324929972,35.083446744502545,12.6858372456964,0.5671423344310281,4.423902277979532,20.287114845938376,5.126050420168067,,,
662,17129,IL,Menard County,5,0,12343.0,4.707121445353642,21.19895030342792,4.281592613964224,0.0,5.10960416338117,19.541440492586894,5.687434173215588,,,
663,17131,IL,Mercer County,5,0,15779.0,5.60238291399962,27.49437118044387,7.477797513321492,0.1262028711153179,4.178599323092945,21.319475251917105,5.177767919386526,,,
664,17133,IL,Monroe County,5,0,34732.0,3.918576528849476,10.738586798487932,4.691879595401552,0.2893389717338081,2.4247185126996595,17.735805597143845,5.611539790395025,,,
665,17135,IL,Montgomery County,5,0,28482.0,7.513517309177726,29.838772794865772,12.150797486708557,0.439659039928219,4.592954660374178,19.963485710273154,5.196264307281792,,,
666,17137,IL,Morgan County,5,0,33189.0,12.507155985416857,33.23355263157895,10.594795539033456,0.0909987108515962,6.26929012345679,19.816806773328512,5.248726987857422,,,
667,17139,IL,Moultrie County,5,0,14634.0,3.888205548722154,23.91243725599554,13.451363451363452,0.7126716495741352,3.7709101219166423,18.703020363536968,6.197895312286456,,,
668,17141,IL,Ogle County,5,0,51787.0,14.86859636588333,26.58088812176369,9.047195508366224,1.6320831929131965,6.545923985267874,18.71512155560276,5.408693301407689,,,
669,17143,IL,Peoria County,5,0,182439.0,31.215365135744,32.318444413132305,7.823298546798632,0.8745620554198961,7.287938541500444,17.139975553472667,6.772126573813714,,,
670,17145,IL,Perry County,5,0,21158.0,14.528783438888365,36.58088235294117,16.37840670859539,0.6783423778983719,4.686373467916366,18.579260799697515,4.967388221949145,,,
671,17147,IL,Piatt County,5,0,16664.0,4.272683629380701,19.66265060240964,6.301089918256131,0.1495662578522285,4.550664832645576,19.503120499279884,5.592894863178109,,,
672,17149,IL,Pike County,5,0,14923.0,4.6237351738926495,34.49281399708394,8.858931150698123,0.1216122307157748,5.936788154897495,20.7934061515781,6.144877035448636,,,
673,17151,IL,Pope County,5,0,3820.0,10.54973821989529,38.34857301191465,10.877796901893287,0.1457725947521866,7.555898226676946,25.628272251308896,4.68586387434555,,,
674,17153,IL,Pulaski County,5,0,5279.0,36.27580981246448,41.1268685320046,10.71049840933192,0.5923532579429186,6.256684491978609,22.314832354612616,5.341920818336806,,,
675,17155,IL,Putnam County,5,0,5638.0,8.35402625044342,21.108742004264396,6.687743190661479,0.6962576153176675,4.0447815095702415,22.809506917346575,5.764455480666904,,,
676,17157,IL,Randolph County,5,0,30632.0,15.787411856881691,31.333012690073623,14.922209695603156,0.3553475472352227,4.732096281392056,18.72551580047009,4.906633585792635,,,
677,17159,IL,Richland County,5,0,15876.0,5.618543713781809,32.82717796937331,7.665030005455538,0.6738755680927754,4.728789986091794,20.200302343159485,6.5885613504661125,,,
678,17161,IL,Rock Island County,5,0,144694.0,29.449044189807456,32.57588774341352,10.976173720719814,2.44340461989653,6.570548712206047,19.28345335673905,6.026511120018798,,,
679,17163,IL,St. Clair County,5,0,258597.0,39.38406091331299,29.57683268179188,7.725484861880957,0.5056005755453192,5.716956149232806,15.879534565366187,6.169831823261678,,,
680,17165,IL,Saline County,5,0,23869.0,8.550840001675814,40.06856653096207,12.154213499504978,0.5086774386594853,7.423863741553271,19.803929783401063,6.1628053123298,,,
681,17167,IL,Sangamon County,5,0,196759.0,20.6160836353102,27.37596666182904,7.225239430039711,0.4466501240694789,5.36154269074915,17.910743600038625,5.680553367317378,,,
682,17169,IL,Schuyler County,5,0,6953.0,7.478786135481087,30.61609997093868,7.593984962406015,1.300148588410104,6.540880503144654,23.457500359557027,3.725010786710772,,,
683,17171,IL,Scott County,5,0,4923.0,4.0016250253910215,25.961736268257564,5.996573386636208,0.2573340195573855,4.11740725642071,20.211253300832823,4.692260816575259,,,
684,17173,IL,Shelby County,5,0,21160.0,3.156899810964083,28.802974686561477,6.836647070480216,0.0,3.751789976133652,22.551984877126653,5.467863894139886,,,
685,17175,IL,Stark County,5,0,5436.0,5.849889624724062,30.538809344385832,10.42311661506708,0.1326259946949602,3.6053882725832014,22.461368653421637,5.058866813833701,,,
686,17177,IL,Stephenson County,5,0,44817.0,18.55099627373541,33.895959527212504,8.095282989220955,0.3843556848283384,6.809231614616723,23.12069080929112,5.736662427203963,,,
687,17179,IL,Tazewell County,5,0,131977.0,6.672374731960871,23.794903522678936,6.7768720297056495,0.4207077570319626,4.256307073208482,18.683558498829345,5.6070375898830855,,,
688,17181,IL,Union County,5,0,17259.0,8.946057129613536,37.59411764705882,10.76923076923077,0.0596836765144732,6.951582364078983,21.07306332927748,5.388492960194681,,,
689,17183,IL,Vermilion County,5,0,74953.0,22.35000600376236,39.13886409283642,9.76796919287683,1.109355565267086,6.64121432310108,19.23872293303804,6.225234480274305,,,
690,17185,IL,Wabash County,5,0,11414.0,6.036446469248292,31.727192205491583,8.117443868739207,1.014584654407102,4.736454109841503,21.00928684072192,5.791133695461713,,,
691,17187,IL,Warren County,5,0,16887.0,17.386155030496834,29.960744586551854,12.122037591936802,2.4493986506306835,8.389780154486036,18.884348907443595,5.270326286492568,,,
692,17189,IL,Washington County,5,0,13827.0,4.194691545526868,22.076679667378027,7.864943392445646,0.172087420409568,5.006934812760056,20.763723150358,5.31568669993491,,,
693,17191,IL,Wayne County,5,0,16250.0,3.84,37.53086419753087,12.611822487282934,0.5591524426133019,3.918881885448068,21.175384615384612,6.116923076923077,,,
694,17193,IL,White County,5,0,13959.0,3.904291138333692,40.50689195197866,10.312374849819784,0.0,3.6021926389976504,21.391217135897985,5.372877713303245,,,
695,17195,IL,Whiteside County,5,0,55932.0,16.21254380318959,28.56361049290379,8.650175599328142,1.4227817539018712,4.090500987609984,20.612529500107275,5.569262676106701,,,
696,17197,IL,Will County,5,0,696403.0,37.96178362241404,17.12854495226772,8.520828764907543,3.3107917128959725,5.1783294869849685,13.183458428524863,5.68909094303155,,,
697,17199,IL,Williamson County,5,0,67271.0,10.972038471258044,32.71742150597388,7.311783107403545,0.4740350001782086,4.708103955959545,18.83724041563229,5.696362474171634,,,
698,17201,IL,Winnebago County,5,0,285471.0,32.81944575806299,35.044545134204895,11.823810111481343,2.1155848663658454,7.852870141541227,17.492144561093774,6.248270402247514,,,
699,17203,IL,Woodford County,5,0,38571.0,4.744497161079567,18.237617421007684,5.71935098469958,0.293015332197615,3.481735159817352,17.75686396515517,5.872287469860776,,,
700,18001,IN,Adams County,5,0,35685.0,6.731119518004763,36.20645235164457,13.743498430251629,3.4041860086326245,3.0172957959853552,15.070758021577694,9.129886506935687,,,
701,18003,IN,Allen County,5,0,381839.0,27.56790165488596,31.01131315713784,9.936967447241871,2.104827346728903,4.967450262072324,14.556134915501037,6.933812418322906,,,
702,18005,IN,Bartholomew County,5,0,81759.0,19.876710820827064,27.039892891676796,8.401672438853698,2.4115407237717856,3.8113771744547535,15.984784549713185,6.4139727736396,,,
703,18007,IN,Benton County,5,0,8687.0,8.656613330263612,38.9070527790752,11.575892094929143,0.8737571557698103,4.03661112414926,17.16357775987107,6.5845516288707255,,,
704,18009,IN,Blackford County,5,0,12139.0,4.786226213032375,41.98798197295944,9.12170053725765,0.0,4.598825831702544,21.220858390312216,5.099266825932944,,,
705,18011,IN,Boone County,5,0,69839.0,10.78194132218388,14.58061144499608,5.590678606106376,0.7194795254496746,3.1611266853557605,13.300591360128294,6.46200546972322,,,
706,18013,IN,Brown County,5,0,15444.0,4.856254856254856,25.926412614980286,6.939051156508526,0.3965736040609137,4.929486350109976,24.540274540274535,3.975653975653976,,,
707,18015,IN,Carroll County,5,0,20288.0,6.944992113564669,27.910105640821207,10.911524373062836,0.2793296089385474,3.3707865168539324,19.435134069400632,5.436711356466877,,,
708,18017,IN,Cass County,5,0,37918.0,22.07922358774197,36.78061210659004,15.3185945821679,3.644965682681416,4.443847393874261,17.735640065404294,5.812542855635846,,,
709,18019,IN,Clark County,5,0,120185.0,17.976452968340475,27.313352143134708,9.092102123598186,1.057802098369132,3.953178107429879,15.663352331821777,6.063152639680493,,,
710,18021,IN,Clay County,5,0,26397.0,4.784634617570179,29.08296602566603,8.809081977950004,0.0,4.744379550364029,18.18009622305565,6.072659771943782,,,
711,18023,IN,Clinton County,5,0,33010.0,18.74280521054226,33.96606804999845,13.184160438234066,3.984850979746419,3.642200135810852,16.367767343229325,6.906997879430475,,,
712,18025,IN,Crawford County,5,0,10511.0,4.576158310341548,40.25072324011572,17.142088266953714,1.051122790253225,3.252217420968843,19.703168109599467,5.831985538959185,,,
713,18027,IN,Daviess County,5,0,33281.0,10.711817553559086,37.530954783087225,23.132704858593183,2.702004990964633,2.556015506932124,15.281992728583877,8.070670953396833,,,
714,18029,IN,Dearborn County,5,0,50494.0,4.174753436051808,22.56081637572568,9.23959338974388,0.3589927688599415,3.1285638257431767,17.726858636669704,5.21052006178952,,,
715,18031,IN,Decatur County,5,0,26466.0,5.7545530114108665,26.044632550981145,8.218484558699442,0.0,3.9671090594345055,16.57220584901383,6.4044434368623895,,,
716,18033,IN,DeKalb County,5,0,43059.0,5.590004412550222,27.48786265450196,9.046622525644104,0.4158745247148289,3.939089997264521,16.084906755846628,6.4005202164472,,,
717,18035,IN,Delaware County,5,0,112480.0,13.783783783783784,40.85346721054283,9.5339074119181,0.5087496162449016,6.354262268531015,16.923008534850638,4.878200568990042,,,
718,18037,IN,Dubois County,5,0,43474.0,11.013479320973456,23.498179255256662,10.002035002035004,2.246150283663309,2.156709279067745,17.348300133413076,6.629249666467314,,,
719,18039,IN,Elkhart County,5,0,206314.0,26.272090115067325,31.49897452078568,18.06866690126838,2.946329702984175,4.416622010035563,14.602983801390115,7.463381059937765,,,
720,18041,IN,Fayette County,5,0,23393.0,5.988971059718719,39.68543621828293,15.056645145571936,0.5373566187868141,4.924105529454283,20.206899499850383,5.356303167614244,,,
721,18043,IN,Floyd County,5,0,79594.0,12.88539337135965,22.65616986357575,8.72544208785417,0.1891362776653283,4.133800759567631,16.052717541523233,5.700178405407443,,,
722,18045,IN,Fountain County,5,0,16422.0,5.212519790524905,31.96377972157201,12.148070907194995,0.1461347362268011,4.899387576552931,19.53477042991109,5.833637802947266,,,
723,18047,IN,Franklin County,5,0,22769.0,3.7507136896657736,24.09233626674921,11.7144678138942,0.9442446043165468,2.257064093728463,18.51640388247178,5.814923799903378,,,
724,18049,IN,Fulton County,5,0,20400.0,8.92156862745098,32.489345700676864,12.467847956559016,0.3419452887537993,6.5228504242919945,19.308823529411764,5.990196078431373,,,
725,18051,IN,Gibson County,5,0,33017.0,7.832328800314989,27.89354367876774,8.547274749721913,0.5272952853598015,2.840943729805524,17.188115213374928,6.205893933428234,,,
726,18053,IN,Grant County,5,0,66802.0,15.626777641387982,37.31608651681728,11.707173834477777,0.2927867979771094,7.393530660671913,18.79434747462651,5.600131732582857,,,
727,18055,IN,Greene County,5,0,30924.0,4.174751002457638,33.7254644951994,11.639171959968929,0.1603592046183451,5.951890034364261,19.211615573664467,5.429439917216401,,,
728,18057,IN,Hamilton County,5,0,341616.0,17.811226640438388,12.007266603069167,2.76222854615553,1.8192465043403945,3.014226120440689,12.51053814809611,6.257903611072082,,,
729,18059,IN,Hancock County,5,0,78616.0,8.733591126488246,16.216042560847104,6.679930732102724,0.7555123216601816,3.021836111763325,16.225704691157016,5.778721888674061,,,
730,18061,IN,Harrison County,5,0,39516.0,5.268751897965381,25.11787617876179,9.76309092864055,0.2147260511186534,4.564960841111469,17.552383844518676,5.428180989978743,,,
731,18063,IN,Hendricks County,5,0,172100.0,17.824520627542125,14.16886153117694,4.883829964575953,0.5881324410675398,2.621225066717298,13.854735618826265,5.588030214991284,,,
732,18065,IN,Henry County,5,0,48857.0,7.004114047117096,33.01035014314028,9.203071525121509,0.0921808914434443,4.809294575078689,18.636019403565506,5.022821704157029,,,
733,18067,IN,Howard County,5,0,83349.0,16.036185197182927,29.50985901727466,9.098666109427786,0.2826325200438369,5.645404319437469,18.957635964438683,5.997672437581734,,,
734,18069,IN,Huntington County,5,0,36572.0,5.848736738488461,29.151322871225428,7.172171972745746,0.9110396570203644,2.623089534084299,17.11418571584819,5.610849830471399,,,
735,18071,IN,Jackson County,5,0,45948.0,13.48045616784191,32.1223923359298,10.858812949640289,3.082930240690017,4.126799606545649,16.11822059719683,6.929572560285541,,,
736,18073,IN,Jasper County,5,0,33006.0,10.631400351451251,25.46618597712581,8.560328659462355,0.9045065236532458,4.330509546086737,17.70890141186451,5.583833242440768,,,
737,18075,IN,Jay County,5,0,20570.0,5.4982984929509,38.71588609781375,11.97034668217167,0.2455192732629511,4.197080291970803,17.79776373359261,6.801166747690813,,,
738,18077,IN,Jefferson County,5,0,33000.0,7.933333333333334,32.14297340408216,10.46920439255176,0.7373705679322247,3.6644418269859966,17.924242424242422,5.460606060606061,,,
739,18079,IN,Jennings County,5,0,27619.0,5.478112893298092,31.33573738800699,11.09410460758959,0.0,4.249857387335995,16.27864875629096,6.013975886165321,,,
740,18081,IN,Johnson County,5,0,159739.0,12.615579163510477,20.28788372256388,7.230282964894346,0.460697772173182,3.481918977052609,14.509919305867696,6.224528762543899,,,
741,18083,IN,Knox County,5,0,36362.0,8.882899730487873,33.58428900755785,11.3187267465895,1.5088346237839985,3.463755264908003,17.61454265441945,5.519498377426984,,,
742,18085,IN,Kosciusko County,5,0,80151.0,13.016681014584972,25.720290408865115,12.269835643527417,2.1346575519153874,3.5879877309365864,16.644832877942882,6.288131152449751,,,
743,18087,IN,LaGrange County,5,0,40085.0,6.209305226393913,25.430914826498423,40.41286564735106,5.651242162076355,3.377110694183865,13.668454534115003,8.985904951977048,,,
744,18089,IN,Lake County,5,0,495925.0,46.7742098099511,31.423442902163163,10.197186449751658,2.144686131310104,7.128254788035291,16.47870141654484,5.899077481474013,,,
745,18091,IN,LaPorte County,5,0,112184.0,22.06196962133637,31.96302369513727,10.619424104366807,0.6357499537636397,5.385488619090681,17.82518006132782,5.7352207088354845,,,
746,18093,IN,Lawrence County,5,0,45133.0,5.189107748210843,29.1205079708187,11.20027585342152,0.2136409763392618,3.875404162302472,19.801475638667934,5.647752199056123,,,
747,18095,IN,Madison County,5,0,130037.0,16.107723186477696,33.55365474339036,10.239920578015552,0.3543958718722617,5.762464531820025,18.060244391980746,5.468443596822443,,,
748,18097,IN,Marion County,5,0,969542.0,46.55971582458522,36.41845199322735,13.108667064777675,3.592487498905671,5.603094805148501,12.525089165812313,7.125013666246536,,,
749,18099,IN,Marshall County,5,0,46175.0,13.253925284244724,32.04473406128919,14.470301057770548,2.4962941002075305,3.5642592675201854,17.580942068218732,6.271792095289659,,,
750,18101,IN,Martin County,5,0,9885.0,4.289327263530602,27.55815166371128,12.660069848661234,0.0,2.2884283246977546,19.5852301466869,5.978755690440061,,,
751,18103,IN,Miami County,5,0,36100.0,12.542936288088644,33.73993368072004,13.604821761370395,0.19014298752662,4.8321247943452565,17.174515235457065,5.36842105263158,,,
752,18105,IN,Monroe County,5,0,140189.0,16.896475472397977,35.76544926883778,6.148417713737736,2.2603219034289714,6.378534271313442,13.072352324362113,4.266383239769169,,,
753,18107,IN,Montgomery County,5,0,37967.0,8.805014881344325,32.06234880140752,9.47421403128388,1.251621271076524,4.101663394978821,17.64953775647273,6.042089182711302,,,
754,18109,IN,Morgan County,5,0,71394.0,4.990615457881615,23.597411482980785,11.51743752143131,0.051994354898611,4.319466995129052,16.7100876824383,5.496260189931927,,,
755,18111,IN,Newton County,5,0,13865.0,9.837720879913451,30.885053250091808,12.174524982406757,1.0202222627072326,8.588685916322923,18.983050847457623,5.488640461593942,,,
756,18113,IN,Noble County,5,0,47293.0,13.604550356289511,26.772930769729868,17.158328873217265,2.0901593040334427,3.54864602255925,15.809950732666566,6.413211257479966,,,
757,18115,IN,Ohio County,5,0,5931.0,4.8895633114146015,28.142685645686843,10.675430643699002,0.0,1.4334470989761092,21.75012645422357,5.294216826842017,,,
758,18117,IN,Orange County,5,0,19752.0,5.8424463345484,35.31261275192,15.1184765227504,0.5032712632108707,3.182882691079413,19.57776427703524,5.994329688132847,,,
759,18119,IN,Owen County,5,0,21280.0,4.304511278195489,35.18909579573815,14.143595785064466,0.2960682141165324,5.780513609695104,19.68984962406015,5.554511278195489,,,
760,18121,IN,Parke County,5,0,16316.0,5.889924000980633,37.35478702096408,15.121193823859224,1.5220148577640875,6.399877806628991,19.202010296641333,5.89605295415543,,,
761,18123,IN,Perry County,5,0,19151.0,6.265991332045324,26.912732474964237,9.206581352833638,0.2258836035078394,3.629638192116518,18.50556106730719,5.571510626076967,,,
762,18125,IN,Pike County,5,0,12220.0,3.993453355155483,25.00836680053548,11.774212166685906,0.1950458357714062,3.588598901098901,20.41734860883797,5.5073649754500815,,,
763,18127,IN,Porter County,5,0,172353.0,18.31647839028041,23.04964539007092,5.936629965766387,0.6551358772702174,4.395273401297498,16.498117236137464,5.276380451747286,,,
764,18129,IN,Posey County,5,0,25301.0,4.983992727560175,21.71811973321618,7.319668458781361,0.725718262252709,3.204925797284496,18.88462906604482,5.3594719576301335,,,
765,18131,IN,Pulaski County,5,0,12496.0,6.690140845070422,32.06212392258904,12.796590647316286,0.2270381836945304,5.300581771170006,19.278169014084508,5.28169014084507,,,
766,18133,IN,Putnam County,5,0,36838.0,8.651392583745046,26.59422814964995,10.856537160096211,1.4323883033991391,2.068680182043856,16.526412943156522,4.872685813562082,,,
767,18135,IN,Randolph County,5,0,24681.0,7.5847818159718,34.13109188025341,10.93969144460028,0.7771001377139484,5.945630420280187,19.829018273165595,6.130221627972935,,,
768,18137,IN,Ripley County,5,0,28953.0,4.818153559216661,27.06212706212706,9.84709480122324,0.6201132380695605,4.296977660972405,17.659655303422788,6.106448381860257,,,
769,18139,IN,Rush County,5,0,16706.0,4.740811684424758,33.09172859057132,10.269988714298115,0.2107798855766335,6.636838180462341,17.939662396743685,5.5489045851789776,,,
770,18141,IN,St. Joseph County,5,0,272049.0,28.74923267499605,32.11763981181326,8.985650890906225,1.8555440609423492,4.774026049371972,15.745692871504763,6.339299170370044,,,
771,18143,IN,Scott County,5,0,24290.0,5.541375051461507,40.63406724697048,19.027977044476327,0.0,4.636896707262066,16.797035817208727,5.751337999176616,,,
772,18145,IN,Shelby County,5,0,44825.0,8.390407138873398,26.67895587264741,10.932930552431149,0.8530699292849928,3.302799638756289,16.936977133296153,5.650864472950363,,,
773,18147,IN,Spencer County,5,0,19949.0,5.72961050679232,25.218362786918547,8.587355348574654,0.4193138500635324,3.3373063170441,19.750363426738183,5.2183066820392,,,
774,18149,IN,Starke County,5,0,23275.0,6.8098818474758325,38.574387297204005,14.431641233260668,0.6844465423648808,5.74621699139551,18.590762620837808,6.264232008592911,,,
775,18151,IN,Steuben County,5,0,34379.0,6.762849413886383,26.64833486098381,7.626797082507694,0.2775951493900212,6.576206294690615,20.33217952820036,5.320108205590622,,,
776,18153,IN,Sullivan County,5,0,20814.0,8.845008167579515,40.3294625978936,12.57276681164269,1.056105610561056,5.580110497237569,17.521860286345728,5.842221581627751,,,
777,18155,IN,Switzerland County,5,0,9870.0,4.832826747720365,36.78974358974359,15.048183839881393,0.0,4.911810672025005,17.659574468085108,5.663627152988855,,,
778,18157,IN,Tippecanoe County,5,0,185961.0,25.50749888417464,38.44271741378801,7.420327387279439,2.5598529268394588,3.89279474165904,11.506713773318062,5.67968552545964,,,
779,18159,IN,Tipton County,5,0,15290.0,5.421844342707652,26.887232059645854,9.447594658862265,0.0,3.3455835762260806,20.882930019620662,5.572269457161543,,,
780,18161,IN,Union County,5,0,7098.0,5.4804170188785575,26.30669546436285,11.778335586020468,1.1702127659574468,3.789303950550927,19.38574246266554,6.255283178360102,,,
781,18163,IN,Vanderburgh County,5,0,179695.0,17.490748212248533,33.2741273872821,9.052648683782904,0.7929561457367177,4.660396394050835,16.911433261916027,5.846573360416261,,,
782,18165,IN,Vermillion County,5,0,15477.0,3.786263487756025,36.5839243498818,8.573003767343563,0.5894214363269739,7.462068965517242,19.913419913419915,5.026813982037863,,,
783,18167,IN,Vigo County,5,0,106523.0,15.18451414248566,40.25752294230632,10.361925811752046,0.4343232773799742,6.5628369012783,16.216216216216218,5.547158829548548,,,
784,18169,IN,Wabash County,5,0,31120.0,6.423521850899743,32.81774005885976,10.135516657255788,0.151539320465784,3.939212157568486,20.26028277634961,5.176735218508997,,,
785,18171,IN,Warren County,5,0,8430.0,4.887307236061685,25.931714354412115,6.490066225165562,0.0,2.6013592688071245,20.66429418742586,5.065243179122183,,,
786,18173,IN,Warrick County,5,0,63575.0,8.910735351946519,17.24726721455358,5.453840716842609,0.715254655321248,3.6125590980724938,17.38891073535195,5.758552890287063,,,
787,18175,IN,Washington County,5,0,28025.0,3.671721677074041,34.80904977375566,13.332990538872892,0.6014472324029696,3.749814732473692,17.156110615521854,5.655664585191793,,,
788,18177,IN,Wayne County,5,0,66588.0,12.753048597344868,36.99922928102931,11.843985664973726,1.1178596713492566,4.616159707790163,18.751126329068303,5.810356220340001,,,
789,18179,IN,Wells County,5,0,28103.0,6.486851937515568,26.011497598602823,6.797495659493872,0.4586330935251798,2.400272758267985,17.78813649788279,6.1808347863217445,,,
790,18181,IN,White County,5,0,24593.0,11.40975074208108,30.303904993608512,10.855457227138643,1.088549298723048,5.028638814016173,19.737323628674822,6.005774000731916,,,
791,18183,IN,Whitley County,5,0,34048.0,6.056156015037594,22.50909307733588,7.862656599316657,0.1092896174863388,5.031094178945599,17.927631578947366,6.314614661654136,,,
792,19001,IA,Adair County,7,0,7439.0,5.202312138728324,30.52081901882644,5.303030303030303,0.0,4.690775681341719,21.64269391047184,5.941658825110903,,,
793,19003,IA,Adams County,7,0,3697.0,4.679469840411144,30.03865267807841,5.470213563132259,0.2616088947024199,3.900508762012436,22.45063565052745,5.599134433324317,,,
794,19005,IA,Allamakee County,7,0,14068.0,10.442138185953938,29.21470524254949,9.645448043322776,2.941176470588235,3.548112404200965,22.462325845891385,6.816889394370201,,,
795,19007,IA,Appanoose County,7,0,12310.0,5.694557270511779,43.65527975751618,9.133894591165957,0.2439024390243902,6.214798990095164,22.510154346060112,5.199025182778229,,,
796,19009,IA,Audubon County,7,0,5657.0,4.2778858051971005,29.85884907709012,8.215788171244741,0.7205764611689351,1.8639972385226096,24.37687820399505,6.735018561074775,,,
797,19011,IA,Benton County,7,0,25654.0,4.701021283230685,21.480072894382378,5.768690670111779,0.2183622828784119,2.6012634708286884,18.176502689639044,6.108209246121462,,,
798,19013,IA,Black Hawk County,7,0,131396.0,20.305032116655,34.25274482584553,7.887973798395868,2.091087627419807,5.159426856204338,16.52257298547901,6.219367408444701,,,
799,19015,IA,Boone County,7,0,26721.0,5.954118483589686,20.465611685940356,5.853761622992392,0.167910447761194,2.052989318906922,18.2328505669698,5.344111373077356,,,
800,19017,IA,Bremer County,7,0,24863.0,5.6911877086433655,18.73420973750696,3.512751348700343,0.4150238638721726,3.4197586052749216,19.225354945099145,5.703253830993846,,,
801,19019,IA,Buchanan County,7,0,20598.0,4.408194970385474,24.31968619759745,6.241371793940274,0.5393604725825093,2.5,17.74444120788426,6.65113117778425,,,
802,19021,IA,Buena Vista County,7,0,20723.0,43.33831974135019,36.47154306584153,20.633221168553074,10.658140154543032,5.877536165953963,15.046084061188052,7.151474207402403,,,
803,19023,IA,Butler County,7,0,14421.0,4.105124471257195,27.14144829529445,5.856832971800434,0.8361774744027304,4.71474403682522,22.25227099368976,5.318632549753831,,,
804,19025,IA,Calhoun County,7,0,9962.0,6.605099377635012,28.47282139775669,5.997447894512973,0.1780264496439471,2.418042315740525,22.66613129893596,5.902429231078097,,,
805,19027,IA,Carroll County,7,0,20756.0,6.489689728271343,26.898610295556864,5.7791977280795175,0.3538408857436366,2.291178062421072,19.950857583349396,6.11389477741376,,,
806,19029,IA,Cass County,7,0,13158.0,5.456756345949232,34.21032268049215,10.66538296961917,1.3328717327332529,1.7351598173515983,22.52621979024168,5.449156406748746,,,
807,19031,IA,Cedar County,7,0,18494.0,5.23412998810425,21.95027837495177,4.447151995126409,0.1896761956374475,3.412047228337002,19.30896506975235,4.904293284308425,,,
808,19033,IA,Cerro Gordo County,7,0,43185.0,10.492069005441705,28.04271469319441,6.488574396260711,0.2555061576984005,3.368466336846634,21.37779321523677,5.300451545675582,,,
809,19035,IA,Cherokee County,7,0,11606.0,9.391693951404449,30.086925669682454,6.4769026655409485,0.0,2.811179720506987,23.50508357745993,5.281750818542133,,,
810,19037,IA,Chickasaw County,7,0,12021.0,4.858164878129939,25.43362382604281,6.665852765230131,0.0799200799200799,2.1351227695592496,20.497462773479743,6.729889360286166,,,
811,19039,IA,Clarke County,7,0,9736.0,19.36113393590797,39.336691855583545,15.486100204177792,1.818181818181818,3.330430996952547,18.251848808545603,6.4194741166803615,,,
812,19041,IA,Clay County,7,0,16410.0,7.3308957952468,30.43424317617866,4.552729859505602,0.2662182990051842,4.672131147540984,20.80438756855576,5.758683729433272,,,
813,19043,IA,Clayton County,7,0,17173.0,4.448844115763117,28.328008519701807,9.070993914807302,0.5328596802841918,2.365543405489846,23.36807779654108,5.8638560531066215,,,
814,19045,IA,Clinton County,7,0,46589.0,9.757668119083904,30.18590783531372,8.01838768395397,0.1099303774276291,4.760217862994288,19.468114791045096,5.85545944321621,,,
815,19047,IA,Crawford County,7,0,16555.0,36.103896103896105,35.601806640625,18.70193209529169,10.228933268387726,6.882295719844358,16.83479311386288,6.010268800966475,,,
816,19049,IA,Dallas County,7,0,96604.0,16.82331994534388,15.626884604986795,4.113583063953857,1.906768501448512,2.804913610847853,11.761417746677155,7.316467227029936,,,
817,19051,IA,Davis County,7,0,9066.0,4.8202073681888375,25.993303571428573,20.51054777521716,2.095238095238096,3.058603782395517,17.240238252812706,9.044782704610634,,,
818,19053,IA,Decatur County,7,0,7718.0,8.66804871728427,34.957142857142856,10.104011887072808,0.8516213560432362,4.199403955567597,20.05700958797616,5.947136563876652,,,
819,19055,IA,Delaware County,7,0,17508.0,4.283755997258396,20.97591888466413,7.807708246995442,0.1008064516129032,2.0357803824799507,19.52821567283528,6.477039067854696,,,
820,19057,IA,Des Moines County,7,0,39069.0,13.988072384755176,31.63345363251216,7.067514425373957,0.8625748151625395,3.885031652031856,20.645524584709104,5.648980009726381,,,
821,19059,IA,Dickinson County,7,0,17536.0,5.594206204379562,21.01135904976071,4.446837975073088,0.1111660079051383,2.449537426408747,25.90100364963504,4.373859489051095,,,
822,19061,IA,Dubuque County,7,0,98687.0,10.16344604659175,22.9305712966461,6.247065060970992,0.7714878332574493,4.059552605426488,17.75715139785382,6.1629191281526445,,,
823,19063,IA,Emmet County,7,0,9433.0,14.682497614756706,30.236056468410087,10.252509887435352,4.149377593360995,2.1944216570959805,22.27287183292696,5.417152549560055,,,
824,19065,IA,Fayette County,7,0,19582.0,7.741803697273005,34.85326601451562,7.433328421983202,0.370050573578389,2.6004728132387704,20.97334286589725,5.494842202022266,,,
825,19067,IA,Floyd County,7,0,15672.0,10.407095456865749,30.341797505976608,7.194841087056656,1.594159713945173,2.6615019367737096,21.88616641143441,6.017100561510975,,,
826,19069,IA,Franklin County,7,0,10056.0,15.940731901352423,31.591712986356747,9.18818661720645,2.385589094449854,3.452605147520402,21.071996817820207,6.075974542561655,,,
827,19071,IA,Fremont County,7,0,6702.0,5.923604894061475,27.83693337389717,5.267593763168985,0.2188183807439825,2.400997817274712,21.993434795583408,5.2969262906595045,,,
828,19073,IA,Greene County,7,0,8831.0,6.205412750537878,30.937894616002755,6.810497504427629,0.1319261213720316,4.6263345195729535,22.60219680670366,5.57128298040992,,,
829,19075,IA,Grundy County,7,0,12336.0,4.004539559014267,18.79304690062316,4.590354445090064,0.179140127388535,2.70735524256651,20.452334630350197,5.585278858625163,,,
830,19077,IA,Guthrie County,7,0,10599.0,5.953391829417869,24.733130003812427,5.628964059196617,0.2912838897602509,3.616866593965831,22.42664402302104,4.9816020379281065,,,
831,19079,IA,Hamilton County,7,0,15073.0,11.71631393883102,27.421959095801935,6.497548095058468,0.1501752044051393,3.823963504629008,20.739069860014595,5.625953692032111,,,
832,19081,IA,Hancock County,7,0,10837.0,8.212604964473563,24.76056338028169,8.243681140635125,0.6941431670281996,2.4170212765957446,22.2663098643536,5.758051121158992,,,
833,19083,IA,Hardin County,7,0,16997.0,8.948637994940285,27.29964834351286,7.629117527450183,1.308118868192805,2.8807528979685526,21.96858269106313,4.683179384597282,,,
834,19085,IA,Harrison County,7,0,14589.0,4.30461306463774,25.448976750661284,7.814347654710288,0.0842886041807147,2.6431132952583347,19.08287065597368,5.840016450750565,,,
835,19087,IA,Henry County,7,0,20488.0,12.831901600937137,26.680050718512256,8.089181077604687,1.0310641110376737,4.599659284497445,18.576727840687237,5.290901991409606,,,
836,19089,IA,Howard County,7,0,9456.0,4.642554991539763,28.82708063820612,8.42072311785882,1.186623516720604,1.7930750206100576,20.325719120135364,7.138324873096447,,,
837,19091,IA,Humboldt County,7,0,9622.0,7.597173144876325,30.620602751233854,6.8909063848787016,1.7187873000716165,3.736040609137056,20.515485346081896,6.048638536686759,,,
838,19093,IA,Ida County,7,0,6979.0,6.1326837655824615,30.77260113918505,7.3861217539378465,0.1355472721111487,1.5461071231363888,21.206476572574868,5.803123656684338,,,
839,19095,IA,Iowa County,7,0,16596.0,6.176187033020005,24.10927091609118,5.45627212293879,0.2956393200295639,3.922222222222222,18.727404193781634,5.609785490479633,,,
840,19097,IA,Jackson County,7,0,19499.0,5.025898764039181,27.70846329798295,6.481414126718557,0.3366583541147132,4.276944751937204,20.84209446638289,5.9131237499358935,,,
841,19099,IA,Jasper County,7,0,37686.0,7.448389322294751,29.652953089022667,5.855533365989675,1.3917884481558804,4.594966159052453,18.678023669267105,5.569707583718091,,,
842,19101,IA,Jefferson County,7,0,15846.0,19.56329673103622,43.5861702833632,7.226290097629009,1.958732057416268,5.039309189328522,22.611384576549288,5.364129748832513,,,
843,19103,IA,Johnson County,7,0,151833.0,23.034518187745743,30.15630719924851,3.764371642917388,3.6204249418057546,3.778426992037578,11.988171214426377,5.710221098180238,,,
844,19105,IA,Jones County,7,0,20680.0,7.470986460348163,26.594705731174507,5.329174859312496,0.3352787780951198,3.987286911297313,20.59961315280464,5.517408123791102,,,
845,19107,IA,Keokuk County,7,0,10050.0,4.109452736318408,32.89951573849879,7.025028441410694,0.6044487427466151,4.473902236951118,21.64179104477612,5.840796019900497,,,
846,19109,IA,Kossuth County,7,0,14823.0,6.746272684341902,29.74912844350263,6.419305608546357,0.9654313298037996,3.862369101047192,23.591715577143628,6.004182689064292,,,
847,19111,IA,Lee County,7,0,33724.0,9.64001897758273,32.01222335401426,6.695815115552779,0.2772249075916974,4.847474373224651,20.36828371486182,5.734788281342664,,,
848,19113,IA,Linn County,7,0,228567.0,15.734554857000354,24.435057322104583,5.103030146336419,1.576889382705498,3.9005262614797234,15.90955824769105,6.162744403172812,,,
849,19115,IA,Louisa County,7,0,10891.0,22.266091268019466,26.31578947368421,15.463645943097998,5.960920108830077,4.487856388595565,18.74024423836195,5.775410889725461,,,
850,19117,IA,Lucas County,7,0,8650.0,4.219653179190751,36.04801694715782,7.167687468962091,1.4665190924183729,3.896412449512949,21.27167630057804,5.953757225433526,,,
851,19119,IA,Lyon County,7,0,11953.0,5.0363925374383,22.09991532599492,6.2662506500260005,0.5728689275893676,2.9160625100692767,18.18790261858948,7.245043085417886,,,
852,19121,IA,Madison County,7,0,16414.0,5.513585963202145,20.72,3.526877860540249,0.047044064607182,2.74641771602258,17.186548068721823,5.208967954185451,,,
853,19123,IA,Mahaska County,7,0,22132.0,7.667630580155431,32.594700503825344,8.035714285714286,0.419834335640531,3.5447437011294527,17.933309235496115,6.456714259895175,,,
854,19125,IA,Marion County,7,0,33381.0,6.009406548635451,20.93015932993261,5.978039853599023,0.8005437655766181,2.473332551869652,17.791558071957102,5.6469248973967225,,,
855,19127,IA,Marshall County,7,0,40137.0,31.434835687769397,33.54541692530519,14.73180653909899,6.419139756830957,5.492452180754291,17.893714029449136,6.353240152477764,,,
856,19129,IA,Mills County,7,0,14658.0,6.2696138627370726,21.634149716341497,4.778761061946903,0.0,3.303100040611886,18.80201937508528,5.164415336335107,,,
857,19131,IA,Mitchell County,7,0,10526.0,3.6386091582747486,27.581851743903623,7.240323029796714,0.5227272727272727,1.2354271793979468,20.58711761352841,6.1751852555576665,,,
858,19133,IA,Monona County,7,0,8732.0,5.657352267521759,30.241794182922558,7.193320488118175,0.3169572107765451,2.5538894095595124,24.438845625286305,5.393953275309207,,,
859,19135,IA,Monroe County,7,0,7589.0,5.204901831598366,26.45368266274562,6.499032882011606,0.0,3.194297782470961,19.44920279351693,6.153643431282118,,,
860,19137,IA,Montgomery County,7,0,10327.0,7.523966301926988,32.5995085995086,7.809172227743859,0.1141552511415525,4.129734085414988,21.429263096736708,5.935896194441755,,,
861,19139,IA,Muscatine County,7,0,43145.0,24.32726851315332,29.825719878310498,10.39119378548786,1.0187667560321716,3.707550578034682,16.428323096534942,6.334453586742381,,,
862,19141,IA,O'Brien County,7,0,14139.0,8.784213876511776,28.643871341640104,8.405707196029777,0.8818342151675485,2.535441657579062,20.29139260202277,6.407808190112455,,,
863,19143,IA,Osceola County,7,0,6168.0,12.67833981841764,25.49827046615055,11.426592797783934,1.7675817976682964,4.224483502929386,21.254863813229573,5.463683527885863,,,
864,19145,IA,Page County,7,0,15250.0,9.757377049180327,34.14839797639123,7.92273987302155,0.7778317938745746,7.050765511684126,22.478688524590165,4.931147540983607,,,
865,19147,IA,Palo Alto County,7,0,8996.0,8.148065807025343,24.846590251244645,6.5369018653690185,0.949796472184532,2.817493692178301,21.48732770120053,6.313917296576256,,,
866,19149,IA,Plymouth County,7,0,25543.0,9.423325372900598,18.309914902038397,5.629932768196434,1.2756353645373368,2.308248914616497,18.5686880945856,6.103433425987551,,,
867,19151,IA,Pocahontas County,7,0,7091.0,7.812720349739107,31.70381020848311,10.477719791248497,0.4806151874399231,5.552455357142857,22.54971090114229,5.979410520377944,,,
868,19153,IA,Polk County,7,0,488871.0,23.792370584469115,25.518404748268857,7.51022946640517,3.1204068359084927,4.425049255187907,13.03738614072015,6.879933561205307,,,
869,19155,IA,Pottawattamie County,7,0,93571.0,13.57471866283357,28.826094578603676,10.040789224056155,1.341846120549724,3.848324588724681,17.48511825245001,6.236975131183807,,,
870,19157,IA,Poweshiek County,7,0,18628.0,8.605325316727507,28.70858213323967,5.827409489171764,1.061381074168798,5.4659406144046025,20.35645265192184,4.869014386944385,,,
871,19159,IA,Ringgold County,7,0,4739.0,5.1698670605613,35.77860751153086,6.732247156470949,0.3225806451612903,1.9317160826594788,23.422663009073645,6.077231483435324,,,
872,19161,IA,Sac County,7,0,9829.0,5.951775358632617,28.516597510373444,6.4043653072946585,0.7626310772163966,3.202357563850688,23.257706786041307,5.778817784108251,,,
873,19163,IA,Scott County,7,0,174170.0,21.43021186197393,25.586797998345645,6.062733686365405,1.22364377099564,4.110605406243425,16.22150772234024,6.191651834414652,,,
874,19165,IA,Shelby County,7,0,11750.0,5.982978723404255,26.83918989094686,6.521217933349317,0.0,3.481260780931472,22.476595744680854,4.961702127659574,,,
875,19167,IA,Sioux County,7,0,35647.0,13.574774875866131,18.40325573044467,7.984126234232532,1.2699446434386192,2.1850112313661425,15.417847224170336,7.198361713468174,,,
876,19169,IA,Story County,7,0,98106.0,17.20893727193036,31.63575081089192,3.145039336919278,3.104575163398693,5.406799963143831,12.26224695737264,4.452327074796648,,,
877,19171,IA,Tama County,7,0,17079.0,20.71549856548978,31.34632683658171,9.296137339055791,2.644628099173554,4.580152671755725,19.673282979097134,6.048363487323614,,,
878,19173,IA,Taylor County,7,0,5932.0,10.890087660148348,25.92719193300291,9.19315403422983,1.96238757154538,3.2619439868204285,21.931894807821983,5.613621038435603,,,
879,19175,IA,Union County,7,0,12193.0,6.405314524727303,29.30599899176609,8.928786600795277,0.6077795786061588,5.9555408095554085,20.085294841302385,5.552366111703436,,,
880,19177,IA,Van Buren County,7,0,7196.0,3.904947192884936,37.366347777152505,12.19077775578864,1.1896431070678797,5.517879161528977,22.55419677598666,6.031128404669261,,,
881,19179,IA,Wapello County,7,0,35343.0,19.54559601618425,38.52098408104197,12.009824327699608,3.1161473087818696,5.034631278738141,17.726282432164787,6.139829669241434,,,
882,19181,IA,Warren County,7,0,51862.0,6.501870348231846,17.38035264483627,4.22609305588029,0.5277450427832145,3.0050725905195037,15.651151131849907,5.875207280860746,,,
883,19183,IA,Washington County,7,0,22525.0,9.90899001109878,27.83644733279177,8.084185680566483,0.6566285520208309,2.5825082508250827,18.86348501664817,6.446170921198668,,,
884,19185,IA,Wayne County,7,0,6504.0,5.488929889298893,36.10807434015305,10.520284208113685,0.0,2.155319876838864,21.094710947109476,7.2570725707257075,,,
885,19187,IA,Webster County,7,0,37114.0,14.576709597456484,32.2663252240717,8.497463145699333,0.6705409029950827,3.060435311015357,18.67219917012448,5.841461443121195,,,
886,19189,IA,Winnebago County,7,0,10743.0,9.327003630270871,28.82329635499208,5.687794076944368,0.8718980549966466,2.0974049057945257,21.04626268267709,5.045145676254305,,,
887,19191,IA,Winneshiek County,7,0,20100.0,5.338308457711443,20.80271654419951,4.115599939476471,0.3800882785679254,2.132701421800948,21.129353233830848,4.6318407960199,,,
888,19193,IA,Woodbury County,7,0,105102.0,29.61979791060113,32.85814647854341,12.256172012269571,4.848591372470246,4.4214861106094,15.029209720081443,6.967517268938746,,,
889,19195,IA,Worth County,7,0,7450.0,5.906040268456376,22.08128750681942,6.874649729123856,0.0,3.6055923473142015,20.926174496644297,5.503355704697987,,,
890,19197,IA,Wright County,7,0,12978.0,16.520265063954383,35.24167057719381,7.318166535918413,3.9490922702601536,2.0411605937921724,22.330097087378643,6.195099398982895,,,
891,20001,KS,Allen County,7,0,12557.0,10.344827586206897,35.67777044854881,7.343513229980184,0.3416398713826367,6.024675532767184,20.19590666560484,5.638289400334475,,,
892,20003,KS,Anderson County,7,0,7800.0,6.85897435897436,30.36532669896556,14.4335825186889,1.1694058154235143,5.958041958041958,20.76923076923077,7.076923076923077,,,
893,20005,KS,Atchison County,7,0,16382.0,12.36723232816506,32.173624917163686,6.047792309961649,1.4130064691862445,4.440710513682189,16.9576364302283,5.347332438041754,,,
894,20007,KS,Barber County,7,0,4178.0,11.177596936333174,32.25806451612903,8.728522336769759,1.327433628318584,2.32670867668444,22.020105313547152,6.46242221158449,,,
895,20009,KS,Barton County,7,0,25708.0,19.523105648047306,38.440055854777576,11.345888837850254,2.4046516211688185,3.76331723767916,19.740936673409056,6.0564804730045125,,,
896,20011,KS,Bourbon County,7,0,14410.0,10.999306037473977,39.98706152961472,9.87979755377478,0.1905421791096483,3.560606060606061,19.43789035392089,6.217904233171409,,,
897,20013,KS,Brown County,7,0,9532.0,18.684431389005454,33.201454234388365,6.495726495726497,0.0543773790103317,5.3869174861051725,19.943348720100712,6.598825010490978,,,
898,20015,KS,Butler County,7,0,67404.0,12.571954186695152,24.369027390213105,6.303005631318272,0.2193338748984565,3.4238858287431144,15.227582932763632,5.882440211263427,,,
899,20017,KS,Chase County,7,0,2583.0,10.181958962446767,35.120000000000005,6.504961411245866,0.5644402634054563,0.7413509060955519,23.809523809523807,4.645760743321719,,,
900,20019,KS,Chautauqua County,7,0,3394.0,15.615792575132586,46.38590203106332,11.960542540073984,0.0,8.190883190883191,24.484384207424867,5.745433117265763,,,
901,20021,KS,Cherokee County,7,0,19507.0,13.297790536730403,39.2378080482479,11.662826135434477,0.185602545406337,1.3882618510158014,19.208489260265544,6.3823242938432365,,,
902,20023,KS,Cheyenne County,7,0,2647.0,10.011333585190782,36.94732795078816,7.881002087682671,1.0577705451586654,2.5457438345266508,26.4072534945221,5.5534567434831885,,,
903,20025,KS,Clark County,7,0,1994.0,13.189568706118354,28.26315789473684,5.6657223796034,0.0,1.06951871657754,24.32296890672016,7.271815446339016,,,
904,20027,KS,Clay County,7,0,8085.0,7.050092764378478,28.916876574307302,5.843810873029928,0.0,2.08,24.131106988249844,6.221397649969078,,,
905,20029,KS,Cloud County,7,0,9037.0,8.465198627863229,38.21176470588235,4.983388704318937,0.2752546105147261,4.571554770318021,20.8033639482129,7.4471616686953634,,,
906,20031,KS,Coffey County,7,0,8361.0,7.295778016983615,31.020259614218126,6.1596052407691,0.8877434135166093,4.328072692491631,21.46872383686162,5.071163736395167,,,
907,20033,KS,Comanche County,7,0,1809.0,5.4173576561636265,19.22632794457275,4.232804232804233,0.0,3.747323340471092,27.860696517412936,2.9297954671089,,,
908,20035,KS,Cowley County,7,0,34769.0,21.565187379562254,37.19588894002148,8.114370655357845,1.2445263885687947,5.78656224749829,18.116713164025423,5.642957807242084,,,
909,20037,KS,Crawford County,7,0,39018.0,14.172945819878006,43.29034694868613,6.781540561289773,0.3867973182052605,4.04971932638332,15.07509354656825,5.858834384130401,,,
910,20039,KS,Decatur County,7,0,2792.0,6.626074498567336,33.00110741971207,6.564659427443238,0.4601226993865031,4.3140028288543135,27.578796561604584,5.981375358166189,,,
911,20041,KS,Dickinson County,7,0,18572.0,10.569674779237562,25.47071416808476,6.6564063101192765,0.440471563674051,2.993691863573185,19.577859142795607,5.362911910402756,,,
912,20043,KS,Doniphan County,7,0,7549.0,10.4384686713472,30.724299065420563,8.839556004036327,0.0,1.8547544409613372,19.565505364949,4.994038945555703,,,
913,20045,KS,Douglas County,7,0,118690.0,22.59583789704272,31.91771911756735,3.7424806645660262,1.9407620942365864,4.371020478403029,12.477883562220912,4.766197657763923,,,
914,20047,KS,Edwards County,7,0,2911.0,25.145997938852627,36.7807977409107,12.667304015296368,6.394884092725819,2.417582417582418,21.710752318790792,6.389556853315012,,,
915,20049,KS,Elk County,7,0,2466.0,11.557177615571776,42.88039056143206,12.795941375422773,0.0,4.965243296921549,27.85888077858881,4.825628548256286,,,
916,20051,KS,Ellis County,7,0,28893.0,10.999203959436542,31.680747797950747,5.966962580065176,0.865618959576435,3.579697239536954,15.425881701450178,5.3542380507389336,,,
917,20053,KS,Ellsworth County,7,0,6403.0,15.242854911760112,32.204310813258466,8.327925589444083,0.0,3.80818053596615,20.88083710760581,4.451038575667656,,,
918,20055,KS,Finney County,7,0,38338.0,59.885753038760505,33.2925954462127,28.16702676484854,13.587124729186009,5.187404823893501,10.99170535760864,7.976420261881162,,,
919,20057,KS,Ford County,7,0,34426.0,60.97426363794807,36.735179511585706,24.93815183119088,11.805375507734857,3.723790886217501,10.942311043978387,8.702724684831233,,,
920,20059,KS,Franklin County,7,0,25953.0,9.879397372172772,30.072593121504227,7.215131654593537,0.8384907167099223,2.8470536305451337,16.49520286672061,5.7565599352676,,,
921,20061,KS,Geary County,7,0,36514.0,44.77734567563127,40.49924016434964,6.177292354584709,3.5594608682701616,4.6493414026343896,8.306403023497836,11.784521005641672,,,
922,20063,KS,Gove County,7,0,2774.0,5.912040374909877,31.76470588235294,5.685967657798644,0.0,3.264996203492786,24.76568132660418,7.354001441961067,,,
923,20065,KS,Graham County,7,0,2444.0,12.356792144026189,33.90041493775934,6.214689265536723,0.1692047377326565,4.022082018927445,26.22749590834697,4.091653027823241,,,
924,20067,KS,Grant County,7,0,7430.0,51.5343203230148,33.25613079019074,20.89688140223082,5.6657223796034,2.545672356993112,13.243606998654109,7.671601615074024,,,
925,20069,KS,Gray County,7,0,5720.0,19.038461538461537,24.214118915035023,22.41526630589576,3.65141187925998,1.789935832489024,14.912587412587412,7.272727272727272,,,
926,20071,KS,Greeley County,7,0,1257.0,24.025457438345267,29.545454545454547,12.173913043478262,5.70902394106814,0.0,19.09307875894988,8.910103420843278,,,
927,20073,KS,Greenwood County,7,0,6049.0,8.596462225161183,36.99916177703269,7.641423357664233,0.3547497043752463,2.34375,24.731360555463716,5.124814018846091,,,
928,20075,KS,Hamilton County,7,0,2572.0,36.93623639191291,28.576982892690516,18.773006134969325,13.110539845758352,0.0,13.21928460342146,5.909797822706065,,,
929,20077,KS,Harper County,7,0,5525.0,10.60633484162896,37.1306448615499,10.924593658406607,0.58983666061706,4.154175588865097,22.35294117647059,7.022624434389141,,,
930,20079,KS,Harvey County,7,0,34006.0,18.593777568664358,29.758335882532883,8.332964160722987,1.2591419739123877,3.485665625887028,19.41128036228901,5.722519555372582,,,
931,20081,KS,Haskell County,7,0,3803.0,34.26242440178806,34.104199893673574,27.646326276463263,11.552888222055516,3.1512605042016806,13.804890875624508,7.204838285564029,,,
932,20083,KS,Hodgeman County,7,0,1851.0,9.346299297676932,26.976229961304583,8.575924468922109,2.7586206896551726,4.503582395087001,21.7720151269584,4.538087520259319,,,
933,20085,KS,Jackson County,7,0,13287.0,16.790848197486266,26.91926507585576,5.690140845070422,1.594926979246733,3.9791857973676152,18.965906525174983,6.510122676300142,,,
934,20087,KS,Jefferson County,7,0,18391.0,7.030612799739003,22.53963011889036,5.148591277499035,0.0413109336270999,3.7378339200662665,18.71023870371377,5.187319884726225,,,
936,20091,KS,Johnson County,7,0,605154.0,21.25690320149912,13.764747288233696,3.730066671865253,2.4076587840251484,3.0787059335219027,14.634456683753228,6.157771410252597,,,
937,20093,KS,Kearny County,7,0,4019.0,34.18760885792486,39.5112016293279,22.27427597955707,4.747320061255743,2.1207177814029365,15.05349589450112,8.036825080865887,,,
938,20095,KS,Kingman County,7,0,7495.0,8.258839226150767,27.692724563067333,8.833458364591147,0.1259049417689644,3.537925489145002,21.24082721814543,5.670446964643095,,,
939,20097,KS,Kiowa County,7,0,2457.0,11.436711436711438,21.372031662269126,11.871859296482413,0.6479481641468683,3.682946357085669,22.14082214082214,5.982905982905983,,,
940,20099,KS,Labette County,7,0,20222.0,15.245771931559688,36.77604717979737,9.935220903995925,0.1400025455008272,3.029353389741982,18.969439224606862,6.492928493719711,,,
941,20101,KS,Lane County,7,0,1504.0,14.694148936170212,32.290279627163784,4.25925925925926,2.2761760242792106,0.2364066193853428,19.34840425531915,4.587765957446808,,,
942,20103,KS,Leavenworth County,7,0,81601.0,21.923750934424824,22.2834376479251,7.0468042093103005,0.5407479765559586,5.235123211019046,14.395656915969168,6.305069790811387,,,
943,20105,KS,Lincoln County,7,0,2952.0,7.14769647696477,32.71092669432918,4.47906523855891,0.0,2.405498281786942,24.4579945799458,4.979674796747967,,,
944,20107,KS,Linn County,7,0,9667.0,8.130754111927175,30.4030068907914,6.319322825452423,0.0,4.399092970521542,22.054411916830453,5.410158270404469,,,
945,20109,KS,Logan County,7,0,2777.0,10.046813107670149,29.159082635602477,7.505285412262157,2.162629757785467,0.7586206896551724,20.74180770615773,7.382066978754051,,,
946,20111,KS,Lyon County,7,0,32318.0,29.58722693235968,36.29221049931052,11.644545831605145,4.237608777903898,3.352957667507709,14.846215731171483,5.919301937001052,,,
947,20113,KS,McPherson County,7,0,30059.0,9.018929438770416,27.251772430412466,8.286723579629085,0.3776683087027914,1.5581560742225382,19.455071692338404,5.306231078878207,,,
948,20115,KS,Marion County,7,0,11877.0,7.821840532120906,35.44212796549245,8.17834708707969,0.1732726878925709,4.734721289456011,23.010861328618336,4.698156100025259,,,
949,20117,KS,Marshall County,7,0,9995.0,5.692846423211606,26.071065989847718,8.586296617519515,1.0073710073710074,2.560093804963846,22.041020510255127,6.783391695847923,,,
950,20119,KS,Meade County,7,0,4089.0,26.021032037172905,24.359618282270212,15.49618320610687,2.389705882352941,1.699029126213592,16.434336023477623,7.263389581804843,,,
951,20121,KS,Miami County,7,0,33968.0,8.128238341968911,16.420105026256564,4.70736257538288,0.2863555452364368,2.877860865624292,16.677461139896373,5.546396608572774,,,
952,20123,KS,Mitchell County,7,0,5884.0,5.625424881033311,32.77884783750656,5.170207320194523,0.0,1.800808526277104,23.06254248810333,6.118286879673692,,,
953,20125,KS,Montgomery County,7,0,31679.0,21.44322737460147,41.73056927475955,9.963356370889189,1.0943484718205267,4.493001024240355,18.977871776255565,5.748287509075413,,,
954,20127,KS,Morris County,7,0,5377.0,9.317463269481124,34.84248255046218,7.200811359026369,1.8308631211857016,3.269367448471926,24.71638460107867,4.946996466431095,,,
955,20129,KS,Morton County,7,0,2744.0,29.008746355685133,37.44871316672883,12.25842076200994,5.543710021321962,2.184466019417476,19.02332361516035,4.482507288629738,,,
956,20131,KS,Nemaha County,7,0,10197.0,5.432970481514171,22.017605990083982,6.554392353208921,0.1510954419541677,1.6856134849078792,19.40766892223203,7.129547906246936,,,
957,20133,KS,Neosho County,7,0,15926.0,11.132738917493407,36.58473479948254,8.98152534343913,0.0481386392811296,4.739084132055378,19.735024488258198,6.6432249152329526,,,
958,20135,KS,Ness County,7,0,2717.0,15.495031284504968,25.82458770614693,8.514013749338973,1.8166089965397925,0.6858710562414266,24.43871917556128,6.036069193963931,,,
959,20137,KS,Norton County,7,0,5457.0,12.369433754810336,26.69892236639543,9.757317988491367,0.3303964757709251,1.3967699694456568,20.689023272860545,6.560381161810519,,,
960,20139,KS,Osage County,7,0,15811.0,7.248118398583264,26.295461860315417,8.262576463069479,0.0,3.276151167290081,19.865916134336853,5.388653469103788,,,
961,20141,KS,Osborne County,7,0,3512.0,6.947608200455581,29.43241661790521,5.89159465828751,0.0,2.684931506849315,24.601366742596813,5.609339407744875,,,
962,20143,KS,Ottawa County,7,0,5778.0,6.5766701280719975,28.00351802990325,5.027241208519069,0.4668930390492359,4.132513661202186,20.2319141571478,5.365178262374524,,,
963,20145,KS,Pawnee County,7,0,6356.0,17.039018250471997,28.97299283483373,9.263803680981596,0.0,1.2689460697920338,20.862177470106985,3.2567652611705475,,,
964,20147,KS,Phillips County,7,0,5022.0,6.949422540820391,28.35093419983753,9.098639455782314,0.6808896958692692,3.693295865114412,23.436877737953008,5.754679410593389,,,
965,20149,KS,Pottawatomie County,7,0,25082.0,10.880312574754804,25.360533225610983,4.312413183482763,0.352753755120619,2.087114337568058,14.209393190335698,7.630970417032135,,,
966,20151,KS,Pratt County,7,0,9266.0,12.42175696093244,33.94318181818182,7.155932767515393,0.6265322800326887,2.935545628589662,19.81437513490179,6.9285560112238285,,,
967,20153,KS,Rawlins County,7,0,2531.0,10.904780719083366,37.96705504218561,4.538174052322478,0.4273504273504274,0.5759539236861051,26.62979059660213,6.400632161201106,,,
968,20155,KS,Reno County,7,0,62071.0,16.906445844275105,33.55130869704804,8.719269491922267,0.5594852735483355,4.185925395482065,19.77896280066376,5.453432359717098,,,
969,20157,KS,Republic County,7,0,4707.0,5.842362438920756,30.757575757575754,4.8031026252983295,0.0962927298988926,1.0355695632597928,26.51370299553856,5.778627575950711,,,
970,20159,KS,Rice County,7,0,9464.0,18.628486897717668,29.256348935201004,7.117028270874425,0.1062134891131173,4.787453569954601,19.030008453085376,6.075655114116653,,,
971,20161,KS,Riley County,7,0,72602.0,23.66601471033856,40.3654406552729,3.8884260876575394,1.9686817736957007,4.913107663619176,9.417095947770031,5.326299550976557,,,
972,20163,KS,Rooks County,7,0,4975.0,5.989949748743719,27.99247963233758,9.521110796259563,0.332383665716999,1.9567876070118224,22.71356783919598,6.130653266331659,,,
973,20165,KS,Rush County,7,0,2883.0,10.232396808879638,31.756756756756754,7.588206863218946,1.896813353566009,3.3806626098715347,24.28026361429067,7.145334720776969,,,
974,20167,KS,Russell County,7,0,6747.0,9.337483325922632,33.015728977616455,6.917706790776392,0.0341296928327645,4.612095296273671,24.099599822143176,6.358381502890173,,,
975,20169,KS,Saline County,7,0,54378.0,20.427378719335028,31.983453903254443,6.655424701498626,0.657656023222061,3.5796204907207896,17.51443598514105,6.094376402221487,,,
976,20171,KS,Scott County,7,0,5163.0,21.78965717606043,35.14370664023786,16.00239736290081,8.345120226308344,0.2942258183155572,19.174898314933177,6.372264187487894,,,
977,20173,KS,Sedgwick County,7,0,520467.0,33.0889374350343,31.70249904542231,10.44684029356368,2.5947000811466068,5.569562834300402,14.580367247106926,6.678809607525549,,,
978,20175,KS,Seward County,7,0,22223.0,70.94901678441255,37.4523929702198,29.57768306857807,16.333287349979308,3.603523445146365,9.872654457094002,9.17067902623408,,,
979,20177,KS,Shawnee County,7,0,179053.0,27.007087287004406,29.212285797769034,6.799720750687857,1.842894587510471,4.0420408255125695,18.19293728672516,6.023914706818651,,,
980,20179,KS,Sheridan County,7,0,2459.0,7.889385929239529,19.89269500619067,4.159343878148799,0.199203187250996,1.85581727337616,22.570150467669784,5.612037413582757,,,
981,20181,KS,Sherman County,7,0,5965.0,15.87594300083822,27.08223278746258,9.7366320830008,0.1339883876730683,4.123711340206185,19.74853310980721,6.420787929589271,,,
982,20183,KS,Smith County,7,0,3588.0,5.964325529542921,28.2793867120954,3.834472285497342,0.0,2.4985473561882623,27.4247491638796,5.657748049052397,,,
983,20185,KS,Stafford County,7,0,4106.0,17.29176814417925,32.262113984433846,7.788944723618091,1.336728198599618,3.831041257367387,21.115440818314664,5.942523136872869,,,
984,20187,KS,Stanton County,7,0,2088.0,46.88697318007663,37.71844660194175,18.44135802469136,5.035971223021583,3.611971104231166,17.337164750957854,6.321839080459771,,,
985,20189,KS,Stevens County,7,0,5320.0,40.80827067669173,47.61904761904761,26.133252205658657,10.028328611898017,6.8423122296500205,15.582706766917292,6.616541353383458,,,
986,20191,KS,Sumner County,7,0,22603.0,11.39229305844357,32.30630223627739,6.657483930211202,0.1786711334450028,6.315987933634992,18.776268636906604,5.990355262575765,,,
987,20193,KS,Thomas County,7,0,7902.0,11.212351303467477,26.79598662207358,7.923551662353176,0.3158559696778269,1.360381861575179,16.80587193115667,6.492027334851937,,,
988,20195,KS,Trego County,7,0,2825.0,4.778761061946903,20.990825688073397,5.299860529986053,0.0,1.9973368841544608,26.831858407079643,4.6371681415929205,,,
989,20197,KS,Wabaunsee County,7,0,6881.0,8.065688126725766,19.69271679716354,3.581267217630854,0.1970831690973591,2.2091310751104567,20.08429007411713,5.5805842174102605,,,
990,20199,KS,Wallace County,7,0,1529.0,9.61412688031393,32.9560585885486,4.299065420560748,1.6616314199395772,0.8241758241758242,24.46043165467626,6.998037933289732,,,
991,20201,KS,Washington County,7,0,5531.0,6.72572771650696,36.89553340716131,6.324520476931052,1.1433597185576077,2.3059185242121445,23.7931657928042,6.996926414753209,,,
992,20203,KS,Wichita County,7,0,2150.0,28.13953488372093,23.81399718177548,13.402061855670103,2.787068004459309,5.116279069767442,18.88372093023256,6.325581395348837,,,
993,20205,KS,Wilson County,7,0,8713.0,8.217605876276828,40.92871310232179,9.341755319148938,0.0,4.335047759000735,21.714679214966143,6.323883851715826,,,
994,20207,KS,Woodson County,7,0,3162.0,7.526881720430108,34.390009606147935,9.384288747346073,0.0,7.199424046076314,25.23719165085389,5.060088551549652,,,
995,20209,KS,Wyandotte County,7,0,168333.0,60.13734680662735,40.3725140188601,18.83442072057736,7.705068821655005,6.037271278906967,12.49071780340159,7.697837025419853,,,
996,21001,KY,Adair County,4,0,18832.0,7.874893797790994,43.62489245770003,14.814226738647193,0.4063860667634252,6.726895372970334,18.415463041631263,4.768479184367035,,,
997,21003,KY,Allen County,4,0,20604.0,5.421277421859833,39.73054039435512,14.079447809550642,0.563638746886879,7.568438003220612,17.25878470199961,6.168705105804698,,,
998,21005,KY,Anderson County,4,0,23646.0,6.9694662945107,34.56443024494143,8.866752751644839,0.0,5.05795574288725,15.833544785587414,6.445064704389749,,,
999,21007,KY,Ballard County,4,0,7814.0,8.011261837727156,36.29263212705025,10.790848495766529,0.0,5.508598076362577,21.24392116713591,4.760685948297927,,,
1000,21009,KY,Barren County,4,0,44277.0,10.339453892540144,44.94026298153583,15.755806324629315,0.739585138961114,6.408675095076576,17.609594145944847,6.005375251259118,,,
1001,21011,KY,Bath County,4,0,12680.0,5.0,42.06677265500795,17.982873453853472,1.0302775441547518,2.8867656027647897,16.569400630914828,6.67192429022082,,,
1002,21013,KY,Bell County,4,0,24674.0,6.298127583691334,56.02536110178031,24.678782266466023,0.0316355583676051,9.178926191374323,18.444516495096053,5.7388344005836105,,,
1003,21015,KY,Boone County,4,0,134599.0,13.587768111204394,16.673050779988433,6.818309843287029,1.7788550418010394,3.4417760402122317,13.511244511474828,6.470330388784464,,,
1004,21017,KY,Bourbon County,4,0,20281.0,15.418371875154085,33.44024054121774,14.206787687450667,0.4917025199754148,5.100051308363264,18.61841132094078,5.803461367782654,,,
1005,21019,KY,Boyd County,4,0,48447.0,7.4617623382252765,36.25927992104021,11.74770191362664,0.071112083584049,8.524316631496296,19.458377195698397,5.668049621235577,,,
1006,21021,KY,Boyle County,4,0,30469.0,15.474744822606583,37.013838310269485,10.303000540195452,0.8525663107130556,6.197265056735525,18.52046342183859,4.818011749647182,,,
1007,21023,KY,Bracken County,4,0,8394.0,4.336430783893257,36.02514506769826,11.13423517169615,0.0,4.639175257731959,16.6309268525137,5.849416249702168,,,
1008,21025,KY,Breathitt County,4,0,13652.0,3.874890125988866,55.12417713943746,22.53939021894823,0.6719941881583728,9.3969434118133,17.264869616173453,6.013770876062115,,,
1009,21027,KY,Breckinridge County,4,0,20345.0,6.4290980584910296,40.1021072125732,13.906105293153807,0.1460435475305364,7.732741502160962,19.09068567215532,5.795035635291226,,,
1010,21029,KY,Bullitt County,4,0,81729.0,7.061141088230616,24.609211013705394,10.5086097768221,0.2886665573232737,4.720899841314291,15.856060884141494,5.262513917948342,,,
1011,21031,KY,Butler County,4,0,12413.0,6.066220897446225,40.23122348831407,19.1705069124424,1.0674540086304791,5.516184638958054,18.222830903085477,5.88898735196971,,,
1012,21033,KY,Caldwell County,4,0,12641.0,9.397990665295469,33.72946243420003,13.077790304396844,0.0,5.095320623916811,21.07428209793529,5.893521082192865,,,
1013,21035,KY,Calloway County,4,0,37291.0,10.772036148132257,40.66094522915549,9.79379224245555,0.8002188632788456,4.561046200021439,16.867340645195892,4.722319058217801,,,
1014,21037,KY,Campbell County,4,0,93023.0,8.435548197757543,25.618190960388848,6.988845267028104,0.5495661320010518,4.081509129426006,15.957343882695676,5.680315620867957,,,
1015,21039,KY,Carlisle County,4,0,4821.0,6.928023231694668,45.315447495284005,14.70322386260922,0.0,3.082747431043808,20.18253474382908,6.492428956647999,,,
1016,21041,KY,Carroll County,4,0,10808.0,12.157660991857885,43.321917808219176,19.24480628860191,1.3523303549867185,7.74915118833633,15.377498149518877,6.735751295336788,,,
1017,21043,KY,Carter County,4,0,26820.0,4.008202833706189,47.48991741885923,20.497131931166347,0.1054518612253506,5.225911812738159,18.810589112602536,6.401938851603281,,,
1018,21045,KY,Casey County,4,0,15863.0,5.610540250898317,53.386815035259104,25.549500454132605,1.1612021857923498,9.71993410214168,20.36184832629389,6.549832944588036,,,
1019,21047,KY,Christian County,4,0,72377.0,35.12303632369399,46.23660829942547,13.820326015447968,1.6593613024420788,7.852972295152631,12.253892811252191,9.30820564543985,,,
1020,21049,KY,Clark County,4,0,36716.0,10.646584595271817,32.26648160999306,10.770598237749264,1.1054192504718252,4.566313523313126,17.736136834077787,6.31604749972764,,,
1021,21051,KY,Clay County,4,0,20484.0,8.806873657488772,58.0549175193151,31.65477404009514,0.0,10.24214659685864,15.753759031439172,5.916813122437024,,,
1022,21053,KY,Clinton County,4,0,9372.0,5.623132735808792,55.93054801953337,21.896938013442867,0.6594566077552098,4.575335261635551,19.57959880495092,5.495091762697397,,,
1023,21055,KY,Crittenden County,4,0,8997.0,5.1683894631543845,37.245894108188814,14.238566713814238,1.6801853997682503,3.10576385002798,20.128931866177616,5.312882071801712,,,
1024,21057,KY,Cumberland County,4,0,6023.0,8.58376224472854,49.73821989528796,20.363134911514592,1.0199918400652794,3.8229376257545273,21.334882948696663,5.993690851735016,,,
1025,21059,KY,Daviess County,4,0,102488.0,12.99469206150964,32.96973961998593,9.0744022544377,1.1994187621604315,4.216475563145482,16.95905862149715,6.607602841308251,,,
1026,21061,KY,Edmonson County,4,0,12165.0,5.482942868886149,43.98565231898565,19.100996376811597,0.0,7.480884480264518,20.63296341964653,4.619810933004522,,,
1027,21063,KY,Elliott County,4,0,7414.0,4.289182627461559,51.10515740120562,24.881861141403125,0.0,5.21876647337902,19.90828162934988,4.424062584299973,,,
1028,21065,KY,Estill County,4,0,14157.0,3.71547644274917,54.45205479452054,25.73325406262386,0.8038585209003215,7.144196512282018,18.824609733700644,5.07875962421417,,,
1029,21067,KY,Fayette County,4,0,321354.0,29.97939966516676,32.63155166324847,7.636568730074515,2.913677372251898,4.890958181377495,13.495397598909614,5.867050044499213,,,
1030,21069,KY,Fleming County,4,0,14996.0,4.527874099759936,42.27892065188352,18.687167356593733,0.8576929809207071,8.200697286645445,17.618031475060018,6.97519338490264,,,
1031,21071,KY,Floyd County,4,0,36127.0,3.1084784233398843,47.72374474330389,22.86413322284045,0.5128205128205128,9.123997022086192,18.346389127245548,5.72978658620976,,,
1032,21073,KY,Franklin County,4,0,51319.0,18.82928350123736,30.021851731952086,9.429624089309954,1.896884973254821,4.764119858898321,17.71468656832752,5.652877102047974,,,
1033,21075,KY,Fulton County,4,0,6507.0,29.81404641155678,48.80013149243919,20.0,0.4751619870410367,6.721649484536083,21.00814507453512,5.640079913938835,,,
1034,21077,KY,Gallatin County,4,0,8694.0,10.674028065332411,36.12699894945722,15.022344448264008,0.166444740346205,4.312469196648595,13.791120312859444,5.912123303427651,,,
1035,21079,KY,Garrard County,4,0,17018.0,6.892701845105183,33.861551292743954,14.534313725490197,0.3814464449191334,4.087850704582963,17.99858972852274,5.288518039722646,,,
1036,21081,KY,Grant County,4,0,24918.0,7.135404125531744,32.29349556980115,11.733668341708544,0.0,4.2273564373011885,13.560478369050486,7.263825347138615,,,
1037,21083,KY,Graves County,4,0,36796.0,14.686378954234156,40.5954853898352,10.531205817006663,0.4010130856901646,4.772935080768058,18.162300250027176,6.6420263072073045,,,
1038,21085,KY,Grayson County,4,0,26351.0,4.595651018936662,44.29499250605281,16.77379688111341,0.0957650563949776,4.401359919139943,17.540131304314826,6.273006717012637,,,
1039,21087,KY,Green County,4,0,11141.0,6.076653801274571,49.60887756958341,19.1875,0.5466970387243736,8.641691565157435,19.71995332555426,5.968943541872363,,,
1040,21089,KY,Greenup County,4,0,35996.0,4.372708078675409,32.0,9.819302969987902,0.0211535749541672,5.623161273067665,20.938437604178244,5.1200133348149794,,,
1041,21091,KY,Hancock County,4,0,9050.0,4.861878453038674,27.61894125530489,14.46098478652053,0.0,5.005988023952096,16.839779005524864,6.132596685082873,,,
1042,21093,KY,Hardin County,4,0,110134.0,24.481994661049267,30.95560684351669,7.978672368655509,1.005013242527431,6.639192333477935,14.003849855630412,6.527502860152177,,,
1043,21095,KY,Harlan County,4,0,26921.0,5.493852382898109,60.780887994226894,25.14728517594608,0.2025072324011571,12.636056549480797,18.23483525871996,6.043609078414621,,,
1044,21097,KY,Harrison County,4,0,18690.0,6.47940074906367,34.07988665467822,14.976142835154688,0.3716960352422907,3.3252790242779886,18.17549491706795,6.334938469769931,,,
1045,21099,KY,Hart County,4,0,19194.0,8.617276232155882,44.70933333333333,22.02241943017281,0.622876557191393,5.02092050209205,16.051891216005,6.866729186204022,,,
1046,21101,KY,Henderson County,4,0,45102.0,14.751008824442374,34.61039404493615,11.524092346010155,0.368253270308893,3.234710183526221,17.750875792647776,5.791317458205845,,,
1047,21103,KY,Henry County,4,0,15691.0,9.349308520808108,39.18884175343874,15.712283979448854,0.0837942014412602,5.440927077444884,17.181823975527372,5.824995220189918,,,
1048,21105,KY,Hickman County,4,0,4529.0,14.131154780304705,40.62286883382587,11.296296296296296,0.1194743130227001,6.001062134891131,24.15544270258335,4.703024950320159,,,
1049,21107,KY,Hopkins County,4,0,45432.0,11.945324881141046,41.75419574891012,12.308081127187718,0.1201266790433548,7.196080432785547,18.39232259200564,5.920936784645184,,,
1050,21109,KY,Jackson County,4,0,13029.0,2.3332565814721007,57.32389986005288,28.65554465161924,0.2421307506053268,7.187499999999999,17.391971755315065,6.117123340241001,,,
1051,21111,KY,Jefferson County,4,0,780449.0,34.07512854779748,30.051411324626915,8.747038353324449,3.052648835576397,5.261920459172791,16.155828247585685,6.1508183109979,,,
1052,21113,KY,Jessamine County,4,0,53016.0,12.298174136109854,30.73568523153942,10.314028899761064,1.0444001259578042,4.62810550089959,15.148257129923042,6.115135053568734,,,
1053,21115,KY,Johnson County,4,0,22794.0,2.9700798455733963,47.05564316287453,16.94006112393189,0.9670487106017192,6.596871846619576,18.07931911906642,5.444415196981662,,,
1054,21117,KY,Kenton County,4,0,168264.0,12.366281557552416,26.115105749270437,8.454289475290077,1.3776325019776414,4.165939245810056,14.5022108115818,6.495150477820568,,,
1055,21119,KY,Knott County,4,0,14506.0,3.3227629946229147,59.37184115523466,29.58515283842795,0.0,11.349957007738606,18.681924720805185,5.163380670067559,,,
1056,21121,KY,Knox County,4,0,30367.0,4.758454901702506,55.84775554353705,23.973509933774835,0.0,8.991907283444899,16.92626864688642,6.4807192017650745,,,
1057,21123,KY,Larue County,4,0,14768.0,9.337757313109424,38.14940695012832,19.18942060698316,1.7270572299356586,2.952135282315849,17.246749729144096,5.369718309859155,,,
1058,21125,KY,Laurel County,4,0,62090.0,4.516025124818811,43.1910818641654,17.50974579238544,0.129612027996198,5.146889621845516,16.419713319375102,6.244161700756965,,,
1059,21127,KY,Lawrence County,4,0,16274.0,3.3120314612264967,48.44262802650319,23.579745942131265,0.0,5.267593763168985,18.809143418950477,6.64864200565319,,,
1060,21129,KY,Lee County,4,0,7263.0,5.768965992014319,57.53465494112386,27.076287110108986,0.0,7.488114104595879,17.788792509982102,5.163155720776539,,,
1061,21131,KY,Leslie County,4,0,10622.0,3.040858595368104,53.31369661266569,16.459627329192546,0.0,7.43713215623328,17.896817925061193,5.385049896441348,,,
1062,21133,KY,Letcher County,4,0,21784.0,2.983841351450606,53.048238431666114,23.043813439547733,0.1665477040209374,10.00926784059314,19.28020565552699,5.426000734484025,,,
1063,21135,KY,Lewis County,4,0,13103.0,2.564298252308632,57.81056860321384,22.834989625423173,0.0,7.980680772769089,18.430893688468288,5.9604670686102414,,,
1064,21137,KY,Lincoln County,4,0,24314.0,6.6628280003290286,44.99139703722355,17.646708370568962,0.9850151943833176,5.913470621575666,18.265197005840257,6.502426585506292,,,
1065,21139,KY,Livingston County,4,0,8989.0,5.061742129269107,37.69574944071588,13.596958174904945,0.0,6.835181841630127,21.949048837468016,5.3064857047502505,,,
1066,21141,KY,Logan County,4,0,27319.0,11.804970899374062,37.183098591549296,12.47859589041096,0.2604893478463113,5.372700871248791,18.36816867381676,6.343570408872945,,,
1067,21143,KY,Lyon County,4,0,8700.0,10.344827586206897,28.04762549046137,10.767435074409104,0.0,3.235747303543913,26.068965517241377,3.1379310344827585,,,
1068,21145,KY,McCracken County,4,0,67394.0,17.415496928509956,37.95247410642524,7.572298325722983,0.9090237233020472,3.8862218738774046,19.82965842656616,6.067305694868979,,,
1069,21147,KY,McCreary County,4,0,17044.0,11.18282093405304,63.16161811048943,22.03031072728812,0.0,6.912011955912573,15.694672612062895,5.491668622389111,,,
1070,21149,KY,McLean County,4,0,9182.0,4.443476366804617,32.69991212653778,9.98439937597504,0.0,6.122961104140527,19.363972990633847,5.282073622304509,,,
1071,21151,KY,Madison County,4,0,92194.0,10.949736425363907,33.90860816098379,10.335903665363896,0.6212758747281918,6.074052057237485,13.773130572488448,5.373451634596611,,,
1072,21153,KY,Magoffin County,4,0,11818.0,2.9277373498053816,58.3354717303909,27.88426763110308,0.0,11.232799775344004,17.549500761550178,6.16009477068878,,,
1073,21155,KY,Marion County,4,0,19556.0,12.410513397422786,39.37046267201214,14.734390262228567,0.2521231422505308,5.630603705917514,16.439967273471055,5.742483125383514,,,
1074,21157,KY,Marshall County,4,0,31662.0,3.8658328595793066,29.064055329325832,8.208890432366731,0.0302640538700158,3.5261629965304824,21.663192470469333,5.13549365169604,,,
1075,21159,KY,Martin County,4,0,11394.0,10.909250482710195,48.69531096723563,26.281666466562616,0.0,7.49776852127343,16.64911356854485,4.80077233631736,,,
1076,21161,KY,Mason County,4,0,17103.0,11.617844822545752,40.03581020590868,13.903201283892225,0.8951600667577,3.7197348843500606,18.25410746652634,5.963865988423084,,,
1077,21163,KY,Meade County,4,0,29735.0,11.037497898099884,29.099393691668368,10.695601627591552,0.2323105217307134,5.113843020295337,14.329914242475198,5.300151336808475,,,
1078,21165,KY,Menifee County,4,0,6149.0,4.488534721092861,49.15282118769535,23.381128584643847,0.0,5.432780847145488,19.287689055130915,7.285737518295658,,,
1079,21167,KY,Mercer County,4,0,22470.0,9.256786826880283,30.918220946915355,11.872963128634415,0.4714333819732855,5.316480123504438,18.798397863818423,5.478415665331553,,,
1080,21169,KY,Metcalfe County,4,0,10275.0,5.29440389294404,44.52425464921775,18.464992282867968,0.0978712992414974,3.3206192506170065,18.67639902676399,5.849148418491485,,,
1081,21171,KY,Monroe County,4,0,11269.0,6.735291507675925,45.603751465416174,19.26629040533607,0.9352037408149632,4.367236024844721,18.377850740970807,6.46907445203656,,,
1082,21173,KY,Montgomery County,4,0,28084.0,7.189146845178749,37.765744812297854,14.589983777277723,0.3070338667659099,6.777868185516681,16.350947158524427,6.039025779803446,,,
1083,21175,KY,Morgan County,4,0,13772.0,7.834737147836189,47.195611233931054,23.09203418131814,0.0,4.247745609871856,17.34679058960209,4.589021202439733,,,
1084,21177,KY,Muhlenberg County,4,0,31011.0,8.02940891941569,38.03214451750016,16.650787169366183,0.0,5.882808266893722,20.550772306600884,5.623810905807616,,,
1085,21179,KY,Nelson County,4,0,46440.0,9.890180878552972,26.75970477455313,7.875475135865297,0.7818091724935308,3.79757785467128,16.01851851851852,6.098191214470284,,,
1086,21181,KY,Nicholas County,4,0,7517.0,4.123985632566184,45.020297699594046,18.91421947449768,0.805860805860806,4.135702746365105,16.974856990820804,5.933218039111347,,,
1087,21183,KY,Ohio County,4,0,23861.0,5.921797074724446,44.45443260134412,18.68970570277201,3.380440927077445,4.5446026986506745,17.73605464984703,5.620049453082436,,,
1088,21185,KY,Oldham County,4,0,67586.0,12.57656911194626,11.838987278623096,6.073289104590588,0.6975471870155923,3.803027197938929,13.239428283964136,4.952209037374604,,,
1089,21187,KY,Owen County,4,0,11160.0,5.21505376344086,36.19332066250339,17.138445702521874,0.0,4.0,18.79032258064516,5.743727598566308,,,
1090,21189,KY,Owsley County,4,0,4094.0,10.33219345383488,60.50761421319797,31.457286432160803,0.0,15.68785197103781,22.52076209086468,6.546165119687347,,,
1091,21191,KY,Pendleton County,4,0,14625.0,5.743589743589744,33.265904017857146,16.587064676616915,0.0,5.0144927536231885,15.931623931623932,5.907692307692307,,,
1092,21193,KY,Perry County,4,0,28421.0,5.569825129305795,48.01551342926529,22.163854934841904,0.0,10.61883408071749,16.614475211991135,6.185567010309279,,,
1093,21195,KY,Pike County,4,0,58914.0,3.6018603387989274,48.080188515784734,21.117419724223485,0.3143994969608049,8.459375605972465,18.761245204874903,5.339987099840445,,,
1094,21197,KY,Powell County,4,0,13050.0,5.78544061302682,38.75157430730479,17.992573421852143,0.0,7.505863956215794,15.471264367816092,6.873563218390805,,,
1095,21199,KY,Pulaski County,4,0,64717.0,6.509881483999568,42.60270082665489,16.5805387575591,0.281132449019996,5.625378288888098,18.67360971614877,5.816091598807114,,,
1096,21201,KY,Robertson County,4,0,2196.0,1.8214936247723132,40.56834884860363,15.294880103694103,0.4739336492890995,8.643326039387308,17.076502732240435,4.371584699453552,,,
1097,21203,KY,Rockcastle County,4,0,16167.0,3.216428527246861,47.03263151199033,19.565217391304348,0.0,7.2187163306141295,18.067668707861696,5.474113935795138,,,
1098,21205,KY,Rowan County,4,0,24654.0,5.662367161515372,45.26767980045268,13.102871480345692,0.1927656196847715,4.005437245129135,13.754360347205322,5.329763932830373,,,
1099,21207,KY,Russell County,4,0,17909.0,6.8457200290356806,44.97339360302111,18.125101280181493,0.859352621025494,6.781002638522428,19.749846445921047,6.036071249092635,,,
1100,21209,KY,Scott County,4,0,56267.0,13.437716601204968,21.93046794777761,6.421720045521054,0.9556377945378742,3.2450083336167896,12.355377041605204,6.355412586418327,,,
1101,21211,KY,Shelby County,4,0,47523.0,20.71838899059403,26.971302998965875,12.918587258463324,2.587117212249208,3.697275479313825,15.983839404078026,6.09178713465059,,,
1102,21213,KY,Simpson County,4,0,19324.0,14.779548747671289,33.29963284201564,10.52225565069814,0.1800055386319579,4.128440366972478,16.513144276547298,5.65100393293314,,,
1103,21215,KY,Spencer County,4,0,19256.0,6.283755712505193,20.35268185157972,7.882177479492916,0.3337202553685432,5.701297471351454,14.09950145409223,5.359368508516826,,,
1104,21217,KY,Taylor County,4,0,25948.0,10.617388623400648,32.78450363196126,12.875309078064287,0.1330467710572101,6.2821425745707735,17.43486973947896,6.1276398951749655,,,
1105,21219,KY,Todd County,4,0,12206.0,14.419138128789118,36.141962421711895,20.83856389656038,2.640642939150402,3.4289035257652074,16.336228084548583,6.758970997869899,,,
1106,21221,KY,Trigg County,4,0,14067.0,12.596857894362692,33.36435884585093,11.116685060700313,0.3475238922675934,4.8988463467647545,22.47814032842824,5.701286699367314,,,
1107,21223,KY,Trimble County,4,0,8502.0,7.845212891084451,33.66514751739026,16.145057128663687,2.1000617665225447,9.348914858096828,17.72524111973653,4.963537991060927,,,
1108,21225,KY,Union County,4,0,13786.0,17.88771217176846,42.37137129705249,8.736059479553903,0.7904337251722741,3.8795142721968143,16.835920499057014,5.527346583490498,,,
1109,21227,KY,Warren County,4,0,133216.0,22.805819120826325,35.89600757581786,12.164124015748031,3.338561066457557,4.685249157354442,12.840049243334134,6.376110977660342,,,
1110,21229,KY,Washington County,4,0,11957.0,12.252237183239943,28.905109489051096,13.32527206771463,2.692804825506248,4.556396148555708,18.32399431295476,6.205569959019821,,,
1111,21231,KY,Wayne County,4,0,19743.0,7.156967026287799,50.0361682339568,22.807517084282463,0.3691446028513238,6.070328542094456,20.3211264752064,5.601985513853011,,,
1112,21233,KY,Webster County,4,0,12994.0,11.759273510851164,41.14949798403036,14.79724387213374,0.1891153603698256,5.341300018106102,17.307988302293367,6.241342157919039,,,
1113,21235,KY,Whitley County,4,0,36578.0,4.314068565804582,49.926341026603886,17.50377888145109,0.289650853295757,6.593097631264497,15.550330799934386,7.124501066214664,,,
1114,21237,KY,Wolfe County,4,0,6666.0,2.9702970297029703,69.30418719211822,34.088908450704224,0.0,26.95402298850575,18.96189618961896,6.105610561056106,,,
1115,21239,KY,Woodford County,4,0,26758.0,13.794005531056133,22.47545848869949,8.163155342421467,2.28956228956229,2.62705798138869,18.53277524478661,6.084161746019881,,,
1116,22001,LA,Acadia Parish,6,0,58200.0,23.017182130584192,43.70948861750266,19.69515059769275,1.2386917188587334,9.804308372129723,15.307560137457044,6.764604810996564,,,
1117,22003,LA,Allen Parish,6,0,23085.0,29.55165692007797,39.74564497167896,20.221606648199447,0.2341615714843242,9.192134565268892,14.173705869612302,6.003898635477583,,,
1118,22005,LA,Ascension Parish,6,0,125289.0,32.93585230946053,22.436403473441704,11.31185693287604,1.7059409226684368,4.768172487817108,11.906871313523135,6.847368883142176,,,
1119,22007,LA,Assumption Parish,6,0,21366.0,34.816998970326686,37.43153918791312,23.242265970269184,0.7117867052720472,8.19001677852349,18.847701956379296,5.251333894973322,,,
1120,22009,LA,Avoyelles Parish,6,0,39880.0,35.63691073219659,51.63977238364901,23.431788273139347,0.9137477502422816,8.084500061950193,16.52457372116349,6.4593781344032095,,,
1121,22011,LA,Beauregard Parish,6,0,36417.0,20.6304747782629,33.127486160950234,12.503595348646094,0.42690233672858,8.52877098551839,15.555921684927368,6.667215860724387,,,
1122,22013,LA,Bienville Parish,6,0,13130.0,46.36709824828637,57.54129012153319,13.485701906412478,0.2291825821237586,5.289399523086928,20.44935262757045,5.841584158415842,,,
1123,22015,LA,Bossier Parish,6,0,128508.0,34.965916518815945,36.462908106133405,9.63498000773894,1.7283537795983197,5.852875266881936,14.110405577862856,6.666511034332492,,,
1124,22017,LA,Caddo Parish,6,0,239775.0,56.11594202898551,45.34089991971829,13.450019352103851,0.5640911452534699,8.557587796559348,17.213220727765613,6.516525909707018,,,
1125,22019,LA,Calcasieu Parish,6,0,212646.0,33.311701137101096,35.116448846963166,11.828567776933616,1.43044943966471,5.443773866258274,14.80723832096536,7.054447297386266,,,
1126,22021,LA,Caldwell Parish,6,0,9707.0,21.314515298238383,44.11700975081257,23.18668252080856,0.0576701268742791,11.516770555060848,18.203358401153807,5.995673225507366,,,
1127,22023,LA,Cameron Parish,6,0,5650.0,12.035398230088497,29.03743315508021,13.89100126742712,4.828519855595668,0.6987577639751553,15.946902654867255,6.796460176991151,,,
1128,22025,LA,Catahoula Parish,6,0,9117.0,34.616650213886146,46.85714285714286,27.16754088244369,0.0,9.719504240052183,16.397937918174836,5.7365361412745415,,,
1129,22027,LA,Claiborne Parish,6,0,14456.0,55.66546762589928,61.666398843001765,22.080342995619347,0.5950019833399445,5.233130041314184,19.133923630326507,4.710846707249585,,,
1130,22029,LA,Concordia Parish,6,0,18989.0,43.61472431407657,57.60413674231543,18.837264336988248,0.1912960306073649,12.339665530118523,17.625993996524304,6.13513086523777,,,
1131,22031,LA,De Soto Parish,6,0,26803.0,40.89094504346528,45.2816001203098,17.52824935858944,0.6884343036978757,8.855510504976042,17.725627728239377,6.226914897586091,,,
1132,22033,LA,East Baton Rouge Parish,6,0,455447.0,56.2058812551186,35.31908976943726,9.56116373337388,2.0963063688728854,7.211021448470325,14.379938829325914,6.441144633733453,,,
1133,22035,LA,East Carroll Parish,6,0,7502.0,71.74086910157291,68.54460093896714,34.435483870967744,0.0,7.790549169859514,15.795787789922688,4.945347907224741,,,
1134,22037,LA,East Feliciana Parish,6,0,19588.0,46.25280784153564,30.2448508414849,18.751718449271376,0.0,6.246490735541831,18.34286297733306,4.7069634470083725,,,
1135,22039,LA,Evangeline Parish,6,0,32538.0,34.85770483742086,57.06640876853643,25.057149521810125,1.7224246439218285,13.596814629110751,15.216055074067244,6.788985186551109,,,
1136,22041,LA,Franklin Parish,6,0,19964.0,35.02304147465438,52.15627668659265,23.139508845263865,0.2060722626734441,8.78396556362658,17.967341214185534,6.717090763374073,,,
1137,22043,LA,Grant Parish,6,0,22236.0,24.370390357978053,40.4837346852556,18.78688936330529,0.030409001064315,4.339201586908009,14.633926965281526,5.617017449181508,,,
1138,22045,LA,Iberia Parish,6,0,70518.0,42.160866729062086,43.66735655973324,16.487486209954792,1.419635164999813,7.807673937271136,15.215973226693894,6.8805127768796615,,,
1139,22047,LA,Iberville Parish,6,0,30651.0,53.25764249127272,38.35381641807374,20.16188373804268,0.8323424494649228,8.50248946763692,15.901601905321195,5.330984307200418,,,
1140,22049,LA,Jackson Parish,6,0,15214.0,33.40344419613514,44.63172804532578,16.697536580848304,0.9694258016405668,4.547996272134204,20.264230314184303,5.264887603523071,,,
1141,22051,LA,Jefferson Parish,6,0,439402.0,48.69072057022954,34.72454856251291,13.208463046981688,5.0979114510099794,5.9886294690006965,17.268697001834312,6.405979035143218,,,
1142,22053,LA,Jefferson Davis Parish,6,0,32270.0,22.618531143476915,38.61217807442856,17.061061618411287,0.3083428772795348,5.598919243470429,16.101642392314844,6.75240161140378,,,
1143,22055,LA,Lafayette Parish,6,0,241173.0,35.36133812657304,33.455286965516656,10.697095384539534,2.034369868315081,5.239091933666076,13.41485157957151,6.620973326201524,,,
1144,22057,LA,Lafourche Parish,6,0,97677.0,23.589995597735395,34.750920194077295,19.07789429592951,1.5132373942656268,6.10702252172371,15.63418204899823,6.19695527094403,,,
1145,22059,LA,LaSalle Parish,6,0,14770.0,17.467840216655382,34.25369257032584,18.92792247122956,0.1985440105890139,6.2766798418972325,16.790792146242385,5.768449559918754,,,
1146,22061,LA,Lincoln Parish,6,0,48415.0,46.828462253433855,48.70316371050843,11.127467632959648,2.222347566134582,3.821915945051457,13.61561499535268,5.448724568831974,,,
1147,22063,LA,Livingston Parish,6,0,141057.0,14.311944816634412,26.70419593424987,12.643407534246576,1.0046622931881009,4.429700606042287,13.23720198217742,6.521477133357437,,,
1148,22065,LA,Madison Parish,6,0,10297.0,66.60192289016219,58.56876021480271,24.56114471160938,0.3250975292587776,10.58926487747958,14.421676216373704,6.700980868214043,,,
1149,22067,LA,Morehouse Parish,6,0,25852.0,51.67878694104905,50.14821342733536,19.97135491263248,0.487012987012987,9.192483494159472,18.95017793594306,6.564289029862293,,,
1150,22069,LA,Natchitoches Parish,6,0,37896.0,48.88906480895081,50.32199471598416,13.04271323626446,0.1961496549219033,13.334656872477003,16.553198226725776,6.22493139117585,,,
1151,22071,LA,Orleans Parish,6,0,383974.0,69.41355404272164,43.22090631679415,11.824979532429728,1.6227504374592874,8.402559906609271,15.15779714251486,5.735805028465469,,,
1152,22073,LA,Ouachita Parish,6,0,160227.0,42.98276819761963,43.34303761274727,11.816376413076688,0.4923666079701844,5.875465228118597,14.89137286474814,6.624975815561672,,,
1153,22075,LA,Plaquemines Parish,6,0,23536.0,36.9943915703603,33.50877949868416,15.110301294982756,2.6371439233735536,5.040844789798764,13.545207341944254,5.914343983684568,,,
1154,22077,LA,Pointe Coupee Parish,6,0,20951.0,39.66875089494535,38.41557440246724,18.85901908475272,1.0136358151321343,5.553789083200848,20.791370340317886,5.422175552479596,,,
1155,22079,LA,Rapides Parish,6,0,130459.0,39.37175664384979,40.63261684085979,12.995490560162388,1.1161127212184745,6.271331058020478,16.02955717888379,6.677960125403383,,,
1156,22081,LA,Red River Parish,6,0,7787.0,43.93219468344677,48.53975121687399,18.51569933396765,0.0,3.7825059101654848,18.74919738024913,6.408116090920765,,,
1157,22083,LA,Richland Parish,6,0,20110.0,39.32869219293884,49.15139171758317,21.359011627906977,0.7220216606498195,6.1694406206982855,17.369467926404774,6.27548483341621,,,
1158,22085,LA,Sabine Parish,6,0,22377.0,33.40483532198239,48.51256508942721,13.888163051998957,0.598014591556034,9.559732871629976,20.579166108057382,5.76037896053984,,,
1159,22087,LA,St. Bernard Parish,6,0,43821.0,39.12735902877616,43.15629602356407,18.52044352044352,0.8596173733195449,8.510120669521214,11.631409598137878,6.985235389425161,,,
1160,22089,LA,St. Charles Parish,6,0,52411.0,35.60702905878537,24.70123380270778,9.295207866919828,1.3090128755364807,6.586620926243568,13.686058270210452,5.546545572494323,,,
1161,22091,LA,St. Helena Parish,6,0,10881.0,55.8128848451429,48.490530658166136,22.557490362887144,0.726634928589326,26.18603687590636,19.53864534509696,5.4039150813344365,,,
1162,22093,LA,St. James Parish,6,0,20390.0,51.28494359980383,33.42909505176086,14.004670582407472,0.4287245444801715,5.242195909580194,17.606669936243257,5.836194212849436,,,
1163,22095,LA,St. John the Baptist Parish,6,0,42704.0,68.33551892094417,35.188177152632576,13.860057897338136,1.2442914818982065,10.593408765255202,14.532596478081675,6.257025103034844,,,
1164,22097,LA,St. Landry Parish,6,0,82999.0,46.2198339739033,49.96437171359772,21.774193548387096,3.4351520719183704,6.451805967022772,16.061639296859,7.210930252171713,,,
1165,22099,LA,St. Martin Parish,6,0,52222.0,35.693768909654935,39.49922660479505,16.231448963407725,2.8254081998259712,6.616902834008097,15.437938033778869,6.42641032515032,,,
1166,22101,LA,St. Mary Parish,6,0,49818.0,43.984102131759606,47.149118336561,18.931783670131992,4.508483705898195,7.352454755941975,16.789112369023247,6.702396724075635,,,
1167,22103,LA,St. Tammany Parish,6,0,262799.0,22.894303250773405,25.8615585144628,8.7018544935806,1.6546987199500467,5.164786118658533,17.070080175343133,5.852761996811251,,,
1168,22105,LA,Tangipahoa Parish,6,0,132492.0,37.4075415874166,41.20379014189694,17.57914768467793,1.051870221120066,5.809835848557056,14.576729161005948,7.007970292545965,,,
1169,22107,LA,Tensas Parish,6,0,4269.0,57.92925743733896,57.83160865475071,22.233468286099864,0.6657789613848202,16.67844522968198,25.15811665495432,5.317404544389786,,,
1170,22109,LA,Terrebonne Parish,6,0,110100.0,33.81198910081744,36.501564273650985,18.86779587049614,1.6563393708293614,6.7105555443365175,14.64850136239782,6.663033605812897,,,
1171,22111,LA,Union Parish,6,0,21272.0,31.144227153065064,45.36042573778423,13.469031304581486,0.1825531360020863,6.835032437442076,20.42591199699135,5.594208349003385,,,
1172,22113,LA,Vermilion Parish,6,0,57775.0,22.45434876676763,36.92972935121319,16.82817547150151,2.4559777571825765,6.479294599275705,15.30592816962354,6.3331890956295975,,,
1173,22115,LA,Vernon Parish,6,0,49064.0,30.35423120821784,40.94866796621183,11.981490112524137,1.0832416150147717,6.676899462778205,12.292108266753628,7.940648948312408,,,
1174,22117,LA,Washington Parish,6,0,45794.0,35.36489496440582,49.39642906320283,18.396437952463323,1.3013185927333448,10.30446222413145,18.153033148447395,6.411320260296109,,,
1175,22119,LA,Webster Parish,6,0,37356.0,38.51054716779098,60.317067809649416,14.520622146560395,0.2697053469085024,4.697986577181208,19.48816789806189,6.084698575864653,,,
1176,22121,LA,West Baton Rouge Parish,6,0,27064.0,45.05616316878511,31.21796343049499,12.845606716936734,0.768521364893944,7.732614716670409,13.881909547738694,6.525273425953296,,,
1177,22123,LA,West Carroll Parish,6,0,9959.0,22.08053017371222,45.80999792574155,19.253580211196297,0.0,5.09537496733734,18.81715031629681,5.16116075911236,,,
1178,22125,LA,West Feliciana Parish,6,0,15334.0,47.7174905438894,28.19049241778838,17.383966244725737,0.4672897196261681,9.502407704654896,14.960219120907784,4.206338854832398,,,
1179,22127,LA,Winn Parish,6,0,13875.0,35.42342342342342,42.66677771300075,18.21198712791633,0.3808717731696995,5.091567719863152,17.823423423423424,5.29009009009009,,,
1180,23001,ME,Androscoggin County,1,0,110378.0,10.48306727789958,30.86115467921428,8.211830868569049,1.4769499672274415,4.654347524615171,17.622171084817627,5.69859935856783,,,
1181,23003,ME,Aroostook County,1,0,67272.0,6.634260910928767,36.49331944103947,9.63041648294384,1.824527454300425,6.176766529260931,24.08728743013438,4.918836960399572,,,
1182,23005,ME,Cumberland County,1,0,300776.0,11.31273771843498,19.182380263926916,4.333530940763373,1.3311002809836012,3.5273399156995207,18.545695135250156,4.7314280394712345,,,
1183,23007,ME,Franklin County,1,0,29487.0,4.971682436327873,31.5867418899859,6.283603721539109,0.0332834082210018,5.108254397834912,22.250483263811173,4.490114287652186,,,
1184,23009,ME,Hancock County,1,0,55417.0,5.954851399390079,27.01782310155281,4.778422766529803,0.4522258640003319,4.135467472693549,25.0500748867676,4.3470415215547575,,,
1185,23011,ME,Kennebec County,1,0,123293.0,6.0782039531846905,30.020123076409245,6.206223060344827,0.7506824385805277,4.170152316312841,19.928138661562294,4.808869927733124,,,
1186,23013,ME,Knox County,1,0,40519.0,5.254325131419828,27.03544492779737,6.410589151310667,0.4107479034742426,3.689206380272042,25.34119795651423,3.9931883807596433,,,
1187,23015,ME,Lincoln County,1,0,35065.0,5.737915300156852,25.410905296112706,6.0802021778719295,0.6049960967993755,3.791830276035867,27.7655782118922,4.212177384856695,,,
1188,23017,ME,Oxford County,1,0,57807.0,5.930077672254225,35.79329962073325,8.170543705851223,0.1582626280388622,5.654858628534287,21.82261663812341,4.400851107997301,,,
1189,23019,ME,Penobscot County,1,0,152211.0,7.3201017009283165,32.70889311901703,6.453454642564438,0.4935362669553588,4.487220838870325,18.50194795382725,4.568657981354829,,,
1190,23021,ME,Piscataquis County,1,0,16760.0,6.652744630071599,37.98047589993899,8.620556114940749,0.2647714604236343,5.459809733903213,26.13961813842482,4.284009546539379,,,
1191,23023,ME,Sagadahoc County,1,0,36530.0,6.350944429236244,24.490638766519822,5.899458398458799,0.220416902827634,4.333485563505354,22.57049000821243,5.061593211059403,,,
1192,23025,ME,Somerset County,1,0,50424.0,4.785419641440583,40.97686789715483,8.992326548012363,0.2037414335988146,4.791929382093317,21.412422655878157,4.666428684753292,,,
1193,23027,ME,Waldo County,1,0,39618.0,5.643899237720229,33.31962895392759,6.942839665601849,0.1452390634985185,5.143321813376703,22.913827048311376,4.515624211217124,,,
1194,23029,ME,Washington County,1,0,31003.0,11.263426120052898,40.15370795488572,8.816562856390911,0.3545029416201539,7.420626068852703,24.54278618198239,4.8511434377318325,,,
1195,23031,ME,York County,1,0,210486.0,7.533992759613466,19.67614149027025,5.611153111825836,0.9782287235252634,3.479409066355709,20.65743089801697,4.57702650057486,,,
1196,24001,MD,Allegany County,3,0,68684.0,13.666938442723197,34.79580665494476,9.735102091737016,0.2866161158074229,6.898002103049422,19.840137441034305,4.468289557975657,,,
1197,24003,MD,Anne Arundel County,3,0,584064.0,33.94850564321718,13.95143060698548,6.595701410211259,1.5337339149998628,4.393275841002193,14.773894641683102,6.040605139162832,,,
1198,24005,MD,Baltimore County,3,0,850702.0,44.6459512261638,21.82069400843719,8.39936501159684,2.346665361604248,5.344270609378273,17.14525180380439,5.829185778333659,,,
1199,24009,MD,Calvert County,3,0,92515.0,23.502134788953143,11.095277980224298,5.474791702761022,0.1709871454306738,2.8997262496197918,14.99216343295682,5.158082473112469,,,
1200,24011,MD,Caroline County,3,0,33234.0,25.60630679424686,35.044561103650345,15.133086550326103,1.5715121625010449,5.050984111927911,16.36576999458386,6.084130709514353,,,
1201,24013,MD,Carroll County,3,0,172148.0,12.318470153588772,12.739220248836547,6.208875063589889,0.567504411273785,3.2105032072905626,16.83725631433418,5.396519274112972,,,
1202,24015,MD,Cecil County,3,0,103370.0,16.193286253264972,24.46937656641604,9.180122494432071,1.0938146462556888,5.353497164461247,15.804391989939054,5.572216310341492,,,
1203,24017,MD,Charles County,3,0,165209.0,62.98809386897808,15.676039531254782,6.330615803618779,1.1197495613884207,4.893065083299706,12.44181612381892,5.8374543759722535,,,
1204,24019,MD,Dorchester County,3,0,32486.0,37.63775164686327,34.00948695543627,12.57950833763108,0.6781985826411644,5.936444388840235,21.60930862525396,5.31305793264791,,,
1205,24021,MD,Frederick County,3,0,267498.0,28.829374425229343,15.016485315505337,7.06395476263534,1.8572965220509143,4.179012976397262,14.48646345019402,5.856492384989794,,,
1206,24023,MD,Garrett County,3,0,28955.0,4.185805560352271,32.88214867833605,9.578526237439524,0.2178825048418334,4.063678257226645,22.42790537040235,4.645139008806769,,,
1207,24025,MD,Harford County,3,0,259162.0,25.34553676850773,15.933559980573095,6.267962759523731,1.1049780440760044,4.066838155573035,16.15514620198949,5.549038825136401,,,
1208,24027,MD,Howard County,3,0,329248.0,50.347762173194674,12.676712563910788,4.625167155793688,3.1091945745825464,3.806035156686248,13.927495383419188,5.766777626591506,,,
1209,24029,MD,Kent County,3,0,19335.0,22.71011119731057,25.86421851977785,9.39650800550605,0.1929803401278494,4.008079948968744,25.99431083527282,3.899663822084303,,,
1210,24031,MD,Montgomery County,3,0,1057201.0,57.65393714156532,17.287049572434295,8.768635991480691,7.221868575662392,4.8551417822411365,15.616330291023184,6.070179653632564,,,
1211,24033,MD,Prince George's County,3,0,957767.0,87.9276483737694,21.81979468928184,12.770312578940842,5.922351392849309,6.756626452404882,13.49587112523192,6.413459641019162,,,
1212,24035,MD,Queen Anne's County,3,0,49702.0,15.192547583598245,14.697863682604272,7.131608548931384,1.4063656550703183,3.948948948948949,19.1561707778359,4.985714860568991,,,
1213,24037,MD,St. Mary's County,3,0,113209.0,27.291116430672474,18.39364630877345,8.330675172780436,0.8897504722139379,4.471977211106154,12.835551943750056,6.226536759444921,,,
1214,24039,MD,Somerset County,3,0,24834.0,48.54634774905372,41.28961059435599,16.779895388685144,0.7765314926660914,9.618623080733038,16.582105178384474,4.505919304179754,,,
1215,24041,MD,Talbot County,3,0,37510.0,23.0871767528659,20.110541925047183,8.336259568789943,1.433757922589379,3.5901730876605247,29.11223673687017,4.174886696880832,,,
1216,24043,MD,Washington County,3,0,153956.0,22.78767959676791,27.93472260557549,11.921757671270974,1.5674569333105917,5.206366333962773,17.07890566135779,5.589259268882018,,,
1217,24045,MD,Wicomico County,3,0,103223.0,38.49820291989188,32.09192478880916,12.242856923053251,3.442157558552165,7.993065545350595,15.701926896137488,5.947317942706568,,,
1218,24047,MD,Worcester County,3,0,52322.0,20.46366729100569,24.05009305210918,7.21129728102739,0.6689407699463962,6.839378238341968,27.40720920454111,4.034631703681052,,,
1219,24510,MD,Baltimore City,3,0,592211.0,72.65163936502361,38.62176422180774,13.668877491998613,1.8122200307889569,7.443374347526784,14.121824822571686,6.165538971751623,,,
1220,25001,MA,Barnstable County,1,0,227942.0,12.798869887953954,17.96938168054235,4.315068493150685,1.6065116184305697,4.517118124375328,30.556457344412173,3.596528941572856,,,
1221,25003,MA,Berkshire County,1,0,129089.0,13.13977178535739,24.707050322244644,6.957060497547965,0.7239981990094552,5.344237918215613,23.330415449805948,4.101046564773141,,,
1222,25005,MA,Bristol County,1,0,576070.0,21.081986564132837,25.22779022987482,14.16479154677014,5.7212838431014506,5.675072732253982,16.820178103355495,5.181835540819692,,,
1223,25007,MA,Dukes County,1,0,20277.0,18.05000739754401,20.6671645506597,4.191308819748008,3.2642258491398324,7.188907533339221,24.017359569956103,4.029195640380727,,,
1224,25009,MA,Essex County,1,0,804598.0,31.978702407910536,22.49365450022844,10.257752121440529,7.173682210943665,5.498532404156087,17.038446528577005,5.528723660759783,,,
1225,25011,MA,Franklin County,1,0,71085.0,10.691425757895477,26.05122488065632,6.396944300229919,1.3282670823590543,5.540759308580082,22.437926426109588,4.054301188717732,,,
1226,25013,MA,Hampden County,1,0,466265.0,39.10179833356568,32.46347894564535,13.866292572088526,7.830493865549427,6.5911792963968745,16.829485378486485,5.391140231413467,,,
1227,25015,MA,Hampshire County,1,0,161810.0,17.333292132748284,23.33138152140125,4.736658179821277,1.581202896409044,5.498246689136281,17.437735615845746,3.2618503182745195,,,
1228,25017,MA,Middlesex County,1,0,1623411.0,30.597119275402225,16.005953591828224,6.42863894801703,5.747555398944477,4.531372392294781,15.209580321927104,5.217840707005188,,,
1229,25019,MA,Nantucket County,1,0,13795.0,28.33635375135919,15.72967822326468,3.7983357807146354,0.6450012403870008,7.970366585770851,15.672345052555272,4.581370061616528,,,
1230,25021,MA,Norfolk County,1,0,720403.0,27.56790296542352,14.219172935540888,5.811546937672264,5.009322695342988,5.052021986650962,16.69149073504691,5.254836528998352,,,
1231,25023,MA,Plymouth County,1,0,527602.0,21.241769364028187,16.48978737668991,6.994871184818491,3.149149036967607,5.092416125522375,18.146443720835023,5.215673936035118,,,
1232,25025,MA,Suffolk County,1,0,792647.0,55.908746264099904,31.754377528065877,12.98803008215075,12.50983527500698,6.930404147549853,12.047733732670409,5.0682081683271365,,,
1233,25027,MA,Worcester County,1,0,856858.0,25.583352200714703,22.011530699099875,8.435959451112266,4.95053143114361,5.489074723496088,15.663155388640826,5.26528316243765,,,
1234,26001,MI,Alcona County,5,0,10138.0,5.296902742158217,35.932676028284035,9.572301425661914,0.291970802919708,7.1215813701597614,35.450779246399684,3.136713355691457,,,
1235,26003,MI,Alger County,5,0,8911.0,17.41667601840422,36.04504048582996,8.413813286508633,0.2287581699346405,7.0611310885910425,25.63124228481652,3.33295926383122,,,
1236,26005,MI,Allegan County,5,0,119418.0,13.177242961697566,26.790262394124262,8.692286900754356,0.870253164556962,3.549718317094471,16.666666666666664,6.020030481166994,,,
1237,26007,MI,Alpena County,5,0,28913.0,5.772489883443434,40.78474229711627,7.310145737300368,0.2622377622377622,7.133562954458476,23.29056133918998,4.676097257289109,,,
1238,26009,MI,Antrim County,5,0,23427.0,6.291885431339907,29.609203326295837,6.876239025771735,0.0197863078749505,4.655013799448022,27.31036837836684,4.140521620352584,,,
1239,26011,MI,Arenac County,5,0,15009.0,6.1229928709441,34.851032349182866,11.199504994254395,0.1112523839796567,7.686335403726709,25.071623692451197,4.557265640615631,,,
1240,26013,MI,Baraga County,5,0,8249.0,27.73669535701297,37.1632765255635,8.929143956396281,0.2212389380530973,4.138809296402419,22.766395926779005,4.024730270335798,,,
1241,26015,MI,Barry County,5,0,62014.0,6.651723804302255,23.457072397968343,6.574902500573526,0.1575782707858179,5.915160263770874,18.27813074467056,5.335891895378462,,,
1242,26017,MI,Bay County,5,0,104050.0,10.55742431523306,32.03868426923786,8.902443886297492,0.3932721576643633,5.451283466740271,20.27679000480538,4.843825084094186,,,
1243,26019,MI,Benzie County,5,0,17926.0,7.698315296217784,24.194095690532748,7.020775011050538,0.117353674636937,5.211066062485094,26.39741158094388,4.289858306370635,,,
1244,26021,MI,Berrien County,5,0,154263.0,25.87593914289233,34.40946858116587,9.230313630768949,0.7302493572859329,6.369733671941134,19.80384149147884,5.574246578894485,,,
1245,26023,MI,Branch County,5,0,44677.0,10.68334937439846,37.34550429285782,11.127615603203306,1.5398496240601502,5.394659336344001,18.195044430019923,6.12171810998948,,,
1246,26025,MI,Calhoun County,5,0,134207.0,23.29014134881191,35.38499189329744,8.975858187342215,1.1203639302968214,6.983183734424342,17.628737696245352,5.943803229339751,,,
1247,26027,MI,Cass County,5,0,51632.0,14.99651378989774,28.52536543422184,10.934329085153015,0.3525888717156105,5.614062561171358,20.892082429501084,4.876820576386737,,,
1248,26029,MI,Charlevoix County,5,0,26109.0,6.947795779233215,25.38303401729956,6.016822333453739,0.5183108165519585,4.0633608815427,24.47431920027577,4.12501436286338,,,
1249,26031,MI,Cheboygan County,5,0,25654.0,9.273407655726205,36.2007734196196,9.276522444016615,0.0187423859057258,7.379180489554379,27.508380759335772,4.1319092539175175,,,
1250,26033,MI,Chippewa County,5,0,37091.0,32.697959073629725,37.07370411962882,7.85066830542326,0.4797557607036418,9.955535023387425,18.241621956808928,4.674988541694751,,,
1251,26035,MI,Clare County,5,0,30827.0,5.595743990657541,45.58900867735998,13.494702309704303,0.3508471675509156,10.121288163948138,23.884906088818244,5.268109125117592,,,
1252,26037,MI,Clinton County,5,0,78895.0,11.08308511312504,21.699068319001423,4.736890271803789,0.7523917626074266,3.5622593068035946,17.06445275365993,5.465492109766145,,,
1253,26039,MI,Crawford County,5,0,13102.0,7.014196305907496,34.4899697931996,8.64011265338966,0.0876424189307625,7.175461018805916,25.095405281636392,5.106090673179668,,,
1254,26041,MI,Delta County,5,0,36836.0,8.93962428059507,33.62529609430948,7.280854050459902,0.1019432940426887,5.014639008285056,24.04712780975133,4.739928330980563,,,
1255,26043,MI,Dickinson County,5,0,25954.0,5.864221314633582,28.25286094999216,4.342347072722499,0.2018606284009127,4.930803016491257,22.790321337751408,5.14756877552593,,,
1256,26045,MI,Eaton County,5,0,108972.0,18.096391733656358,22.06208839387325,5.080717430549242,0.4232097115491702,4.668387188008202,18.54146019160885,5.338068494659178,,,
1257,26047,MI,Emmet County,5,0,33946.0,10.552053261061689,23.90681858855813,4.618546729536936,0.2030812324929972,4.3054611375481535,22.51811700936782,4.698639014906028,,,
1258,26049,MI,Genesee County,5,0,406400.0,28.407972440944885,36.22557330684334,8.847604354161309,0.5015008641338953,8.721818876576231,17.43331692913386,5.8048720472440944,,,
1259,26051,MI,Gladwin County,5,0,25344.0,5.062342171717172,41.07840791257877,11.670468410163917,0.4200112002986746,7.440507118362256,26.6769255050505,5.287247474747474,,,
1260,26053,MI,Gogebic County,5,0,14858.0,9.059092744649346,40.18413597733711,5.843247025892232,0.4874446085672082,5.181033176791396,26.70615156817876,3.856508278368556,,,
1261,26055,MI,Grand Traverse County,5,0,94562.0,7.635202301135763,24.224962173647103,4.837104469747973,0.597231959699826,4.2538242261211705,19.955161692857597,4.8962585393709945,,,
1262,26057,MI,Gratiot County,5,0,41758.0,15.216245988792569,35.93327196139147,8.157912899440955,0.1749781277340332,5.425024936273966,17.199099573734376,4.437473059054552,,,
1263,26059,MI,Hillsdale County,5,0,45673.0,6.027631204431502,38.12162223534221,10.249864377572838,0.2092405134875304,4.010798303123795,19.460074880126115,5.716725417642809,,,
1264,26061,MI,Houghton County,5,0,37485.0,8.003201280512204,38.999740117236,7.085084270932176,1.505329876116393,5.696601524442661,17.145524876617312,5.1273842870481525,,,
1265,26063,MI,Huron County,5,0,31542.0,5.342083571111534,34.07231544162469,9.025751072961372,0.4898322695561822,5.170860192694254,25.442267452919918,4.822141906030055,,,
1266,26065,MI,Ingham County,5,0,285660.0,31.335503745711684,34.33631419444062,6.302091366614683,2.5468047275389605,6.700568549078581,13.6830497794581,5.473639991598404,,,
1267,26067,MI,Ionia County,5,0,66564.0,12.407607715882458,26.971495870004613,8.484623124371145,0.4038275831797032,5.011567560807854,14.923982933717925,5.507481521543176,,,
1268,26069,MI,Iosco County,5,0,25262.0,7.137202121763914,41.21163490471415,10.548587743448556,0.1403262585511314,7.840192249924903,29.38405510252553,4.603752671997467,,,
1269,26071,MI,Iron County,5,0,11580.0,6.14853195164076,37.00089525514771,7.732825282976577,0.1965795164143896,4.648160103292446,30.18998272884284,4.18825561312608,,,
1270,26073,MI,Isabella County,5,0,65623.0,15.62714292245097,43.527673790058586,7.482194995497585,0.5166381905459279,7.239496795632566,12.932965576093746,4.580711031193332,,,
1271,26075,MI,Jackson County,5,0,160765.0,16.43392529468479,30.12251655629139,8.165625722877632,0.5563372309284687,5.958761501779838,17.699126053556434,5.572108356918483,,,
1272,26077,MI,Kalamazoo County,5,0,261280.0,23.618723208818125,31.574938031860302,5.696448525482194,0.8290677024473166,6.675578876632613,15.004592774035515,5.870713410900184,,,
1273,26079,MI,Kalkaska County,5,0,17813.0,6.646830966148319,39.63800904977376,11.91673759962857,0.0428510212826739,6.169861622445094,20.04715657104362,5.16476730477741,,,
1274,26081,MI,Kent County,5,0,654958.0,27.54298748927412,26.76176580156464,7.899779465254878,2.361690970735046,4.739561662937016,13.715230594938912,6.513547433575893,,,
1275,26083,MI,Keweenaw County,5,0,2052.0,3.654970760233918,26.282364435759646,3.573591762568141,0.192492781520693,4.976303317535545,35.42884990253412,3.947368421052632,,,
1276,26085,MI,Lake County,5,0,12248.0,14.949379490529068,48.44325410110479,18.037107316044697,0.0459875833524948,7.466007416563659,29.95591116917048,4.025146962769432,,,
1277,26087,MI,Lapeer County,5,0,88644.0,9.056450521185868,25.160153009493964,8.309681488489435,0.6121788268534597,5.599367250564124,18.31483236316051,4.811380352872162,,,
1278,26089,MI,Leelanau County,5,0,22251.0,10.20628286369152,18.48625102096379,3.6470656125569856,0.4281949934123847,3.999603999604,31.23455125612332,3.766122870882208,,,
1279,26091,MI,Lenawee County,5,0,99346.0,14.144505063112758,30.17988431468101,8.544500498706254,0.910336979853622,5.362897202245033,18.89155074185171,5.248324039216476,,,
1280,26093,MI,Livingston County,5,0,193234.0,6.410362565594046,15.402021971604803,4.051507537688442,0.2921919809534116,4.176863452444791,17.507788484428204,4.981007483155139,,,
1281,26095,MI,Luce County,5,0,5520.0,22.93478260869565,39.17296576256114,7.60715967969854,0.4699248120300752,8.14299900695134,21.41304347826087,4.257246376811595,,,
1282,26097,MI,Mackinac County,5,0,10814.0,27.556870723136672,36.26064975189589,8.55317638708151,0.9678056488248076,10.20282728948986,28.083965230257075,3.920843351211393,,,
1283,26099,MI,Macomb County,5,0,879123.0,22.740048889632053,25.65147683395466,9.60855920572112,3.176719787327808,5.986800651464377,16.989659012447632,5.420970671908254,,,
1284,26101,MI,Manistee County,5,0,24939.0,11.808813504952084,31.54558133637632,8.824309275070267,0.1652721826257618,6.477032481260811,25.51024499779462,3.737118569309114,,,
1285,26103,MI,Marquette County,5,0,66380.0,8.439288942452546,30.399949333417776,4.7137895259145655,0.0711370699015313,5.855313897886781,19.221150949081046,4.572160289243747,,,
1286,26105,MI,Mason County,5,0,29103.0,9.356423736384563,33.603450074774806,6.694382765625738,0.5521219612690564,4.410756456159062,23.980345668831397,5.037281379926468,,,
1287,26107,MI,Mecosta County,5,0,40051.0,9.520361539037726,41.72256506573652,7.573604862262215,0.1772151898734177,5.486755150774698,18.414022121794712,4.956180869391526,,,
1288,26109,MI,Menominee County,5,0,23477.0,7.530774800868937,32.474833311544,6.981132075471698,0.3701418877236274,5.659209479175878,24.67947352728202,4.344677769732078,,,
1289,26111,MI,Midland County,5,0,83467.0,9.615776294823103,26.609034457567272,5.308919803600655,0.3138750366676445,4.980823703406613,18.674446188313944,5.515952412330622,,,
1290,26113,MI,Missaukee County,5,0,15038.0,7.354701423061577,36.78801719505642,9.83855650522317,0.2224123182207014,7.716901613137625,20.52134592366006,6.144434100279293,,,
1291,26115,MI,Monroe County,5,0,154068.0,9.529558376820626,24.67414785971778,8.498552424231319,0.2730686084878825,5.302305812347253,18.25557546018641,5.143832593400317,,,
1292,26117,MI,Montcalm County,5,0,66430.0,9.447538762607255,34.452962986237665,11.52324431256182,0.1562104196571814,4.563546527587153,17.325003763359927,5.551708565407195,,,
1293,26119,MI,Montmorency County,5,0,9164.0,4.768659973810562,39.07409458411784,11.887727022564668,0.0929152148664343,6.387989402413894,31.9511130510694,3.5137494543867303,,,
1294,26121,MI,Muskegon County,5,0,175633.0,24.187937346626203,34.967623117743244,8.301299045599151,0.2812982063458455,7.313017387846582,17.109540917709086,5.9709735641935175,,,
1295,26123,MI,Newaygo County,5,0,49653.0,10.67810605602884,36.13104460572454,10.237533789612929,0.2487825534617827,4.925997570740924,19.37848669768191,5.621009808067992,,,
1296,26125,MI,Oakland County,5,0,1271983.0,29.428537960019906,18.20532419484517,5.353933728166857,2.550572355892565,4.849872478553211,16.906122173016463,5.319174863186064,,,
1297,26127,MI,Oceana County,5,0,26555.0,19.122575786104317,38.974319838211166,11.624777999031268,0.9500459699662888,5.500540900391113,20.67407267934476,5.219356053473922,,,
1298,26129,MI,Ogemaw County,5,0,20745.0,6.218365871294288,42.79533946217,12.91335554985901,0.1555728414268252,8.820286659316427,25.89057604241986,4.401060496505182,,,
1299,26131,MI,Ontonagon County,5,0,5891.0,5.601765404854863,36.61005318236404,6.732348111658457,0.1107011070110701,6.558891454965359,36.25869971142421,2.4783568154812428,,,
1300,26133,MI,Osceola County,5,0,22917.0,6.383907143168827,37.23228995057661,11.210901207804271,0.5533141210374639,7.858910891089109,20.905877732687525,5.40210324213466,,,
1301,26135,MI,Oscoda County,5,0,8206.0,5.495978552278821,39.87489267754201,17.878096479791395,0.6986634264884568,9.925397340253,27.882037533512065,5.374116500121862,,,
1302,26137,MI,Otsego County,5,0,25016.0,5.8362647905340586,30.368446680733648,6.404381356879401,0.133945656333716,4.798400533155615,20.902622321714105,5.184681803645667,,,
1303,26139,MI,Ottawa County,5,0,293713.0,17.09083356882399,21.06888126905448,6.2287655719139305,1.2525881848197131,3.8638153129035295,15.12360705859121,5.969773213987804,,,
1304,26141,MI,Presque Isle County,5,0,12976.0,4.955302096177559,33.08405390667601,9.206006477573856,1.0438056125941135,6.7031186715269335,31.596794081381013,3.891800246609124,,,
1305,26143,MI,Roscommon County,5,0,23458.0,6.373092335237446,38.14713896457766,9.167909652674195,0.7989831124023969,6.103342024176346,32.42816949441555,3.708756074686674,,,
1306,26145,MI,Saginaw County,5,0,190540.0,31.4716070116511,36.8160741885626,9.453436368614804,0.5128533880376946,6.717313074770093,19.085231447465095,5.731604912354362,,,
1307,26147,MI,St. Clair County,5,0,160067.0,9.40668595025833,28.316731492900736,8.157279564338058,0.4436828738410697,6.944602506227635,18.784009196149118,4.970418637195674,,,
1308,26149,MI,St. Joseph County,5,0,60828.0,14.26316827776682,33.13515589772708,13.17309801818492,0.6210392902408112,5.003367003367004,17.682646149799435,6.418096929045834,,,
1309,26151,MI,Sanilac County,5,0,40829.0,6.6423375541894245,37.02856574596624,10.037494410237006,1.006672129228608,6.7456505496851324,21.69291435009429,5.111562859732053,,,
1310,26153,MI,Schoolcraft County,5,0,8004.0,15.167416291854073,33.24040045621594,9.81983444246064,0.0554477405045744,8.579710144927537,27.03648175912044,4.122938530734633,,,
1311,26155,MI,Shiawassee County,5,0,68203.0,6.438133219946336,29.945332461821856,7.957065003419052,0.104678024833959,4.250726940256003,18.326173335483777,5.18745509728311,,,
1312,26157,MI,Tuscola County,5,0,53288.0,7.767227143071611,34.53640799923453,9.48432707802672,0.2344336084021005,6.616677653263019,20.44925686833809,4.886653655607266,,,
1313,26159,MI,Van Buren County,5,0,75550.0,19.894109861019192,32.47792235637806,11.700839754799285,1.4169068203650337,5.161540163753043,18.14559894109861,6.019854401058901,,,
1314,26161,MI,Washtenaw County,5,0,372428.0,30.79655664987595,25.231969872274775,4.278514554958655,2.4900635254951253,4.702598239209792,14.13105351906946,4.802807522527845,,,
1315,26163,MI,Wayne County,5,0,1789781.0,50.93070046000041,39.19208714398106,12.391872014808204,2.5379392825628795,9.233966390616365,15.4230042670025,6.486603668270028,,,
1316,26165,MI,Wexford County,5,0,33552.0,7.221626132570338,36.47650905584185,9.522174043704116,0.0846023688663282,6.707116006067401,19.12553648068669,5.996661897949451,,,
1317,27001,MN,Aitkin County,5,0,15747.0,6.941004635803645,31.771972719083774,8.156753661130656,0.0758150113722517,5.58737037610277,32.83800088905824,3.626087508731822,,,
1318,27003,MN,Anoka County,5,0,360773.0,21.086943867750637,17.129779876677222,5.857053011705991,2.172617475991822,3.8350497053396033,14.102496583724392,6.148464546958891,,,
1319,27005,MN,Becker County,5,0,34995.0,14.499214173453352,29.663385941412844,7.074290484140233,0.2104499274310595,3.610382035578886,20.771538791255896,6.0380054293470495,,,
1320,27007,MN,Beltrami County,5,0,46033.0,29.172550127082747,37.01220482283688,7.038226677491087,0.233551694673882,5.500313535787871,15.962461712249908,6.686507505485196,,,
1321,27009,MN,Benton County,5,0,41087.0,11.98432594251223,25.12382367508668,8.704961606615475,0.7216683994862699,3.916004540295119,13.6101443278896,6.410786866892204,,,
1322,27011,MN,Big Stone County,5,0,5155.0,4.791464597478177,30.33864541832669,8.054589242708055,0.922671353251318,2.380952380952381,25.722599418040737,6.071774975751698,,,
1323,27013,MN,Blue Earth County,5,0,68575.0,13.227852716004374,33.76934046892491,5.203530170062968,1.1903867818250096,3.383205954840798,13.951148377688662,5.306598614655487,,,
1324,27015,MN,Brown County,5,0,25894.0,7.121340851162432,25.38071065989848,6.827173053012321,0.7890095609393855,2.7909653287296794,20.91218042789836,5.406657913030045,,,
1325,27017,MN,Carlton County,5,0,36145.0,12.247890441278184,25.88802806607221,6.1846347408980105,0.4489585633325973,4.957474076663171,17.19739936367409,5.137640060865956,,,
1326,27019,MN,Carver County,5,0,105694.0,12.47185270687078,10.179795257075677,3.80597338419524,0.7876900531232826,3.037351897717384,12.405623781860845,6.258633413438795,,,
1327,27021,MN,Cass County,5,0,29917.0,19.427081592405656,33.27003933270039,6.3774343970010055,0.2171989381385246,6.654384672070744,25.8047264097336,5.204398836781763,,,
1328,27023,MN,Chippewa County,5,0,12509.0,14.077863937964668,30.84993899959333,9.132101777622866,1.6603053435114503,5.361596009975062,20.976896634423213,6.363418338796068,,,
1329,27025,MN,Chisago County,5,0,56328.0,7.930336599914785,16.416467540995566,4.672039171682138,0.1945052273279844,3.448949046658424,15.46477773043602,5.558514415565971,,,
1330,27027,MN,Clay County,5,0,64975.0,14.279338207002692,26.43056638087815,5.125356628878733,0.584046723737899,3.978264541922406,12.984994228549445,7.078106964217007,,,
1331,27029,MN,Clearwater County,5,0,8525.0,16.50439882697947,32.637729549248746,13.66695427092321,0.3732503888024883,7.993890020366599,20.24633431085044,6.252199413489736,,,
1332,27031,MN,Cook County,5,0,5574.0,15.15966989594546,21.88235294117647,3.459262630860264,0.6002400960384154,1.7922336541652837,28.453534266236097,4.682454251883747,,,
1333,27033,MN,Cottonwood County,5,0,11484.0,15.673981191222571,30.18117543084401,8.894292295879191,0.6429489927132447,4.190776784148693,22.14385231626611,6.565656565656567,,,
1334,27035,MN,Crow Wing County,5,0,65879.0,5.766632766131847,29.005929005929005,6.006730586068957,0.0617306365517992,4.709842799345255,22.554987173454364,5.38866710180786,,,
1335,27037,MN,Dakota County,5,0,435863.0,23.6117770950964,16.219225163589666,4.906625129099436,2.377240841777085,3.950740031201753,14.294858705602447,6.323087759227096,,,
1336,27039,MN,Dodge County,5,0,20798.0,9.145110106741033,17.375903731379495,4.12880715272225,0.3885003885003885,2.732663057489044,14.660063467641118,6.140013462832965,,,
1337,27041,MN,Douglas County,5,0,38742.0,4.656445201590006,22.45564526665099,4.656871593083283,0.3053435114503817,3.19916413751928,22.605957358938618,5.7611894068452845,,,
1338,27043,MN,Faribault County,5,0,13933.0,10.464365176200388,31.515996477839742,7.4505828687278255,0.9198862686067903,4.436152570480929,22.60819636833417,5.268068614081677,,,
1339,27045,MN,Fillmore County,5,0,21179.0,4.811369753057273,27.20563407457431,8.398316196259747,1.0815307820299502,3.4132758465822333,20.77057462580858,6.199537277491856,,,
1340,27047,MN,Freeborn County,5,0,30882.0,16.404377954795674,31.292001581236,11.768985902683038,2.211149174711928,4.138241729952375,21.915679036331845,5.381775791723334,,,
1341,27049,MN,Goodhue County,5,0,47503.0,9.058375260509862,20.76860355334306,5.603191616053352,0.7405515832482125,3.7098626123450926,19.5671852304065,5.629118160958256,,,
1342,27051,MN,Grant County,5,0,6045.0,5.674110835401159,30.657916876998147,7.159460715946072,0.5573248407643312,4.178909565785178,23.35814722911497,5.525227460711331,,,
1343,27053,MN,Hennepin County,5,0,1270283.0,32.57533951095937,21.625014008741456,6.133782087771932,3.360469736098165,4.346840549337489,14.1608602177625,6.250339491278716,,,
1344,27055,MN,Houston County,5,0,18806.0,5.652451345315325,21.55330386978549,4.575651265208629,0.0246791707798617,1.5577544822180858,21.477188131447413,5.70562586408593,,,
1345,27057,MN,Hubbard County,5,0,21219.0,8.15778311890287,28.123802223073973,5.583263164712741,0.4755277197865925,4.3667259434894286,25.109571610349214,5.396107262359207,,,
1346,27059,MN,Isanti County,5,0,40604.0,7.100285686139296,22.35253192863887,8.037622915775973,0.4445025493528566,4.533036995879057,16.06245690079795,5.886119594128657,,,
1347,27061,MN,Itasca County,5,0,44969.0,10.522804598723564,30.20287212217917,5.618012040791252,0.2471169686985173,6.557057130311753,23.691876626120216,5.079054459738932,,,
1348,27063,MN,Jackson County,5,0,10016.0,8.556309904153354,29.241547365214743,7.155886067068892,0.8459076360310928,3.08618742943169,21.90495207667732,5.880591054313099,,,
1349,27065,MN,Kanabec County,5,0,16004.0,5.992251937015746,30.99675593155652,9.961551904928347,0.0927213722763096,4.472049689440994,20.782304423894026,5.111222194451387,,,
1350,27067,MN,Kandiyohi County,5,0,43504.0,21.949705774181684,28.97416002445275,8.816466552315608,3.14900153609831,3.374404327480359,18.82585509378448,6.691338727473335,,,
1351,27069,MN,Kittson County,5,0,4213.0,5.50676477569428,26.638841149030203,4.293861120429386,0.2997601918465228,3.4211742949607027,24.922857821030146,5.767861381438405,,,
1352,27071,MN,Koochiching County,5,0,12203.0,8.751946242727199,28.02078096195743,7.650510758530754,0.2119018188239449,5.271034253408713,26.36236990903876,3.85151192329755,,,
1353,27073,MN,Lac qui Parle County,5,0,6753.0,5.745594550570117,25.041635124905376,5.988999796292524,0.3519887363604365,2.364864864864865,26.89175181400859,4.931141714793426,,,
1354,27075,MN,Lake County,5,0,10835.0,4.753114905399169,24.223369310183013,6.588813767670559,0.2583979328165375,3.381451453430888,26.072911859713887,4.7808029533917855,,,
1355,27077,MN,Lake of the Woods County,5,0,3757.0,8.171413361724781,29.213785675821217,2.418207681365576,0.2138275124732715,5.220228384991843,24.141602342294384,6.095288794250732,,,
1356,27079,MN,Le Sueur County,5,0,28567.0,9.647495361781075,20.79596016667844,5.202135774218155,0.8920606601248885,3.724382970623692,17.485210207582174,5.9544229355550105,,,
1357,27081,MN,Lincoln County,5,0,5655.0,4.969053934571176,27.620783956244303,6.2248995983935735,0.0820344544708777,2.127659574468085,24.792219274977896,5.835543766578249,,,
1358,27083,MN,Lyon County,5,0,25477.0,17.372532087765435,33.29921388797904,6.982512712389929,1.9595898060716823,3.372971355919528,16.04192016328453,7.347803901558268,,,
1359,27085,MN,McLeod County,5,0,36662.0,10.209481206699037,24.486027669073472,6.207141168124853,0.6842753524018065,3.333333333333333,18.60236757405488,5.550706453548634,,,
1360,27087,MN,Mahnomen County,5,0,5429.0,55.47983053969424,49.14901664145234,13.548977723527615,0.5904455179817499,9.046126287505595,17.259163750230243,8.417756492908454,,,
1361,27089,MN,Marshall County,5,0,9082.0,7.31116494164281,23.944450666368013,8.182969294080406,0.5678745267712276,2.875329236172081,21.44902003963885,6.055934816119797,,,
1362,27091,MN,Martin County,5,0,20070.0,8.789237668161435,29.82871536523929,6.678801456174741,0.3661746195216844,5.436337625178827,23.034379671150973,5.814648729446936,,,
1363,27093,MN,Meeker County,5,0,23268.0,6.566958913529311,23.47344070533805,6.09470822532718,0.4239178937974119,2.3829715061058345,19.84700017190992,6.0125494241017705,,,
1364,27095,MN,Mille Lacs County,5,0,26397.0,11.785430162518468,29.91244382457772,9.709962168978564,0.2310135720473577,5.830296720458095,17.90354964579308,6.129484411107323,,,
1365,27097,MN,Morrison County,5,0,33876.0,4.791002479631597,28.79432199329181,8.081708922580372,0.4286770140428677,4.49252197739468,19.494627464871886,5.818278427205101,,,
1366,27099,MN,Mower County,5,0,39985.0,23.67637864199075,31.50583488674957,10.609742420277394,5.956655552705822,3.0343663090981328,18.1292984869326,6.612479679879955,,,
1367,27101,MN,Murray County,5,0,8224.0,8.049610894941635,21.050679851668725,9.887102292165585,1.25,2.761904761904762,25.510700389105057,5.556906614785992,,,
1368,27103,MN,Nicollet County,5,0,34295.0,12.780288671818049,22.198831144347388,5.027882712718115,0.9424330479855494,1.8916206723532365,15.906108762210236,5.656801282985858,,,
1369,27105,MN,Nobles County,5,0,22223.0,42.613508527201546,38.15026261703585,21.18050593111333,9.46621088614252,2.8366866050389703,16.388426405075823,8.1537146199883,,,
1370,27107,MN,Norman County,5,0,6500.0,11.107692307692307,29.43318556048132,7.840071476435114,0.6367041198501873,5.697566984909147,21.06153846153846,5.476923076923077,,,
1371,27109,MN,Olmsted County,5,0,160928.0,21.71902962815669,19.61369078835133,5.0371214348720965,2.213245422606058,3.235857832972797,15.336672300656192,6.668820839133029,,,
1372,27111,MN,Otter Tail County,5,0,59728.0,8.314358424859362,26.365245812338284,7.373250205858134,0.7045655849907401,4.383343295477187,23.70077685507635,5.670707206000536,,,
1373,27113,MN,Pennington County,5,0,14063.0,10.182749057811275,23.9939420164431,4.95172843350981,0.2171371304493068,2.9806065339060264,18.239351489724807,6.214890137239565,,,
1374,27115,MN,Pine County,5,0,28997.0,11.590854226299273,29.78264051522248,8.725082862611456,0.2748259435690729,6.168926886792453,20.726282029175437,4.645308135324344,,,
1375,27117,MN,Pipestone County,5,0,9370.0,13.265741728922093,32.8596224777609,8.445297504798464,3.133687136719737,3.065304309195913,20.683030949839917,6.606189967982925,,,
1376,27119,MN,Polk County,5,0,31303.0,14.74619046097818,29.106924070333456,7.215712320318801,1.0353474075871552,4.427879714576962,18.33051145257643,6.686260102865541,,,
1377,27121,MN,Pope County,5,0,11216.0,5.153352353780314,21.908480116215724,5.437844458052664,0.4497138184791496,1.2251941328731666,24.38480741797432,5.304921540656205,,,
1378,27123,MN,Ramsey County,5,0,549377.0,39.77778465425381,28.8923618622763,9.045746728880475,4.745990544173543,4.834348437186266,14.475851737513583,6.732353192798388,,,
1379,27125,MN,Red Lake County,5,0,3921.0,8.441724049987249,23.277848911651727,5.508938343670193,0.1815980629539951,1.9908116385911176,20.811017597551647,5.610813567967355,,,
1380,27127,MN,Redwood County,5,0,15435.0,13.760932944606411,30.204270509684672,7.113372372084094,0.5863192182410424,2.0777836973894512,21.22448979591837,6.401036605118238,,,
1381,27129,MN,Renville County,5,0,14768.0,13.373510292524376,28.315884351383207,9.43341121495327,0.2388670875277256,3.395189003436426,20.53764897074756,6.060400866738895,,,
1382,27131,MN,Rice County,5,0,66795.0,19.184070663971852,24.29582871278683,7.690861667880725,4.294132940462778,5.197338228545204,15.737704918032788,5.578261845946553,,,
1383,27133,MN,Rock County,5,0,9718.0,7.182547849351718,26.631355932203387,5.634236453201971,0.3570517725070135,2.2390965732087227,19.777732043630376,6.637168141592921,,,
1384,27135,MN,Roseau County,5,0,15321.0,9.470661183995825,25.19941504918905,6.5933014354066986,1.1777113728247497,4.4344551087352695,17.603289602506365,5.600156647738398,,,
1385,27137,MN,St. Louis County,5,0,200311.0,9.46078847392305,29.529632575816656,5.373478670356066,0.4384323995697516,4.875399923684288,19.468726130866504,4.931331779083525,,,
1386,27139,MN,Scott County,5,0,149568.0,20.827984595635428,13.660554682844916,5.074137468808645,2.2882813993500286,3.191858448016653,11.305894308943088,6.4773213521608906,,,
1387,27141,MN,Sherburne County,5,0,96295.0,11.087803105041798,14.862424306809732,5.716770775678026,0.3991130820399113,2.692848682262363,11.375460823511084,6.589127161327172,,,
1388,27143,MN,Sibley County,5,0,14948.0,12.329408616537329,22.043047027865867,7.3620223851794675,1.5518417462482947,3.3883579496090355,18.062617072518066,5.786727321380787,,,
1389,27145,MN,Stearns County,5,0,157638.0,15.99487433233104,27.541812215518156,7.748657841891726,1.8303437718393287,4.836087781089136,15.008437051979854,6.434996637866504,,,
1390,27147,MN,Steele County,5,0,37363.0,14.460830233118326,24.02951468952608,8.34524944391484,0.9992622895848702,3.841287514550332,17.71003399084656,5.963118593260712,,,
1391,27149,MN,Stevens County,5,0,9669.0,14.013858723756334,25.35900436123817,6.527370056984977,2.6301806588735386,1.914773793880233,16.70286482573172,5.7606784569241904,,,
1392,27151,MN,Swift County,5,0,9810.0,10.336391437308867,32.541567695961994,8.937728937728938,1.6132858837485171,3.431169904919388,21.7737003058104,5.596330275229358,,,
1393,27153,MN,Todd County,5,0,25121.0,11.3013016997731,34.05416329830234,12.22081510476629,1.4389989572471324,3.802314452275298,21.292942159945863,6.659766729031488,,,
1394,27155,MN,Traverse County,5,0,3362.0,12.93872694824509,27.809929942126104,6.555981268624947,0.4213483146067415,4.156908665105386,24.71743010113028,5.94883997620464,,,
1395,27157,MN,Wabasha County,5,0,21425.0,5.764294049008168,19.785970205544032,5.584052983572495,1.2711396042887144,3.766946970997082,21.540256709451576,5.432905484247375,,,
1396,27159,MN,Wadena County,5,0,14009.0,7.766435862659719,35.19876778641631,9.33047670058918,1.0211393765675385,7.108140947752125,20.38689413948176,6.667142551217074,,,
1397,27161,MN,Waseca County,5,0,18972.0,11.34303183639047,25.46986749459445,7.1830343569474,1.061993893535112,3.75251509054326,17.70503900484925,5.655703141471642,,,
1398,27163,MN,Washington County,5,0,264818.0,19.24000634397964,13.154228322526812,3.742043551088777,1.13029286242866,3.2548313361501697,15.066196406588675,5.796056159324517,,,
1399,27165,MN,Watonwan County,5,0,11223.0,29.67121090617482,29.076992345790188,12.821527502967948,4.728464419475655,5.852509512592861,19.985743562327364,7.422257863316403,,,
1400,27167,MN,Wilkin County,5,0,6495.0,7.451886066204773,29.82318885933344,5.8901682905225865,0.5970149253731344,3.9866098600121727,18.860662047729026,7.282525019245574,,,
1401,27169,MN,Winona County,5,0,49889.0,9.278598488644793,27.753503088744917,6.641911527284469,0.7160972698791586,2.70954759922287,17.06187736775642,4.7665818116218,,,
1402,27171,MN,Wright County,5,0,139890.0,9.014940310243762,14.805269806894062,5.453944104514635,0.6959634122091867,2.424337014059594,12.644935306312105,6.771749231539066,,,
1403,27173,MN,Yellow Medicine County,5,0,9616.0,11.044093178036606,28.883725842221985,7.714200119832235,1.623953311342299,3.446153846153846,20.632279534109816,6.457986688851913,,,
1404,28001,MS,Adams County,4,0,29927.0,64.0124302469342,53.99174869716271,20.3234578502934,1.5854840130362018,11.90871732097578,18.725565542820863,6.6896113877100944,,,
1405,28003,MS,Alcorn County,4,0,34964.0,18.759295275140143,45.302977027660575,19.00557045595213,0.1996150281599772,7.063960955561263,18.224459443999542,5.720169317011783,,,
1406,28005,MS,Amite County,4,0,12718.0,42.46736908318918,53.54143558865473,14.603720830196796,0.5820921075158364,6.886517943743938,23.612203176600094,3.2866802956439694,,,
1407,28007,MS,Attala County,4,0,18025.0,47.05686546463245,47.55583056758733,18.821182143154044,0.0,7.398630858346499,18.962552011095703,6.341192787794729,,,
1408,28009,MS,Benton County,4,0,7687.0,39.61233250943151,37.65415901338231,25.60997650460871,2.4307900067521944,3.9809863339275102,18.61584493300377,4.475087810589306,,,
1409,28011,MS,Bolivar County,4,0,31301.0,69.71342768601642,56.091284621114646,19.61534687469336,0.6500260010400416,6.717716672467804,15.76946423436951,6.619596817993036,,,
1410,28013,MS,Calhoun County,4,0,13420.0,36.050670640834575,44.63490145737371,21.648363596825053,1.9922425952045133,2.758132956152758,18.964232488822653,5.096870342771982,,,
1411,28015,MS,Carroll County,4,0,10053.0,35.77041679100766,44.32249461483229,19.30062347519653,0.0,6.524035921817221,23.893365164627475,4.207699194270368,,,
1412,28017,MS,Chickasaw County,4,0,17100.0,50.877192982456144,50.45213407282373,23.44627808988764,0.4151223128243143,2.2839685772475997,17.736842105263158,7.2046783625731,,,
1413,28019,MS,Choctaw County,4,0,8264.0,32.67182962245886,43.824359131608,18.262806236080177,0.0,9.707878430215402,21.672313649564376,4.453049370764763,,,
1414,28021,MS,Claiborne County,4,0,9115.0,89.22654964344487,61.08690389736141,18.38467614533965,0.1940240589833139,10.621312044429018,16.950082281952824,5.847504114097641,,,
1415,28023,MS,Clarke County,4,0,15678.0,36.79678530424799,40.4015136937977,14.825367647058824,0.1517962556923595,6.791950281148269,20.58936088786835,5.695879576476592,,,
1416,28025,MS,Clay County,4,0,18768.0,61.668797953964194,49.38777711850693,16.556856057669947,0.1201762585124849,9.545745361484324,18.39833759590793,5.317561807331629,,,
1417,28027,MS,Coahoma County,4,0,21839.0,80.00366317139063,60.25683240039512,18.78862793572312,0.8071316708830262,9.518665226263352,15.307477448601126,7.669765099134576,,,
1418,28029,MS,Copiah County,4,0,28453.0,56.87976663269251,40.515018341626416,16.20911528150134,0.7826176500875297,5.770221535291087,17.5868976909289,6.080202439110112,,,
1419,28031,MS,Covington County,4,0,18491.0,39.90590016764913,45.92921323690555,15.80115036976171,0.1317523056653491,6.057185854025583,16.986642150235248,6.630252555297171,,,
1420,28033,MS,DeSoto County,4,0,183220.0,38.69555725357493,25.10658011570768,8.902930783620869,1.2129983289567916,4.276877577373266,12.880144089073244,5.936033184150202,,,
1421,28035,MS,Forrest County,4,0,77743.0,43.18202281877468,44.35898810161861,11.000515198351366,0.6547268507292063,7.002631578947368,13.58064391649409,6.648830119753548,,,
1422,28037,MS,Franklin County,4,0,7705.0,37.62491888384167,46.39486103828002,16.321581794441336,0.09765625,2.306547619047619,20.077871512005192,5.4899415963659965,,,
1423,28039,MS,George County,4,0,24260.0,13.215169002473209,44.08260187423144,15.182555143593287,1.0726361198554273,11.377961312758096,14.600164880461666,7.74113767518549,,,
1424,28041,MS,Greene County,4,0,13653.0,28.374716179594227,33.12674310505113,22.562956945572704,0.427578834847675,14.246575342465754,13.865084596791911,5.075807514831905,,,
1425,28043,MS,Grenada County,4,0,21621.0,47.10235419268304,44.15651358950328,17.949748743718594,0.2317228594600857,5.19438444924406,17.64950742333842,6.211553582165488,,,
1426,28045,MS,Hancock County,4,0,45911.0,15.649844263901896,34.112324013266274,11.095018255333274,0.4240882103477523,7.960106259029686,20.544096186099196,5.671843349088454,,,
1427,28047,MS,Harrison County,4,0,207382.0,37.208629485683424,38.87101810593933,10.97108379694271,1.6189416169179398,9.11724856696196,15.02010782035085,6.41183902170873,,,
1428,28049,MS,Hinds County,4,0,230772.0,76.16045274123377,44.051241999048415,11.892893319827264,0.7075235563070831,8.669054686865588,14.448459951813913,6.349123810514273,,,
1429,28051,MS,Holmes County,4,0,17243.0,84.96201357072435,64.64445249305807,22.42025409011973,0.1586182587240042,12.751331843959443,15.368555355796554,6.576581801310677,,,
1430,28053,MS,Humphreys County,4,0,7916.0,79.87620010106114,66.47103853023731,23.70098512652115,0.0,13.71280724450194,16.826680141485596,5.469934310257706,,,
1431,28055,MS,Issaquena County,4,0,1111.0,67.77677767776777,70.4225352112676,40.46858359957402,0.0,8.808290155440414,20.52205220522052,3.3303330333033303,,,
1432,28057,MS,Itawamba County,4,0,23863.0,10.42618279344592,35.04273504273504,16.451131559313602,0.0688942473303479,2.838912520806362,17.2610317227507,5.426811381636844,,,
1433,28059,MS,Jackson County,4,0,142993.0,32.893917884092225,35.23949514508219,11.28445508737963,1.3196020892161748,8.863771564544914,16.136454232025343,5.695383690110704,,,
1434,28061,MS,Jasper County,4,0,16406.0,55.71132512495428,45.63572614873593,13.062422194558064,0.0,4.302378427510983,20.01097159575765,5.991710349871998,,,
1435,28063,MS,Jefferson County,4,0,7286.0,87.11227010705463,56.82923235597465,21.535312180143297,0.4145936981757877,8.829485621709194,16.250343123799066,5.65468020861927,,,
1436,28065,MS,Jefferson Davis County,4,0,11372.0,62.5923320436159,49.20224618949995,15.61719140429785,0.0,8.54683336749334,22.7224762574745,5.320084417868449,,,
1437,28067,MS,Jones County,4,0,67374.0,35.71110517410277,43.36393104910782,13.952648565689394,0.9714783908332296,3.648499100843824,16.84922967316769,6.728114703001157,,,
1438,28069,MS,Kemper County,4,0,9211.0,66.54000651395071,54.03428845462175,18.416638711841664,0.2816020025031289,12.14534594325535,20.76864618391054,5.493431766366301,,,
1439,28071,MS,Lafayette County,4,0,55727.0,30.43587489008919,40.43664899092904,8.808624343499494,0.7432788613600422,2.554717539189589,13.072657778096794,5.080122741220594,,,
1440,28073,MS,Lamar County,4,0,63610.0,26.93916050935388,36.55717954408548,10.40387949210514,0.4613101207429099,7.134641191130424,13.85788398050621,6.32919352303097,,,
1441,28075,MS,Lauderdale County,4,0,73756.0,48.46792125386409,45.26039449411097,15.400032066698731,0.8716434697033602,4.691697582192657,17.14030045013287,6.010358479310158,,,
1442,28077,MS,Lawrence County,4,0,12055.0,35.65325591041062,46.34530822201942,18.28220858895705,0.0,12.466068072666529,18.03401078390709,6.155122355868934,,,
1443,28079,MS,Leake County,4,0,21452.0,53.66865560320716,49.206197398622805,18.911235875204323,0.0,7.654235727440148,16.348126048853253,6.726645534215924,,,
1444,28081,MS,Lee County,4,0,83388.0,36.038758574375215,30.78783312471898,13.751103583719212,1.436509439919177,5.230315686033657,14.804288386818248,6.606466158200221,,,
1445,28083,MS,Leflore County,4,0,28555.0,78.79180528804063,61.84388850225267,17.461573236889695,0.0,11.941097724230254,14.33724391525127,7.89353878480126,,,
1446,28085,MS,Lincoln County,4,0,34910.0,33.16814666284732,39.74920902150881,14.582284851534975,0.1390068731176152,5.303448275862069,16.90346605557147,5.852191349183615,,,
1447,28087,MS,Lowndes County,4,0,58904.0,49.242835800624746,39.79013641133263,12.865541922290388,0.2912838897602509,8.08092441168567,15.798587532255873,6.51229118565802,,,
1448,28089,MS,Madison County,4,0,108248.0,45.02715985514744,23.69317382125264,7.789178456881829,1.2247338835067576,3.830796106813077,13.34528120611928,6.2199763506023205,,,
1449,28091,MS,Marion County,4,0,24609.0,36.15750335243204,50.35484819216395,16.355306996668254,0.0653950953678474,9.060190073917637,18.355073347149418,5.977487910926897,,,
1450,28093,MS,Marshall County,4,0,34031.0,52.56971584731568,45.3708359522313,19.11572374804877,0.287035560516664,5.934617471513836,17.701507449090535,6.018042373130381,,,
1451,28095,MS,Monroe County,4,0,34448.0,33.10206688341849,40.22547444821227,16.70839592722417,0.3341997772001485,6.320310902024954,19.50185787273572,5.530074314909428,,,
1452,28097,MS,Montgomery County,4,0,9948.0,47.92923200643345,52.90112793415304,22.3233636757694,0.5523408732246186,8.765243902439025,21.652593486127863,6.0816244471250505,,,
1453,28099,MS,Neshoba County,4,0,29153.0,42.15346619558879,50.35413977181536,18.884705625579745,0.7980845969672785,9.229375926230858,16.10125887558742,7.127911364182074,,,
1454,28101,MS,Newton County,4,0,21385.0,40.37877016600421,43.70666409861325,15.871763608979418,0.2920483207221558,5.37279453614115,16.23567921440262,6.270750526069675,,,
1455,28103,MS,Noxubee County,4,0,10410.0,74.41882804995197,57.92098572266771,22.77884190363931,0.5468963631391851,10.291308500477554,16.56099903938521,7.262247838616714,,,
1456,28105,MS,Oktibbeha County,4,0,51339.0,44.134089094061046,48.72143114827154,9.157973174366616,1.8847270477369,7.482062129318569,11.560412162293773,5.050741151950758,,,
1457,28107,MS,Panola County,4,0,33300.0,53.36036036036036,50.617246596066565,19.84409498490515,0.0,7.463040556565737,15.852852852852854,6.8108108108108105,,,
1458,28109,MS,Pearl River County,4,0,55972.0,19.156006574715928,35.19486692015209,14.150500625782229,0.1563645247984363,6.364986387261777,18.69863503180161,5.681412134638748,,,
1459,28111,MS,Perry County,4,0,11611.0,22.470071483937645,47.84324039978959,15.319949811794228,0.0,9.634089856415006,18.137972612178107,5.064163293428646,,,
1460,28113,MS,Pike County,4,0,40262.0,57.376682728130746,53.69125801752996,16.64874414317536,0.5593745787842027,6.486105775387374,16.829765038994584,6.606725945059858,,,
1461,28115,MS,Pontotoc County,4,0,31136.0,24.38977389516958,35.80347008269823,21.18021547502449,3.686150605581885,2.681343494213943,14.86382322713258,7.001541623843782,,,
1462,28117,MS,Prentiss County,4,0,25022.0,18.65957956997842,39.81175486299937,16.190645142215125,0.1210387323943661,4.128398654178413,17.40068739509232,6.114619135161059,,,
1463,28119,MS,Quitman County,4,0,6327.0,74.885411727517,63.44068619517721,25.40051079637799,0.0,15.00203832042397,17.607080764975503,5.89536905326379,,,
1464,28121,MS,Rankin County,4,0,156052.0,27.235152385102403,23.934474048832875,10.194677819312336,0.1475204555980582,4.404539219354034,15.351933970727709,5.633378617383949,,,
1465,28123,MS,Scott County,4,0,28062.0,51.10826028080678,48.25644357808101,22.17701482554899,3.641571194762684,7.117525773195876,15.526334544936212,8.02508730667807,,,
1466,28125,MS,Sharkey County,4,0,4160.0,73.125,56.22697126013264,20.184842883548985,0.3665689149560117,8.81081081081081,18.245192307692307,5.216346153846154,,,
1467,28127,MS,Simpson County,4,0,26064.0,38.85435850214856,44.62009178990311,20.581127409655483,0.143014301430143,6.8455999251847,17.848373235113566,5.758901166359729,,,
1468,28129,MS,Smith County,4,0,14483.0,26.3895601739971,40.0389402684097,18.78952122854562,2.681564245810056,4.474982381959126,19.70586204515639,6.055375267555065,,,
1469,28131,MS,Stone County,4,0,18356.0,23.550882545216822,41.72305942564686,15.576195955942792,0.0,7.433834976647639,16.828285029418176,6.172368707779473,,,
1470,28133,MS,Sunflower County,4,0,26295.0,76.50884198516829,58.52437770925504,23.97919230338964,0.0867087823609562,11.336202372205312,13.77448184065412,5.537174367750523,,,
1471,28135,MS,Tallahatchie County,4,0,12917.0,65.72733606874661,55.79722130334105,21.902017291066283,0.0,13.156419360867128,15.289928001858016,5.6514670589146085,,,
1472,28137,MS,Tate County,4,0,28123.0,35.31984496675319,43.68765049879601,14.28958197964046,0.1156626506024096,6.973108192620388,16.314048999039933,5.877751306759592,,,
1473,28139,MS,Tippah County,4,0,21877.0,23.15216894455364,48.33944911514701,22.118185601331668,1.0440539852304558,6.466512702078522,16.313937011473236,5.1835260776157615,,,
1474,28141,MS,Tishomingo County,4,0,18945.0,8.545790446027976,44.13793103448276,21.090773253642137,3.4371108343711083,4.571946639036394,20.374769068355768,5.373449458960148,,,
1475,28143,MS,Tunica County,4,0,9949.0,81.576037792743,57.21908671113391,15.948741701404971,0.0,13.09931506849315,13.297818876268972,8.925520152779173,,,
1476,28145,MS,Union County,4,0,27775.0,22.5958595859586,37.03123291665148,21.729957805907173,1.0020242914979758,5.195509097948122,16.52925292529253,6.657065706570657,,,
1477,28147,MS,Walthall County,4,0,13981.0,47.42865317216222,47.84930715935335,18.227351916376307,0.7285634223799738,9.623051830373324,19.59087332808812,5.922323152850297,,,
1478,28149,MS,Warren County,4,0,45141.0,53.17560532553555,38.71482872629946,12.02857888555396,1.3515885553800244,6.596306068601583,17.004497020447044,6.320196716953546,,,
1479,28151,MS,Washington County,4,0,45616.0,75.48009470361276,54.46798095322861,19.01180088924548,0.7366482504604052,9.87944261781744,16.463521571378465,6.993160294633462,,,
1480,28153,MS,Wayne County,4,0,19824.0,42.81678773204197,47.85917207792208,19.04427266338721,1.5695663740356476,7.051055300082537,17.05508474576271,6.633373688458434,,,
1481,28155,MS,Webster County,4,0,9938.0,21.7548802575971,30.443630443630443,15.249399038461538,0.9134737376300432,7.645687645687646,18.253169651841414,6.047494465687261,,,
1482,28157,MS,Wilkinson County,4,0,8706.0,72.23753733057661,56.26326963906582,18.656599024697183,0.0,6.666666666666667,17.620032161727543,5.85802894555479,,,
1483,28159,MS,Winston County,4,0,17846.0,50.31379580858456,47.03643911439114,14.31682529440232,0.672416313404473,7.998877350547291,20.363106578504983,5.115992379244648,,,
1484,28161,MS,Yalobusha County,4,0,12586.0,41.99904655966947,48.37925445705024,14.732985455756634,1.3532065110806042,4.69060075771243,20.363896392817416,6.109963451453996,,,
1485,28163,MS,Yazoo County,4,0,27924.0,66.21544191376594,53.69091874668083,24.03348554033485,0.5552342394447658,9.243169684915731,12.752470992694455,5.314424867497493,,,
1486,29001,MO,Adair County,7,0,25339.0,11.19617980188642,44.43572642866484,8.099620216184633,3.029275460608116,5.165308178404616,14.428351552942106,5.319862662299222,,,
1487,29003,MO,Andrew County,7,0,18023.0,6.397381124119181,23.821060341427685,6.495166573460094,0.0,4.6668137687555165,18.881429284802756,5.848083005049104,,,
1488,29005,MO,Atchison County,7,0,5312.0,5.120481927710843,35.78826237054085,9.956264471314638,0.0,3.049698795180723,25.05647590361445,4.988704819277109,,,
1489,29007,MO,Audrain County,7,0,25223.0,12.809737144669548,42.14141243890106,12.720605088242037,0.8525243578387954,4.675588683720142,17.575228957697338,6.228442294730999,,,
1490,29009,MO,Barry County,7,0,34648.0,18.05010390210113,39.10775849367947,14.890648721841533,1.3264554163596167,3.078752642706131,21.323020087739557,5.841607019164165,,,
1491,29011,MO,Barton County,7,0,11712.0,8.811475409836065,46.97271546123863,12.32569721115538,0.287483414418399,6.5756097560975615,20.73941256830601,6.079234972677596,,,
1492,29013,MO,Bates County,7,0,16100.0,7.130434782608695,37.73008088656773,11.941782679443138,0.1336898395721925,5.941378399788751,18.919254658385093,6.161490683229814,,,
1493,29015,MO,Benton County,7,0,19351.0,6.480285256575888,38.925788400188274,13.046963725031732,0.2027626409833988,7.299663299663299,30.530721926515422,4.480388610407731,,,
1494,29017,MO,Bollinger County,7,0,10758.0,5.558654024911694,37.990610328638496,15.12757414842637,0.0,4.6003330557868445,19.910764082543224,5.177542294106711,,,
1495,29019,MO,Boone County,7,0,182170.0,21.986056979744195,32.61369546373881,5.001082876118972,1.6823273562841083,3.834632112182645,12.488335071636383,5.682055223143218,,,
1496,29021,MO,Buchanan County,7,0,85545.0,18.01274183178444,35.97240231937954,10.476338193223729,1.9793640766477156,4.852519113426428,16.197323046349872,6.27272195920276,,,
1497,29023,MO,Butler County,7,0,42314.0,12.166186132249374,48.036166365280295,15.810344238197793,0.1559478510386126,6.604702022963369,18.84482677128137,6.012194545540483,,,
1498,29025,MO,Caldwell County,7,0,8856.0,6.300813008130081,40.99487418452936,10.770767437989011,0.9717314487632508,3.7454164484023047,19.670280036133693,5.770099367660343,,,
1499,29027,MO,Callaway County,7,0,44449.0,10.61216225336903,26.513025065248435,10.850104547830632,0.1011761730112558,5.29466791393826,16.034106504083333,5.374699093342932,,,
1500,29029,MO,Camden County,7,0,43053.0,6.619747752769841,30.353808702228736,8.628928505789377,0.3515046867291564,5.131176904435781,28.0979258123708,4.29238380600655,,,
1501,29031,MO,Cape Girardeau County,7,0,81086.0,14.804035221863208,31.31423573146731,8.13957942314322,0.4205350499789732,3.830836336051584,16.55649557260193,5.760550526601387,,,
1502,29033,MO,Carroll County,7,0,8564.0,5.791686127977581,34.08553875236295,9.63049657247952,0.0,4.872506942691239,21.41522652965904,5.254553946753853,,,
1503,29035,MO,Carter County,7,0,5365.0,6.766076421248835,42.27394124380008,13.035178620125444,0.0,1.7857142857142856,20.298229263746503,5.647716682199441,,,
1504,29037,MO,Cass County,7,0,106966.0,13.466896023035355,21.399437877941917,6.6727692538904,0.4426823632427699,4.666774361459623,16.79973075556719,5.847652525101434,,,
1505,29039,MO,Cedar County,7,0,14184.0,6.331077270163564,52.24317759679954,13.83769473577029,0.0181686046511627,3.7991104521868055,23.307952622673437,6.39452904681331,,,
1506,29041,MO,Chariton County,7,0,7432.0,5.745425188374596,30.520022246941046,8.649062380405665,0.0780335544284042,4.690318701142513,24.394510226049515,6.081808396124865,,,
1507,29043,MO,Christian County,7,0,87824.0,7.734787757332848,26.91001209050608,7.502786314971798,1.2534093346817443,3.0506103477064013,15.6335398068865,6.204454363271998,,,
1508,29045,MO,Clark County,7,0,6649.0,4.06076101669424,42.83975041850556,13.579706975727094,0.1269035532994923,1.697171381031614,20.514363062114604,6.106181380658746,,,
1509,29047,MO,Clay County,7,0,250134.0,20.44744017206777,22.31989136497005,6.448746093497107,1.1924556016851469,4.211029854099775,14.181198877401712,6.301422437573461,,,
1510,29049,MO,Clinton County,7,0,21095.0,7.20549893339654,24.76805751202215,6.654823722328505,0.364963503649635,4.17705114146147,17.743541123488978,5.276131784783124,,,
1511,29051,MO,Cole County,7,0,77412.0,19.35617216968945,23.234420548924703,7.437645959831854,0.5624937221682793,3.247180213443933,16.706712137653078,5.770423190203069,,,
1512,29053,MO,Cooper County,7,0,17397.0,12.634362246364317,34.8819593485671,10.70855502069082,0.0656706616319159,5.24157375368448,17.721446226360868,5.805598666436742,,,
1513,29055,MO,Crawford County,7,0,23204.0,6.210136183416652,41.43408811655257,18.897153746849447,0.2696289905090595,7.694681617117581,19.64747457334942,5.486123082227203,,,
1514,29057,MO,Dade County,7,0,7584.0,6.69831223628692,43.68619022031166,10.773430391264789,0.0,8.385556550283498,23.707805907173,5.063291139240507,,,
1515,29059,MO,Dallas County,7,0,16946.0,5.865691018529446,44.65653422690282,13.162173727000429,0.7063882063882064,4.981188863807374,20.358786734332583,6.709547975923521,,,
1516,29061,MO,Daviess County,7,0,8427.0,4.35504924646968,36.44005847953216,12.832886505808755,0.2662229617304492,2.1016227720138336,20.374985166726,6.941972232111072,,,
1517,29063,MO,DeKalb County,7,0,11639.0,14.150700231978693,29.276654096674665,10.42543244506779,0.0,2.021924482338612,17.699115044247787,5.258183692757109,,,
1518,29065,MO,Dent County,7,0,14585.0,7.308878985258828,45.176748385304535,16.14912878419157,0.0,4.560517595076535,21.700377099760026,5.635927322591703,,,
1519,29067,MO,Douglas County,7,0,11808.0,6.046747967479675,48.99897330595483,16.24557260920897,0.0441306266548985,7.3791902481497615,24.229336043360437,5.657181571815719,,,
1520,29069,MO,Dunklin County,7,0,28592.0,22.10758254057079,48.94848473954776,20.79763038188935,1.029820005372974,6.988366377191545,17.742725237828765,6.736149972020146,,,
1521,29071,MO,Franklin County,7,0,104331.0,6.832101676395319,24.98640354284826,10.052844350621577,0.1157293410814537,4.511823035850496,17.47706817724358,5.877447738447825,,,
1522,29073,MO,Gasconade County,7,0,14803.0,4.816591231507126,31.8197430789311,11.6545556176635,0.2724795640326975,2.5195365130692533,22.44139701411876,5.296223738431399,,,
1523,29075,MO,Gentry County,7,0,6231.0,4.557855881880918,37.81429745275267,13.96608572774376,1.1734028683181226,3.795202291442893,19.082009308297224,7.01332049430268,,,
1524,29077,MO,Greene County,7,0,296875.0,13.534652631578949,36.38676398958556,7.101236293380743,0.9360965315729668,4.039832522349213,16.36917894736842,5.806484210526316,,,
1525,29079,MO,Grundy County,7,0,9901.0,6.3932936067063935,36.89037098791163,15.554213228631832,1.0635396782110718,4.0691066151398045,21.098878901121097,6.948793051206949,,,
1526,29081,MO,Harrison County,7,0,8229.0,5.784420950297728,42.756489493201485,8.644818423383525,0.1616031027795733,2.6734926052332195,21.886012881273544,6.234050309879693,,,
1527,29083,MO,Henry County,7,0,21884.0,7.078230670809724,37.101718532280536,11.406819781204018,0.5875952121871599,5.7478243270593,21.80588557850484,5.785048437214403,,,
1528,29085,MO,Hickory County,7,0,8429.0,5.777672321746352,46.82815685333973,10.868562644119908,0.0,7.850662944870901,32.40004745521414,4.1997864515363625,,,
1529,29087,MO,Holt County,7,0,4295.0,4.842840512223516,35.09442983504662,5.843124801524294,0.0,3.353057199211045,25.19208381839348,4.959254947613504,,,
1530,29089,MO,Howard County,7,0,10147.0,11.99369271705923,30.178457616316123,12.094574113367688,0.1569365976145637,4.368825466520308,19.45402582043954,5.696264905883512,,,
1531,29091,MO,Howell County,7,0,39753.0,6.64352375921314,47.499168521503314,14.151568714096332,0.6112076175770443,5.182318437443309,19.48280632908208,6.500138354338038,,,
1532,29093,MO,Iron County,7,0,9606.0,6.74578388507183,46.40544041450777,17.32272069464544,0.0,3.301273719781648,21.62190297730585,5.756818655007287,,,
1533,29095,MO,Jackson County,7,0,713229.0,38.40239249946371,31.033952463134156,8.633831901800113,1.896833413554427,5.018769639580741,14.989715785533116,6.43117427922869,,,
1534,29097,MO,Jasper County,7,0,122059.0,17.055686184550094,39.17300324688874,12.387213840073576,1.1336376180872518,4.09807179177365,15.512170343850103,6.634496432053351,,,
1535,29099,MO,Jefferson County,7,0,225913.0,9.11102946709574,23.12817799460133,9.259884665625895,0.4630439600172621,4.198082315998052,15.225772753228012,5.799135065268488,,,
1536,29101,MO,Johnson County,7,0,53889.0,15.24800979791794,31.83908278809731,7.045727657959648,0.4917952962944928,4.613641690757091,12.51090203937724,6.194214032548386,,,
1537,29103,MO,Knox County,7,0,3782.0,4.415653093601269,40.76159828372218,13.30089213300892,0.0,2.932551319648094,21.311475409836063,6.451612903225806,,,
1538,29105,MO,Laclede County,7,0,35898.0,8.384868237784834,43.22729966976206,13.473449500371624,0.152990264255911,5.90560759031748,17.878433338904674,6.900105855479414,,,
1539,29107,MO,Lafayette County,7,0,32752.0,8.695652173913043,29.78981030146853,9.579234012649332,0.231730530497393,2.6087499219871435,18.67366878358573,5.660723009281876,,,
1540,29109,MO,Lawrence County,7,0,38123.0,11.793405555701282,44.5905574819952,14.972647268691034,0.7462686567164178,7.057423048580012,17.81601657791884,6.7623219578732,,,
1541,29111,MO,Lewis County,7,0,10031.0,7.387099990030904,37.28539034661484,14.60452406254744,0.0,6.954971020954079,19.260293091416607,5.612600937095006,,,
1542,29113,MO,Lincoln County,7,0,58689.0,7.27052769684268,27.687794038504936,9.150825762780874,0.1308166697813493,3.257859022296081,13.609023837516402,6.761062550051969,,,
1543,29115,MO,Linn County,7,0,11962.0,5.575990637017221,36.28977657413676,10.090177918596147,0.084051271275478,2.970822281167109,21.03327202808895,6.169536866744692,,,
1544,29117,MO,Livingston County,7,0,15001.0,8.172788480767949,31.14635382721413,11.7680608365019,0.2004373177842565,3.287016285671597,19.23205119658689,5.552963135790948,,,
1545,29119,MO,McDonald County,7,0,23267.0,29.844844629733096,49.61368174320688,21.83442601876848,3.995627884381831,6.157412072961805,15.657368805604504,6.958353032191517,,,
1546,29121,MO,Macon County,7,0,15222.0,7.075285770595191,34.54156356583963,9.664146971581664,0.6321334503950834,3.6594473487677375,21.81710681907765,5.695703586913678,,,
1547,29123,MO,Madison County,7,0,12597.0,5.437802651424942,36.4983001457018,12.471422039323274,0.0,4.968715495031285,18.599666587282687,5.62038580614432,,,
1548,29125,MO,Maries County,7,0,8457.0,5.344684876433724,31.55449672424062,14.130255564715585,0.3027800715661987,5.2752880921895,21.82807142012534,4.540617240156084,,,
1549,29127,MO,Marion County,7,0,28564.0,10.250665172944966,38.15244862825538,10.384955062600657,0.2272330012235623,3.807983533044181,17.833636745553843,6.256126592914157,,,
1550,29129,MO,Mercer County,7,0,3561.0,5.953383880932322,39.49171901770417,12.505125051250513,1.4657980456026058,4.197994987468672,21.707385565852288,6.3184498736310015,,,
1551,29131,MO,Miller County,7,0,24643.0,5.693300328693747,38.72832369942196,10.997999293868425,0.4660848869496231,5.682582380632145,18.674674349713914,6.306050399707827,,,
1552,29133,MO,Mississippi County,7,0,12976.0,29.95530209617756,51.07945109693208,20.189997816117057,1.020408163265306,6.2659303313508925,18.017879161528978,4.708692971639951,,,
1553,29135,MO,Moniteau County,7,0,15723.0,11.492717674744004,31.876214265889537,14.41825239041939,1.6351744186046513,4.180626365622724,15.938434141067226,6.563632894485785,,,
1554,29137,MO,Monroe County,7,0,8643.0,7.682517644336458,32.94214294096937,9.144639632244294,0.5704506560182544,1.7116876170098956,23.556635427513594,5.56519726946662,,,
1555,29139,MO,Montgomery County,7,0,11384.0,7.396345748418834,35.72978838849701,14.157303370786517,0.1078748651564185,2.9732781332329696,20.04567814476458,5.98208011243851,,,
1556,29141,MO,Morgan County,7,0,20883.0,6.613034525690753,42.1034600890716,20.886679378915822,1.1630980703145652,4.624350690485239,23.2246324761768,6.74232629411483,,,
1557,29143,MO,New Madrid County,7,0,16658.0,21.87537519510145,44.87708705563428,17.718214254634063,0.0,4.532744665194997,18.939848721335096,6.411333893624685,,,
1558,29145,MO,Newton County,7,0,58634.0,16.92874441450353,37.81607400079832,10.757112036526015,1.103410541674266,4.726120094023791,18.00320633079783,6.039158167616059,,,
1559,29147,MO,Nodaway County,7,0,21571.0,7.945853228872096,44.06353620708097,6.047283284944006,0.4187604690117252,2.440366972477064,15.047981085716936,4.7981085716934775,,,
1560,29149,MO,Oregon County,7,0,8891.0,6.658418625576426,54.04939689833429,16.634584536413218,0.0,5.462555066079295,22.787088066584182,5.702395681025756,,,
1561,29151,MO,Osage County,7,0,13372.0,2.677236015554891,21.339326527502667,8.148716823864882,0.1730103806228373,1.3959575396248365,17.28238109482501,5.459168411606342,,,
1562,29153,MO,Ozark County,7,0,8664.0,5.136195752539243,48.24756769429141,18.44734819369716,0.0,6.832097969706735,27.70083102493075,4.212834718374885,,,
1563,29155,MO,Pemiscot County,7,0,15949.0,31.964386481911088,53.10651828298887,20.198359717718866,0.1622849724115546,11.156022635408243,16.89761113549439,7.335883127468806,,,
1564,29157,MO,Perry County,7,0,19007.0,5.845214920818646,31.70888448562095,13.800766283524904,0.6160164271047228,4.662885948330183,18.43005208607355,5.729468090703425,,,
1565,29159,MO,Pettis County,7,0,42919.0,16.023206505277383,40.14650451603727,12.609308885754585,2.2880539499036607,4.32593606413139,16.573079521890072,6.833803210699224,,,
1566,29161,MO,Phelps County,7,0,44692.0,12.962051373847668,40.79631949128047,9.4010370105489,1.532609911623224,4.981446652772836,16.092365524031145,5.316387720397387,,,
1567,29163,MO,Pike County,7,0,18052.0,11.195435408818968,37.04997816185188,12.943248219002642,0.8967223252937538,3.8483067450321857,17.693330378905383,5.705738976290715,,,
1568,29165,MO,Platte County,7,0,105189.0,20.56298662407666,17.613701895351966,3.371145328575594,1.6202495611329888,3.8424426218209375,14.878932207740354,5.951192615197407,,,
1569,29167,MO,Polk County,7,0,31541.0,7.336482673345804,40.37453683613179,10.759027266028005,0.3696380985128514,3.386674024003311,17.488348498779366,6.20145207824736,,,
1570,29169,MO,Pulaski County,7,0,53460.0,30.907220351664797,35.62611032660684,5.563528351633681,0.593318715335999,5.442176870748299,9.085297418630752,6.752712308267864,,,
1571,29171,MO,Putnam County,7,0,4715.0,4.687168610816543,26.868905742145177,5.614035087719298,0.6455399061032864,5.405405405405405,24.538706256627783,5.959703075291623,,,
1572,29173,MO,Ralls County,7,0,10318.0,5.950765652258189,27.38710621281576,9.545268332650553,0.0,5.143202904396934,21.36072882341539,5.378949408800155,,,
1573,29175,MO,Randolph County,7,0,24880.0,12.090032154340836,36.623342637822745,11.007887817703768,0.0,4.766053846824083,16.113344051446944,6.077170418006431,,,
1574,29177,MO,Ray County,7,0,23080.0,6.863084922010398,26.89863710066173,10.625891694063643,0.0697350069735007,2.528455990963594,18.158578856152516,5.589254766031196,,,
1575,29179,MO,Reynolds County,7,0,6138.0,7.119582926034538,39.63210702341137,22.173627815438444,0.0,12.607879924953098,23.34636689475399,4.33365917236885,,,
1576,29181,MO,Ripley County,7,0,11032.0,5.656272661348803,51.53690410454629,18.22679338627783,0.0253356979984798,5.102747633341029,20.31363306744017,6.571791153009428,,,
1577,29183,MO,St. Charles County,7,0,402377.0,14.029131883780632,13.35914320679232,4.619972900615004,0.5817293881068658,3.228107002529738,15.337357751561347,5.747346394053339,,,
1578,29185,MO,St. Clair County,7,0,9235.0,6.886843530048728,42.86196802521955,11.923360353721444,0.3034134007585335,3.1837160751565765,26.56199242014077,5.50081212777477,,,
1579,29186,MO,Ste. Genevieve County,7,0,18406.0,4.6615234162773005,25.935754962127493,8.598386851316391,0.4232505643340858,4.06097018246551,20.020645441703792,5.411278930783441,,,
1580,29187,MO,St. Francois County,7,0,67168.0,9.065328727965698,38.53694460355126,14.026066698847774,0.1665314488236047,5.005239259517988,16.449797522629826,5.679787994282992,,,
1581,29189,MO,St. Louis County,7,0,1001982.0,36.09665642696176,22.463667664884284,5.902439304928932,1.5261906030644918,4.413142678662573,18.03176104959969,5.813777093800089,,,
1582,29195,MO,Saline County,7,0,23278.0,20.774980668442307,37.63908603873804,12.909174734900878,3.150211294660008,2.381835032437442,18.00841996735115,5.597559927828852,,,
1583,29197,MO,Schuyler County,7,0,4094.0,3.517342452369321,43.548783484885725,10.316875460574796,0.1597444089456869,1.4997321906802357,18.83243771372741,7.914020517830972,,,
1584,29199,MO,Scotland County,7,0,4760.0,2.3949579831932777,36.40849603089466,20.569514237855945,0.3660768761439902,1.142263759086189,18.403361344537817,8.277310924369747,,,
1585,29201,MO,Scott County,7,0,38161.0,17.858546683787115,38.86028332844222,14.420703486578216,0.0866608892740484,4.052469997209043,18.193967663321192,6.666491968239827,,,
1586,29203,MO,Shannon County,7,0,7185.0,6.86151704940849,48.56976913024539,14.241426080217012,0.0,3.5727440147329648,21.50313152400835,5.650661099512874,,,
1587,29205,MO,Shelby County,7,0,6087.0,5.076392311483489,42.84250085411684,11.301859799713878,0.0,1.2363122571529497,21.30770494496468,6.226384097256448,,,
1588,29207,MO,Stoddard County,7,0,28812.0,5.740663612383729,43.88783202987388,18.914081145584728,0.0265651288408748,5.4069163804807925,19.689712619741776,5.7892544773011245,,,
1589,29209,MO,Stone County,7,0,31018.0,5.648333225868851,34.992173232454995,9.948884179030046,0.1710654936461388,9.02697271813896,30.73376748984461,3.839705977174544,,,
1590,29211,MO,Sullivan County,7,0,6045.0,23.39123242349049,40.77054794520548,14.946705426356589,4.5049504950495045,2.981651376146789,19.65260545905707,6.931348221670802,,,
1591,29213,MO,Taney County,7,0,55854.0,12.081498191714113,38.20807108478341,9.92931586007636,0.6306179114311261,5.194326763676552,21.889211157661045,5.4875210369892935,,,
1592,29215,MO,Texas County,7,0,24866.0,9.474784846778734,51.089691644986566,14.862188012903957,0.2247431506849315,6.403162055335969,20.477760797876616,5.27225930990107,,,
1593,29217,MO,Vernon County,7,0,19831.0,6.464626090464424,41.32746607994133,10.660013608528011,1.3362456636258513,4.2636090392964485,19.40900610155817,5.945237254803086,,,
1594,29219,MO,Warren County,7,0,35033.0,9.379727685325264,26.50201233459768,12.045707685326514,0.1724813798510388,4.901132330572926,17.5034967031085,5.785973225244769,,,
1595,29221,MO,Washington County,7,0,23791.0,6.708419150098777,45.647866860388326,19.510130027215,0.0,5.77438647143741,16.438989533857338,5.615568912614013,,,
1596,29223,MO,Wayne County,7,0,11298.0,7.027792529651265,46.16077865897621,18.22695894392637,0.233644859813084,9.86335403726708,23.76526818906001,4.81501150646132,,,
1597,29225,MO,Webster County,7,0,38978.0,6.824362460875366,36.14037867384932,12.680915182996946,0.7737226277372263,4.693626733774215,15.46769972805172,7.260505926420032,,,
1598,29227,MO,Worth County,7,0,2004.0,4.04191616766467,33.69011213047911,8.60597439544808,0.0,2.478448275862069,25.349301397205583,5.039920159680639,,,
1599,29229,MO,Wright County,7,0,18244.0,6.489804867353651,49.023776223776224,17.032332563510394,0.1934235976789168,4.466075007157171,19.65577724183293,6.889936417452313,,,
1600,29510,MO,St. Louis City,7,0,302787.0,55.66454306162419,39.58014788395754,10.75324936935452,2.181197356210285,5.957556998157271,13.92563088904081,6.092731854405903,,,
1601,30001,MT,Beaverhead County,8,0,9391.0,10.605899265253967,37.863968521641375,5.464824120603015,0.0,2.4637043554773426,22.38313278671068,4.1955063358534765,,,
1602,30003,MT,Big Horn County,8,0,13198.0,73.78390665252311,58.0219271155034,10.60483870967742,0.0,13.515965166908565,12.74435520533414,8.258827095014395,,,
1603,30005,MT,Blaine County,8,0,7051.0,56.58771805417672,44.95901049906515,9.31662331520454,0.1779359430604982,13.24974584886479,15.302793929939016,8.013047794639059,,,
1604,30007,MT,Broadwater County,8,0,6641.0,6.354464689052854,32.523903475489455,7.091599831152386,0.0,8.285455095252495,23.27962656226472,4.788435476584851,,,
1605,30009,MT,Carbon County,8,0,10488.0,6.817315026697178,23.88347641554934,4.4911669569544665,0.775709219858156,4.606104916834217,25.81998474446987,3.489702517162472,,,
1606,30011,MT,Carter County,8,0,1349.0,3.85470719051149,41.64156626506024,7.6923076923076925,0.0,3.025936599423631,28.68791697553744,5.263157894736842,,,
1607,30013,MT,Cascade County,8,0,84178.0,16.065955475302335,31.76023669503598,7.043426944839797,0.6609346669006259,3.432223648121587,18.525030292950653,6.5456532585711225,,,
1608,30015,MT,Chouteau County,8,0,5896.0,23.541383989145185,40.51562233225201,7.922964407606045,0.0454338936846887,5.257312106627175,21.64179104477612,4.833785617367707,,,
1609,30017,MT,Custer County,8,0,11968.0,9.174465240641712,29.76631887557127,5.924973705737992,1.477832512315271,3.949398333847578,20.22894385026738,5.130347593582887,,,
1610,30019,MT,Daniels County,8,0,1739.0,7.878090856814262,28.538147932440307,7.071483474250577,0.0,2.050113895216401,29.15468660149511,5.117883841288096,,,
1611,30021,MT,Dawson County,8,0,9003.0,7.741863823170054,25.23560209424084,5.016057501146964,0.1798099152324685,3.577336641852771,19.7045429301344,5.798067310896368,,,
1612,30023,MT,Deer Lodge County,8,0,9380.0,11.300639658848617,40.40710751237067,9.281842818428183,0.0,4.4188722669735325,23.90191897654584,3.187633262260128,,,
1613,30025,MT,Fallon County,8,0,3074.0,6.961613532856213,31.285475792988315,4.514889529298751,0.0,0.0,17.56668835393624,7.644762524398178,,,
1614,30027,MT,Fergus County,8,0,11464.0,6.7951849267271465,33.52069950035689,4.679802955665025,0.1536098310291858,2.2414671421293937,24.17131891137474,5.155268667131892,,,
1615,30029,MT,Flathead County,8,0,103400.0,8.397485493230175,28.150100034158005,5.055380068598078,0.2329573320255027,3.4324550715808715,19.6073500967118,5.497098646034816,,,
1616,30031,MT,Gallatin County,8,0,116725.0,9.637181409295351,26.12400273940925,2.553729456384324,0.2673681486911898,2.085613789278573,12.653673163418292,5.255943456843007,,,
1617,30033,MT,Garfield County,8,0,972.0,1.02880658436214,33.95061728395062,2.388059701492537,0.0,0.0,20.061728395061728,7.20164609053498,,,
1618,30035,MT,Glacier County,8,0,13827.0,70.99153829464092,55.319778188539736,11.440426793123889,1.2484394506866416,8.018368067820559,12.034425399580533,8.295364142619514,,,
1620,30039,MT,Granite County,8,0,3333.0,6.240624062406241,35.2203182374541,9.047044632086852,0.0,3.6818851251840954,29.912991299129917,5.550555055505551,,,
1621,30041,MT,Hill County,8,0,16297.0,32.134748726759526,39.18867924528302,8.83808392715756,0.2883229216722729,4.360766045548655,14.89844756703688,8.424863471804626,,,
1622,30043,MT,Jefferson County,8,0,12057.0,8.451521937463715,23.599292273991068,5.474452554744526,0.4995655951346655,3.342716396903589,21.86281827983744,4.2133200630339225,,,
1623,30045,MT,Judith Basin County,8,0,2004.0,8.283433133732535,33.93213572854291,5.063291139240507,0.2275312855517633,2.998965873836608,23.10379241516966,3.642714570858283,,,
1624,30047,MT,Lake County,8,0,31030.0,35.497905252980985,37.93114689965444,7.671130605198077,0.6719972779857094,6.079815588531911,22.14631002255881,5.662262326780535,,,
1625,30049,MT,Lewis and Clark County,8,0,70340.0,9.93033835655388,25.42724804344354,4.367305751765893,0.3532038252640698,3.523485437153345,18.864088711970428,5.639749786750071,,,
1626,30051,MT,Liberty County,8,0,2026.0,1.7769002961500493,40.189243027888445,27.375886524822697,0.130718954248366,0.0,20.33563672260612,4.738400789733465,,,
1627,30053,MT,Lincoln County,8,0,19674.0,8.68150859001728,43.522703924388736,8.489322436066438,0.1418775124142823,7.3046210236942,28.97224763647453,4.559316864897835,,,
1628,30055,MT,McCone County,8,0,1805.0,10.637119113573409,24.465691788526435,3.934669636228656,0.0,2.3404255319148937,27.811634349030477,5.096952908587258,,,
1629,30057,MT,Madison County,8,0,8499.0,7.942110836569008,26.556754833353104,3.604271729457134,0.2586206896551724,2.577710386656558,29.47405577126721,3.882809742322626,,,
1630,30059,MT,Meagher County,8,0,1932.0,8.385093167701864,22.47311827956989,3.644008409250176,0.0,1.1822660098522169,31.987577639751557,7.763975155279502,,,
1631,30061,MT,Mineral County,8,0,4490.0,8.663697104677059,38.17436831322559,7.453960830166618,0.0,5.19828510182208,28.19599109131403,5.412026726057906,,,
1632,30063,MT,Missoula County,8,0,117379.0,12.172535121273825,30.035723621155352,3.655587988424389,0.4207375042984,4.690859434017084,15.788173352984774,4.866287836836231,,,
1633,30065,MT,Musselshell County,8,0,4813.0,8.393933097859962,35.15771882180906,8.638239339752406,0.5507113354749885,4.426463588767254,27.71660087263661,3.843756492831914,,,
1634,30067,MT,Park County,8,0,17072.0,7.222352389878163,28.359089300460067,3.4237774922530417,0.7575757575757576,2.6124661246612466,23.020149953139644,4.293580131208998,,,
1636,30071,MT,Phillips County,8,0,4233.0,17.03283723127805,33.65200764818356,7.398805573988056,0.0,5.193482688391039,21.993857784077488,6.472950626033545,,,
1637,30073,MT,Pondera County,8,0,5974.0,19.283562102443923,36.3932180167837,8.652205703144041,0.1371115173674588,6.742346061231511,20.505523937060595,6.980247740207567,,,
1638,30075,MT,Powder River County,8,0,1759.0,9.039226833428083,29.867128827267475,6.163328197226503,0.0,0.91324200913242,25.46901648664014,7.617964752700399,,,
1639,30077,MT,Powell County,8,0,6955.0,11.445003594536304,35.066392369553014,9.81730946669127,0.3478260869565217,2.869496855345912,20.100647016534868,3.608914450035946,,,
1640,30079,MT,Prairie County,8,0,1227.0,3.4229828850855744,49.707602339181285,13.048245614035087,0.0,3.103448275862069,31.703341483292583,4.726976365118174,,,
1641,30081,MT,Ravalli County,8,0,43790.0,9.205298013245034,29.682386023141103,7.3969009272816,0.1120059736519281,5.226209048361934,25.715916875999085,4.418817081525463,,,
1642,30083,MT,Richland County,8,0,11375.0,11.56043956043956,25.924291890937965,4.614160700079554,0.2643171806167401,4.245771487745944,16.14945054945055,6.461538461538462,,,
1643,30085,MT,Roosevelt County,8,0,10884.0,67.2271223814774,54.48539971278124,9.598715890850722,0.25624599615631,12.65315739868049,11.319367879456085,9.509371554575525,,,
1644,30087,MT,Rosebud County,8,0,8464.0,48.5586011342155,42.63000597728631,10.526315789473683,0.2717391304347826,6.449879064767536,16.174385633270322,7.242438563327032,,,
1645,30089,MT,Sanders County,8,0,12298.0,10.505773296470972,44.19027169873648,8.969889064976229,0.0556586270871985,5.293594306049823,31.33029760936737,3.919336477476013,,,
1646,30091,MT,Sheridan County,8,0,3522.0,10.618966496308916,26.4085524414909,7.39866194411649,0.484764542936288,2.4807056229327453,21.83418512208972,6.189664963089154,,,
1647,30093,MT,Silver Bow County,8,0,35017.0,10.140788759745266,36.23030481519658,6.239103362391034,0.5656108597285068,4.645822292881117,19.099294628323385,5.840020561441586,,,
1648,30095,MT,Stillwater County,8,0,8916.0,7.884701659937192,23.276250563316808,7.287134866376631,0.2410929547281007,3.369241347696539,23.08209959623149,4.441453566621804,,,
1649,30097,MT,Sweet Grass County,8,0,3690.0,6.910569105691057,24.17372302649549,3.942790877464245,0.0,2.392604676454595,26.070460704607047,5.528455284552845,,,
1650,30099,MT,Teton County,8,0,6173.0,6.88482099465414,34.17077175697865,7.546717776712986,0.1235584843492586,2.1104467112205416,22.112425076948,6.965818888708894,,,
1651,30101,MT,Toole County,8,0,5013.0,13.285457809694792,36.72964462438147,10.538116591928253,0.6648199445983379,3.0395136778115504,17.973269499301818,5.9046479154199085,,,
1653,30105,MT,Valley County,8,0,7553.0,15.424334701443136,33.37834188495814,7.004330634532104,0.0,4.242424242424243,22.547332185886404,6.090295246921753,,,
1654,30107,MT,Wheatland County,8,0,2082.0,5.571565802113352,43.29446064139942,9.45337620578778,0.0,1.564537157757497,29.250720461095103,4.418828049951969,,,
1655,30109,MT,Wibaux County,8,0,1018.0,10.609037328094304,27.25450901803607,7.361111111111112,0.2369668246445497,0.0,23.18271119842829,5.402750491159136,,,
1656,30111,MT,Yellowstone County,8,0,163593.0,14.79647662186035,27.236016302853,4.984017571742353,0.426865671641791,3.921614452481391,16.956715751896475,6.024096385542169,,,
1657,31001,NE,Adams County,7,0,31284.0,15.579849124152922,29.232064668238465,8.427821135817013,2.4561680619175483,2.4161156769449423,17.72151898734177,6.456974811405192,,,
1658,31003,NE,Antelope County,7,0,6310.0,5.340729001584786,31.799903490429465,7.678075855689177,0.5370157268891446,2.800953516090584,23.28050713153724,6.59270998415214,,,
1662,31011,NE,Boone County,7,0,5413.0,4.101237760945871,25.934974628829167,5.176093916755603,0.2257336343115124,0.9486999297259312,22.26122298171069,6.151856641418807,,,
1663,31013,NE,Box Butte County,7,0,10821.0,19.517604657610203,33.023386869540715,9.469595499598178,1.027097902097902,3.7479630635524175,18.510304038443767,6.090010165419092,,,
1664,31015,NE,Boyd County,7,0,1812.0,6.95364238410596,31.439820022497187,4.926470588235294,0.3717472118959107,1.5384615384615383,31.95364238410596,3.47682119205298,,,
1665,31017,NE,Brown County,7,0,2752.0,6.940406976744186,37.41271591326718,6.256109481915933,1.0344827586206895,0.625,28.052325581395348,6.431686046511628,,,
1666,31019,NE,Buffalo County,7,0,49840.0,14.267656500802566,28.56331629755821,7.703544994156602,1.9702640881680185,2.6715799170888994,14.78330658105939,6.414526484751204,,,
1667,31021,NE,Burt County,7,0,6705.0,7.90454884414616,28.263165836728533,8.938428874734607,0.1433691756272401,4.173512980611239,23.862788963460105,5.130499627143922,,,
1668,31023,NE,Butler County,7,0,8354.0,7.361742877663395,21.850177196627158,6.254355400696864,2.136376938835236,1.12943302462164,20.301651903279865,6.116830260952837,,,
1669,31025,NE,Cass County,7,0,26546.0,7.654637233481504,22.24489010354517,5.687801667397982,0.3971011615208974,2.833920736531684,17.4866269871167,5.8389211180592175,,,
1670,31027,NE,Cedar County,7,0,8401.0,4.059040590405904,21.03276093045914,5.711743772241993,0.4241139048773099,2.179656538969617,21.27127722890132,6.796809903582907,,,
1671,31029,NE,Chase County,7,0,3694.0,19.62642122360585,30.371389270976614,12.101167315175095,0.3302509907529722,3.076062639821029,24.06605305901462,5.305901461829995,,,
1672,31031,NE,Cherry County,7,0,5505.0,13.878292461398727,33.351698806244265,2.733245729303548,0.0,0.1676727028839705,20.56312443233424,6.939146230699364,,,
1673,31033,NE,Cheyenne County,7,0,9575.0,11.93733681462141,32.42125357938275,6.256564141035259,0.0,2.807377049180328,19.843342036553523,6.276762402088773,,,
1674,31035,NE,Clay County,7,0,6104.0,11.435124508519005,25.900600400266843,7.028448481950752,1.729106628242075,3.041825095057034,20.101572739187414,6.684141546526867,,,
1675,31037,NE,Colfax County,7,0,10608.0,52.33785822021117,27.91594370541739,26.56900539707016,24.00893355667225,0.989544436146378,12.943061840120665,8.201357466063348,,,
1676,31039,NE,Cuming County,7,0,9035.0,12.451577199778638,25.10934170685208,10.625507717303003,2.7807775377969763,3.0478955007256894,21.25069175428888,6.828998339789706,,,
1677,31041,NE,Custer County,7,0,10625.0,6.343529411764706,32.71028037383177,5.574485484530462,1.0869565217391304,1.9447473645946929,21.788235294117648,6.2305882352941175,,,
1678,31043,NE,Dakota County,7,0,21284.0,53.974816763766206,32.861635220125784,22.06678002782501,11.411161888935052,2.109511143721912,13.615861680135314,8.696673557601954,,,
1679,31045,NE,Dawes County,7,0,8383.0,15.54336156507217,31.87819994610617,5.086410054988217,3.871158392434989,2.2675736961451247,18.012644637957774,6.513181438625789,,,
1680,31047,NE,Dawson County,7,0,24031.0,43.06104614872456,33.006480935948154,22.276527331189712,8.012274122059324,3.378325045386376,16.2540052432275,7.827389621738588,,,
1681,31049,NE,Deuel County,7,0,1878.0,17.305644302449412,30.781584582441116,9.541150764748725,0.258732212160414,4.4493882091212456,22.097976570820023,7.294994675186368,,,
1682,31051,NE,Dixon County,7,0,5632.0,17.258522727272727,31.79690313287721,15.582010582010582,3.80653828929691,2.4601063829787235,20.27698863636364,7.03125,,,
1683,31053,NE,Dodge County,7,0,37249.0,18.09981476012779,28.7576644755013,10.760210270926,2.4181979643418265,4.774577332498434,18.85419742811888,6.494134070713307,,,
1684,31055,NE,Douglas County,7,0,578771.0,31.738459598010262,26.535672531144368,8.805695887480274,2.9932712805621597,4.105905667855728,13.062333807326212,7.263321762838842,,,
1685,31057,NE,Dundy County,7,0,1900.0,7.947368421052632,34.13461538461539,9.418070444104137,0.0,0.9765625,19.05263157894737,7.421052631578948,,,
1686,31059,NE,Fillmore County,7,0,5561.0,7.444704189893904,22.936122525214792,5.625153524932449,0.2544529262086514,1.0634762379528082,22.801654378708864,5.610501708325841,,,
1687,31061,NE,Franklin County,7,0,2914.0,5.422100205902539,39.78192050650721,7.703016241299304,0.2479338842975206,1.020408163265306,26.83596431022649,5.868222374742622,,,
1688,31063,NE,Frontier County,7,0,2512.0,6.25,25.145954962468725,5.799648506151142,0.396039603960396,5.099601593625498,24.92038216560509,4.856687898089172,,,
1689,31065,NE,Furnas County,7,0,4655.0,7.389903329752953,26.351499233968045,9.586122945830796,0.9547738693467336,1.2636899747262005,24.597207303974223,6.079484425349087,,,
1690,31067,NE,Gage County,7,0,21706.0,6.228692527411775,31.34006101854025,9.102285450833168,0.3751103265666372,2.142920393163907,20.72238090850456,5.431677877084677,,,
1691,31069,NE,Garden County,7,0,1726.0,3.0127462340672078,34.02001177163037,6.174698795180722,0.4618937644341801,3.034134007585335,30.70683661645423,2.8389339513325607,,,
1692,31071,NE,Garfield County,7,0,1889.0,3.440974060349391,32.47394404827208,3.258508327299059,0.0,0.0,26.151402858655377,4.552673372154579,,,
1693,31073,NE,Gosper County,7,0,1811.0,6.736609607951408,22.70422535211268,6.002824858757062,0.0,1.818181818181818,27.553837658752077,2.70568746548868,,,
1695,31077,NE,Greeley County,7,0,2219.0,4.100946372239748,32.86106032906764,8.2687338501292,0.5470459518599562,1.917545541706616,25.37178909418657,6.173952230734566,,,
1696,31079,NE,Hall County,7,0,62616.0,35.206656445636895,32.05763389158721,15.09982843929486,8.15629742033384,3.238194721804049,14.889165708445129,7.362335505302159,,,
1697,31081,NE,Hamilton County,7,0,9376.0,5.780716723549488,16.456106252024618,3.2944832944832947,0.0,4.495049504950495,19.763225255972696,6.132679180887372,,,
1698,31083,NE,Harlan County,7,0,3216.0,5.597014925373134,22.8904282115869,7.142857142857142,1.475409836065574,2.1642266072565244,24.37810945273632,6.7164179104477615,,,
1699,31085,NE,Hayes County,7,0,891.0,7.295173961840629,36.25140291806959,6.583072100313479,0.5649717514124294,0.4524886877828055,21.43658810325477,6.621773288439956,,,
1700,31087,NE,Hitchcock County,7,0,2630.0,6.311787072243346,39.52950250674894,5.013623978201634,0.0,1.9154030327214684,25.171102661596954,6.9581749049429655,,,
1701,31089,NE,Holt County,7,0,10175.0,7.203931203931203,36.45957785742732,6.398616515348032,1.8564356435643563,1.193139448173005,21.474201474201475,6.673218673218672,,,
1703,31093,NE,Howard County,7,0,6461.0,7.862559975236032,22.949797318366077,4.689252860668612,0.2758077226162332,5.516431924882629,21.095805602847857,6.407676830212042,,,
1704,31095,NE,Jefferson County,7,0,7213.0,7.541938167198115,32.01301457066063,8.314132104454686,2.7467262855317798,1.7005854474491218,23.748786912519066,5.476223485373631,,,
1705,31097,NE,Johnson County,7,0,5298.0,20.139675349188373,24.273664479850048,11.518186610437532,2.86368843069874,1.9990480723465012,17.83691959229898,5.039637599093997,,,
1706,31099,NE,Kearney County,7,0,6639.0,9.429130893206809,29.641544117647054,5.177847816298964,0.3675119441381845,1.6732841747022122,19.32519957824973,6.582316613947883,,,
1707,31101,NE,Keith County,7,0,8312.0,10.89990375360924,32.071567672833496,10.394736842105264,4.7746065617498,2.650133722343788,27.64677574590953,4.9326275264677575,,,
1709,31105,NE,Kimball County,7,0,3583.0,13.619871615964277,36.42045454545455,12.060889929742387,1.4874915483434754,4.40552016985138,24.141780630756347,3.963159363661736,,,
1710,31107,NE,Knox County,7,0,8434.0,15.307090348589044,29.39037692400921,7.620204825551119,0.4814926271441468,4.116279069767441,24.44866018496561,6.497510078254684,,,
1711,31109,NE,Lancaster County,7,0,320301.0,19.97059016362734,28.11927651947205,6.670673980013525,2.7649300745818954,3.245005117251813,14.007761449386672,6.104258182147418,,,
1712,31111,NE,Lincoln County,7,0,34906.0,13.098034721824328,29.24041730160591,6.090762687368378,0.491723803587506,3.491341030195382,19.30040680685269,5.815619091273707,,,
1713,31113,NE,Logan County,7,0,865.0,11.213872832369942,36.531791907514446,4.070796460176991,2.1875,0.9324009324009324,19.190751445086704,5.433526011560693,,,
1716,31119,NE,Madison County,7,0,35553.0,21.36247292774168,30.373710222838813,7.90760046718865,4.249230989341155,3.059445178335535,15.59080808933142,7.034568109582877,,,
1717,31121,NE,Merrick County,7,0,7687.0,8.468843502016393,27.46292372881356,6.847045831032579,0.8609693877551019,1.223091976516634,21.139586314557043,6.4394432158189145,,,
1718,31123,NE,Morrill County,7,0,4595.0,18.759521218716,31.602506714413607,9.36902485659656,1.994609164420485,5.700397702165267,20.065288356909686,7.138193688792166,,,
1719,31125,NE,Nance County,7,0,3389.0,5.606373561522573,33.09024612579763,6.946209233375688,0.2307692307692307,4.247990815154994,20.56653880200649,5.311301268810858,,,
1720,31127,NE,Nemaha County,7,0,7025.0,9.494661921708184,35.89230769230769,9.152468326780252,2.040085898353615,5.618631732168851,20.04270462633452,5.551601423487544,,,
1721,31129,NE,Nuckolls County,7,0,4125.0,6.157575757575757,29.586817511067387,7.863304578633046,0.0,1.956323930846224,26.715151515151515,5.284848484848484,,,
1722,31131,NE,Otoe County,7,0,15916.0,12.8424227192762,23.80223285486443,7.017382507127748,1.9803548795944237,3.28297847032235,19.55265141995476,5.755214878110078,,,
1723,31133,NE,Pawnee County,7,0,2564.0,5.30421216848674,41.31903059197457,14.773980154355016,0.3741814780168381,3.0664395229982966,27.886115444617783,7.059282371294852,,,
1724,31135,NE,Perkins County,7,0,2865.0,6.666666666666667,24.444444444444443,10.534351145038167,0.4397537379067722,1.0460251046025104,23.455497382198956,6.00349040139616,,,
1725,31137,NE,Phelps County,7,0,8972.0,8.83860900579581,24.587706146926536,7.950673373357131,2.483487450462351,0.7407407407407408,20.4079358002675,6.152474364690147,,,
1726,31139,NE,Pierce County,7,0,7266.0,4.156344618772365,27.252346924478072,5.62003665241295,0.8388675288360714,2.8600876062870397,19.130195430773465,7.170382603908615,,,
1727,31141,NE,Platte County,7,0,34123.0,23.761099551622078,27.116633551792653,11.4337729230496,3.8929806102510143,1.959377414725687,17.51018374703279,7.065615567212731,,,
1728,31143,NE,Polk County,7,0,5223.0,8.730614589316485,24.299610894941637,8.718516468308884,0.919305413687436,2.7367662945624773,22.113727742676623,5.054566341183228,,,
1729,31145,NE,Red Willow County,7,0,10724.0,9.17568071615069,27.624096385542167,7.335640138408304,1.5711645101663587,4.684748150757309,20.113763521074222,5.930622901902275,,,
1730,31147,NE,Richardson County,7,0,7893.0,8.311161788926897,33.1486730224169,6.436338126972991,0.1926252063841497,3.851888667992048,23.907259597111363,5.207145572025846,,,
1731,31149,NE,Rock County,7,0,1321.0,2.043906131718395,33.41269841269841,4.094827586206897,1.073345259391771,1.325478645066274,24.52687358062074,7.57002271006813,,,
1732,31151,NE,Saline County,7,0,14395.0,31.80270927405349,32.455880172030255,19.806545945337984,6.140007821666015,2.6786898289351546,14.289683918027093,6.53699201111497,,,
1733,31153,NE,Sarpy County,7,0,188464.0,20.595445283979966,17.433104098378216,4.486221950796808,1.163025306969505,2.8244628882156144,11.820825197385176,6.988071992529077,,,
1734,31155,NE,Saunders County,7,0,22008.0,5.375318066157761,19.12915400902145,5.3219228454904055,0.554016620498615,2.431766006291982,18.11613958560524,6.215921483097056,,,
1735,31157,NE,Scotts Bluff County,7,0,36229.0,29.255568743271965,30.615711252653927,10.64233817701453,1.9619741100323624,3.4730002240645304,19.017913825940543,6.453393690137735,,,
1736,31159,NE,Seward County,7,0,17605.0,5.390514058506106,21.665329300660453,5.627431466570162,0.2593440122044241,2.630480167014614,17.15989775631923,5.657483669412098,,,
1737,31161,NE,Sheridan County,7,0,5150.0,19.2621359223301,37.20654961530874,10.137989298789076,0.2396931927133269,1.6269841269841272,25.553398058252423,6.58252427184466,,,
1738,31163,NE,Sherman County,7,0,2986.0,4.956463496316142,26.61207778915046,8.371665133394664,0.0,3.3582089552238807,27.026121902210317,5.090421969189551,,,
1739,31165,NE,Sioux County,7,0,1081.0,11.100832562442182,44.31082331174838,5.228758169934641,1.96078431372549,3.090909090909091,22.10915818686401,9.80573543015726,,,
1740,31167,NE,Stanton County,7,0,5877.0,9.358516249787304,22.721791559000863,5.208067398519275,0.1806684733514001,1.0432648051549556,18.172537008677896,6.38080653394589,,,
1741,31169,NE,Thayer County,7,0,5053.0,5.778745299821888,31.458375946001222,6.4754331155921605,0.3404669260700389,2.726195179770841,25.212744904017413,5.838115970710469,,,
1743,31173,NE,Thurston County,7,0,6806.0,66.14751689685572,48.57992565055762,9.466484268125855,0.9378084896347484,11.26391617550753,11.651483984719366,9.69732588892154,,,
1744,31175,NE,Valley County,7,0,4031.0,3.5226990821136197,31.090954900478717,6.107406107406107,0.0,0.5453644025780863,24.95658645497395,5.854626643512776,,,
1745,31177,NE,Washington County,7,0,20699.0,5.797381516015267,17.301579539341777,4.380803856241582,0.120627261761158,2.3159412453816346,18.073336876177592,5.686265036958307,,,
1746,31179,NE,Wayne County,7,0,9590.0,10.552659019812303,25.565388397246803,3.815113719735877,0.7000538502961766,2.632974023679095,16.05839416058394,4.92179353493222,,,
1747,31181,NE,Webster County,7,0,3442.0,9.848925043579314,31.121689973222256,5.654147750722245,0.0,2.559821925431274,22.60313771063335,5.549099360836722,,,
1748,31183,NE,Wheeler County,7,0,735.0,2.857142857142857,37.41496598639456,5.033557046979865,0.2967359050445104,0.0,31.428571428571427,9.659863945578232,,,
1749,31185,NE,York County,7,0,14164.0,9.771251059022877,25.41975495386477,5.686807443027388,0.1608004288011434,3.764870538838348,19.93787065800621,6.954250211804575,,,
1750,32001,NV,Churchill County,9,0,25077.0,28.34868604697532,26.164097951841708,6.456341992611272,2.2659694452988823,6.529985549132948,18.853929895920565,6.356422219563744,,,
1751,32003,NV,Clark County,9,0,2231147.0,59.43611066415615,32.4693775139088,13.622161641554712,6.553872614835794,7.750325653287652,14.763482639198584,6.0765158010655504,,,
1752,32005,NV,Douglas County,9,0,49158.0,21.156271613979413,20.7870692834023,5.7570854428728016,1.214671703887906,3.7525128434219344,28.96781805606412,3.346352577403475,,,
1753,32007,NV,Elko County,9,0,53420.0,35.992137776113815,25.57294045987513,11.054081484703495,1.79972064037821,4.631601747229342,11.845750655185324,7.061025833021341,,,
1755,32011,NV,Eureka County,9,0,1603.0,16.281971303805364,33.66708385481852,4.940711462450593,0.0,0.0,20.898315658140987,7.860262008733625,,,
1756,32013,NV,Humboldt County,9,0,17218.0,35.63712394006273,30.818053596614952,14.000709345628657,3.953556731334509,4.616272360069244,15.814844929724703,6.893948193750727,,,
1757,32015,NV,Lander County,9,0,5729.0,29.778320823878516,28.016180091452693,11.865284974093264,4.917319408181027,10.814606741573034,14.365508814801888,4.276488043288532,,,
1758,32017,NV,Lincoln County,9,0,4600.0,15.58695652173913,31.952662721893493,13.182224873247838,0.0,4.02067777139575,20.15217391304348,4.217391304347826,,,
1759,32019,NV,Lyon County,9,0,58029.0,27.21742576987368,27.47503763822313,13.401397867417286,1.0563065079222989,8.064575850705372,20.93091385341812,5.250822864429854,,,
1760,32021,NV,Mineral County,9,0,4552.0,41.32249560632689,45.80731489741303,11.226357535082366,0.0,13.062098501070665,26.36203866432337,4.8769771528998245,,,
1761,32023,NV,Nye County,9,0,50096.0,27.71877994251038,36.85064935064935,13.547493200595268,2.045677455513521,9.538291401714128,29.661050782497604,4.315713829447461,,,
1762,32027,NV,Pershing County,9,0,6668.0,36.052789442111575,26.572133168927248,15.898843364046266,0.8616047388260636,11.932287365813378,15.491901619676064,5.488902219556089,,,
1763,32029,NV,Storey County,9,0,4047.0,18.211020509019026,21.626984126984127,6.0486522024983564,0.9931719428926132,5.31986531986532,34.51939708425994,5.411415863602668,,,
1764,32031,NV,Washoe County,9,0,479758.0,38.91190975450123,27.449609570538158,11.453359398622291,3.018879911900804,5.000427852414255,16.392222745634257,5.7337240858933045,,,
1765,32033,NV,White Pine County,9,0,9192.0,29.036118363794607,25.20443154840412,9.538904899135446,0.7466973004020678,3.768980477223427,18.23324630113142,4.43864229765013,,,
1766,32510,NV,Carson City,9,0,57957.0,35.07427920699829,30.059427336574824,12.315141056062894,2.7208831012030528,4.560305874174488,20.182204047828563,5.424711423986748,,,
1767,33001,NH,Belknap County,1,0,63395.0,5.831690196387728,20.200504453880782,6.450592551980093,0.2620155645066677,3.642423521009404,22.052212319583564,4.290559192365329,,,
1768,33003,NH,Carroll County,1,0,49961.0,4.921839034446869,22.9137514956095,4.906756343625802,0.0929324845499744,5.7174043962661845,28.50423330197554,3.5647805288124736,,,
1769,33005,NH,Cheshire County,1,0,76473.0,6.393106063577996,22.777762350392937,6.306523350630096,0.370111033309993,3.556935412897863,20.1443646777294,4.584624638761393,,,
1770,33007,NH,Coos County,1,0,31360.0,5.634566326530612,31.74873823489292,10.829256259507462,0.6695114773396116,4.509057495405618,23.77551020408163,3.92219387755102,,,
1771,33009,NH,Grafton County,1,0,91025.0,10.600384509750068,23.99976423435105,7.007893591895084,0.8324358937043397,2.9784405765795703,20.7767096951387,3.8868442735512234,,,
1772,33011,NH,Hillsborough County,1,0,420504.0,17.161786808211097,18.007446579152,7.092061050836692,2.447537641628708,3.9213911268753137,15.782251774061605,5.1231379487472175,,,
1773,33013,NH,Merrimack County,1,0,152983.0,8.43753881150193,19.002474049739988,6.799209838781622,0.7587663709336713,3.613380239699481,18.355634286162516,4.6122771811247,,,
1774,33015,NH,Rockingham County,1,0,312771.0,8.820830575724733,12.802915470700166,4.478061295727451,0.4102192134107028,3.6304268555453647,18.062416272608395,4.550293985056159,,,
1775,33017,NH,Strafford County,1,0,130598.0,10.732936185852768,21.68316995903203,6.166294319878688,1.2680229113174009,3.896296296296296,15.216925220906903,4.5253372945986925,,,
1776,33019,NH,Sullivan County,1,0,43105.0,5.867068785523721,28.932524604092425,9.313998884551031,0.2826941986234021,2.894938650306748,21.64250086996868,4.623593550632178,,,
1777,34001,NJ,Atlantic County,2,0,273865.0,44.499662242345686,30.128410795162026,12.200707999769929,5.014390607635097,8.59165277346068,18.244755627772808,5.324156062293466,,,
1778,34003,NJ,Bergen County,2,0,952979.0,45.52366841242042,15.595337263162362,7.102287499647152,8.826582997298337,5.254915137716549,17.176244177468757,5.19255933236724,,,
1779,34005,NJ,Burlington County,2,0,460102.0,34.34868789963964,15.831477771183527,6.03637835699368,2.030742459396752,5.261062636974776,16.97297555759375,5.07496163894093,,,
1780,34007,NJ,Camden County,2,0,521194.0,44.77353921956124,26.29156905250265,10.816431500660318,4.586699434850385,7.149270604999799,15.633717962984992,5.991626918191691,,,
1781,34009,NJ,Cape May County,2,0,95488.0,15.279406836461126,22.965859688006137,5.953423705248523,1.4724452598222582,6.968085106382979,26.772997654155496,4.435112265415549,,,
1782,34011,NJ,Cumberland County,2,0,154921.0,55.289470117027385,37.94356024020493,19.221185882442796,6.841709559886647,8.097790176932678,15.207751047307983,6.213489455916242,,,
1783,34013,NJ,Essex County,2,0,852720.0,70.91929355474247,31.818061564880264,13.336487483127618,10.25184241238179,8.582245483890642,13.594497607655503,6.490289895862651,,,
1784,34015,NJ,Gloucester County,2,0,300821.0,22.75871697787056,17.514965008536972,6.327289788531787,1.275505535730625,5.58291778230858,15.93904680856722,5.136277055125806,,,
1785,34017,NJ,Hudson County,2,0,713264.0,71.84184257161444,30.48271769008837,13.218157155087152,13.78769021892855,5.673932384341637,11.942983243231115,6.763554588483367,,,
1786,34019,NJ,Hunterdon County,2,0,128807.0,16.284052885324556,10.288339188680906,4.310846646400621,1.2496171516079633,4.367577112585799,18.83903825102673,4.19309509576343,,,
1787,34021,NJ,Mercer County,2,0,384951.0,52.01700995711143,24.264444221089143,10.441093715069805,6.849774640080517,6.266309348430532,15.30636366706412,5.541224727302955,,,
1788,34023,NJ,Middlesex County,2,0,858770.0,59.057605645283374,18.78882809529997,10.07716834256188,7.833230368502781,6.143764709501761,15.095543626349317,5.627117854606007,,,
1789,34025,NJ,Monmouth County,2,0,642160.0,25.663541796437023,14.87641007974,5.881430502425104,3.1832193802963733,5.604884575822954,17.748536190357544,4.911548523732403,,,
1790,34027,NJ,Morris County,2,0,508347.0,30.30331643542698,11.869559568663115,5.446090684392062,4.44379234914368,5.303922263990354,17.043476208180632,4.956456908371644,,,
1791,34029,NJ,Ocean County,2,0,630057.0,16.132191214445676,25.39077110773997,7.1667912437449495,1.6876359215745662,5.724911680282623,22.18529434638453,7.138243047851227,,,
1792,34031,NJ,Passaic County,2,0,521067.0,59.8210978626549,31.17410876762078,14.9777331092204,13.208628683961113,7.362481017883733,14.587759347646273,6.578424655562529,,,
1793,34033,NJ,Salem County,2,0,64752.0,27.14819619471213,27.57018943643057,9.523599762130257,2.5411061285500747,7.594817580073407,18.53533481591302,5.361996540647393,,,
1794,34035,NJ,Somerset County,2,0,343950.0,46.0,12.528756232353292,5.653969901401141,5.063695029633943,5.142011527078249,15.82497456025585,5.02398604448321,,,
1795,34037,NJ,Sussex County,2,0,144492.0,15.837555020347146,13.591140134380222,4.635248917645485,1.3501561343658055,5.434729425579802,17.6155081250173,4.498518949145973,,,
1796,34039,NJ,Union County,2,0,571963.0,61.64035086185645,23.322503928313584,12.7344498406396,11.65909342790646,6.324290342859906,14.33781555799938,6.225577528616362,,,
1797,34041,NJ,Warren County,2,0,109354.0,20.476617224792875,18.487465181058496,6.80465092611439,2.5097627257987165,5.792140675861606,18.276423358999214,4.508294163908041,,,
1798,35001,NM,Bernalillo County,6,0,674919.0,62.79597996203989,34.4271855431007,9.71368024387274,4.13717842054651,5.56335094928202,16.437528058922627,5.399462750344856,,,
1799,35003,NM,Catron County,6,0,3581.0,19.910639486177047,53.293751767034216,5.157103825136613,3.873933026920552,7.13436385255648,42.278693102485335,1.117006422786931,,,
1800,35005,NM,Chaves County,6,0,65014.0,62.86799766204202,47.78967929935796,20.11041766682669,5.240061951471348,5.440523980562011,15.359768665210572,6.515519734211093,,,
1801,35006,NM,Cibola County,6,0,27284.0,81.68157161706495,53.26099548210217,18.184290687554395,4.940761280564659,8.475820832896256,16.86336314323413,6.267409470752089,,,
1802,35007,NM,Colfax County,6,0,12406.0,53.66758020312752,46.1876584953508,10.353068984247692,2.660517914153955,4.3571289632367245,27.22069966145413,4.457520554570369,,,
1803,35009,NM,Curry County,6,0,48716.0,54.26759175630183,41.55675312965254,19.26544240400668,4.13453650533224,8.186910518504332,12.386074390344035,8.03637408654241,,,
1804,35011,NM,De Baca County,6,0,1873.0,64.38868126001069,54.36422413793104,19.12350597609562,1.7241379310344829,10.42654028436019,15.69674319273892,17.084890549919916,,,
1805,35013,NM,Doña Ana County,6,0,218157.0,73.56674321704094,46.7202810044213,19.25569491423953,10.45125292432412,7.377984320867482,15.743707513396316,6.202872243384352,,,
1806,35015,NM,Eddy County,6,0,61096.0,55.686133298415605,31.76768596546415,16.970650161081657,4.73672417656285,4.29690231452346,14.311902579546942,7.3245384313212,,,
1807,35017,NM,Grant County,6,0,28178.0,54.49996451132088,46.4277863266652,12.79138388905282,1.310122038765255,9.645745090489026,27.80892895166442,5.018099226346796,,,
1808,35019,NM,Guadalupe County,6,0,4465.0,82.62038073908174,41.09697933227345,16.300578034682083,9.947643979057592,12.2397476340694,19.10414333706607,3.538633818589026,,,
1810,35023,NM,Hidalgo County,6,0,4214.0,62.50593260560038,43.00291545189505,16.785835886959482,7.628734901462174,5.853952926976463,22.069292833412437,6.430944470811581,,,
1811,35025,NM,Lea County,6,0,72743.0,66.7074495140426,36.34819593514501,23.76541076160848,9.87379984067754,7.20022326273683,10.961879493559518,7.875671885954662,,,
1812,35027,NM,Lincoln County,6,0,20084.0,40.14638518223462,41.286296613154846,9.883531784761534,2.900378310214376,6.316789361196866,28.90360485958972,4.207329217287393,,,
1813,35028,NM,Los Alamos County,6,0,19169.0,29.2555688872659,11.09888958726168,1.8193822903675445,3.238261302777432,3.1135012737050665,17.413532265637226,4.522927643591215,,,
1814,35029,NM,Luna County,6,0,25282.0,72.00775255122221,55.70413203228527,29.203103830521,11.915552116723775,7.497116493656286,20.29507159243731,7.712997389447038,,,
1815,35031,NM,McKinley County,6,0,72946.0,92.02697886107532,59.527763937330455,20.878057364068276,7.323414704607829,10.983673926850226,12.391357990842542,6.865352452499109,,,
1816,35033,NM,Mora County,6,0,4232.0,83.53024574669186,57.46144721233689,8.124816014130115,2.959135744480977,13.052208835341366,32.86862003780718,1.724952741020794,,,
1817,35035,NM,Otero County,6,0,67298.0,52.92133495794823,42.29479424577679,13.670683088710216,5.837219160661297,9.636084059456689,17.101548337246278,6.585634045588279,,,
1818,35037,NM,Quay County,6,0,8675.0,52.18443804034583,53.43971631205674,15.770725388601036,2.3221196784757367,4.274533413606261,24.703170028818445,4.195965417867435,,,
1819,35039,NM,Rio Arriba County,6,0,40347.0,88.18499516692691,41.21633405585868,13.72541931752458,4.062288422477995,6.230829373909906,19.51570129129799,5.826951198354276,,,
1820,35041,NM,Roosevelt County,6,0,19223.0,50.14305779534932,42.32298685518613,16.948398576512457,4.554024655547498,7.411133467471495,14.331790043177444,6.663892212453831,,,
1821,35043,NM,Sandoval County,6,0,147327.0,58.04706537158837,26.12767413999657,8.620588235294118,4.566244142849143,6.951342041050667,18.001452551127763,5.237329206459101,,,
1822,35045,NM,San Juan County,6,0,122912.0,63.44051028378026,48.38462046422558,14.149411794090469,7.049878195821748,8.23055171169003,14.935075501171568,6.33217261129914,,,
1823,35047,NM,San Miguel County,6,0,27357.0,83.3899915926454,49.366795366795365,15.281921618204803,7.955637062265304,7.21205597416577,21.928574039551123,4.353547538107248,,,
1824,35049,NM,Santa Fe County,6,0,153632.0,57.71323682566132,31.08095584828225,9.913516141916883,3.446914480077745,5.256687778935834,24.70774317850448,4.075322849406374,,,
1825,35051,NM,Sierra County,6,0,11512.0,37.39576094510076,47.25617917373071,10.474524382243604,1.3907160308212745,5.7909976309555145,35.09381514940932,4.378040305767894,,,
1826,35053,NM,Socorro County,6,0,16605.0,66.967780788919,53.87998743323909,16.137077406244227,8.75051717004551,4.168157423971378,19.584462511291783,5.094850948509485,,,
1827,35055,NM,Taos County,6,0,34322.0,64.55043412388555,38.30080300099642,7.893015201077545,3.263239875389408,9.919571045576408,26.825359827515875,4.00326321309947,,,
1828,35057,NM,Torrance County,6,0,15150.0,51.15511551155115,49.50740566986127,12.643235435724604,1.3873473917869037,11.434108527131782,21.023102310231025,4.891089108910891,,,
1829,35059,NM,Union County,6,0,4122.0,48.71421639980592,43.089663049685896,15.653075328265375,8.300704776820673,8.78972278566599,20.88791848617176,6.283357593401262,,,
1830,35061,NM,Valencia County,6,0,75992.0,68.72565533214022,38.61850101282917,15.219080174021132,4.078277886497064,8.489384254649407,17.899252552900304,5.341351721233814,,,
1831,36001,NY,Albany County,2,0,314679.0,28.99812189564604,24.51248820131074,7.184548746715899,2.7555562353732963,4.9104324033582,17.019248186246937,4.8951471181743935,,,
1832,36003,NY,Allegany County,2,0,46654.0,5.913748017318986,36.76842029299271,9.00096605483194,0.3898986263571471,6.708595387840671,18.95657392720881,5.122819050885241,,,
1833,36005,NY,Bronx County,2,0,1468262.0,91.0199269612644,48.9801712363645,25.871036196416213,17.5060421222235,11.206157585337555,13.009599104247064,7.011555158411782,,,
1834,36007,NY,Broome County,2,0,198591.0,17.634736720193764,36.47672786034067,9.423849254853137,1.6759018153546172,7.488122178011819,19.00992492106893,5.106978664692761,,,
1835,36009,NY,Cattaraugus County,2,0,77211.0,10.306821566875186,36.8401347809809,10.399185412856149,0.6478792327577954,5.972400056907099,19.31331027962337,5.569154654129592,,,
1836,36011,NY,Cayuga County,2,0,76644.0,11.201137727676008,31.25711904431171,11.924016964991733,0.8920402561756633,4.454019045528143,19.17436459474975,4.883617765252335,,,
1837,36013,NY,Chautauqua County,2,0,128042.0,13.537745427281672,37.71306007274625,10.67475901463763,1.941564561734213,5.432768206465783,20.17384920572937,5.346683119601381,,,
1838,36015,NY,Chemung County,2,0,84456.0,14.712986643932934,32.65158054064873,10.543179225659264,0.7071267860795372,6.1458175001266655,18.8216349341669,5.438334754191532,,,
1839,36017,NY,Chenango County,2,0,47407.0,5.866222287847786,34.20027966010541,11.200611476952025,0.25312610742672,7.036924281303006,20.62142721539013,5.17223194886831,,,
1840,36019,NY,Clinton County,2,0,80095.0,10.270304013983395,30.91648851803324,12.45445811959615,0.2964884647456685,4.30892582169596,16.99731568762095,4.664460952618765,,,
1841,36021,NY,Columbia County,2,0,61587.0,15.173656778216182,24.738675958188157,8.779088300924451,1.1721699050343704,5.932910012186518,24.2242681085294,3.942390439540812,,,
1842,36023,NY,Cortland County,2,0,46984.0,8.64123957091776,30.576446902552476,9.929438903589118,0.3504928806133625,5.85581957309706,16.18636131449004,5.105993529712243,,,
1843,36025,NY,Delaware County,2,0,44644.0,8.785055102589373,34.12644138939326,9.943345350986156,0.6112403310434359,4.738203288927926,24.58785055102589,3.843741600215034,,,
1844,36027,NY,Dutchess County,2,0,296012.0,30.051484399281108,19.948814366291828,8.471607360788724,2.3126146686356117,5.169542207103217,17.6834047268354,4.556909855005878,,,
1845,36029,NY,Erie County,2,0,949715.0,25.43173478359297,29.060114570867345,7.903184644934252,2.198162078478852,5.143138949118831,17.95412307902897,5.378560936702064,,,
1846,36031,NY,Essex County,2,0,37501.0,8.775765979573878,29.31587692660288,8.853716694888897,0.4136438844342625,5.437300099261057,23.45004133223114,3.9438948294712137,,,
1847,36033,NY,Franklin County,2,0,47996.0,18.905742145178763,36.96514395035229,11.858329689549628,0.414848337912828,6.588047967358312,16.94932911075923,4.821235102925243,,,
1848,36035,NY,Fulton County,2,0,53588.0,9.42748376502202,35.588044432568616,12.687701223438506,0.2210759027266028,5.059951107834388,19.564081510786,5.027244905575875,,,
1849,36037,NY,Genesee County,2,0,58387.0,9.978248582732457,26.89027261786406,7.401386564666507,0.7031601324557459,4.921890319628735,18.834672101666467,5.211776594104852,,,
1850,36039,NY,Greene County,2,0,48026.0,16.182900928663642,29.53093589457226,12.066770014394862,1.2664030714572232,3.652988206192853,22.404530879107156,4.362220463915379,,,
1851,36041,NY,Hamilton County,2,0,5068.0,7.853196527229676,25.463239689181112,20.30112923462986,0.0,2.718622564567286,31.274664561957376,3.2754538279400154,,,
1852,36043,NY,Herkimer County,2,0,60596.0,6.804079477193215,31.42799536266949,9.133396888878554,0.7323759256986212,5.397708235609462,20.691134728364908,4.9145158096243975,,,
1853,36045,NY,Jefferson County,2,0,117634.0,19.12032235578149,31.76532244219353,8.829269596834562,1.0325812333853286,5.955776695905805,13.74347552578336,7.667001037115121,,,
1854,36047,NY,Kings County,2,0,2712360.0,63.26689672462358,36.720676714124025,16.304326975337453,14.044754483772335,7.113296189276919,14.108672890029348,7.069857983453525,,,
1855,36049,NY,Lewis County,2,0,26681.0,5.363367190135302,32.977110807943006,8.862055953856935,0.019133263178035,4.973385238738381,18.97605037292455,6.506502754769311,,,
1856,36051,NY,Livingston County,2,0,62253.0,10.523187637543572,25.219717910553545,8.13806884411352,0.8329168748958855,4.826765405977255,17.852954877676577,4.260035660932003,,,
1857,36053,NY,Madison County,2,0,68466.0,8.250810621330295,26.608720478373275,7.243075997507574,0.5327091488760644,4.234338747099768,18.623842491163497,4.749802821838577,,,
1858,36055,NY,Monroe County,2,0,757332.0,30.234164144655185,28.45948150648151,8.90720927488572,3.40754275456396,5.339993970974549,17.397257741650954,5.400669719488943,,,
1859,36057,NY,Montgomery County,2,0,49539.0,20.583782474414097,37.84105606766717,11.34505314799673,2.7079917490876397,6.418032434292596,18.468277518722623,6.2415470639294295,,,
1860,36059,NY,Nassau County,2,0,1391678.0,41.700235255569176,13.784989485289614,8.297057986965608,4.8545337495811065,4.546694997522181,17.729316695384995,5.395285403663778,,,
1861,36061,NY,New York County,2,0,1669127.0,53.27641335860004,28.11404314726133,11.616250741793422,8.49464229620718,6.638126447670481,16.797942876725376,4.637214543890309,,,
1862,36063,NY,Niagara County,2,0,212808.0,15.483910379309048,28.15717949699498,8.372577401966243,1.0285460402088191,5.825115302411039,19.160463892334874,5.197173038607572,,,
1863,36065,NY,Oneida County,2,0,232034.0,18.86318384374704,31.650932911145485,11.184952197066426,2.417846059031981,4.713322869541132,18.672694518906717,5.531516932863288,,,
1864,36067,NY,Onondaga County,2,0,474621.0,23.9768151851688,29.087164110861004,8.683475111675424,2.318324376290366,5.937036757870405,17.149472947888945,5.602996917540522,,,
1865,36069,NY,Ontario County,2,0,112060.0,10.905764768873818,23.43101623959148,6.734624618207871,1.147227533460803,4.045357560740588,20.12671782973407,4.802784222737818,,,
1866,36071,NY,Orange County,2,0,398277.0,37.75889644644305,26.357776402640265,10.08384879725086,3.7289283564118,5.446244156973584,13.945821626656825,6.6390979142657,,,
1867,36073,NY,Orleans County,2,0,40588.0,14.297329259879769,34.45384797911888,13.012453719286436,1.6416712954391164,6.365503080082135,17.869813738050656,4.8979994086922245,,,
1868,36075,NY,Oswego County,2,0,118019.0,7.196298901024411,32.33377257024823,10.273768043802889,0.1625703223598365,7.138871510458057,16.508358823579254,5.41438242994772,,,
1869,36077,NY,Otsego County,2,0,58952.0,9.60103134753698,30.78498547702391,7.168774882830217,1.0914112615823237,5.663396646489947,21.137535622201117,4.0456642692359885,,,
1870,36079,NY,Putnam County,2,0,97960.0,23.62903225806452,12.801076939007974,6.666005075350526,2.216386251479034,4.750136769227867,17.660269497754186,4.500816659861168,,,
1871,36081,NY,Queens County,2,0,2393104.0,75.42325782749099,28.91002270636357,17.29827529815048,17.797857004859637,6.966396414169207,16.03829169146013,6.0027061088862,,,
1872,36083,NY,Rensselaer County,2,0,161125.0,18.002792862684252,23.685548597210516,7.715919085312225,1.151625691502992,5.370700815226899,17.207137315748643,5.062529092319627,,,
1873,36085,NY,Richmond County,2,0,493194.0,40.36058832832517,22.38366135761888,11.399318793573546,6.637841536501345,5.457210366046271,16.28547792552221,5.611787653539986,,,
1874,36087,NY,Rockland County,2,0,336485.0,37.14162592686153,28.83085213673927,11.144107309375224,8.179246483491744,5.950110372515055,15.47201212535477,8.203931824598422,,,
1875,36089,NY,St. Lawrence County,2,0,108836.0,8.312506891102208,36.147787217788974,11.397646274193772,0.5530758781292451,6.298249314490614,17.41151824763865,5.052556139512662,,,
1876,36091,NY,Saratoga County,2,0,235010.0,10.574018126888216,17.49062083988866,6.288929429615592,0.8893068517515257,3.6040656471465873,18.19539594059827,4.855538062210119,,,
1877,36093,NY,Schenectady County,2,0,157515.0,28.4258642034092,25.416065918150327,8.669461889155391,1.5285559815197092,6.925448254167978,17.106942195981333,5.885788655048726,,,
1878,36095,NY,Schoharie County,2,0,29936.0,8.969134152859432,28.933459344044245,9.374709221178003,0.2064409578860445,5.810503070871576,22.043693212186,4.232362373062534,,,
1879,36097,NY,Schuyler County,2,0,17920.0,5.630580357142858,34.44375318138114,9.175691937424787,1.0607265977194378,5.735430157261795,21.333705357142858,4.821428571428572,,,
1880,36099,NY,Seneca County,2,0,33900.0,12.117994100294984,31.264908774418156,15.252784918594688,0.8380504300521943,3.73195486351888,19.174041297935105,5.283185840707964,,,
1881,36101,NY,Steuben County,2,0,94153.0,7.073592981636273,32.57215693052195,8.475363187060058,0.6028460543337646,6.271283888372915,19.46725011417586,5.469820398712733,,,
1882,36103,NY,Suffolk County,2,0,1522998.0,33.558481363731275,15.223347278265225,9.60749787525767,2.772744894810548,4.778457249709207,16.919129243767884,5.263565677696228,,,
1883,36105,NY,Sullivan County,2,0,78230.0,29.755848140099705,32.847464032175345,13.373942592726484,2.9532204330927265,8.043106109505233,18.848267927904896,5.745877540585454,,,
1884,36107,NY,Tioga County,2,0,48567.0,5.664339983939712,27.0225761397511,7.302820955670697,0.0984445757038787,5.931364461310015,20.15566125146705,5.0548726501533965,,,
1885,36109,NY,Tompkins County,2,0,105638.0,23.07408318976126,31.635435527148186,5.044410117783356,2.256988971531162,4.70758413593584,14.598913269846078,3.746757795490259,,,
1886,36111,NY,Ulster County,2,0,181862.0,23.966524067699684,25.720667952958472,8.581555500603228,1.389162008034385,5.149160027710426,19.88485774928242,4.328556817806908,,,
1887,36113,NY,Warren County,2,0,65692.0,6.984107653900018,23.31261854461904,8.487024976160042,0.546802911725505,4.212735765387571,22.459355781525908,4.338427814650186,,,
1888,36115,NY,Washington County,2,0,61504.0,8.940881893860562,28.331608005521048,11.324937921248669,0.2118556058654924,5.672317889617959,19.514177939646203,4.5102757544224765,,,
1889,36117,NY,Wayne County,2,0,91332.0,11.149432838435596,27.345168002124925,9.663076923076924,0.8975139657409124,4.067752555882863,18.944072176236148,5.380370516357903,,,
1890,36119,NY,Westchester County,2,0,999723.0,47.61138835457422,18.718610837327503,11.148310934103424,6.830985722243718,6.064427332555673,17.055624407961005,5.434305302568811,,,
1891,36121,NY,Wyoming County,2,0,40679.0,11.234297794931043,26.960408346777392,11.593027969193352,0.1701323251417769,4.065467135288254,18.144497160697163,4.687922515302736,,,
1892,36123,NY,Yates County,2,0,24808.0,5.244276039987101,32.947976878612714,13.812688821752268,1.489411217128229,3.233830845771144,20.807803934214768,6.038374717832957,,,
1893,37001,NC,Alamance County,4,0,169185.0,37.866241097023966,34.75547252667269,12.287004992999234,2.30278535989504,5.086772955064646,16.678192511156425,5.752874072760587,,,
1894,37003,NC,Alexander County,4,0,36491.0,13.663643090077004,33.40923970282657,14.975937667099537,0.2815649081209247,4.801670146137787,20.229645666054644,4.384642788632814,,,
1895,37005,NC,Alleghany County,4,0,10910.0,13.72135655362053,47.52218934911242,20.54157222951211,1.5716680637049456,4.568527918781726,27.54353803849679,4.161319890009166,,,
1896,37007,NC,Anson County,4,0,22388.0,55.67714847239592,47.25506150385296,17.521714678497784,0.9068130294714236,7.276233001826669,18.719849919599785,5.011613364302304,,,
1897,37009,NC,Ashe County,4,0,26598.0,7.947966012482141,38.628337067557815,12.977812761351895,1.3818988313571612,5.116675711295449,25.810211294082265,4.007820136852395,,,
1898,37011,NC,Avery County,4,0,17747.0,12.469713190961851,40.307272106521,13.88807285546416,0.6428347444339918,5.71071279699875,21.77832873161661,3.4597396743111517,,,
1899,37013,NC,Beaufort County,4,0,44898.0,34.61178671655753,36.47374594009383,12.314186089190676,1.033424834490554,6.730142821348033,23.744932959151853,4.828722882979197,,,
1900,37015,NC,Bertie County,4,0,18105.0,65.88235294117646,50.12514898688916,19.83751846381093,0.0,7.153965785381026,23.34714167357084,4.208782104391052,,,
1901,37017,NC,Bladen County,4,0,30105.0,45.50739079887062,47.09423555525661,15.01581101190476,2.123216150365472,6.004770913876778,22.039528317555224,5.088855671815313,,,
1902,37019,NC,Brunswick County,4,0,133789.0,18.68240288812982,25.88744263035137,7.207892882311487,0.7922230678751816,5.546888849494771,31.859868898040943,3.7305010127887934,,,
1903,37021,NC,Buncombe County,4,0,266981.0,17.167888351605544,30.751818544550503,8.134063384811755,2.0786869418295923,3.4327973803304017,20.055359744700933,4.770376918207663,,,
1904,37023,NC,Burke County,4,0,87829.0,19.06090243541427,39.622840163311146,16.686401595413187,2.303932976495229,6.109572546658639,20.22225005408236,4.7603866604424505,,,
1905,37025,NC,Cabarrus County,4,0,221200.0,37.436708860759495,24.405453824378103,9.32095989534361,1.615377432737071,5.0619038649245685,13.13969258589512,6.201627486437613,,,
1906,37027,NC,Caldwell County,4,0,80705.0,13.558019949197694,38.36355405779242,18.516352125518264,0.832286432160804,5.751167549981634,20.126386221423704,5.04181897032402,,,
1907,37029,NC,Camden County,4,0,10353.0,21.04703950545736,26.224282816574902,10.054159144563254,0.4483122362869198,5.738513113784263,15.695933545832125,5.438037283879068,,,
1908,37031,NC,Carteret County,4,0,67944.0,13.998292711644885,27.672219720846464,7.920140836896171,0.741627589876617,5.092026463487286,25.15159543153185,4.0135994348286825,,,
1909,37033,NC,Caswell County,4,0,22785.0,39.31533903884134,31.576268048870787,17.528494301139773,0.7911576497963932,5.770570092528106,21.667763879745447,4.533684441518543,,,
1910,37035,NC,Catawba County,4,0,159852.0,25.847033505993046,32.707392138246554,13.50468425173466,2.2402423248035843,5.820172087722154,17.745789855616444,5.506968946275305,,,
1911,37037,NC,Chatham County,4,0,75070.0,28.86106300785933,25.97159588072962,10.525744472989109,2.5955921402018056,3.4273463819361307,24.52377780737978,4.621020380977754,,,
1912,37039,NC,Cherokee County,4,0,28515.0,9.710678590215675,41.254347980407466,10.160573346638843,0.2910031525341525,4.6491679533367645,30.01227424162721,3.689286340522532,,,
1913,37041,NC,Chowan County,4,0,13796.0,40.39576688895332,39.65300849021779,15.478576200019086,1.674641148325359,5.6728009454668245,25.96404755001449,5.41461293128443,,,
1914,37043,NC,Clay County,4,0,10997.0,7.429298899699918,34.885635864592864,11.153343627509209,0.3493788819875776,3.2045840407470285,30.66290806583613,4.055651541329453,,,
1915,37045,NC,Cleveland County,4,0,98898.0,28.150215373415037,42.42433610535753,13.651301311581232,0.4200190917768989,7.145819237400965,18.262249994944284,5.7068899269954905,,,
1916,37047,NC,Columbus County,4,0,51474.0,41.37040059058943,47.15241849388191,15.955223059574234,1.794071762870515,5.260548366304725,19.84497027625597,5.253137506313867,,,
1917,37049,NC,Craven County,4,0,101405.0,35.11168088358562,33.63731950820867,10.298569478245383,2.167243938644236,5.693790099197424,19.43691139490163,6.222572851437306,,,
1918,37051,NC,Cumberland County,4,0,333582.0,58.43840494990737,39.929091000934505,8.022421416318345,2.172454018121095,8.010989171574288,12.015636335293872,7.458735783105803,,,
1919,37053,NC,Currituck County,4,0,27575.0,13.74070716228468,20.27402265253928,7.737041719342605,0.710147635955896,2.5250387924954154,16.511332728921126,5.240253853127833,,,
1920,37055,NC,Dare County,4,0,36718.0,14.145650634566154,22.66966588028749,4.706395032138577,1.2822132390096008,6.063638182909746,21.921128601775692,4.063402146086388,,,
1921,37057,NC,Davidson County,4,0,168002.0,21.29200842847109,37.13570017823595,14.21276451839264,1.262950467261816,5.360003026825239,18.095617909310604,5.412435566243259,,,
1922,37059,NC,Davie County,4,0,42543.0,16.508003666878217,27.931653826156825,9.801464283358618,0.955940927752926,4.896403440187647,20.786028253766776,4.92677996380133,,,
1923,37061,NC,Duplin County,4,0,49836.0,49.19134762019424,45.94474062962438,20.322771690849866,5.896000403490191,7.222174767233279,18.508708564090213,6.098001444738744,,,
1924,37063,NC,Durham County,4,0,320146.0,57.43535761808675,30.769180535556277,10.06629684751725,4.10207740166614,4.713361832730461,13.3067412992822,6.207167979609303,,,
1925,37065,NC,Edgecombe County,4,0,49609.0,64.54877139228769,45.03280129161472,15.395745912313702,0.7684718832753518,9.291295903157325,19.83511056461529,5.646152915801568,,,
1926,37067,NC,Forsyth County,4,0,380583.0,44.43130670576458,33.9226044358894,10.731548978506398,2.465300595415895,5.251583908450892,15.964980043774943,5.819492725634093,,,
1927,37069,NC,Franklin County,4,0,67598.0,37.15346607887808,32.659077509184094,13.496152133816702,1.8333137047069443,6.490860053940666,16.848131601526674,5.516435397496967,,,
1928,37071,NC,Gaston County,4,0,226097.0,29.58597416153244,33.47462579224165,13.302728895689874,1.5804306166159396,5.343067750486574,15.974559591679675,5.815645497286563,,,
1929,37073,NC,Gates County,4,0,10584.0,37.254346182917615,31.632750549345563,10.649047804119704,1.4013046629620682,9.738955823293171,20.75774754346183,3.458049886621315,,,
1930,37075,NC,Graham County,4,0,8089.0,14.711336382741996,41.990473802958135,17.460863581627386,1.7777777777777777,5.948926291352293,23.73593769316356,4.487575720113735,,,
1931,37077,NC,Granville County,4,0,60854.0,42.95526999046899,33.176320375450764,13.941906791438896,1.2114328979746356,5.1838540226707215,17.136096230321755,5.038288362309791,,,
1932,37079,NC,Greene County,4,0,20524.0,53.62015201715066,47.82800198205142,22.377094204888767,2.876530461720018,6.882312456985547,16.7462482946794,5.003897875657767,,,
1933,37081,NC,Guilford County,4,0,537113.0,51.26556236769544,33.62772133246183,9.811499637499304,2.3616186868445914,5.5456494589346175,15.194754176495447,5.771225049477485,,,
1934,37083,NC,Halifax County,4,0,49291.0,62.39475766367085,51.85839971713222,20.13514669403815,0.5686069130629957,8.501594048884167,20.869935688056643,5.439126818283257,,,
1935,37085,NC,Harnett County,4,0,133074.0,39.67867502291958,34.644728729963006,11.5531435404498,1.1768454593733404,6.146902933510591,12.629814990155852,7.201256443783158,,,
1936,37087,NC,Haywood County,4,0,61695.0,8.078450441688954,33.935953802742965,10.269280482550624,0.5795674078563582,3.531754349193041,24.53359267363644,4.483345489910041,,,
1937,37089,NC,Henderson County,4,0,115613.0,17.53003554963542,28.927057383855605,8.368680898407622,2.0218883324058616,3.794941266644088,25.6796381029815,4.694108793993755,,,
1938,37091,NC,Hertford County,4,0,22010.0,67.36937755565651,45.48809463626712,16.23056994818653,0.4367341987140604,8.518760907504364,20.390731485688324,4.429804634257155,,,
1939,37093,NC,Hoke County,4,0,52169.0,61.93716574977477,38.18731237162269,12.269756387403447,2.146286359785371,7.454863133372161,10.35480841112538,8.234775441354062,,,
1940,37095,NC,Hyde County,4,0,4697.0,44.81583989780711,48.34671705243269,21.282476506357103,2.9000000000000004,6.820809248554912,20.630189482648497,5.663189269746647,,,
1941,37097,NC,Iredell County,4,0,183965.0,25.089555078411653,25.834641606376323,8.917287560124493,1.7196478614091206,4.818001739804848,15.811159731470662,5.429293615633409,,,
1942,37099,NC,Jackson County,4,0,42983.0,20.422027313123795,40.93284057601631,10.822214208438515,1.2070291698716051,6.771271593327724,19.905544052299746,4.027173533722634,,,
1943,37101,NC,Johnston County,4,0,211320.0,34.1231307968957,31.946123955052315,11.277875503603246,1.828667516191327,4.263812879526201,13.31109218247208,6.099280711716828,,,
1944,37103,NC,Jones County,4,0,9326.0,37.93695046107656,45.56852572416775,16.606446018210725,0.0,6.3934830905949145,23.02165987561656,4.535706626635213,,,
1945,37105,NC,Lee County,4,0,62676.0,42.63194843321208,36.84004629252311,14.39263774801704,3.3680935161046173,5.194199033172196,16.353947284447,6.337354011104729,,,
1946,37107,NC,Lenoir County,4,0,55344.0,51.52320034692107,47.98219475407424,18.98806583292166,1.879913910484473,9.30792377131394,19.77088753975137,5.5922954611159295,,,
1947,37109,NC,Lincoln County,4,0,85670.0,15.955410295319249,28.74001837325984,11.109850572104632,1.8309068895254408,4.501964409521609,18.034317730827595,5.081125248044823,,,
1948,37111,NC,McDowell County,4,0,44527.0,12.989871314034184,36.501288659793815,14.599705304518665,1.0324564775660388,6.313615577518808,20.387629977317133,5.131717834123116,,,
1949,37113,NC,Macon County,4,0,36532.0,11.647322894996169,37.90734251262383,11.154769700938658,0.9265194335994406,4.21019509125236,28.2628928063068,4.5193255228293,,,
1950,37115,NC,Madison County,4,0,21269.0,6.958484178851849,32.466574911521825,10.43020535482194,0.0241545893719806,2.719686823941485,22.32356951431661,4.555926465748272,,,
1951,37117,NC,Martin County,4,0,22213.0,48.48061945707469,40.25683209944246,17.5,0.4750593824228029,10.413625304136254,23.29266645657948,5.235672804213749,,,
1952,37119,NC,Mecklenburg County,4,0,1100984.0,54.41323397978536,26.44316898324228,9.171039811859568,4.7605162984833385,4.637200867387769,11.272007585941305,6.499095354700886,,,
1953,37121,NC,Mitchell County,4,0,14951.0,8.514480636746706,34.656048331731434,11.692280039543451,0.6679092885989437,6.389823073548764,24.64718079058257,4.708715136111296,,,
1954,37123,NC,Montgomery County,4,0,25891.0,37.503379552740334,41.4128425620831,17.717734344720668,1.5035118525021949,3.366537539199409,20.27345409601792,5.190993009153759,,,
1955,37125,NC,Moore County,4,0,98618.0,23.61536433511124,24.759342856553918,7.709129901096265,1.4977213942603769,4.326415758002111,23.73501794804194,5.916769758056339,,,
1956,37127,NC,Nash County,4,0,94628.0,51.84194952868073,35.16975675033995,12.640127242418217,0.6163780452010567,7.046424527480184,18.22082258950839,5.624128165025151,,,
1957,37129,NC,New Hanover County,4,0,225175.0,23.122016209614745,30.2233223372666,6.2124712802723625,1.0342149368433962,4.969654470017614,17.91317863883646,4.747418674364384,,,
1958,37131,NC,Northampton County,4,0,17917.0,61.5114137411397,42.450689474602896,19.051819184123485,0.459645802352305,7.588555858310626,26.349277222749347,4.437126751130212,,,
1959,37133,NC,Onslow County,4,0,201597.0,34.62253902587836,37.619287904580766,8.230047811695476,1.093203939577737,6.888960556389081,9.318095011334494,8.362227612514076,,,
1960,37135,NC,Orange County,4,0,147376.0,31.09936488980567,24.50400483825764,6.290627649629324,2.1192705766387383,4.395850338344875,14.438578873086527,4.295814786668114,,,
1961,37137,NC,Pamlico County,4,0,12293.0,25.79516798177825,35.825142265907914,10.405752439650746,1.40625,5.603721717064918,29.83811925486049,3.107459529813715,,,
1962,37139,NC,Pasquotank County,4,0,40240.0,46.041252485089466,30.457432953246684,10.768058629321915,1.3876900604209548,5.175095189574731,17.092445328031808,6.227634194831014,,,
1963,37141,NC,Pender County,4,0,59964.0,25.74878260289507,28.08661926308985,10.634270978731458,1.213967244956518,7.154840964697658,17.710626375825495,5.46161029951304,,,
1964,37143,NC,Perquimans County,4,0,13002.0,28.957083525611445,32.03845855625339,13.710666121781772,0.7849293563579277,5.15277526667872,27.4803876326719,4.407014305491463,,,
1965,37145,NC,Person County,4,0,38999.0,34.15985025257058,34.08214498304822,12.200982677617189,0.3139323161926288,5.243312101910829,19.85948357650196,5.607836098361496,,,
1966,37147,NC,Pitt County,4,0,170600.0,46.59085580304807,40.71708423233725,10.0866153036321,1.8486237242387609,7.398543303915591,13.390386869871044,5.66295427901524,,,
1967,37149,NC,Polk County,4,0,19413.0,13.88760109205172,28.868938879899787,7.347504621072089,0.7677989762680316,3.778647288988261,30.51048266625457,3.899448822953691,,,
1968,37151,NC,Randolph County,4,0,143735.0,22.09621873586809,38.09792021628624,16.103325915679317,1.7235504062270208,4.641686726023027,17.651928896928375,5.601975858350436,,,
1969,37153,NC,Richmond County,4,0,43301.0,44.093669892150295,45.61637315564017,17.32848303528932,2.510434569113676,8.885364980305898,17.62084016535415,6.207708828895407,,,
1970,37155,NC,Robeson County,4,0,118836.0,76.17220370931368,52.58928571428572,22.08999531274413,1.7329135200397718,6.6768961916331016,15.156181628462756,6.611632838533778,,,
1971,37157,NC,Rockingham County,4,0,90903.0,28.498509400129805,39.07918473450088,16.226288808774093,0.8437483520539999,6.669021547156481,20.36456442581653,5.033937273797345,,,
1972,37159,NC,Rowan County,4,0,145784.0,29.093727706744225,38.54605680456692,13.126799721973985,2.3483824457060467,7.051345714569471,17.418235197278165,5.632991274762662,,,
1973,37161,NC,Rutherford County,4,0,64592.0,17.646148129799354,42.32296492389146,14.48274382788872,1.2381870781099324,6.082366880901943,21.453121129551647,5.020745603170671,,,
1974,37163,NC,Sampson County,4,0,59468.0,49.87724490482276,45.70984968691884,18.185466676700027,2.7348338893848974,6.702972882241038,17.89702024618282,6.389991255801439,,,
1975,37165,NC,Scotland County,4,0,34345.0,58.27340224195662,50.612585854835714,18.66609108568962,0.5731128213525463,11.301345733812443,17.792982966952977,6.603581307322755,,,
1976,37167,NC,Stanly County,4,0,62148.0,19.92179957520757,31.135015082706268,13.9487978730719,0.5289214234333347,4.689339657550375,18.959580356568196,5.240715710883697,,,
1977,37169,NC,Stokes County,4,0,44588.0,9.567596662779223,34.07016185944863,13.686520758397856,0.4793097938967887,5.360173486705638,20.86884363505876,4.27693549834036,,,
1978,37171,NC,Surry County,4,0,71439.0,17.126499531068465,39.37867933896021,18.98661605677797,1.4019508443170297,4.542873367404884,20.42441803496689,5.274429933229748,,,
1979,37173,NC,Swain County,4,0,14166.0,40.52661301708316,45.14445080091533,14.948240165631471,0.3814713896457765,7.746478873239436,18.78441338415925,5.040237187632359,,,
1980,37175,NC,Transylvania County,4,0,32979.0,10.02456108432639,32.59129564782391,8.018867924528301,0.6873095727343583,4.933182634133368,30.140392370902696,4.078352891233815,,,
1981,37177,NC,Tyrrell County,4,0,3436.0,43.33527357392317,38.249534450651765,23.758999621068583,0.1413427561837456,3.639120545868082,22.642607683352736,3.346915017462165,,,
1982,37179,NC,Union County,4,0,235699.0,29.476153908162527,21.653379176963576,9.87708196959779,1.766212582671747,4.548342946524587,12.629243229712472,5.539268304065779,,,
1983,37181,NC,Vance County,4,0,42650.0,61.51699882766706,46.07274019665916,15.564404432132964,0.3424017929402975,6.535353535353536,18.35873388042204,6.250879249706917,,,
1984,37183,NC,Wake County,4,0,1112883.0,41.196873346075016,20.81151233058384,6.3387874345213575,2.4422945724681626,4.328165059211329,11.784976497978674,5.974841919590829,,,
1985,37185,NC,Warren County,4,0,18889.0,62.3061040817407,45.271164021164026,14.273418447855402,0.6979449398991857,9.124272336117436,25.61808459950236,4.330562761395521,,,
1986,37187,NC,Washington County,4,0,11183.0,56.9256907806492,50.10413836819705,16.451248588279583,0.4657756176589712,9.18671248568156,25.091656979343647,1.5738174014128588,,,
1987,37189,NC,Watauga County,4,0,54077.0,8.63953251844592,39.37953413389,6.929099059284045,0.4325883201153568,8.867406196752095,16.171385246962664,3.1233241488987926,,,
1988,37191,NC,Wayne County,4,0,117692.0,47.90045202732557,39.157433337391936,14.163084638215128,3.10515172900494,4.44949598464663,16.399585358393093,6.433742310437412,,,
1989,37193,NC,Wilkes County,4,0,66335.0,13.278058340242708,41.09194080208573,18.82706390436252,0.5574912891986062,5.819625256500824,21.5889048013869,4.9415843823019525,,,
1990,37195,NC,Wilson County,4,0,78844.0,54.02820759981736,42.55371345935337,17.82862236749248,1.8636647904940584,8.157547347719497,18.31084166201613,5.934503576683071,,,
1991,37197,NC,Yadkin County,4,0,37198.0,16.498198827893972,34.22008894674043,14.379454689444508,1.9084226852788453,4.831683168316832,19.65965912145814,4.938437550405936,,,
1992,37199,NC,Yancey County,4,0,18357.0,7.735468758511739,40.08670361630906,12.038721886600188,1.0501443948542923,7.863664029214851,25.85934520891213,4.586806123004848,,,
1993,38001,ND,Adams County,8,0,2237.0,8.18059901654001,29.627928341754707,7.283090563647879,1.5015015015015014,0.8189262966333031,26.598122485471613,7.510058113544926,,,
1994,38003,ND,Barnes County,8,0,10869.0,10.286134879013709,22.9367527959892,5.174234424498416,0.0620732464307883,3.4088972217487643,22.071947741282543,4.563437298739535,,,
1995,38005,ND,Benson County,8,0,6090.0,62.331691297208536,50.39721946375373,13.36662749706228,1.790416008425487,3.3236994219653178,13.43185550082102,10.50903119868637,,,
1996,38007,ND,Billings County,8,0,839.0,0.0,17.046818727490997,5.833333333333333,0.6557377049180327,2.380952380952381,24.07628128724672,6.555423122765197,,,
1997,38009,ND,Bottineau County,8,0,6442.0,9.96584911518162,19.690301548492258,6.738787469010593,0.0773395204949729,4.0111940298507465,23.067370381868983,5.743557901272896,,,
1998,38011,ND,Bowman County,8,0,3024.0,8.167989417989418,18.72671859126312,9.683604985618407,0.0,4.0251572327044025,21.92460317460317,5.919312169312169,,,
1999,38013,ND,Burke County,8,0,2177.0,7.211759301791456,14.285714285714285,5.952380952380952,0.0,2.459016393442623,19.47634359209922,5.971520440973817,,,
2000,38015,ND,Burleigh County,8,0,97895.0,13.574748454977271,17.8784618954207,5.112921084163747,1.0858784935025303,2.845776068831614,16.1734511466367,6.56213289749221,,,
2001,38017,ND,Cass County,8,0,182992.0,16.175024044766985,24.287089803732773,4.7455467451851465,1.7864242020082843,2.996607102465505,12.175395645711289,6.794832560986272,,,
2002,38019,ND,Cavalier County,8,0,3725.0,6.389261744966443,23.960341503717984,5.524025728339009,1.9317450096587248,1.8458197611292075,27.32885906040268,6.630872483221477,,,
2003,38021,ND,Dickey County,8,0,5013.0,7.44065429882306,25.300954753009545,7.77233782129743,1.6966580976863752,3.251387787470262,20.30720127668063,6.044284859365649,,,
2004,38023,ND,Divide County,8,0,2196.0,12.7959927140255,20.13170272812794,7.270408163265306,0.0,3.67504835589942,24.68123861566484,8.014571948998178,,,
2005,38025,ND,Dunn County,8,0,4054.0,21.53428712382832,20.34491377155711,10.79876585533082,8.062330623306233,2.391073326248672,17.760236803157376,6.758756783423779,,,
2006,38027,ND,Eddy County,8,0,2378.0,10.134566862910008,33.201232937032145,10.37735849056604,2.3741690408357075,1.6564952048823016,26.787216148023557,7.1488645920941964,,,
2007,38029,ND,Emmons County,8,0,3316.0,2.9553679131483714,28.21691176470588,11.27728375101051,0.5972130059721301,1.3282732447817838,28.70928829915561,5.48854041013269,,,
2008,38031,ND,Foster County,8,0,3396.0,5.153121319199058,24.153567110036278,7.640918580375783,0.4120879120879121,0.1109877913429522,22.555948174322733,6.007067137809187,,,
2009,38033,ND,Golden Valley County,8,0,1812.0,12.472406181015453,21.87321530553969,5.947955390334572,0.0,3.316062176165803,23.06843267108168,7.891832229580574,,,
2010,38035,ND,Grand Forks County,8,0,73101.0,17.548323552345384,32.961397085530805,4.636934471099662,0.8748622901950619,3.787380273451781,12.709812451266057,6.683903092980945,,,
2011,38037,ND,Grant County,8,0,2351.0,5.954912803062527,29.8572046733016,6.659012629161882,0.4734848484848485,2.1505376344086025,29.77456401531263,4.636324968098681,,,
2012,38039,ND,Griggs County,8,0,2242.0,3.389830508474576,21.32591562355123,7.59493670886076,0.0,2.0104895104895104,30.19625334522748,5.352363960749331,,,
2013,38041,ND,Hettinger County,8,0,2502.0,7.833733013589128,27.887082976903336,11.345218800648295,0.4821600771456124,3.72940156114484,23.7410071942446,6.1950439648281375,,,
2014,38043,ND,Kidder County,8,0,2397.0,9.094701710471425,37.67741935483871,10.968921389396709,0.4798464491362763,0.8379888268156425,23.19566124322069,8.17688777638715,,,
2015,38045,ND,LaMoure County,8,0,4173.0,4.529115744069015,24.639099584046978,11.682561307901908,0.5787037037037037,1.5384615384615383,26.192187874430868,6.589983225497244,,,
2016,38047,ND,Logan County,8,0,1814.0,4.575523704520397,32.4757004002287,10.156833457804332,0.9067357512953368,1.0,27.67364939360529,5.898566703417861,,,
2017,38049,ND,McHenry County,8,0,5420.0,5.0,23.78540611517539,7.83289817232376,0.21468441391155,4.243743199129488,20.645756457564577,5.645756457564575,,,
2018,38051,ND,McIntosh County,8,0,2568.0,5.685358255451713,29.085760517799358,15.365365365365363,0.8169934640522877,0.5912786400591279,30.724299065420563,4.789719626168224,,,
2019,38053,ND,McKenzie County,8,0,13762.0,24.6911786077605,30.40017687375636,6.721782890007189,1.9074675324675323,2.170702894270525,8.719662839703531,10.376398779247202,,,
2020,38055,ND,McLean County,8,0,9788.0,12.576624438087457,19.143446852425186,7.648564117145294,0.4145330407217751,1.6094420600858368,23.44707805476093,5.854107069881487,,,
2021,38057,ND,Mercer County,8,0,8405.0,9.39916716240333,25.225885225885225,9.71987850151873,4.611443210930828,3.028046661702656,19.952409280190363,6.091612135633551,,,
2022,38059,ND,Morton County,8,0,32916.0,11.711629602624864,23.454230364547872,8.03370538668549,1.2993880788698349,2.4892657209630955,16.426661805808727,6.215822092599344,,,
2023,38061,ND,Mountrail County,8,0,9717.0,43.13059586292066,30.086019276608976,10.501388208394578,2.9089861751152077,3.8259728902492354,11.196871462385513,9.03571061027066,,,
2024,38063,ND,Nelson County,8,0,3035.0,8.270181219110379,27.93618465716225,6.6996402877697845,2.12443095599393,1.0936431989063569,25.930807248764413,4.843492586490939,,,
2025,38065,ND,Oliver County,8,0,1850.0,8.162162162162161,26.5945945945946,6.284367635506677,0.8733624454148471,3.6764705882352944,24.0,7.513513513513513,,,
2026,38067,ND,Pembina County,8,0,6912.0,9.765625,25.466766243465276,9.438518816663311,0.5780346820809248,3.918722786647314,23.582175925925927,5.483217592592593,,,
2027,38069,ND,Pierce County,8,0,4038.0,8.048538880633977,28.725868725868725,6.947368421052631,0.718132854578097,0.7804370447450572,23.42743932639921,4.75482912332838,,,
2028,38071,ND,Ramsey County,8,0,11638.0,18.714555765595463,28.63790943261142,8.922452087828404,0.8952187182095626,0.7940446650124069,20.39869393366558,6.410036088675031,,,
2029,38073,ND,Ransom County,8,0,5679.0,6.4447966191230845,22.54387552017369,7.474747474747474,1.9522776572668112,2.7377521613832854,20.69026237013559,5.564359922521571,,,
2030,38075,ND,Renville County,8,0,2328.0,4.252577319587629,18.242049469964662,6.422018348623854,0.234192037470726,2.0052310374891023,17.56872852233677,6.314432989690721,,,
2031,38077,ND,Richland County,8,0,16546.0,10.3710866674725,29.59632552723509,7.496463932107495,0.1949610077984403,2.998154981549816,17.925782666505498,5.8503565816511545,,,
2032,38079,ND,Rolette County,8,0,12508.0,83.85033578509754,49.68538040369372,13.450537184317009,0.3249390739236393,7.821346194170687,11.496642149024623,8.426606971538215,,,
2033,38081,ND,Sargent County,8,0,3839.0,8.726230789268039,13.9694254085398,6.132756132756133,1.971830985915493,1.2893982808022924,22.32352175045585,5.834852826256838,,,
2034,38083,ND,Sheridan County,8,0,1328.0,3.765060240963856,19.58997722095672,12.607449856733524,0.3205128205128205,0.6269592476489028,32.00301204819277,3.614457831325301,,,
2035,38085,ND,Sioux County,8,0,3993.0,89.10593538692713,62.53499618223467,15.32985287138111,0.0,18.395879323031643,8.039068369646882,9.566741798146756,,,
2037,38089,ND,Stark County,8,0,32710.0,13.45460103943748,24.65196308462381,7.82406528753084,1.7297873961746553,2.6643823477284814,12.953225313359829,8.336900030571691,,,
2038,38091,ND,Steele County,8,0,1870.0,5.401069518716577,22.83422459893048,3.765060240963856,0.3865979381443299,2.0629750271444083,23.796791443850267,5.508021390374331,,,
2039,38093,ND,Stutsman County,8,0,21678.0,8.603192176400038,29.301863354037263,8.489872317668294,0.5403021281287903,4.684247050659264,19.120767598486943,5.918442660762064,,,
2040,38095,ND,Towner County,8,0,2190.0,13.470319634703197,34.59737827715356,11.931119311193113,1.7346938775510203,3.3050047214353167,24.337899543378995,5.89041095890411,,,
2041,38097,ND,Traill County,8,0,8008.0,8.603896103896105,20.34076015727392,5.703282596735741,0.1221001221001221,2.127659574468085,19.34315684315684,6.406093906093906,,,
2042,38099,ND,Walsh County,8,0,10631.0,16.536544069231493,29.50191570881226,12.868885594933296,0.552364118426867,2.3721275018532246,20.891731727965382,6.377575016461293,,,
2043,38101,ND,Ward County,8,0,69686.0,18.48147404069684,22.97407467797163,6.197773173341834,0.9323426448524684,4.335396486163924,12.619464454840283,7.337198289469908,,,
2044,38103,ND,Wells County,8,0,4031.0,3.795584222277351,27.640222334512384,8.539478143002372,0.0,1.3895781637717122,25.080625155048374,5.507318283304391,,,
2045,38105,ND,Williams County,8,0,38460.0,23.08372334893396,22.49189659261602,8.763615199135279,1.2429674211696975,3.056164775436254,9.188767550702028,9.297971918876756,,,
2046,39001,OH,Adams County,5,0,27564.0,4.048759251197214,43.84425353047454,16.327833954230975,0.0885565285840795,6.492696829355184,17.791322014221446,5.978812944420258,,,
2047,39003,OH,Allen County,5,0,102462.0,20.288497198961565,32.725384168881554,8.852802514405447,0.250792948292395,6.130121066354064,17.574320235794733,6.035408248911792,,,
2048,39005,OH,Ashland County,5,0,52658.0,4.931824224239432,32.773807874265124,10.31590321021354,0.6916370366762457,3.596079777294741,18.59356602985301,5.543317254738121,,,
2049,39007,OH,Ashtabula County,5,0,97869.0,11.69931234609529,40.99603908106681,13.605956605200396,0.8739434415110091,7.647006135518832,19.21752546771705,5.679019914375338,,,
2050,39009,OH,Athens County,5,0,62933.0,10.558848298984634,43.541353522982426,9.08381414276556,0.8936151199678298,5.835360641725294,13.27602370775269,3.796100614939698,,,
2051,39011,OH,Auglaize County,5,0,46282.0,4.91767857914524,21.69062856140966,6.320556157918235,0.185459940652819,3.3072023517883387,18.10423058640508,6.214078907566656,,,
2052,39013,OH,Belmont County,5,0,67077.0,7.755266335703744,31.59271827725096,8.476603681777634,0.0433275563258232,5.421389847215377,20.674746932629663,4.772127554899593,,,
2053,39015,OH,Brown County,5,0,43694.0,4.009703849498787,32.58649170563738,13.277641277641278,0.0412541254125412,4.493760064412238,18.14665629148167,5.842907493019637,,,
2054,39017,OH,Butler County,5,0,387830.0,21.056390686641056,26.330234687792824,8.478621626291321,2.558772684961612,5.154717748081906,14.779929350488615,5.951061031895418,,,
2055,39019,OH,Carroll County,5,0,26866.0,4.730886622496836,31.83005793479496,10.276129032258066,0.2831858407079646,3.5816164817749603,21.197796471376464,4.957939402962853,,,
2056,39021,OH,Champaign County,5,0,38678.0,7.482289673716325,26.57216903792246,8.808731039585647,0.3611505223784341,5.779459901800328,18.273954185842083,5.297585190547598,,,
2057,39023,OH,Clark County,5,0,136032.0,16.5181721947777,34.771974060681096,11.258491701780033,0.7238226543792178,7.09430951686893,19.29987061867796,5.850829216654905,,,
2058,39025,OH,Clermont County,5,0,207650.0,7.422104502769082,23.47125844302991,9.455143781502104,0.3484746591673289,4.226820290951357,16.605827112930413,5.685528533590175,,,
2059,39027,OH,Clinton County,5,0,42046.0,7.165961090234505,32.98306919972438,8.791441584577905,0.972927241962775,5.999140934472391,16.876754031299054,6.090948009323123,,,
2060,39029,OH,Columbiana County,5,0,102331.0,6.931428403904976,33.165472728562314,10.48861879052606,0.1379710986856437,4.935710471182682,20.295902512435138,5.063959113074239,,,
2061,39031,OH,Coshocton County,5,0,36621.0,4.713142732312062,38.852867830423946,15.715300805305542,1.3432527381690431,6.857930043124101,19.18571311542557,6.35427760028399,,,
2062,39033,OH,Crawford County,5,0,41939.0,5.481771143804096,38.19225601563454,9.965856461918122,0.9374306634124694,5.692019335109007,20.48928205250483,5.74405684446458,,,
2063,39035,OH,Cuyahoga County,5,0,1263667.0,42.02111790527093,33.637299591006176,9.28302420209812,2.759098585621849,7.506438372085911,18.12732310015217,5.608914373802592,,,
2064,39037,OH,Darke County,5,0,51839.0,4.328787206543336,33.53740831295843,8.731955844891027,0.0432152117545375,2.415610984341805,19.340650861320626,5.995486024035958,,,
2065,39039,OH,Defiance County,5,0,38329.0,14.362493151399724,25.54931152954963,7.888186865785947,1.0281923714759535,5.081869009584664,18.47687129849461,5.818048996843121,,,
2066,39041,OH,Delaware County,5,0,211121.0,17.009676915133976,10.206394483341496,2.791581513749956,0.758990973102196,2.8169998601985182,13.849877558367002,5.898039512885975,,,
2067,39043,OH,Erie County,5,0,75560.0,18.35230280571731,29.51561975142761,8.098746426215087,0.8504252126063032,5.605527310650501,21.860772895712017,5.3798305982001065,,,
2068,39045,OH,Fairfield County,5,0,157622.0,15.882935123269595,23.091525160186848,6.450128645745299,0.7814526028249857,4.051544580792492,15.65327175140526,5.878621004682088,,,
2069,39047,OH,Fayette County,5,0,28897.0,8.125410942312351,36.387269022693744,15.754150476863298,0.2179408944294307,5.334035510081252,17.558916150465446,5.685711319514136,,,
2070,39049,OH,Franklin County,5,0,1313598.0,38.72044567668343,30.73005053710766,8.539437608761713,2.860313269745992,4.806895134201571,12.033514058334436,6.906679212361773,,,
2071,39051,OH,Fulton County,5,0,42709.0,11.634550094827787,25.078213879408416,6.893838311266208,0.9783451649466084,3.7943925233644857,18.0594254138472,5.811421480250065,,,
2072,39053,OH,Gallia County,5,0,29369.0,7.2219006435357,35.837141960018144,14.9111486151097,0.1682607155508324,4.559025256193013,18.86002247267527,6.258299567571249,,,
2073,39055,OH,Geauga County,5,0,95408.0,5.677720945832634,18.191258278145696,9.411425011017736,1.0411642883486056,3.1335095306743552,20.50981049807144,5.259517021633406,,,
2074,39057,OH,Greene County,5,0,167043.0,17.427249271145755,24.48443991930639,5.976944170815473,0.5114742226044449,4.70802084963465,17.16444268840957,5.512951754937352,,,
2075,39059,OH,Guernsey County,5,0,38542.0,6.4475118053033045,37.60119861213332,14.133738601823708,0.3284581060981656,4.905246128957708,19.36329199315033,5.578330133361009,,,
2076,39061,OH,Hamilton County,5,0,826790.0,35.66480000967597,30.64421765089323,8.058353594998263,1.440681396330498,5.141688644093772,15.35262884166475,6.416865225752609,,,
2077,39063,OH,Hancock County,5,0,75139.0,11.80079585834254,27.87344923333652,6.557408806493481,1.1680143755615455,3.712801617154116,17.216092841267518,6.200508391115133,,,
2078,39065,OH,Hardin County,5,0,30738.0,6.083674930054005,36.34557388681923,9.544849614053764,0.5970407545210695,4.730932493495824,15.90864727698614,5.690025375756393,,,
2079,39067,OH,Harrison County,5,0,14623.0,5.641797168843603,34.01960784313726,11.617786187322611,0.0,5.477411881515804,22.409902208849072,5.388771113998495,,,
2080,39069,OH,Henry County,5,0,27618.0,10.898689260627128,28.65187148062272,6.4259549973835695,0.9963768115942028,4.762583772993013,18.502425954087915,5.804185676008401,,,
2081,39071,OH,Highland County,5,0,43162.0,5.273156943607804,38.62645776887737,16.273472984882382,0.4538303279680503,5.157188272695161,17.886103516982534,6.2601362309438855,,,
2082,39073,OH,Hocking County,5,0,28180.0,4.386089425124202,34.33982683982684,11.891268368523995,0.7651245551601423,4.0479760119940025,18.85734563520227,5.493257629524486,,,
2083,39075,OH,Holmes County,5,0,44166.0,2.3207897477697776,28.090198519748217,43.4409261672928,8.71969696969697,2.1627583561118304,13.587374903772131,8.10804691391568,,,
2084,39077,OH,Huron County,5,0,58583.0,10.64131232610143,31.48880332878675,10.045432867290844,0.4079354173823428,4.334539323474656,17.223426591331954,6.194629841421573,,,
2085,39079,OH,Jackson County,5,0,32531.0,4.322031293227998,38.68045760852531,12.551662174303685,0.1617992071838848,7.294197031039136,17.251237281362393,6.698226307214656,,,
2086,39081,OH,Jefferson County,5,0,65620.0,10.356598597988418,36.47695536235543,7.284199682362535,0.1942037645652823,6.032986111111112,21.34715025906736,5.001523925632429,,,
2087,39083,OH,Knox County,5,0,62399.0,5.6058590682543,31.051932120220812,8.259255641301163,0.5456609044875153,3.0478858209950648,17.932979695187424,6.011314283882754,,,
2088,39085,OH,Lake County,5,0,232202.0,13.275510116191937,21.66289839637548,6.963600848043069,1.7797326328436014,4.809475670039084,19.992506524491606,4.8569779760725575,,,
2089,39087,OH,Lawrence County,5,0,58570.0,5.82550793921803,38.21090252958118,11.051520372752202,0.1238499646142958,4.6323618577953845,18.39508280689773,5.571111490524159,,,
2090,39089,OH,Licking County,5,0,177454.0,11.507207501662403,23.49793406339392,7.169751726774775,0.3919085948569534,3.563964981643603,16.39917950567471,5.997610648393387,,,
2091,39091,OH,Logan County,5,0,45997.0,7.3526534339196035,27.304271439551997,7.187842707190977,0.3011411665257819,4.419057739992915,18.18379459529969,5.874296149748897,,,
2092,39093,OH,Lorain County,5,0,311737.0,22.84169027096559,28.089315249751905,9.09850481699126,1.323076923076923,4.70230174310597,18.411673943099476,5.543134116258256,,,
2093,39095,OH,Lucas County,5,0,431212.0,32.44969991558676,35.46252266104767,9.83690893542793,0.8630783126484461,7.258221084064456,16.29778392067011,6.292728402734618,,,
2094,39097,OH,Madison County,5,0,43947.0,12.444535463171547,23.0763276048924,11.64612954186414,1.1198208286674132,3.1179747825237025,15.432225180330851,4.910460327212324,,,
2095,39099,OH,Mahoning County,5,0,229044.0,25.21655227816489,35.8335917173324,8.566787973524168,1.0699639234066172,7.915134520250787,20.83879080002096,5.279771572274323,,,
2096,39101,OH,Marion County,5,0,65515.0,12.397160955506372,36.82829397115112,10.062893081761008,0.4412189188074718,5.826139472094924,17.736396245134703,5.691826299320766,,,
2097,39103,OH,Medina County,5,0,181448.0,7.030664432785152,16.781497978635258,4.933614611843498,0.5058856502242153,2.7673185149196327,17.99303381685111,5.156298223182399,,,
2098,39105,OH,Meigs County,5,0,22361.0,3.5552971691784805,42.402762631770266,14.870240575866642,0.5505218488358757,7.513039618244368,19.7486695586065,4.923751173918876,,,
2099,39107,OH,Mercer County,5,0,42154.0,5.02917872562509,20.725488774499144,7.089108910891088,0.5275387803805816,2.430323299888517,17.806139393651847,7.353987759168762,,,
2100,39109,OH,Miami County,5,0,107899.0,8.537613879646706,23.814962878355225,6.816667110980779,0.6354120936250838,3.733338117364239,18.58497298399429,5.81747745576882,,,
2101,39111,OH,Monroe County,5,0,13514.0,3.692467071185437,37.601017659383416,10.162932790224032,0.0,5.53873552983081,23.11676779635933,4.965221252034927,,,
2102,39113,OH,Montgomery County,5,0,536136.0,30.26806631153289,32.972761984263165,8.970950404789441,1.3934632779101588,6.109896220814452,17.759299879135146,6.065625139889879,,,
2103,39115,OH,Morgan County,5,0,13955.0,8.742386241490504,42.34593888364665,15.311100049776009,0.0,4.069565217391304,21.454675743461124,4.571838050877822,,,
2104,39117,OH,Morrow County,5,0,34892.0,4.482402843058581,27.67859734680252,11.039173905917062,0.3218884120171674,3.201160002230773,17.57709503611143,5.385188581909894,,,
2105,39119,OH,Muskingum County,5,0,86346.0,8.958145137006927,34.25589458258373,10.176631814029031,0.3974094789520164,4.463458631953586,17.501679290297176,5.907627452342899,,,
2106,39121,OH,Noble County,5,0,14166.0,6.762671184526331,33.37826453243471,14.98050863189159,0.6510416666666667,4.764086120018323,27.6295355075533,4.941409007482704,,,
2107,39123,OH,Ottawa County,5,0,40479.0,8.559994070999778,22.671953025018198,7.644085598004463,0.3513664249860569,3.9328415161536494,25.51199387336644,3.9921934830405887,,,
2108,39125,OH,Paulding County,5,0,18858.0,8.611729769858947,28.72670807453416,10.26370415929884,0.4411764705882353,4.325758449648172,18.47491780676636,5.764131933396967,,,
2109,39127,OH,Perry County,5,0,35439.0,3.9560935692316375,33.37231524002396,11.16018484439537,0.1759620534006579,4.859024359056327,16.696295042185163,6.001862355032591,,,
2110,39129,OH,Pickaway County,5,0,58458.0,7.899688665366587,27.378173059106917,12.80964398598486,0.1352265043948614,4.173458170653122,15.399089944917716,5.366245851722605,,,
2111,39131,OH,Pike County,5,0,27271.0,5.247332331047633,45.24733268671193,14.876648234793704,0.0858942546287459,5.238183848157797,17.571779546037916,6.329067507608816,,,
2112,39133,OH,Portage County,5,0,161897.0,11.757475431910413,27.40464910741557,7.604064550184752,0.7826800479707127,5.914123683499865,16.67418173283013,4.4454190009697525,,,
2113,39135,OH,Preble County,5,0,41027.0,4.323981768103931,26.003744026799357,8.645483211476488,0.0360403652090341,3.0813982152541537,19.145928291125355,5.235576571526068,,,
2114,39137,OH,Putnam County,5,0,34395.0,8.501235644715802,18.049426301853487,5.423817633957815,0.7903936768505851,2.616066917419862,17.348451809856083,6.538741096089548,,,
2115,39139,OH,Richland County,5,0,124504.0,15.19951166227591,34.75017304586356,11.55230919652614,0.5837794162205837,5.25401726194653,19.39536079162115,5.7484096896485255,,,
2116,39141,OH,Ross County,5,0,77205.0,10.8244284696587,34.10329322444635,11.21266405878697,0.2614157188932269,6.019568070635962,16.633637717764394,5.434881160546596,,,
2117,39143,OH,Sandusky County,5,0,59013.0,16.850524460712045,31.060671442133422,7.406066748714979,0.1554817834180779,5.45696994563545,18.9212546388084,5.515733821361395,,,
2118,39145,OH,Scioto County,5,0,74392.0,7.195666200666738,45.30710105070164,14.014756441457102,0.0888036373969877,7.850647955896041,18.11619528981611,5.573179911818476,,,
2119,39147,OH,Seneca County,5,0,55166.0,10.941521951926912,31.749484992587742,6.980545581220858,0.4436922513951148,3.944555302166477,17.83707355980133,5.392814414675707,,,
2120,39149,OH,Shelby County,5,0,48307.0,7.822882812014822,26.69257430942128,10.378856271207546,0.9495903196049704,5.239491691104595,16.548326329517458,6.4379903533649365,,,
2121,39151,OH,Stark County,5,0,374712.0,14.41400328785841,30.724835190095806,7.703113846059879,0.5154572416561978,4.906319381958162,19.35513140758769,5.579218172890113,,,
2122,39153,OH,Summit County,5,0,540567.0,24.45968769828717,28.8264528152708,7.376722633132217,1.4359369729677636,5.682502345248596,17.96021584743427,5.516614961697625,,,
2123,39155,OH,Trumbull County,5,0,202199.0,13.86159179817902,36.85282771488364,10.786634732853406,0.687147748532163,4.867105045035089,21.44669360382593,5.305664221880424,,,
2124,39157,OH,Tuscarawas County,5,0,93025.0,6.114485353399624,32.83556021308183,11.630691714356804,0.8310984838427019,5.625928190792347,19.335662456328944,6.254232733136254,,,
2125,39159,OH,Union County,5,0,61769.0,11.777752594343442,13.729483646819215,5.635454306157123,0.7619839290662234,3.0031693282870244,12.229435477343005,6.271754439929414,,,
2126,39161,OH,Van Wert County,5,0,28808.0,6.956400999722299,27.76408450704225,7.115142353237591,0.3808534579762832,4.86541737649063,18.71355179116912,6.168425437378506,,,
2127,39163,OH,Vinton County,5,0,12853.0,3.788998677351591,38.19792973651192,19.7549939300298,0.0,4.893992932862191,17.474519567416166,5.306154205243912,,,
2128,39165,OH,Warren County,5,0,239556.0,15.49575047170599,14.047788642103216,5.398424303697585,1.4922799232016188,3.4509183698425767,14.425019619629648,5.618727980096512,,,
2129,39167,OH,Washington County,5,0,59942.0,5.325147642721297,33.61735754410679,8.600121161284308,0.0777573153263761,5.291723202170964,20.728370758399787,4.938106836608721,,,
2130,39169,OH,Wayne County,5,0,116858.0,6.567800236184087,29.593371483495456,13.91676005316515,2.031207351469384,3.567179846046186,17.812216536309027,6.487360728405416,,,
2131,39171,OH,Williams County,5,0,37026.0,8.107816129206503,31.75116363332312,8.313327654301867,0.3341851779044623,3.4401919092792497,18.76249122238427,5.668989358828931,,,
2132,39173,OH,Wood County,5,0,131930.0,12.6119912074585,26.303528551210903,5.040033097271909,0.8602150537634409,5.198764328103406,15.30887591904798,5.180019707420602,,,
2133,39175,OH,Wyandot County,5,0,21933.0,5.448411070077053,25.679366695986296,6.369218709171674,0.8189464364763169,2.678963548528766,19.06715907536589,5.530479186613778,,,
2134,40001,OK,Adair County,6,0,19839.0,61.68153636776047,52.14798960403608,19.02097902097902,0.2806499261447563,5.579681537044348,15.55521951711276,7.273552094359595,,,
2135,40003,OK,Alfalfa County,6,0,5744.0,17.444289693593316,26.43162393162393,14.452759588400374,0.0,3.614457831325301,19.75974930362117,5.048746518105849,,,
2136,40005,OK,Atoka County,6,0,14080.0,30.795454545454547,41.6958654519972,16.30710017218677,0.3683995088006549,6.029955261622252,19.57386363636364,5.532670454545455,,,
2137,40007,OK,Beaver County,6,0,5100.0,31.11764705882353,36.172344689378754,15.123820754716984,7.2992700729927,3.561311210036423,18.666666666666668,5.607843137254902,,,
2138,40009,OK,Beckham County,6,0,22349.0,25.60740972750459,38.19187229380771,14.79805927091529,1.1002908814974073,6.491817492142625,13.660566468298358,6.161349501096246,,,
2139,40011,OK,Blaine County,6,0,8799.0,29.503352653710653,36.33693765852356,17.006480164374903,1.693958215697346,6.447725218439289,18.524832367314467,5.830207978179339,,,
2140,40013,OK,Bryan County,6,0,45809.0,30.66209696784475,42.38898975634904,12.887812540908495,1.0490102081100896,5.277318857682323,17.30882577659412,6.461612346918728,,,
2141,40015,OK,Caddo County,6,0,27253.0,44.39144314387407,43.960526826994055,14.336312118570184,2.0453045964372114,6.873327797767321,16.500935676806222,6.612116097310388,,,
2142,40017,OK,Canadian County,6,0,151174.0,26.1367695503195,22.29308790484264,7.94288219702254,1.5144611907929508,3.7413903021363297,13.077645626893514,6.587111540344239,,,
2143,40019,OK,Carter County,6,0,48102.0,32.152509251174585,37.6409476751552,12.813249073872305,0.8513638089040725,4.456070719826808,16.731113051432374,6.777264978587169,,,
2144,40021,OK,Cherokee County,6,0,47307.0,54.38941382882025,43.40474000087616,11.800930419358076,0.9035800068626332,6.480179926904695,16.63178810746824,5.772930010357875,,,
2145,40023,OK,Choctaw County,6,0,14307.0,41.24554413923254,45.86209350316658,16.34141331142153,0.2084781097984711,7.476006061626536,20.297756343048857,6.814845879639337,,,
2146,40025,OK,Cimarron County,6,0,2271.0,30.03082342580361,38.83968113374668,13.814955640050696,2.0506634499396865,0.6398537477148081,24.6587406428886,5.6362835755173935,,,
2147,40027,OK,Cleveland County,6,0,292110.0,29.997603642463456,29.529624797713,7.988742844350635,1.6035646628778784,4.62078149868451,13.64691383382972,5.174762931772277,,,
2148,40029,OK,Coal County,6,0,5294.0,34.60521344918776,47.52684049079755,15.11692650334076,0.3824091778202677,6.320541760722348,20.608235738571967,6.535700793350964,,,
2149,40031,OK,Comanche County,6,0,121502.0,45.10378429984692,37.21280501933943,9.394693093805174,1.855543975712538,6.668377519395148,12.628598706194136,6.8311632730325424,,,
2150,40033,OK,Cotton County,6,0,5603.0,25.59343208995181,38.62170628339783,16.38110072689512,0.0999500249875062,4.128256513026052,18.739960735320363,5.015170444404784,,,
2151,40035,OK,Craig County,6,0,14172.0,38.336155800169344,45.79271036448178,13.135293523289889,0.2501443140273234,5.411968777103209,18.995201806378777,5.278012983347446,,,
2152,40037,OK,Creek County,6,0,71879.0,25.577706979785475,34.69803211943,10.198017787003684,0.7398912359883097,4.003997751264913,17.703362595472946,6.065749384382086,,,
2153,40039,OK,Custer County,6,0,28564.0,32.83153619941185,38.67941947634698,11.78007362546016,1.9849292409483552,2.7236580516898607,13.22993978434393,6.655230359893573,,,
2154,40041,OK,Delaware County,6,0,40688.0,37.36482500983091,42.7418752334703,14.82748112281177,0.6425162158854485,6.3825972628936825,24.481419583169483,5.067833267793944,,,
2155,40043,OK,Dewey County,6,0,4548.0,19.854881266490764,36.00537393640842,7.397165572070515,1.2641383898868928,4.67005076142132,18.579595426561127,6.244503078276165,,,
2156,40045,OK,Ellis County,6,0,3813.0,14.293207448203516,37.22044728434505,12.211466865227104,0.1362397820163487,7.286288009179575,23.21007081038552,5.481248360870705,,,
2157,40047,OK,Garfield County,6,0,62628.0,27.267356453982245,34.38302073050345,11.806675463030835,1.2774869109947644,3.9208402282935393,16.058312575844667,6.537012199016415,,,
2158,40049,OK,Garvin County,6,0,25949.0,26.54437550579984,38.880206298351176,11.833467695496948,0.5966828478964401,3.337199964308022,17.615322363096844,6.3162356930902925,,,
2159,40051,OK,Grady County,6,0,54739.0,19.6952812437202,28.590049158349476,9.76159793814433,0.3081664098613251,4.475876768068203,16.414256745647528,5.544492957489176,,,
2160,40053,OK,Grant County,6,0,4166.0,14.378300528084493,29.226219812715627,9.058360186179735,0.3978779840848806,3.0854830551340413,20.97935669707153,5.592894863178109,,,
2161,40055,OK,Greer County,6,0,5548.0,27.072819033886088,43.74729554305495,17.067725130240635,0.0962000962000962,6.916707257671701,16.6366258111031,5.371304974765681,,,
2162,40057,OK,Harmon County,6,0,2540.0,45.70866141732283,42.1010101010101,18.264322178105505,2.196652719665272,5.4575986565911,18.1496062992126,5.196850393700787,,,
2163,40059,OK,Harper County,6,0,3358.0,27.754615842763545,40.94247246022032,10.757839721254356,6.354515050167224,4.084507042253521,18.40381179273377,6.372840976771887,,,
2164,40061,OK,Haskell County,6,0,11711.0,31.406370079412515,46.787962404070015,15.307137527978115,0.8304195804195804,8.5708510208207,20.09222098881393,5.883357527111263,,,
2165,40063,OK,Hughes County,6,0,13406.0,38.91541100999552,48.41341795104261,16.655658300308236,1.1034128817038749,7.35950044603033,18.506638818439505,5.490079069073549,,,
2166,40065,OK,Jackson County,6,0,24960.0,38.85817307692307,37.43815963060686,13.626455751385688,2.3058628890497364,4.308572450165371,14.763621794871796,6.979166666666667,,,
2167,40067,OK,Jefferson County,6,0,5491.0,24.27608814423602,47.97612385748927,16.522210184182015,1.0209042294603792,5.05050505050505,20.48807138954653,6.283008559460936,,,
2168,40069,OK,Johnston County,6,0,10446.0,32.3090178058587,43.16061147508437,12.826704545454543,0.7678525723061171,6.327014218009479,19.18437679494544,5.906567107026613,,,
2169,40071,OK,Kay County,6,0,44019.0,27.8379790544992,41.56789980285284,11.73188182533977,1.3419248049184205,6.40724253488721,18.880483427610805,6.542629319157636,,,
2170,40073,OK,Kingfisher County,6,0,15272.0,25.170246202200104,30.54873598301373,10.793291490894124,4.088277858176555,3.068872860981473,15.570979570455735,6.292561550550026,,,
2171,40075,OK,Kiowa County,6,0,8518.0,26.91946466306645,45.09686677828271,13.955840215742455,1.8031784841075795,4.314994606256742,18.818971589575018,6.691711669405964,,,
2172,40077,OK,Latimer County,6,0,9555.0,37.83359497645212,47.71079121117004,13.560362018714528,0.0,8.919824697086879,21.08843537414966,5.76661433804291,,,
2173,40079,OK,Le Flore County,6,0,48436.0,30.14906268065076,48.25100474195675,15.782660954787808,1.17460137320547,5.480645988208152,17.701709472293338,6.2350317945329925,,,
2174,40081,OK,Lincoln County,6,0,33650.0,18.817236255572062,35.263967196309586,11.013025228266043,0.1115537848605577,3.5282811641954974,18.50817236255572,5.640416047548291,,,
2175,40083,OK,Logan County,6,0,49005.0,23.13029282726253,28.641041797941607,8.358410612295032,0.3677758318739054,3.39229879641924,16.022854810733598,5.74635241301908,,,
2176,40085,OK,Love County,6,0,10105.0,30.638297872340424,39.10224438902743,15.710463733650414,1.7173423423423424,5.399909624943516,18.248391885205343,6.2444334487877295,,,
2177,40087,OK,McClain County,6,0,41258.0,22.252654030733435,24.38661528705917,10.6853086062011,0.8223240765705042,3.80677085885062,15.453972562896892,5.654660914246934,,,
2178,40089,OK,McCurtain County,6,0,31112.0,39.91064541013114,45.95844460366052,15.93553727055845,1.2995104583889632,5.3990793477412815,17.742350218565186,6.904088454615582,,,
2179,40091,OK,McIntosh County,6,0,19105.0,33.15885893745093,43.12469985593085,13.69686560755689,0.2488593944421402,4.871794871794872,25.359853441507457,5.43836691965454,,,
2180,40093,OK,Major County,6,0,7753.0,16.36785760350832,31.858290530752008,10.460011452567285,1.3245033112582782,1.7744705208929592,20.45659744614988,6.023474783954598,,,
2181,40095,OK,Marshall County,6,0,15361.0,36.62521971225832,43.18151902066605,18.72865275142315,3.010867628719045,4.674243636945734,21.85404596054944,6.047783347438318,,,
2182,40097,OK,Mayes County,6,0,39303.0,36.862326031091776,39.60257703950943,11.945240132435549,0.7299270072992701,6.12370902559497,18.38027631478513,5.869780932753224,,,
2183,40099,OK,Murray County,6,0,13874.0,29.83998846763731,35.38255433164632,14.35024687467171,1.2375735443294784,3.3258354755784065,19.08606025659507,6.508577194752776,,,
2184,40101,OK,Muskogee County,6,0,66881.0,45.70057265890164,46.06750454509525,13.71253298450574,0.9074837949322332,6.083926237839408,16.469550395478535,6.495118195003065,,,
2185,40103,OK,Noble County,6,0,11020.0,20.01814882032668,35.02312673450509,10.44776119402985,0.8805330794859592,5.232084690553746,19.55535390199637,6.315789473684211,,,
2186,40105,OK,Nowata County,6,0,9484.0,34.932517924926195,44.51848667239896,10.88672942605527,0.0267236771779796,5.432692307692308,19.559257697174186,6.315900463939266,,,
2187,40107,OK,Okfuskee County,6,0,11444.0,40.10835372247466,52.0476831378581,18.2231196365472,0.6084656084656085,5.544505221282944,17.432715833624606,5.723523243621111,,,
2188,40109,OK,Oklahoma County,6,0,790938.0,45.25474815977991,35.724888732679055,11.58215700842001,3.423596816029469,4.581090656896889,13.70979773382996,7.18033524751624,,,
2189,40111,OK,Okmulgee County,6,0,37046.0,38.56556713275388,42.47912435116227,13.415477207108292,0.0788022064617809,7.490242240257729,18.23408735086109,5.900772013172812,,,
2190,40113,OK,Osage County,6,0,46140.0,37.568270481144346,34.74562958640964,10.678153166963028,0.0713266761768901,5.690376569037657,19.82878196792371,5.199393151278716,,,
2191,40115,OK,Ottawa County,6,0,30568.0,36.7672075372939,48.3283086616307,13.704001608686909,0.9208731241473396,4.086204232967712,17.946872546453807,6.660560062810783,,,
2192,40117,OK,Pawnee County,6,0,15687.0,24.75935487983681,36.22383044714397,11.205857818148116,0.2372881355932203,3.8625976706472063,18.91375023905145,6.049595206221712,,,
2193,40119,OK,Payne County,6,0,81817.0,23.608785460234422,43.65994040248732,7.917519282228868,2.407282751546623,4.338534425047634,12.655071684368774,4.965960619431169,,,
2194,40121,OK,Pittsburg County,6,0,43836.0,32.0239072908112,39.26101419101634,12.98015834229303,0.6252921926133708,6.991627113220628,19.38361164339812,5.855917510721781,,,
2195,40123,OK,Pontotoc County,6,0,38102.0,36.39179045719384,34.41835211076422,10.588521007042823,0.5272528074500137,4.288240495137047,16.285234370899165,6.629573250747993,,,
2196,40125,OK,Pottawatomie County,6,0,72331.0,29.06637541303176,35.65408151483662,11.344406793755066,0.5793345275755613,5.607999006334617,16.147986340573198,6.011253819247626,,,
2197,40127,OK,Pushmataha County,6,0,10891.0,30.970526122486454,48.75709896657667,14.482669759051667,0.286464550011936,8.434909800097513,22.70682214672665,5.628500596823065,,,
2198,40129,OK,Roger Mills County,6,0,3477.0,18.1190681622088,42.557529857267696,8.708456037021456,2.209550962223806,5.736137667304015,20.73626689675007,5.809605982168536,,,
2199,40131,OK,Rogers County,6,0,94637.0,29.66387353783404,25.72668951955211,8.14013075143252,0.652836210648484,5.185310758407324,16.347728689624567,5.736656910088021,,,
2200,40133,OK,Seminole County,6,0,23798.0,37.0829481469031,50.48905046308319,15.979185175783728,0.3263022957697238,9.14627631157175,17.80401714429784,6.361879149508362,,,
2201,40135,OK,Sequoyah County,6,0,39652.0,39.05729849692323,48.21569777823126,17.457368948991345,0.8958490049921356,4.947704640821695,18.155452436194896,6.468778371834964,,,
2202,40137,OK,Stephens County,6,0,42983.0,21.059488635041763,38.55273432878204,12.12886285598869,1.0040281368364097,5.657830804945204,19.78689249238071,5.825558941907265,,,
2203,40139,OK,Texas County,6,0,21448.0,58.11264453562104,43.33444386273857,26.80633075923236,15.32656023222061,2.8418089037480203,11.194516971279374,8.145281611339053,,,
2204,40141,OK,Tillman County,6,0,7070.0,42.65912305516266,48.79598168119368,21.010694065841896,4.228571428571429,6.647398843930636,19.207920792079207,5.954738330975955,,,
2205,40143,OK,Tulsa County,6,0,664084.0,39.63775666933701,33.609359232135034,10.174442524479552,2.76512724496334,5.631818329201683,14.430102215984723,6.9265333903542325,,,
2206,40145,OK,Wagoner County,6,0,80509.0,30.693462842663557,26.674250853220983,9.003549003549004,0.744535519125683,5.210004009623096,16.44536635655641,5.816740985479884,,,
2207,40147,OK,Washington County,6,0,52382.0,28.595700813256464,35.59506884530742,9.490526315789474,0.9174762044941616,4.484494648221009,19.401702875033408,6.192967049749914,,,
2208,40149,OK,Washita County,6,0,11014.0,17.468676230252406,31.775963974106396,10.441551469601396,0.4416094210009814,6.9852235655344455,18.158707100054475,6.291992010168876,,,
2209,40151,OK,Woods County,6,0,8731.0,17.225976405909975,35.41878172588832,8.50239763924751,1.6206482593037217,4.457013574660634,17.09998854655824,5.772534646661322,,,
2210,40153,OK,Woodward County,6,0,20591.0,21.193725414015837,33.94063459570113,12.101636520241172,3.2696177062374243,4.998454086365042,15.890437569812054,6.391141760963527,,,
2211,41001,OR,Baker County,10,0,16539.0,10.399661406372816,38.05792377131394,9.216214011907676,0.0716743119266055,6.372697070371489,26.525182901021825,5.169599129330673,,,
2212,41003,OR,Benton County,10,0,94667.0,20.848870250456866,32.14121189649555,3.7065223031288377,2.667915440192668,6.3242142612342,16.25698501061616,3.9454086429273136,,,
2213,41005,OR,Clackamas County,10,0,418577.0,20.13201872056993,18.95476250616437,5.663613252088293,1.507962871271615,4.924910233807471,18.13286444310127,5.198565616362103,,,
2214,41007,OR,Clatsop County,10,0,40720.0,17.12180746561886,31.072982717891332,7.867115391023291,0.7327767433479488,4.763612149772064,22.5098231827112,4.656188605108055,,,
2215,41009,OR,Columbia County,10,0,52381.0,13.607987629102157,25.511877882629925,9.544732662784543,0.3010083780665228,5.38400318344608,18.873255569767664,5.343540596781276,,,
2216,41011,OR,Coos County,10,0,64619.0,15.890063294077594,36.37995088470499,10.041996814034796,0.3619647446338726,6.140445596227909,25.935096488648853,4.7725901050774535,,,
2217,41013,OR,Crook County,10,0,24300.0,12.703703703703702,29.452394739018946,9.158826784726063,0.5225605466787258,3.9291287983108414,24.654320987654323,4.905349794238683,,,
2218,41015,OR,Curry County,10,0,23234.0,15.145906860635275,35.37081961531797,8.0884292724107,0.6952169076751946,8.692838654012078,34.04923818541793,3.5852629766721185,,,
2219,41017,OR,Deschutes County,10,0,194964.0,13.958987300219528,25.48813046419516,5.669814620496677,0.959296096005244,5.46021840873635,19.83084056543772,4.951170472497487,,,
2220,41019,OR,Douglas County,10,0,110680.0,13.68810986628117,35.49107142857143,9.45518711859422,0.3744826226923329,5.880330123796424,25.492410552945422,5.044271774485002,,,
2221,41021,OR,Gilliam County,10,0,1954.0,12.589559877175024,31.09156751163994,6.562922868741543,0.0,5.743243243243244,29.887410440122824,2.047082906857728,,,
2222,41023,OR,Grant County,10,0,7225.0,9.951557093425606,33.17750389573594,9.462133477244109,0.5803298717165547,8.265241986172219,30.2560553633218,4.235294117647059,,,
2223,41025,OR,Harney County,10,0,7454.0,13.925409176281192,46.43249176728869,9.31999258847508,0.4876462938881665,7.07070707070707,24.403005097933995,4.722296753420982,,,
2224,41027,OR,Hood River County,10,0,23915.0,38.08906544010036,26.1469632380872,16.752042932064885,4.402726561626998,3.670566643725625,15.83524984319465,6.071503240643947,,,
2225,41029,OR,Jackson County,10,0,221662.0,20.77758027988559,32.69580848704952,9.130415669725,1.4150468887969865,5.560502053594509,21.89549855184921,5.292743005115897,,,
2226,41031,OR,Jefferson County,10,0,24232.0,42.89782106305712,30.68617206548241,12.155125980010771,1.564774381368268,9.061615076652672,19.30092439749092,6.37999339716078,,,
2227,41033,OR,Josephine County,10,0,87686.0,14.79255525397441,40.56476138715757,9.191768840057083,0.8105566006418059,7.587278681245491,25.78746892320325,4.819469470611044,,,
2228,41035,OR,Klamath County,10,0,68899.0,23.97422313821681,42.263272641565024,11.631951633608018,1.5306668569593609,7.418212127526568,21.183181178246414,5.875266694727064,,,
2229,41037,OR,Lake County,10,0,8119.0,17.576056164552284,37.643488586884814,13.944682252222588,0.0,6.255639097744361,25.175514225889888,5.099150141643059,,,
2230,41039,OR,Lane County,10,0,380532.0,19.301136303911363,34.62129810749676,7.113270942880464,1.3226621199493585,7.025289795154219,19.39679185981731,4.660580450527156,,,
2231,41041,OR,Lincoln County,10,0,49866.0,19.177395419724864,32.74936996992114,7.25869327927647,0.4254741320780337,7.043567496968,29.36670276340593,4.255404484017166,,,
2232,41043,OR,Linn County,10,0,127200.0,16.30817610062893,32.56869696337766,9.817684491313734,1.0567466862134265,6.960590892044806,18.479559748427672,5.939465408805032,,,
2233,41045,OR,Malheur County,10,0,31313.0,40.005748411203015,44.913286408823744,18.510302671793355,2.167024430133905,6.266382699868939,16.379778366812506,6.664963433717626,,,
2234,41047,OR,Marion County,10,0,344037.0,36.59490112982034,34.38811126119126,14.327722438175709,3.6827593038998776,5.720765671777193,15.670988876196455,6.390882376023509,,,
2235,41049,OR,Morrow County,10,0,11964.0,42.268472082915416,39.54911163258464,22.544495715227423,6.707466340269278,3.4746086292478044,15.847542627883652,7.079572049481779,,,
2236,41051,OR,Multnomah County,10,0,810011.0,31.919196159064505,27.457691002977647,7.632992897436843,3.5598476540851585,5.547544643801034,13.549569079926076,5.075116263853207,,,
2237,41053,OR,Polk County,10,0,86347.0,23.40671939963172,29.1099911058405,8.426585887384176,1.965849662907189,5.315543249952262,17.835014534378725,5.489478499542543,,,
2238,41055,OR,Sherman County,10,0,1784.0,13.11659192825112,33.38945005611672,12.684824902723737,0.0,2.5316455696202533,24.495515695067265,5.885650224215247,,,
2239,41057,OR,Tillamook County,10,0,27129.0,16.7127428213351,31.933630659913824,9.332221186399098,1.546437044196468,4.796690723464179,25.83213535331195,4.489660510892403,,,
2240,41059,OR,Umatilla County,10,0,79509.0,36.00975990139481,35.730725736712564,16.76212294768996,4.249962979416556,6.417352701525666,15.48503942949855,6.525047478901759,,,
2241,41061,OR,Union County,10,0,26255.0,12.012949914302038,34.24063732573124,7.253501000285796,0.4840546697038724,6.349206349206349,20.6627309083984,5.343744048752619,,,
2242,41063,OR,Wallowa County,10,0,7330.0,8.63574351978172,29.48558819473176,5.988882911959835,0.0305903946160905,5.157835400225479,29.29058663028649,4.720327421555252,,,
2243,41065,OR,Wasco County,10,0,26603.0,26.8465962485434,34.2695339404607,12.974971863443916,2.793620106331561,6.813767384041644,20.27590873209788,5.901590046235387,,,
2244,41067,OR,Washington County,10,0,596969.0,36.3219865688168,19.549417744213383,7.005919336337368,3.5665070755967,4.63044899572747,13.433695887056112,5.717047283862311,,,
2245,41069,OR,Wheeler County,10,0,1477.0,17.670954637779282,49.17808219178082,10.396475770925113,0.0,4.144144144144144,32.43060257278267,7.650643195666892,,,
2246,41071,OR,Yamhill County,10,0,107024.0,24.23381671400807,26.2313117620479,9.884538014274298,1.85909723498674,3.74898440824854,17.350313948273286,5.470735535954552,,,
2247,42001,PA,Adams County,3,0,103782.0,11.64363762502168,21.08426481507496,10.238091985739068,1.3330660519194146,3.536911753772954,20.5575147906188,4.874641074560135,,,
2248,42003,PA,Allegheny County,3,0,1246116.0,22.580241325847677,24.818111987196005,4.914186635901332,1.2893875180252234,5.084743248355203,18.88604271191446,5.2003184294239055,,,
2249,42005,PA,Armstrong County,3,0,65967.0,3.474464504979763,30.853344768439108,7.607246168680631,0.2815477909327173,5.711879211380085,22.16714417814968,4.72508981763609,,,
2250,42007,PA,Beaver County,3,0,168260.0,11.5684060382741,26.20648005556059,5.451478435761439,0.500578663357363,5.649671052631579,21.361583263996195,4.96671817425413,,,
2251,42009,PA,Bedford County,3,0,47729.0,3.796434033815919,30.515494573182387,10.534915720674237,0.3413675390503776,4.727431312690798,22.596325085377863,5.055626558276939,,,
2252,42011,PA,Berks County,3,0,426967.0,30.312647113242942,27.386508222012445,12.45221002833017,4.610626932808547,5.692340304619811,17.11443741553797,5.648914318905208,,,
2253,42013,PA,Blair County,3,0,123132.0,6.147873826462658,32.10971025581318,7.620437295689256,0.3740251472226643,4.843376736987316,20.600656206347654,5.075041418965013,,,
2254,42015,PA,Bradford County,3,0,60233.0,4.799694519615493,33.37310723829051,9.780795526631112,0.3046897517190267,5.216062854648626,21.250809356997,5.759301379642389,,,
2255,42017,PA,Bucks County,3,0,643872.0,17.510933850206253,14.343656132801364,5.513858250329597,2.450652528548124,4.57388026470926,18.74192386064311,4.768339048755032,,,
2256,42019,PA,Butler County,3,0,192561.0,6.107155654571797,20.037884851395336,4.496127407213838,0.5346774708096727,4.819492079855673,18.893233832395968,4.959986705511501,,,
2257,42021,PA,Cambria County,3,0,134048.0,8.01056338028169,31.67194897679697,7.523197567249514,0.3350204434517912,5.260832569708077,22.462849128670324,4.86915134877059,,,
2258,42023,PA,Cameron County,3,0,4596.0,6.092254134029591,42.994957246217936,7.57533089270628,0.328484279680901,8.691308691308691,28.02436901653612,4.351610095735422,,,
2259,42025,PA,Carbon County,3,0,64792.0,9.775898259044324,29.497545935061662,9.695817490494296,0.6574946792338097,6.651864468641645,20.89146808247932,4.590072848499815,,,
2260,42027,PA,Centre County,3,0,158879.0,15.321093410708778,31.01337096590261,5.636834802481228,1.9140989729225024,4.286585210963497,14.507895945971464,3.8079293046909912,,,
2261,42029,PA,Chester County,3,0,531704.0,21.95770579119209,14.6405820845179,5.489974816629282,1.7844256379977694,4.1352132771316565,16.393143553556115,5.434790785850774,,,
2262,42031,PA,Clarion County,3,0,37571.0,4.769636155545501,34.75618141313017,9.57102150747492,0.1571897211591033,6.300734441437959,19.57360730350536,5.195496526576349,,,
2263,42033,PA,Clearfield County,3,0,80667.0,7.884264941053963,34.898404162820874,11.389457225077765,0.1698990222792114,6.434220969375189,20.469336903566514,4.641303135111012,,,
2264,42035,PA,Clinton County,3,0,37824.0,5.425126903553299,34.07478956809714,9.939164417227348,0.4993160054719562,5.491081022995917,18.60194585448393,5.306154822335025,,,
2265,42037,PA,Columbia County,3,0,65013.0,7.612323689108331,33.04275019700552,8.899768926308083,0.2683050122487071,4.862318611488729,19.72374755818067,4.382200482980327,,,
2266,42039,PA,Crawford County,3,0,84495.0,5.810994733416178,35.292516670171835,9.736503856041132,0.5357411587659895,6.226964612490012,20.624889046689155,5.426356589147287,,,
2267,42041,PA,Cumberland County,3,0,257333.0,16.074502687179645,20.16929698708752,6.744256934630199,1.5205009167869543,3.535075448674067,18.31284755550201,5.313737453027789,,,
2268,42043,PA,Dauphin County,3,0,284199.0,36.2823233016302,27.30635226110161,9.086666024057266,3.064743351512061,4.511802575107296,16.953261623017674,6.116136932220028,,,
2269,42045,PA,Delaware County,3,0,573883.0,34.91879006696487,22.572272879257525,6.5624824214655,2.554001829621194,6.627522018864389,16.3644854438971,5.819304631780345,,,
2270,42047,PA,Elk County,3,0,31037.0,3.750362470599607,26.069073578376965,7.023484915120064,0.0518556930142973,6.228883838073592,22.06721010406934,4.99403937236202,,,
2271,42049,PA,Erie County,3,0,271903.0,16.89683453290328,34.481799211685605,8.340849776107854,1.280532054638484,5.850449947575261,18.061220361673097,5.474378730650269,,,
2272,42051,PA,Fayette County,3,0,129443.0,9.170059408388248,35.01843329076408,10.968440756748798,0.1663678207664011,7.232998961118586,21.16221039376405,5.091816475205302,,,
2273,42053,PA,Forest County,3,0,7121.0,28.029771099564663,35.81254371648403,16.59016393442623,0.1679731243001119,6.093189964157706,23.353461592472968,2.387305153770538,,,
2274,42055,PA,Franklin County,3,0,155592.0,13.440922412463364,27.6588951298659,10.710224146153564,1.6037766353024865,3.849666225063346,19.35703635148337,5.801712170291531,,,
2275,42057,PA,Fulton County,3,0,14529.0,5.0037855323835085,29.354883271170053,11.376510574018129,0.1001669449081802,4.895598194130925,21.391699359900887,4.955606029320669,,,
2276,42059,PA,Greene County,3,0,36248.0,7.807327300816596,28.94093935137116,11.947398955714563,0.1432972701870029,4.638481217180558,19.148642683734277,5.0954535422644005,,,
2277,42061,PA,Huntingdon County,3,0,44458.0,10.19614017724594,31.76346790544876,10.069390422254722,0.3207595586348473,5.578619615983394,20.47325565702461,4.424400557829862,,,
2278,42063,PA,Indiana County,3,0,83620.0,7.099976082276966,33.010590402128315,8.270006908337272,0.6630686198920586,6.698197622395501,19.43793350872997,4.616120545324085,,,
2279,42065,PA,Jefferson County,3,0,44491.0,3.50632712233935,36.70369946168824,9.531023164804646,0.4902789518174133,5.17644811613581,20.89411341619653,5.643838079611607,,,
2280,42067,PA,Juniata County,3,0,23607.0,6.654805777947219,29.66279617807104,16.980560770302187,1.9529465509365007,2.846689273603427,20.155038759689923,5.752531028932097,,,
2281,42069,PA,Lackawanna County,3,0,215529.0,16.913733186717334,30.168529871378773,8.441310975609756,2.114266714058039,4.7609631157189,19.73980299634852,5.194660579318793,,,
2282,42071,PA,Lancaster County,3,0,550480.0,19.25465048684784,23.87890961475629,13.64479848534561,3.156914675504484,3.445528917089796,17.969590175846534,6.400050864699898,,,
2283,42073,PA,Lawrence County,3,0,86311.0,9.152946901321965,32.40824379575925,8.23941050323288,0.6341557974024535,6.826759765993584,21.851212475814208,5.133760470855395,,,
2284,42075,PA,Lebanon County,3,0,142486.0,19.52051429614137,28.43361003318958,12.437428983815987,2.551225391723584,4.664246823956443,19.22855578793706,5.823028227334615,,,
2285,42077,PA,Lehigh County,3,0,372492.0,38.10605328436584,28.543399175550505,10.307847590209438,7.406101216716629,6.100762789541549,16.55525487795711,5.941067190704767,,,
2286,42079,PA,Luzerne County,3,0,324825.0,21.27884245362888,32.69950323725848,9.779699936119886,3.0823375596704063,5.943929584280193,19.59947664126837,5.252058800892788,,,
2287,42081,PA,Lycoming County,3,0,114274.0,10.811733202653272,31.6534262485482,9.384280832556694,0.4702883263009845,5.235516464345425,19.343857745418905,5.275040691670896,,,
2288,42083,PA,McKean County,3,0,40652.0,7.350191872478599,35.55537920270878,7.351515990585629,0.1394523326572008,6.185290488707687,19.23152612417593,4.791892157827413,,,
2289,42085,PA,Mercer County,3,0,111216.0,10.749352611135087,31.586220132424916,9.872010735400236,0.5611598759771169,5.849026807217024,21.682132067328443,4.752014098690836,,,
2290,42087,PA,Mifflin County,3,0,46156.0,4.831441199410694,35.30654925701706,14.674534276622694,0.793948822488064,4.085376767495973,21.24967501516596,6.384868706127048,,,
2291,42089,PA,Monroe County,3,0,168128.0,36.53406928054815,26.18484841176045,10.349341266468338,1.9237265234427776,6.335028009226569,17.517605633802816,4.579249143509707,,,
2292,42091,PA,Montgomery County,3,0,850890.0,25.814382587643525,14.930603270578535,5.342988975473601,2.284255423233914,4.542530356077479,17.658686786776197,5.387182832093456,,,
2293,42093,PA,Montour County,3,0,18198.0,9.462578305308275,24.82416695491756,8.349705304518663,1.2038523274478332,2.615986584684181,20.73854269699967,5.511594680734146,,,
2294,42095,PA,Northampton County,3,0,311359.0,25.3013402535337,22.132018942688703,8.363248899030964,2.5593919871149584,4.752618984639801,18.956574243879253,4.785793890653554,,,
2295,42097,PA,Northumberland County,3,0,91853.0,8.754205088565426,33.93204048941754,10.37834292358606,0.4121062913109797,4.6721462025897695,21.12832460561985,5.071146288090754,,,
2296,42099,PA,Perry County,3,0,45879.0,5.7084940822598575,23.90684725689918,11.137484024100786,0.3085900241261292,3.3840874973193222,18.65559406264304,5.6060506985766905,,,
2297,42101,PA,Philadelphia County,3,0,1596865.0,66.23496663775586,42.57361655692117,13.44967286356712,6.740559968327023,8.920035647735558,13.725956796598334,6.412188882591828,,,
2298,42103,PA,Pike County,3,0,58345.0,21.34201731082355,24.32954820004832,6.912822392230519,1.558819750760139,8.441078034172978,22.20927243122804,3.609563801525409,,,
2299,42105,PA,Potter County,3,0,16478.0,4.211676174292997,34.633635299192704,10.539072294191392,0.7674236491777604,6.160938809723386,23.99563053768661,5.055225148683093,,,
2300,42107,PA,Schuylkill County,3,0,143308.0,10.404164456973792,32.15325997410851,10.596817990591656,0.7857230942691542,5.795948434622468,20.187986713930837,4.7952661400619645,,,
2301,42109,PA,Snyder County,3,0,39877.0,5.26619354515134,28.47411444141689,13.506103286384976,0.7722813608849928,2.358490566037736,18.83541891315796,5.40160995059809,,,
2302,42111,PA,Somerset County,3,0,74331.0,6.402443126017408,30.01214539776177,10.527924623296292,0.4089129154104723,5.391649413388544,22.187243545761525,4.626602628782069,,,
2303,42113,PA,Sullivan County,3,0,5935.0,7.245155855096883,33.69982547993019,9.627964022894522,1.0425354462051708,5.608157319737801,27.88542544229149,3.285593934288121,,,
2304,42115,PA,Susquehanna County,3,0,38892.0,4.2965134217834,30.670311076402445,9.480937705599224,0.2397926117952041,6.346313173156587,23.45726627584079,4.7156227501799854,,,
2305,42117,PA,Tioga County,3,0,41089.0,4.086251794884276,34.38800384113461,9.00319358564925,0.226438188494492,4.733041690823802,22.020492102509188,5.081652023655966,,,
2306,42119,PA,Union County,3,0,43094.0,15.79570241797002,27.61369235674328,11.779525414496304,0.8357348703170028,3.166656964899005,18.15101870329976,4.473940687798765,,,
2307,42121,PA,Venango County,3,0,50810.0,5.152529029718559,33.437349009502334,8.398489442050955,0.1854229068606475,6.950946897802522,22.775044282621533,4.802204290493997,,,
2308,42123,PA,Warren County,3,0,38791.0,4.704699543708593,30.80915310214673,6.8807339449541285,0.3920348475420037,5.242238693737244,22.99502461911268,5.22028305534789,,,
2309,42125,PA,Washington County,3,0,209090.0,8.905256109809173,22.92603508221321,6.135307762350705,0.3824336262612172,5.066120147634327,20.5179587737338,4.998804342627577,,,
2310,42127,PA,Wayne County,3,0,51244.0,10.79345874638982,28.96111555798964,9.472961635268096,0.8565973476443574,5.622888037846361,23.98719850128796,4.04925454687378,,,
2311,42129,PA,Westmoreland County,3,0,355107.0,7.054775039635941,23.87095847104469,5.10462952413505,0.2495272115990754,4.980876696022133,22.700481826604378,4.420921018171987,,,
2312,42131,PA,Wyoming County,3,0,26389.0,5.430292925082421,26.261755485893417,7.065446127946127,0.320754716981132,5.413838832982292,21.281594603812195,4.634506802076623,,,
2313,42133,PA,York County,3,0,454605.0,18.31282102044632,23.071639103955608,9.22818368711138,1.537170970594237,4.658387672882834,17.465272049361534,5.554052419133094,,,
2314,44001,RI,Bristol County,1,0,50672.0,9.368092832333438,13.232716234127151,8.404067568703253,2.744772479634722,4.241769700580962,19.744632143984845,3.899589516892959,,,
2315,44003,RI,Kent County,1,0,169345.0,13.38746346216304,19.570512324247712,7.536188034460245,1.6156237367049082,4.406195120919112,18.85736218961292,4.810889013552216,,,
2316,44005,RI,Newport County,1,0,85525.0,15.455130078924292,17.39882903118901,5.596844181459566,1.412437374394973,6.13363264228179,22.49283835135925,4.257234726688103,,,
2317,44007,RI,Providence County,1,0,656672.0,40.84306929486867,30.13328678874044,13.8347731416736,7.933347222667393,6.593140052505422,15.250231470201255,5.61102041810828,,,
2318,44009,RI,Washington County,1,0,129735.0,9.56411145797202,17.100803718408056,5.525506180792341,1.4752744010385932,5.970738864825971,21.016687863722204,3.6690176128261456,,,
2319,45001,SC,Abbeville County,4,0,24374.0,31.697710675309757,38.33516344285835,16.29292221443588,0.4775549188156638,4.10173056697581,21.728070895216213,5.046360876343645,,,
2320,45003,SC,Aiken County,4,0,168045.0,34.75973697521497,33.52701812091494,10.707657004015791,0.9181845326963274,6.686612769749825,19.45669314766878,5.671100002975393,,,
2321,45005,SC,Allendale County,4,0,8304.0,77.86608863198458,57.770270270270274,23.80547525930964,0.0,16.351174934725847,20.026493256262043,4.3111753371868975,,,
2322,45007,SC,Anderson County,4,0,202223.0,23.37567932431029,34.56715281291803,14.17289481430428,0.820691054848039,5.371541992308647,17.853557706096733,5.695692379205135,,,
2323,45009,SC,Bamberg County,4,0,13525.0,63.77818853974122,42.82926067608713,22.428555543200268,0.131521262604121,9.307875894988069,21.65619223659889,4.909426987060998,,,
2324,45011,SC,Barnwell County,4,0,20801.0,49.65626652564781,52.08445072894826,18.557885665038786,0.387737792317945,7.854851200354021,18.41738377962598,5.720878803903658,,,
2325,45013,SC,Beaufort County,4,0,186007.0,32.17782126479111,26.331581652106163,6.602259193229817,1.78354718627705,3.8781612059299855,27.352196422715277,5.018090717016026,,,
2326,45015,SC,Berkeley County,4,0,224806.0,37.48876809337829,29.4017798136899,10.432816966956985,1.8112624130344293,4.203564110070258,13.992509096732295,6.315222903303293,,,
2327,45017,SC,Calhoun County,4,0,14198.0,45.74587970136639,32.725452334978186,13.94812680115274,0.2591121091725686,4.767493032125569,22.9187209466122,4.8739259050570505,,,
2328,45019,SC,Charleston County,4,0,404946.0,35.093074138280166,27.55560627964189,7.11486833444189,1.7610647411723352,3.7584830893721817,16.52738883703012,5.726195591510967,,,
2329,45021,SC,Cherokee County,4,0,56204.0,28.45882855312789,44.03142779734489,16.664041994750654,1.1953892130354349,6.9747371724462575,16.521955732688063,5.809195075083624,,,
2330,45023,SC,Chester County,4,0,32273.0,41.95767359712453,44.36437373264701,15.407492897727272,0.1815025252525252,5.942334739803094,18.358999783100423,5.561924828804264,,,
2331,45025,SC,Chesterfield County,4,0,43655.0,40.229068835184975,44.65001970740303,19.953489895516032,1.0706388921214942,8.221451199275908,18.547703584927277,5.5365937464208,,,
2332,45027,SC,Clarendon County,4,0,31613.0,52.11779963938886,41.12334366141473,20.22718301828867,0.9149762624082866,10.793675641828427,23.620029734602856,4.482333217347294,,,
2333,45029,SC,Colleton County,4,0,38520.0,44.0472481827622,47.965271119633535,14.033329621794158,0.5843681519357196,6.287105200664925,19.77154724818276,5.5114226375908615,,,
2334,45031,SC,Darlington County,4,0,63433.0,45.9114341115823,46.36964755729601,15.191720238909406,0.6062046832283371,6.27390408943807,19.051597748805825,5.6027619693219615,,,
2335,45033,SC,Dillon County,4,0,28527.0,54.881340484453325,53.7415934241896,21.26175631406531,1.6193154271308057,6.465623207408014,16.444070529673642,7.077505521085288,,,
2336,45035,SC,Dorchester County,4,0,160180.0,37.03146460232239,27.3755282829693,9.560723514211883,1.8359013074362585,5.452478228819172,14.046073167686352,5.819702834311399,,,
2337,45037,SC,Edgefield County,4,0,25938.0,43.08350682396484,38.2468437275683,17.93665062661943,2.5928367391782023,6.764523830577416,19.07625877091526,3.685712082658647,,,
2338,45039,SC,Fairfield County,4,0,21186.0,61.74360426696875,44.1106342393896,15.471795868143252,0.0,5.991969525378359,21.759652600774096,4.337770225620693,,,
2339,45041,SC,Florence County,4,0,137276.0,49.4318016259215,38.45454883998063,13.703392749504864,0.7588190998436022,4.588524720260296,16.98985984440106,5.938401468574259,,,
2340,45043,SC,Georgetown County,4,0,62992.0,35.12985775971552,36.07497596924063,10.295083356281909,0.3503308680420397,6.836345309237527,28.03371856743713,4.273558547117094,,,
2341,45045,SC,Greenville County,4,0,519178.0,32.71806586565687,27.553630476851104,10.348351111725837,2.4677599883206,3.8694263960524258,15.787263713023275,6.119095955529703,,,
2342,45047,SC,Greenwood County,4,0,69338.0,41.087138365686926,41.42570641762452,14.02125982574612,0.5802284421413715,5.7302054642732765,18.49058236464853,5.9361389137269605,,,
2343,45049,SC,Hampton County,4,0,19227.0,59.53086805013783,51.17507843029336,18.52598566308244,1.177682908876785,10.79900124843945,18.801685130285534,5.565090757788527,,,
2344,45051,SC,Horry County,4,0,344865.0,23.04032012526641,34.41781679456776,8.905959589324286,1.314176615233751,6.121624776773038,24.51336030040741,4.508720803792789,,,
2345,45053,SC,Jasper County,4,0,28363.0,55.79099531079223,42.89775833788956,11.22248427672956,2.598339949476723,7.542051003798155,20.08250185100307,5.651729365722949,,,
2346,45055,SC,Kershaw County,4,0,64989.0,32.02849713028358,32.73737841593331,10.230026880535847,0.421669812457331,5.620213878487332,18.41542414870209,5.299358352952038,,,
2347,45057,SC,Lancaster County,4,0,94653.0,30.266341267577364,29.525757133119097,12.106006651166895,0.6284668142197447,4.859946230382132,20.944925147644557,5.705048968336978,,,
2348,45059,SC,Laurens County,4,0,67148.0,32.8140823256091,39.72514395393474,17.885477750948603,1.2736334150779212,6.406244853595072,18.255197474236017,5.711264669089176,,,
2349,45061,SC,Lee County,4,0,16730.0,67.5433353257621,53.12703159537121,17.746266152038935,0.2847200253084467,7.776261937244201,18.798565451285118,4.9910340705319785,,,
2350,45063,SC,Lexington County,4,0,291723.0,26.612917048021583,29.287821906991564,9.607678226883689,1.148602002071108,4.719777861243762,15.948005470943327,5.682445333415603,,,
2351,45065,SC,McCormick County,4,0,9584.0,48.0279632721202,32.1135350692001,16.50314465408805,0.0530785562632696,6.587183308494785,34.76627712854758,2.66068447412354,,,
2352,45067,SC,Marion County,4,0,29585.0,61.83876964678047,55.04385964912281,19.605063786108804,0.6086315012910365,7.151055001324269,19.90873753591347,5.77319587628866,,,
2353,45069,SC,Marlboro County,4,0,26912.0,61.30350772889417,53.240418118466906,20.2524413047995,0.5465652127317543,8.959115561118065,17.743014268727705,5.417657550535077,,,
2354,45071,SC,Newberry County,4,0,37842.0,40.08773320649014,37.671735995864736,13.827663005913523,1.9686860011891392,4.560820171792741,19.72940119444004,5.729084086464774,,,
2355,45073,SC,Oconee County,4,0,77932.0,15.972899450803263,34.211754335934465,13.88362129512572,0.7003362848239904,6.065002901915264,23.143253092439565,4.738746599599651,,,
2356,45075,SC,Orangeburg County,4,0,84909.0,66.84214865326408,48.167003629454605,15.684029765311964,0.7181942544459644,9.499766759048375,19.835353142776384,5.431697464344181,,,
2357,45077,SC,Pickens County,4,0,129617.0,14.841417406667334,37.46774863058855,13.400872174240492,0.7423439459525062,4.390290611385072,16.623591041298592,4.926822870456808,,,
2358,45079,SC,Richland County,4,0,414719.0,58.87697452974182,34.18497316544134,8.185476948900376,1.407343148329599,6.268309189260818,12.879081980811105,5.704585514529114,,,
2359,45081,SC,Saluda County,4,0,19008.0,41.65614478114478,43.31288343558282,18.721086405014177,3.0303030303030303,4.091498644027826,19.744318181818183,5.876473063973064,,,
2360,45083,SC,Spartanburg County,4,0,322864.0,32.79182566033996,34.12050361992671,12.501086593495078,2.0730228442201173,5.027968111947953,16.01231478269488,6.068809158035582,,,
2361,45085,SC,Sumter County,4,0,105537.0,55.52744535091958,41.23653359449999,11.928280780456944,0.2329059305204834,8.258938198128261,16.42551901228953,6.601476259510883,,,
2362,45087,SC,Union County,4,0,27306.0,35.92250787372739,46.13754646840149,17.19755055832862,0.1614349775784753,8.874226804123712,19.96996996996997,5.606826338533655,,,
2363,45089,SC,Williamsburg County,4,0,31279.0,68.48364717542121,46.12902141392409,16.06648199445983,0.0914228723404255,4.55922075796022,21.141980242335112,4.984174685891492,,,
2364,45091,SC,York County,4,0,276569.0,30.8646305261978,23.92750066135622,8.390517112379486,0.850145444308905,4.943325813908152,14.37326670740394,5.798191409738618,,,
2365,46003,SD,Aurora County,8,0,2649.0,10.11702529256323,23.62768496420048,9.965034965034963,2.292263610315186,0.3415300546448087,16.798791996979993,7.172517931294828,,,
2366,46005,SD,Beadle County,8,0,18959.0,25.639537950313837,32.48073630136986,14.22715215818664,5.763423920178548,2.295081967213114,17.780473653673717,8.676617965082546,,,
2367,46007,SD,Bennett County,8,0,3411.0,67.69275872178247,57.75913720790893,11.75128351397604,1.3118062563067607,10.596026490066226,11.844034007622398,8.91234242157725,,,
2368,46009,SD,Bon Homme County,8,0,7020.0,14.273504273504273,35.1268115942029,11.374314800313234,0.16359918200409,2.9585798816568047,19.886039886039885,4.7578347578347575,,,
2369,46011,SD,Brookings County,8,0,34315.0,11.11467288357861,28.977217329129967,3.75556279170737,1.2468827930174564,4.085770771024484,12.155034241585312,6.236339793093399,,,
2370,46013,SD,Brown County,8,0,38471.0,14.522627433651325,25.06742863246722,6.791124470988411,2.716049382716049,2.973410404624277,17.280548984949704,6.144888357464064,,,
2371,46015,SD,Brule County,8,0,5247.0,17.61006289308176,37.055238844112445,11.967779056386652,0.4522613065326633,3.423160961398398,18.181818181818183,6.232132647226987,,,
2372,46017,SD,Buffalo County,8,0,1974.0,86.01823708206688,67.91006642820643,18.81881881881882,0.9671179883945842,18.91891891891892,7.497467071935157,12.10739614994934,,,
2373,46019,SD,Butte County,8,0,10167.0,10.66194550998328,34.68468468468468,8.689438330713163,0.0751314800901577,9.26517571884984,19.28789220025573,5.53752335988984,,,
2374,46021,SD,Campbell County,8,0,1548.0,5.361757105943153,31.84176394293125,12.699905926622764,0.3058103975535168,3.698979591836735,23.837209302325583,5.878552971576228,,,
2375,46023,SD,Charles Mix County,8,0,9346.0,39.45003209929381,43.97876810792879,11.769849597761455,1.4531936465021968,8.448687350835323,17.879306655253586,8.324416862829018,,,
2376,46025,SD,Clark County,8,0,3791.0,6.858348720654181,31.652736586681048,6.146380913869794,0.4338394793926247,5.501432664756447,21.49828541281984,9.891849116328146,,,
2377,46027,SD,Clay County,8,0,14816.0,14.079373650107993,40.08697052665486,5.115961800818554,0.1878992859827132,6.470039636278853,11.669816414686824,5.33207343412527,,,
2378,46029,SD,Codington County,8,0,28289.0,9.074198451695006,29.264447708788648,8.42170929507174,0.4012371478726071,1.5060625398851308,17.444943264166284,5.691258086181908,,,
2379,46031,SD,Corson County,8,0,3965.0,73.0390920554855,61.67892467664216,14.013921113689095,0.4672897196261681,25.191326530612244,11.223203026481714,10.567465321563684,,,
2380,46033,SD,Custer County,8,0,8360.0,11.566985645933014,26.72856095773272,7.05581465322702,0.0275785990071704,4.300791556728232,30.41866028708134,3.971291866028708,,,
2381,46035,SD,Davison County,8,0,19944.0,10.348977135980746,32.614413466596524,10.118471052827658,1.013553329404832,1.685714285714286,18.61211391897313,5.460288808664259,,,
2382,46037,SD,Day County,8,0,5487.0,14.835064698377984,35.02698678578076,8.036856923470694,0.60790273556231,2.1765913757700206,25.6242026608347,5.19409513395298,,,
2383,46039,SD,Deuel County,8,0,4283.0,4.2260098062106,24.734481944772245,8.423180592991914,0.6131549609810479,1.78491744756805,21.27013775391081,6.374036890030353,,,
2384,46041,SD,Dewey County,8,0,5343.0,81.73310874040801,55.36220919235861,16.59765355417529,0.1212121212121212,18.846636021730045,9.41418678644956,11.267078420363092,,,
2385,46043,SD,Douglas County,8,0,2838.0,6.307258632840028,23.905109489051096,9.931686810299526,0.1836547291092745,0.7768361581920904,22.76250880902044,7.963354474982381,,,
2386,46045,SD,Edmunds County,8,0,4005.0,5.218476903870163,21.018780550553124,7.398051245037893,0.6715916722632639,2.218782249742002,20.42446941323346,7.215980024968789,,,
2387,46047,SD,Fall River County,8,0,6979.0,16.0481444332999,39.95868378338498,6.574523720582742,1.4607812003810734,3.1219512195121952,29.889669007021062,4.527869322252472,,,
2388,46049,SD,Faulk County,8,0,2157.0,3.755215577190543,29.61026615969582,8.418194161575016,0.0,3.1031031031031038,25.08113120074177,7.649513212795549,,,
2389,46051,SD,Grant County,8,0,7550.0,7.81456953642384,23.048078210794163,8.025988916491496,4.54096742349457,2.4584057611124908,20.86092715231788,5.76158940397351,,,
2390,46053,SD,Gregory County,8,0,4004.0,13.136863136863136,38.655886811520965,9.61815561959654,0.1276324186343331,3.5940803382663846,24.625374625374626,6.993006993006993,,,
2391,46055,SD,Haakon County,8,0,1868.0,5.888650963597431,37.09765411893072,4.253673627223511,0.9831460674157304,0.9569377990430622,24.785867237687366,6.58458244111349,,,
2392,46057,SD,Hamlin County,8,0,6127.0,7.638322180512485,27.957711025339822,7.838807617996135,2.1153846153846154,2.528658125421443,14.950220336216749,9.466296719438551,,,
2393,46059,SD,Hand County,8,0,3061.0,7.089186540346291,25.880398671096344,7.142857142857142,0.6627393225331369,0.3174603174603174,25.285854295981707,5.684416857236197,,,
2395,46063,SD,Harding County,8,0,1179.0,10.941475826972011,23.711340206185564,5.231866825208085,0.0,2.9197080291970803,17.89652247667515,5.682782018659881,,,
2396,46065,SD,Hughes County,8,0,17829.0,19.328061024174097,22.28475631660879,3.713635624898424,0.2002670226969292,0.9069568928723858,16.506814740030286,6.57355993045039,,,
2397,46067,SD,Hutchinson County,8,0,7412.0,8.594171613599569,26.804979253112037,9.566968781470292,0.103021978021978,1.7428043306047003,22.36913113869401,9.01241230437129,,,
2398,46069,SD,Hyde County,8,0,1381.0,8.399710354815351,21.61961367013373,8.622398414271556,0.0,0.9395973154362416,23.533671252715425,7.313540912382331,,,
2399,46071,SD,Jackson County,8,0,2868.0,64.7489539748954,64.7715005397625,13.749277874061235,0.2770083102493075,9.29451287793953,13.284518828451883,9.728033472803348,,,
2400,46073,SD,Jerauld County,8,0,1811.0,11.6510215350635,19.222096956031567,7.982261640798225,0.0,0.0,31.639977912755384,4.969630038652678,,,
2402,46077,SD,Kingsbury County,8,0,5131.0,5.612940947183785,21.53328050713154,7.951329937747595,0.5524861878453038,0.7855459544383346,22.276359384135645,6.587409861625414,,,
2403,46079,SD,Lake County,8,0,11358.0,7.448494453248812,26.517454177028643,8.725779545746184,0.1731976618315652,2.3817084788821847,22.40711392850854,5.229793977812995,,,
2404,46081,SD,Lawrence County,8,0,25687.0,9.98948884649823,30.416868637905964,5.623852700673082,0.0,2.5773195876288657,22.365398839880097,4.009810409934986,,,
2405,46083,SD,Lincoln County,8,0,63233.0,8.42598010532475,14.789948206407058,4.139803189684424,0.6189570775516808,1.497760358342665,12.985308304208246,7.230401847136781,,,
2406,46085,SD,Lyman County,8,0,3746.0,46.12920448478377,47.74993263271355,8.885017421602788,0.2469135802469135,5.904059040590406,15.803523758675922,8.622530699412707,,,
2407,46087,SD,McCook County,8,0,5676.0,6.976744186046512,20.401519262072707,8.742579600647598,1.5165441176470589,2.86484664644422,18.269908386187456,8.051444679351656,,,
2408,46089,SD,McPherson County,8,0,2245.0,4.0534521158129175,31.09360518999073,13.873873873873874,0.0,2.24929709465792,30.28953229398664,6.013363028953229,,,
2410,46093,SD,Meade County,8,0,29561.0,13.362200196204457,25.788394005771703,4.506513914938917,0.3495563323474052,3.527131782945737,15.381752985352325,5.219715165251514,,,
2411,46095,SD,Mellette County,8,0,1916.0,64.97912317327767,66.2330623306233,18.907563025210084,0.0,14.113597246127366,15.031315240083506,6.419624217118998,,,
2412,46097,SD,Miner County,8,0,2293.0,6.80331443523768,28.603302097278,10.893512851897183,0.0,2.276707530647986,22.15438290449193,4.404709986916703,,,
2413,46099,SD,Minnehaha County,8,0,194884.0,19.1724307793354,25.401316518773854,6.845228799000469,1.4743967794046,2.517291803102208,13.121138728679623,7.406457174524332,,,
2414,46101,SD,Moody County,8,0,6335.0,24.719810576164168,24.582530507386,5.963085660198769,0.6871463217461601,1.845585973546601,18.768745067087607,7.687450670876085,,,
2416,46103,SD,Pennington County,8,0,108707.0,21.75572870192352,28.38002666389312,5.551981127017318,0.7363134331750107,2.9435048578625405,18.242615470944838,6.348257241943942,,,
2417,46105,SD,Perkins County,8,0,2977.0,6.079946254618744,31.10959836623553,8.17490494296578,0.0,1.901840490797546,25.4954652334565,7.020490426603963,,,
2418,46107,SD,Potter County,8,0,2613.0,8.878683505549176,28.00632911392405,5.978260869565218,1.0309278350515465,1.5833333333333337,27.822426329889016,5.740528128587831,,,
2419,46109,SD,Roberts County,8,0,10254.0,45.48468890189194,43.01364405935664,10.150260656240418,0.2741228070175438,5.026624068157615,19.91417983226058,7.918860932319095,,,
2420,46111,SD,Sanborn County,8,0,2371.0,5.651623787431464,23.133362106171774,8.253358925143955,0.78125,1.7037037037037035,18.641923239139604,9.278785322648671,,,
2421,46115,SD,Spink County,8,0,6408.0,8.146067415730338,24.570337364735835,9.79036574487065,1.0980073200488003,1.8158236057068744,20.989388264669167,5.883270911360799,,,
2422,46117,SD,Stanley County,8,0,2963.0,13.196085048936888,14.217848659653889,6.300331596399811,0.3202562049639711,0.2321532211259431,20.95848801889976,4.859939250759365,,,
2423,46119,SD,Sully County,8,0,1279.0,5.863956215793588,16.57501963864886,3.393213572854292,2.249134948096886,0.2853067047075606,25.4886630179828,4.691164972634871,,,
2424,46121,SD,Todd County,8,0,9434.0,93.00402798388808,77.98036465638148,21.294092187838128,1.5761094981335544,15.135834411384216,7.176171295314819,11.988552045791817,,,
2425,46123,SD,Tripp County,8,0,5615.0,20.56990204808549,40.33488372093023,12.021577189827896,1.6658733936220846,4.933857704683589,21.442564559216382,7.479964381121995,,,
2426,46125,SD,Turner County,8,0,8621.0,5.069017515369446,26.09828300769686,8.454024924216908,1.0383616959907702,2.6175687666370897,20.65885628117388,6.008583690987124,,,
2427,46127,SD,Union County,8,0,16424.0,9.626156843643448,19.67011324470704,5.574354407836153,0.9211873080859776,3.2784986098239117,17.94325377496347,5.820750121773015,,,
2428,46129,SD,Walworth County,8,0,5355.0,21.568627450980397,30.005682894487588,10.045056983832492,0.9523809523809524,5.20431765612953,22.987861811391223,6.741363211951447,,,
2429,46135,SD,Yankton County,8,0,23213.0,12.59208202300435,24.15359207266722,8.493133737473709,0.5798902350626489,1.8267767005848887,18.9721276870719,5.789859130659544,,,
2430,46137,SD,Ziebach County,8,0,2479.0,77.12787414279951,63.24302466639708,10.828877005347596,0.0,32.416666666666664,10.084711577248893,7.260992335619202,,,
2431,47001,TN,Anderson County,4,0,76683.0,11.877469582567192,34.485929005436525,10.138282520139562,0.8846414619184451,5.220082133148245,19.957487317919227,5.261922459997653,,,
2432,47003,TN,Bedford County,4,0,49754.0,24.15082204445873,37.51272549578532,16.219493709261787,1.4130920464700625,5.185621685327048,14.633999276440084,6.7270973188085375,,,
2433,47005,TN,Benton County,4,0,15872.0,8.335433467741936,42.83080053411331,15.242675994752952,0.0,5.435831457060148,23.2421875,4.763104838709677,,,
2434,47007,TN,Bledsoe County,4,0,14863.0,12.689228285003026,44.94257950530035,23.444976076555022,0.3468679861252806,7.386918320859095,18.10536230908969,3.5793581376572696,,,
2435,47009,TN,Blount County,4,0,134042.0,9.76559585801465,26.788947731284708,10.226624487890888,0.6553680952289966,4.50798131935789,20.29662344638248,4.921591739902419,,,
2436,47011,TN,Bradley County,4,0,107845.0,15.608512216607169,33.7550476227016,12.586550317746372,1.2308293445345315,5.706633704161517,16.82229125133293,5.621957438916964,,,
2437,47013,TN,Campbell County,4,0,39388.0,3.9707525134558743,43.04737582738312,19.931017491993103,0.4446138211382113,10.54532535970158,20.493551335432112,5.702244338377171,,,
2438,47015,TN,Cannon County,4,0,14309.0,6.646166748200432,32.08507030311595,15.478515625,0.8287779932992418,3.506333024405313,17.492487245789363,5.5140121601789085,,,
2439,47017,TN,Carroll County,4,0,28370.0,15.77722946774762,36.57425958981458,11.942512274959082,0.300327630141973,4.289721168124072,19.686288332745857,5.0052872752908,,,
2440,47019,TN,Carter County,4,0,56314.0,5.796072024718542,41.34830225999048,13.207861425716189,0.3907079458105066,6.965052115266708,21.738821607415563,4.28135099619988,,,
2441,47021,TN,Cheatham County,4,0,40878.0,8.990165859386467,26.249412695665075,12.718826914410512,1.0282441754522973,4.375204067353888,15.0129654092666,5.504183179216204,,,
2442,47023,TN,Chester County,4,0,17278.0,15.383724968167613,37.24948168624741,15.339754351860032,0.6385068762278978,7.232130318775452,17.316819076281977,5.046880425975229,,,
2443,47025,TN,Claiborne County,4,0,31958.0,5.1286062957631895,44.90250696378831,17.97184817187432,0.1789709172259508,6.6481005427020845,19.444270605169283,5.510357344014018,,,
2444,47027,TN,Clay County,4,0,7568.0,5.681818181818182,47.52104770813845,17.87508973438622,0.8072653884964682,4.094202898550725,24.141120507399577,4.3736786469344615,,,
2445,47029,TN,Cocke County,4,0,35896.0,7.254290171606864,46.42594374327919,16.197426541194545,0.383569286561127,7.758509955041746,21.342210831290394,5.502005794517495,,,
2446,47031,TN,Coffee County,4,0,57227.0,12.62690687961976,35.72375749217631,12.210228732973528,0.5219253245304902,4.179027945646999,16.96227305292956,6.117741625456516,,,
2447,47033,TN,Crockett County,4,0,14012.0,27.41221809877248,39.77988559843602,15.834476934445266,0.5383330239465379,3.873075128324778,18.76962603482729,6.116186126177562,,,
2448,47035,TN,Cumberland County,4,0,60568.0,5.991612732796196,38.27323463556462,11.421795839172146,0.1281906270029785,5.982905982905983,30.87438911636508,4.426429797913089,,,
2449,47037,TN,Davidson County,4,0,708490.0,44.31777442165733,31.21132643149545,9.88732514482851,4.69544917800714,4.766756616125558,12.358678315854846,6.517382037855157,,,
2450,47039,TN,Decatur County,4,0,11460.0,8.429319371727749,43.605012887743314,15.592240028919148,0.1142857142857143,10.601001669449085,23.481675392670155,5.37521815008726,,,
2451,47041,TN,DeKalb County,4,0,19875.0,12.613836477987425,46.0768203758858,19.45774647887324,1.5829490215630064,4.711300035423308,18.636477987421387,6.364779874213837,,,
2452,47043,TN,Dickson County,4,0,54000.0,11.05,28.74637206254096,12.816620055932882,0.1220566546305243,4.530315646052531,16.025925925925925,5.866666666666666,,,
2453,47045,TN,Dyer County,4,0,36975.0,20.95740365111562,38.67084432717678,12.143801851629194,0.91411419605703,5.794066317626527,17.252197430696416,6.217714672075727,,,
2454,47047,TN,Fayette County,4,0,41584.0,32.92853020392459,28.2192716977448,10.666021609417836,0.4833040421792618,5.96700416302616,21.469796075413623,4.8023278183916895,,,
2455,47049,TN,Fentress County,4,0,18385.0,4.106608648354637,44.60122699386503,19.748503901219607,0.2552734112589009,7.346938775510205,21.55561599129725,5.754691324449279,,,
2456,47051,TN,Franklin County,4,0,42528.0,12.16375094055681,36.99735911106682,11.346444780635402,0.5769113985546851,3.741584005756283,19.72112490594432,4.850921745673439,,,
2457,47053,TN,Gibson County,4,0,50278.0,23.879231473010066,38.29990643179691,12.899083639759528,0.4116073266104136,5.111921812367698,17.48677353912248,6.044393173952822,,,
2458,47055,TN,Giles County,4,0,30197.0,16.985130973275492,34.022376859053075,12.414117647058823,0.6669591926283458,5.250699375941468,19.932443620227176,6.139682749942047,,,
2459,47057,TN,Grainger County,4,0,23377.0,6.463618086153057,39.88018274286699,20.06842850401133,1.327196831852724,5.884074941451991,20.57577961243957,4.880865808273089,,,
2460,47059,TN,Greene County,4,0,69926.0,7.536538626548066,39.231812286287,14.92248444751654,0.4659967962720256,5.356733571264857,21.574235620513114,4.673511998398307,,,
2461,47061,TN,Grundy County,4,0,13471.0,11.320614653700542,40.81170790585396,21.848386079276622,0.0,7.820627802690582,20.49588003860144,5.723405834756143,,,
2462,47063,TN,Hamblen County,4,0,64184.0,19.129378038140345,40.99527198051483,15.207780725022104,2.496832985983409,7.252235277996642,18.09796834101957,6.208712451701358,,,
2463,47065,TN,Hamilton County,4,0,363790.0,29.70202589405976,29.373853159051265,9.523660844960483,1.708056627707419,4.618979535221186,17.4938838340801,5.735451771626488,,,
2464,47067,TN,Hancock County,4,0,6695.0,3.2710978342046304,54.97284716834756,18.705784436121515,0.2454417952314165,8.755573571139037,21.448842419716204,5.242718446601942,,,
2465,47069,TN,Hardeman County,4,0,25612.0,46.17757301265032,46.076440177252586,17.85733600129793,0.022079929344226,12.247838616714697,18.13212556614087,4.939091051069811,,,
2466,47071,TN,Hardin County,4,0,26722.0,8.565975600628697,43.66970378559719,15.62890462307372,0.0,4.09144516011975,22.449666941097224,4.737669336127535,,,
2467,47073,TN,Hawkins County,4,0,56803.0,5.4504163512490535,39.76295607715547,13.41360218563381,0.2941563858278087,8.46774193548387,21.069309719557065,4.672288435469958,,,
2468,47075,TN,Haywood County,4,0,17912.0,56.52635104957571,46.79635808403552,17.244693632358832,0.6602978364709188,8.03671090164951,18.78070567217508,5.739169271996427,,,
2469,47077,TN,Henderson County,4,0,27800.0,13.316546762589928,40.28716216216216,13.268642000934047,0.7946040838954079,5.719647519582245,18.028776978417262,6.032374100719425,,,
2470,47079,TN,Henry County,4,0,32298.0,13.424979874914856,41.432805700952265,14.242450093840642,0.1082083784201576,4.69089779434607,23.06334757570128,5.08700229116354,,,
2471,47081,TN,Hickman County,4,0,24848.0,10.19800386349002,37.733472330814,18.0628860190904,0.0801282051282051,3.6253494874184526,17.20460399227302,5.247907276239537,,,
2472,47083,TN,Houston County,4,0,8238.0,8.691429958727847,40.64897497170168,15.69468267581475,0.0,5.635036496350365,20.27191065792668,4.794853119689245,,,
2473,47085,TN,Humphreys County,4,0,18956.0,8.6410635155096,36.42985269337392,13.663618647878875,0.0,9.927755767886271,19.93036505591897,5.106562565942182,,,
2474,47087,TN,Jackson County,4,0,11626.0,5.952176156889729,40.62911870661629,18.62677670793214,0.0,8.245787908820615,22.32926199896783,4.403922243247893,,,
2475,47089,TN,Jefferson County,4,0,54358.0,8.876338349460982,34.77838517361574,13.622546241434383,1.0480434889073902,6.013518763110869,19.64200301703521,4.683763199529048,,,
2476,47091,TN,Johnson County,4,0,17912.0,8.71482804823582,46.31318890155834,18.958318071936123,0.9185012392477038,4.619010212097408,22.833854399285396,4.036400178651184,,,
2477,47093,TN,Knox County,4,0,475286.0,18.56566362148265,29.87778864675489,7.86500652021266,1.288545739469067,4.074674146978454,15.764613306514391,5.600838232138123,,,
2478,47095,TN,Lake County,4,0,7187.0,33.26840128008905,49.95621716287215,26.30902076060996,0.0,7.62448132780083,15.333240573257273,4.8142479476833175,,,
2479,47097,TN,Lauderdale County,4,0,25406.0,40.5101157206959,46.06121644699391,20.403471463877235,0.7655293088363955,6.737405995673225,15.618357868220109,5.667952452176651,,,
2480,47099,TN,Lawrence County,4,0,43967.0,7.405554165624219,42.053744574752976,13.903255247946456,0.2548079839834981,7.86069136824674,17.340277935724522,6.397980303409375,,,
2481,47101,TN,Lewis County,4,0,12485.0,7.62515018021626,45.59568556953751,16.63001967364888,0.0,5.363833563399724,20.328394072887463,5.366439727673208,,,
2482,47103,TN,Lincoln County,4,0,35042.0,14.308544032874837,30.57846439772332,14.298520842671447,0.3278221208665907,4.904550366190419,18.97437360881228,5.693168198162205,,,
2483,47105,TN,Loudon County,4,0,54349.0,13.367311266076651,28.21711466043371,12.67171013338642,1.7797348745470392,3.308984951901968,26.35927063975418,4.835415555024011,,,
2484,47107,TN,McMinn County,4,0,53065.0,12.158673325167248,40.1538401771493,14.017468415288867,0.6048291830080802,5.526959750232048,19.39319702251955,5.493262979364929,,,
2485,47109,TN,McNairy County,4,0,25916.0,10.638215774039203,42.686848090345855,14.816631246253612,0.0101853738032185,6.000194495769717,20.524000617379222,5.317178576940886,,,
2486,47111,TN,Macon County,4,0,24954.0,8.976516790895248,39.95033179986158,20.192655027092112,1.683574357867473,5.086192182966377,15.43239560791857,6.956800512943817,,,
2487,47113,TN,Madison County,4,0,98373.0,45.16991450906245,36.61611354358356,10.522637496201764,1.1989973901134396,7.044081354778317,16.903012005326666,6.1276976406127694,,,
2488,47115,TN,Marion County,4,0,28679.0,8.717179817985285,34.898261975413305,18.517434772006823,0.05973715651135,5.546530517521467,19.60319397468531,5.613863802782524,,,
2489,47117,TN,Marshall County,4,0,33909.0,15.526851278421658,37.32628988204221,12.180451127819548,0.5110866488441579,5.93389328660342,16.00460054852694,5.718245893420626,,,
2490,47119,TN,Maury County,4,0,99011.0,21.58245043480017,26.466646889736797,8.894223774188854,0.8175023357209592,2.9043614316448267,16.0254921170375,6.597246770560846,,,
2491,47121,TN,Meigs County,4,0,12622.0,9.1031532245286,36.07798904286175,16.789189189189187,0.6044063170208618,8.599738268835297,21.40706702582792,5.268578672159721,,,
2492,47123,TN,Monroe County,4,0,46041.0,10.573184770096216,37.83311293901428,15.306957708049111,0.5653063421987725,6.215961457896942,21.079038248517627,5.2301209791273,,,
2493,47125,TN,Montgomery County,4,0,216172.0,38.28849249671558,30.987686417243744,6.426784969927946,1.2612961528530855,5.799554748494455,9.309716336990912,8.16433210591566,,,
2494,47127,TN,Moore County,4,0,6481.0,7.375405030087949,31.25097855018005,13.25275657336726,1.3333333333333337,4.002646377770427,20.675821632464125,5.369541737386206,,,
2495,47129,TN,Morgan County,4,0,21158.0,8.928065034502316,42.29476195640386,18.81863668854377,0.1969057665260196,8.640081799591002,17.979015029775972,4.816145193307496,,,
2496,47131,TN,Obion County,4,0,30722.0,19.56252848121867,41.38570576935815,16.98932680312341,0.3113523870349672,4.94078325946378,20.233057743636483,5.647418787839333,,,
2497,47133,TN,Overton County,4,0,22364.0,4.314970488284743,42.006170039016425,18.64278027473571,0.0,3.520195340319463,19.98747987837596,5.262922554104812,,,
2498,47135,TN,Perry County,4,0,8313.0,9.009984361842898,38.70136246471094,22.32034632034632,0.1965923984272607,9.090909090909092,20.49801515698304,6.399615060748226,,,
2499,47137,TN,Pickett County,4,0,5021.0,3.8637721569408487,41.63471241170535,20.779562812746903,0.0,4.921700223713646,27.345150368452497,3.983270264887473,,,
2500,47139,TN,Polk County,4,0,17502.0,8.15906753513884,34.083751312259416,17.68770867303362,1.8983728232943191,6.576812679395981,20.729059536053025,4.719460633070506,,,
2501,47141,TN,Putnam County,4,0,78955.0,12.47039452852891,39.58874344162383,11.124146966230615,0.6795478032129771,4.894344313238036,16.381483123298082,5.632322208853145,,,
2502,47143,TN,Rhea County,4,0,32723.0,11.548452159031871,43.68907615873216,16.877580326691795,1.458137347130762,8.412550925595024,18.344895027961982,6.307490144546649,,,
2503,47145,TN,Roane County,4,0,53313.0,7.731697709751844,32.4270443714519,9.333367168269596,0.2801635052588068,5.328640419088155,22.439179937351117,4.24661902350271,,,
2504,47147,TN,Robertson County,4,0,72309.0,18.093183421150894,28.13642411933609,12.14911838790932,1.273741332529394,4.916648507300065,14.681436612316586,6.162441743074859,,,
2505,47149,TN,Rutherford County,4,0,335595.0,31.394687048376763,25.18087182035217,7.662927274953611,2.7144718591063848,3.9569836884817744,10.536211802917208,6.379713642932702,,,
2506,47151,TN,Scott County,4,0,21855.0,3.0702356440173872,53.15569340664504,20.09546860293129,0.0,9.906396255850234,16.72386181651796,6.003202928391673,,,
2507,47153,TN,Sequatchie County,4,0,15727.0,6.987982450562727,43.88526390593708,17.92436388985709,1.5854074326628025,4.476943739740337,20.76683410694983,5.08679341260253,,,
2508,47155,TN,Sevier County,4,0,98088.0,11.129801810619036,36.28798804718871,13.431413001721612,2.102289703126273,4.4190261891368205,19.546733545387816,5.38394095098279,,,
2509,47157,TN,Shelby County,4,0,929178.0,65.11701740678319,38.49562664316083,10.724622023166429,1.7393216363718371,7.633783958882217,13.659923071790336,6.88231964166177,,,
2510,47159,TN,Smith County,4,0,19820.0,9.3087790110999,35.05911129229515,12.807347411050044,0.628930817610063,4.508923911908987,16.42785065590313,5.650857719475278,,,
2511,47161,TN,Stewart County,4,0,13569.0,9.359569607192867,30.139359698681734,13.22690992018244,0.8446277745040267,4.561287112290596,19.80986071191687,5.947380057483971,,,
2512,47163,TN,Sullivan County,4,0,157843.0,7.119099358223044,35.69837939423584,11.674819271892993,0.2103692651995523,6.717582554172939,21.7165157783367,4.793370627775701,,,
2513,47165,TN,Sumner County,4,0,193036.0,18.04689280755921,23.42109260025453,9.317920119211578,1.0655579724111348,3.686590544121848,15.832279989224809,5.925319629499161,,,
2514,47167,TN,Tipton County,4,0,60868.0,25.19714792666097,30.56496138513119,11.182553846906094,0.2195791399817017,5.171094728056754,14.544588289413158,5.76657685483341,,,
2515,47169,TN,Trousdale County,4,0,11463.0,17.700427462269914,26.26881720430108,14.20854271356784,1.58256195879367,2.997275204359673,12.178312832591818,6.281078251766553,,,
2516,47171,TN,Unicoi County,4,0,17891.0,8.171706444581075,38.85995535969782,13.791053648387578,0.0,5.208964264082374,23.62640433737633,3.7337208652395057,,,
2517,47173,TN,Union County,4,0,19597.0,4.398632443741389,40.49407012274069,20.8480820631366,0.0,5.822873082287308,17.93641883961831,5.0977190386283615,,,
2518,47175,TN,Van Buren County,4,0,6083.0,4.652309715600855,43.80345463692772,19.085841694537347,1.6998341625207296,3.861154446177848,23.32730560578662,5.655104389281605,,,
2519,47177,TN,Warren County,4,0,40801.0,15.55844219504424,42.30731004323411,16.787590693019766,1.1462951234958834,3.525175990112311,17.548589495355507,5.931227175804515,,,
2520,47179,TN,Washington County,4,0,132067.0,12.308146622547646,33.998994437985104,9.351886399051862,0.8085517090670697,5.104010624990348,18.20212467914013,4.811194318035542,,,
2521,47181,TN,Wayne County,4,0,16350.0,10.776758409785932,38.950160547256736,17.516129032258064,0.6877093986951155,5.585189833699404,18.978593272171253,4.685015290519877,,,
2522,47183,TN,Weakley County,4,0,32948.0,13.852130630083767,41.9369590070227,12.812120078556063,1.0746991599182625,3.814056141802883,18.347092388005343,4.834891343935899,,,
2523,47185,TN,White County,4,0,27134.0,7.075993218839832,42.97956739764987,18.51504738102676,0.0,5.80166011358672,20.22554728385052,5.845065231812486,,,
2524,47187,TN,Williamson County,4,0,242386.0,16.765407242992584,11.769385345238344,4.2232353721221,1.22727432570243,2.287538027371847,13.296560032345104,5.725165644880479,,,
2525,47189,TN,Wilson County,4,0,144748.0,17.13046121535358,20.443322109988777,7.010427570657862,1.0173074382349057,3.783604381015599,15.40608505817006,5.932379031143781,,,
2526,48001,TX,Anderson County,6,0,58133.0,42.70207971375983,41.0657546337158,17.940339907383464,1.8267888571948776,4.024184755674496,14.513271291693188,5.1536992757986,,,
2527,48003,TX,Andrews County,6,0,18184.0,61.04267487901451,31.319712865819987,23.93558951965065,8.494331789877057,2.9193148766562533,9.706335239771228,8.424989001319842,,,
2528,48005,TX,Angelina County,6,0,86584.0,40.26840986787397,42.605696616519,16.196039673855495,2.2150171744085263,6.280242190864642,16.165804305645384,6.584357387046105,,,
2529,48007,TX,Aransas County,6,0,24149.0,33.748809474512406,42.56276546532655,11.29111438389789,3.8461538461538463,8.154247840931914,27.293055613068866,4.559194997722473,,,
2530,48009,TX,Archer County,6,0,8616.0,12.337511606313836,28.479607339020685,9.342847660139396,1.9282112132898248,3.2444959443800694,20.229805013927574,5.443361188486537,,,
2531,48011,TX,Armstrong County,6,0,1980.0,11.818181818181818,21.02803738317757,7.892720306513409,0.0,1.0250569476082003,22.97979797979798,6.8686868686868685,,,
2532,48013,TX,Atascosa County,6,0,48684.0,68.14148385506532,36.967022856067416,19.33331184112963,6.830618277879112,6.315201192250372,14.68038780708241,7.205652781201216,,,
2533,48015,TX,Austin County,6,0,30132.0,39.34023629364131,29.682736440081747,12.78640776699029,1.655265602567351,5.493347385061257,19.57055621930174,5.529005708217178,,,
2534,48017,TX,Bailey County,6,0,6968.0,68.32663605051664,29.330185895544407,28.10623556581986,10.040983606557376,2.3187459177008494,13.447187141216991,6.084959816303099,,,
2535,48019,TX,Bandera County,6,0,20839.0,24.818849272997745,27.536302742873907,9.282753422936816,2.8032923774305143,6.710226094171334,27.25178751379625,3.810163635491146,,,
2536,48021,TX,Bastrop County,6,0,94887.0,50.71295330234911,30.30110079861861,15.641174012280192,2.3024527517508235,4.027829435316253,15.007324501775797,6.408675582535016,,,
2537,48023,TX,Baylor County,6,0,3491.0,24.83529074763678,40.820543093270366,16.041918581217253,0.5301524188204109,3.5137034434293746,24.03322830134632,4.439988541965053,,,
2538,48025,TX,Bee County,6,0,31191.0,69.63547177070308,43.025038323965255,20.96033011347651,4.589855243026951,7.284526094506901,12.30803757494149,5.4887627841364495,,,
2539,48027,TX,Bell County,6,0,364703.0,56.02860409703238,35.85397727272727,8.897628229068705,2.638615416440014,7.686241391943667,10.912715277911069,8.14745148792305,,,
2540,48029,TX,Bexar County,6,0,1990522.0,73.46273992450222,34.88085317409598,14.628098591934766,6.345903916198593,5.609206583366328,12.051009735134803,6.845490780810259,,,
2541,48031,TX,Blanco County,6,0,11313.0,25.28065057897993,23.065863959025968,9.847961299239806,1.0317961676142346,4.25232823756809,24.829841774949173,3.659506762132061,,,
2543,48035,TX,Bosque County,6,0,18275.0,23.9671682626539,33.33333333333333,10.47931613494123,1.847378144095495,3.8343746171750586,24.53625170998632,5.378932968536252,,,
2544,48037,TX,Bowie County,6,0,92957.0,37.37319405746743,35.69048246166531,10.246760670731708,0.7621457787717387,4.143345386101342,16.37208601826651,6.183504200867067,,,
2545,48039,TX,Brazoria County,6,0,368575.0,55.25659635081055,21.27227876981621,11.190595942255491,3.3857938270412924,5.063670911394093,11.84345112934952,6.659702909855525,,,
2546,48041,TX,Brazos County,6,0,231095.0,45.505095307124776,41.331901281407504,11.282642273494831,4.86804500938692,4.385836090498363,9.36065254548995,5.938250503039876,,,
2547,48043,TX,Brewster County,6,0,9501.0,50.37364487948637,31.393469123828,12.011173184357542,5.886102847428814,3.3595284872298627,23.092306073044945,5.873065993053363,,,
2548,48045,TX,Briscoe County,6,0,1266.0,45.7345971563981,57.16560509554141,14.803312629399588,0.8976660682226212,1.839464882943144,24.486571879936808,3.633491311216429,,,
2549,48047,TX,Brooks County,6,0,7100.0,92.91549295774648,56.87663637763746,31.462333825701627,7.587628865979382,1.6528925619834711,18.91549295774648,3.873239436619718,,,
2550,48049,TX,Brown County,6,0,38085.0,29.69673099645529,36.88069867076788,13.058082047024191,1.9384342365708829,5.229606228139456,19.784692136011557,4.952080871734279,,,
2551,48051,TX,Burleson County,6,0,17687.0,36.34307683609431,26.73998968894999,17.197554697554697,2.9674003900808024,5.542438175717659,20.67054899078419,5.376830440436478,,,
2552,48053,TX,Burnet County,6,0,48424.0,27.635056996530643,29.07892520215633,11.402777378453752,1.3823086784460177,3.658914728682171,22.726334049231784,4.960350239550635,,,
2553,48055,TX,Caldwell County,6,0,45286.0,62.127368281588126,37.54932454389304,19.939669197396963,6.454767726161369,2.3811814508370213,14.498962151658349,6.087974208364616,,,
2554,48057,TX,Calhoun County,6,0,20367.0,59.20361368881033,34.157504601761104,16.9955255629722,7.38255033557047,4.1051065939514135,17.729660725683704,6.598910001472971,,,
2555,48059,TX,Callahan County,6,0,13781.0,15.57216457441405,30.48289001245695,10.432022932022932,0.6670478368591576,4.504222708789491,20.33959799724258,5.122995428488498,,,
2556,48061,TX,Cameron County,6,0,420554.0,91.48884566547936,52.90600723959816,30.542135475540142,15.748673383065444,5.954300769982057,13.467473855913866,7.7571489035890755,,,
2557,48063,TX,Camp County,6,0,12498.0,45.95135221635462,41.5533199195171,12.61756443141566,1.8015963511972637,8.155834698707446,17.874859977596415,6.9611137782045125,,,
2558,48065,TX,Carson County,6,0,5856.0,15.163934426229508,21.228762656598597,7.480802576170424,0.0,2.1592442645074224,20.78210382513661,6.984289617486339,,,
2559,48067,TX,Cass County,6,0,28692.0,24.289000418235048,41.280875088214536,13.068862275449105,0.3517720517104916,8.760358532048029,21.9294576885543,5.635717273107487,,,
2560,48069,TX,Castro County,6,0,7450.0,69.28859060402685,43.92093149201192,23.62998684787374,9.267687215556474,4.058839553255244,15.677852348993287,7.812080536912752,,,
2561,48071,TX,Chambers County,6,0,45257.0,35.117219435667415,23.98297910261552,10.581101920650497,2.0462931902046293,8.428123600537393,11.58494818481119,6.648695229467265,,,
2562,48073,TX,Cherokee County,6,0,50564.0,40.90459615536746,40.11640167011092,19.543439985428936,4.193033621306333,6.601711892187215,17.29491337710624,6.991139941460328,,,
2563,48075,TX,Childress County,6,0,6784.0,46.12323113207547,34.7326049453709,17.137137137137138,1.4492753623188406,7.218479307025986,13.635023584905662,5.262382075471698,,,
2564,48077,TX,Clay County,6,0,10236.0,11.70379054318093,26.1049315877547,7.977513050461786,0.0,1.7919670442842432,22.196170379054315,4.337631887456038,,,
2565,48079,TX,Cochran County,6,0,2553.0,66.00078339208774,53.46534653465347,32.62285375962108,9.044193216855088,8.445945945945946,16.216216216216218,6.776341558950255,,,
2566,48081,TX,Coke County,6,0,3288.0,26.18613138686132,35.123183828174355,16.245644599303137,2.96242774566474,2.8368794326241136,26.551094890510957,4.896593673965937,,,
2567,48083,TX,Coleman County,6,0,7848.0,24.184505606523956,37.8047207532568,14.22168591622134,0.7759155803848541,6.55829596412556,26.38888888888889,5.402650356778797,,,
2568,48085,TX,Collin County,6,0,1039812.0,45.92762922528304,16.756337930073826,6.1024873706438925,4.656145711437612,4.251959314169308,10.94659419202702,6.01974203029009,,,
2569,48087,TX,Collingsworth County,6,0,2948.0,42.5033921302578,48.3893314859716,25.439063331559343,6.552706552706552,4.637096774193548,18.89416553595658,5.495251017639077,,,
2570,48089,TX,Colorado County,6,0,20559.0,45.32321610973296,36.187624750499005,15.635763490241104,2.814687812544649,4.479405659346663,21.800671238873488,6.498370543314364,,,
2571,48091,TX,Comal County,6,0,156257.0,34.406138604990495,19.24105445617924,6.183444944560325,1.8381262970649277,3.5539538064923453,18.07023045367568,5.59398938927536,,,
2572,48093,TX,Comanche County,6,0,13540.0,31.99409158050221,33.25344517675254,14.455277660025434,2.783184118333982,7.479950647748304,23.50812407680945,5.635155096011816,,,
2573,48095,TX,Concho County,6,0,3181.0,38.57277585664885,34.5758354755784,24.70023980815348,4.732254047322541,1.2834224598930482,25.055014146494813,3.520905375668029,,,
2574,48097,TX,Cooke County,6,0,41215.0,26.318088074730078,29.47664519949663,12.105958373496128,3.1913572581646594,3.78430428502648,18.32099963605484,6.648065024869585,,,
2575,48099,TX,Coryell County,6,0,81692.0,43.34084120844146,34.00961348921136,10.842606699967211,1.8285046338816064,6.079930432262039,10.295989815404202,6.640797140478871,,,
2576,48101,TX,Cottle County,6,0,1560.0,37.37179487179488,55.19230769230769,14.610069101678183,0.764525993883792,3.771131339401821,17.884615384615383,8.205128205128204,,,
2577,48103,TX,Crane County,6,0,4654.0,70.62741727546197,34.65585269618588,24.47988904299584,11.833952912019829,3.4564393939393936,14.331757627847011,7.756768371293512,,,
2578,48105,TX,Crockett County,6,0,2939.0,62.09595100374277,21.016246111303147,20.33213644524237,0.0,1.569365976145637,21.469887716910517,2.9601905410003404,,,
2579,48107,TX,Crosby County,6,0,5265.0,61.86134852801519,45.86306653809065,22.84057971014493,6.049638055842813,4.725670804965959,18.34757834757835,6.305792972459639,,,
2580,48109,TX,Culberson County,6,0,2209.0,88.00362154821187,56.78620063549705,36.28028814669286,24.76340694006309,12.5,21.72928927116342,7.786328655500227,,,
2581,48111,TX,Dallam County,6,0,7135.0,48.08689558514366,42.1127562642369,29.63982564808442,14.152936206168146,2.5223759153783565,10.5395935529082,9.866853538892782,,,
2582,48113,TX,Dallas County,6,0,2604722.0,72.07705851142656,35.77165207008533,19.277010052123224,9.277057291831651,5.150820851991259,10.794126974011046,7.21416719327437,,,
2583,48115,TX,Dawson County,6,0,12371.0,68.91924662517177,49.305423406279736,29.15436930578725,6.6207878500237305,8.168474792597321,14.315738420499557,6.967908819012206,,,
2584,48117,TX,Deaf Smith County,6,0,18675.0,76.8942436412316,43.65170068027211,25.762835739082767,10.982849604221636,3.6173089925625423,12.626506024096384,8.637215528781795,,,
2585,48119,TX,Delta County,6,0,5251.0,21.138830698914493,30.877260484801848,12.6507713884993,0.3889158969372873,4.224757076468103,19.25347552847077,7.788992572843267,,,
2586,48121,TX,Denton County,6,0,885012.0,43.05862519378268,17.513194197987385,6.740225923081246,3.3187430587313,4.109755417685427,10.4292371176888,6.039918102805386,,,
2587,48123,TX,DeWitt County,6,0,19834.0,46.48583240899465,36.69352597943873,16.866346222828035,2.5113464447806355,6.278481012658228,19.431279620853083,6.181304830089744,,,
2588,48125,TX,Dickens County,6,0,1569.0,36.77501593371574,42.10526315789473,16.225448334756617,1.1023622047244095,8.881578947368421,24.920331421287443,7.138304652644997,,,
2589,48127,TX,Dimmit County,6,0,8840.0,90.20361990950228,64.99484713156991,31.418735278130093,11.233631977946244,5.9493206022769005,17.024886877828056,6.61764705882353,,,
2590,48129,TX,Donley County,6,0,3266.0,21.004286589099816,31.959798994974875,14.028436018957349,0.0,0.0692520775623268,22.71892222902633,4.623392529087568,,,
2591,48131,TX,Duval County,6,0,10001.0,90.38096190380962,45.499840983780345,27.63260835549992,6.439127375087966,10.27992277992278,16.83831616838316,6.929307069293071,,,
2592,48133,TX,Eastland County,6,0,17785.0,21.94545965701434,41.67603716636089,14.992986219985148,1.6275944452740034,5.458660631074424,21.65307843688501,5.8869834129884735,,,
2593,48135,TX,Ector County,6,0,161258.0,69.98908581279689,33.49370720492148,23.67253873063468,9.085209847676172,6.149729245294927,9.430849942328445,8.931029778367584,,,
2594,48137,TX,Edwards County,6,0,1366.0,45.68081991215227,46.85418208734271,21.61572052401747,9.31899641577061,0.0,28.18448023426062,2.049780380673499,,,
2595,48139,TX,Ellis County,6,0,187984.0,42.05198314750192,20.997979103065745,12.57189946435929,2.612106908209479,3.99205886265721,12.730870712401057,6.527151246914631,,,
2596,48141,TX,El Paso County,6,0,860485.0,88.53820810356949,44.79081611551937,20.244163019044265,21.685994461910017,6.768432152663512,12.166394533315511,7.23533821042784,,,
2597,48143,TX,Erath County,6,0,42288.0,26.47796065077564,36.291482712436135,12.364103181289366,2.271204609406405,5.560580814091884,13.87864169504351,5.963866818009837,,,
2598,48145,TX,Falls County,6,0,17074.0,49.73644137284761,42.757131640931696,20.49979175343607,1.6977302085255583,8.071462753230179,18.37882160009371,5.7982897973527,,,
2599,48147,TX,Fannin County,6,0,35453.0,22.40148929568725,34.94739432720113,14.121326330139128,0.9623095429029672,4.837257172262961,18.35951823541026,5.020731672919076,,,
2600,48149,TX,Fayette County,6,0,24445.0,29.764778073225607,24.250353019353767,11.509065550906556,0.481651376146789,3.4887924801156904,25.322151769277973,4.851707915729188,,,
2601,48151,TX,Fisher County,6,0,3720.0,33.79032258064516,32.599238716693854,13.605182926829269,3.065883887801696,3.7863070539419086,22.76881720430108,7.016129032258064,,,
2602,48153,TX,Floyd County,6,0,5478.0,64.07447973713035,40.65893613105098,26.336522228474955,5.4910242872228086,4.473902236951118,18.47389558232932,6.261409273457466,,,
2603,48155,TX,Foard County,6,0,1087.0,32.198712051517944,50.43062200956938,24.271844660194176,5.7324840764331215,10.097087378640776,34.86660533578657,6.163753449862005,,,
2604,48157,TX,Fort Bend County,6,0,806497.0,68.86733614632169,19.996875488204967,8.987356410454089,5.579569751375884,5.462368853000389,11.330358327433332,6.572498099806944,,,
2605,48159,TX,Franklin County,6,0,10413.0,22.75040814366657,26.40722049689441,9.706293706293708,1.3818386914833616,6.6451221975358505,21.655622779218284,5.598770767310094,,,
2606,48161,TX,Freestone County,6,0,19478.0,35.30136564328987,35.92168574746972,17.367392720167885,1.2334399269072636,2.7139594249630523,19.49378786323031,5.698737036656741,,,
2607,48163,TX,Frio County,6,0,18428.0,84.75146516171044,37.28429013406669,34.457023060796644,10.392609699769054,5.1183893378704095,12.177121771217712,6.53353592359453,,,
2608,48165,TX,Gaines County,6,0,21167.0,45.55203855057401,33.649603871151385,38.443976115209,12.88560885608856,3.288422014158484,8.598289790711958,10.733689233240424,,,
2609,48167,TX,Galveston County,6,0,347084.0,44.04005946687257,25.63111465640617,10.141358947237698,2.777588207193066,5.719525375399544,14.44059651265976,6.127623284277004,,,
2610,48169,TX,Garza County,6,0,5734.0,61.545169166376,26.341577228184786,33.793264733395695,4.98533724340176,6.920600858369099,15.94000697593303,2.4241367282874084,,,
2611,48171,TX,Gillespie County,6,0,26730.0,26.63299663299663,29.25759237547748,10.412291933418691,2.14190093708166,4.722921914357682,28.82528993640105,4.934530490086045,,,
2612,48173,TX,Glasscock County,6,0,1221.0,48.56674856674857,29.64782964782965,24.548736462093864,9.409190371991247,0.0,11.711711711711713,7.944307944307945,,,
2613,48175,TX,Goliad County,6,0,7085.0,42.83697953422724,34.609341522639625,16.275862068965516,4.455260202171472,3.758169934640523,22.99223712067749,3.37332392378264,,,
2614,48177,TX,Gonzales County,6,0,19720.0,59.57910750507099,40.46982625681094,23.541829554339326,9.498399146211312,0.7918292403029609,16.67849898580122,7.043610547667342,,,
2615,48179,TX,Gray County,6,0,21398.0,38.6437984858398,37.42832496067387,18.976757369614518,4.1872858774267225,4.964539007092199,15.636975418263388,6.729600897280119,,,
2616,48181,TX,Grayson County,6,0,134205.0,25.9722066987072,30.92200197463356,9.655347747269753,1.7365398561376688,3.938498826024389,17.58503781528259,6.213628404306844,,,
2617,48183,TX,Gregg County,6,0,123744.0,43.81141711921386,38.35455582667788,14.134928863184982,2.169160200625884,3.729022114365793,15.300135764158265,7.003975950349108,,,
2618,48185,TX,Grimes County,6,0,28878.0,42.05969942516795,33.76214752270193,18.334579905260533,2.597951209208998,4.931554931554931,17.7193711475864,5.647898053881848,,,
2619,48187,TX,Guadalupe County,6,0,169477.0,51.101919434495535,24.72729007747407,10.712344149651983,2.54282243022639,4.428712943052502,13.89864111354343,5.996683915811585,,,
2620,48189,TX,Hale County,6,0,32879.0,67.67845737400773,44.77926627526031,24.75908080059303,6.088527551942186,4.5208319400789145,13.242495209708324,6.499589403570669,,,
2621,48191,TX,Hall County,6,0,2875.0,45.18260869565218,49.85875706214689,17.41093828399398,3.445229681978798,9.737827715355806,22.608695652173918,4.3826086956521735,,,
2622,48193,TX,Hamilton County,6,0,8211.0,16.636219705273415,43.33001493280239,13.083289311498502,0.2061855670103093,3.7371910789632303,24.649859943977592,5.285592497868713,,,
2623,48195,TX,Hansford County,6,0,5332.0,50.22505626406601,40.95220030349014,27.26991970352069,12.074829931972788,11.34575569358178,16.09152288072018,7.651912978244561,,,
2624,48197,TX,Hardeman County,6,0,3567.0,33.02495093916457,31.03348729792148,14.52853095912586,7.037643207855974,2.5223331581713087,20.100925147182505,7.261003644519204,,,
2625,48199,TX,Hardin County,6,0,56124.0,14.8706435749412,30.19211361014994,11.548590992889125,0.7584597432905484,4.248671022196972,16.860879481148885,6.218373601311382,,,
2626,48201,TX,Harris County,6,0,4697957.0,71.74022665596982,35.1814021459724,18.131704964297768,11.449240670652992,6.484632731478336,10.62755576519751,7.27684395578759,,,
2627,48203,TX,Harrison County,6,0,68674.0,37.54550484899671,36.73389876225013,11.939350117224304,1.017465809853353,6.616676857722139,17.150595567463668,6.066342429449282,,,
2628,48205,TX,Hartley County,6,0,5465.0,41.500457456541625,18.30049261083744,14.010853478046371,1.3497652582159625,0.7619047619047619,14.437328453796887,5.928636779505947,,,
2629,48207,TX,Haskell County,6,0,5420.0,36.27306273062731,41.37526860714984,21.13415594644264,5.22167487684729,6.798986486486487,22.416974169741696,2.749077490774908,,,
2630,48209,TX,Hays County,6,0,234573.0,48.41222135539896,29.478951137117427,9.534400740917446,3.4630964156186708,5.609040772737416,11.060949043581315,5.998985390475459,,,
2631,48211,TX,Hemphill County,6,0,3450.0,38.173913043478265,29.918032786885245,14.498466929478756,4.686373467916366,6.246351430239346,16.869565217391305,5.797101449275362,,,
2632,48213,TX,Henderson County,6,0,81717.0,23.583832005580238,40.13607985345247,15.158970804816772,1.666293536316244,6.277643451082149,22.056610007709534,5.526389857679552,,,
2633,48215,TX,Hidalgo County,6,0,865677.0,94.28551295691118,54.4103765870253,32.678021769279944,19.62916210165293,7.767535846758568,10.985506141436124,8.575138302161198,,,
2634,48217,TX,Hill County,6,0,35686.0,30.53858656055596,33.072023517883395,14.557455007584144,1.962738633749904,5.480917845678278,20.16757271759233,5.865045115731659,,,
2635,48219,TX,Hockley County,6,0,21670.0,55.01615136132902,40.269546931753005,23.45260051641461,5.015752993068683,5.817750074205995,14.407014305491463,6.755883710198431,,,
2636,48221,TX,Hood County,6,0,60521.0,16.98418730688521,21.5141839822136,8.076870469156066,1.115933044017359,6.20951691695314,24.81948414599891,5.27915930007766,,,
2637,48223,TX,Hopkins County,6,0,36666.0,27.79686903398244,33.41462738685807,13.825896122896856,1.4113196566273825,4.516525234479678,18.05487372497681,6.221022200403644,,,
2638,48225,TX,Houston County,6,0,22288.0,39.19597989949749,47.4985593797475,20.42602681030789,1.999184006527948,4.45859872611465,21.648420674802583,4.930904522613065,,,
2639,48227,TX,Howard County,6,0,34620.0,53.41998844598498,35.45971749934606,19.455121436114045,2.0311722765710494,5.383680086463119,12.726747544771808,6.123627960716349,,,
2640,48229,TX,Hudspeth County,6,0,3322.0,81.15593016255268,59.23890063424947,50.32651284283849,36.24856156501726,7.450980392156863,14.057796508127634,6.020469596628537,,,
2641,48231,TX,Hunt County,6,0,98783.0,30.165109381168826,34.12055757096972,12.69904336929613,2.2905246671887234,5.4208213621767785,15.836733041110312,6.2794205480700125,,,
2642,48233,TX,Hutchinson County,6,0,20801.0,30.92639776933801,30.118967018086856,13.736263736263735,1.772998110739718,7.340382269215127,16.845343973847413,6.153550310081246,,,
2643,48235,TX,Irion County,6,0,1555.0,31.89710610932476,27.33118971061093,11.318989710009356,0.5908419497784343,6.881405563689605,17.363344051446948,3.279742765273312,,,
2644,48237,TX,Jack County,6,0,8494.0,23.64021662349894,36.3942372424936,18.371932250259245,3.1228551818805768,6.565349544072949,17.259241817753708,5.050623969861078,,,
2645,48239,TX,Jackson County,6,0,14971.0,42.30846302852181,31.267893660531698,19.4251833986534,3.0067895247332688,4.291647438855561,18.008149088237257,6.839890454879434,,,
2646,48241,TX,Jasper County,6,0,33369.0,26.09907399082981,42.99873405996233,15.522776572668112,0.6653099561678146,13.717821078082777,20.05454164044472,5.765830561299409,,,
2647,48243,TX,Jeff Davis County,6,0,2021.0,25.680356259277588,50.45685279187817,13.389941214892229,12.871287128712872,0.0,36.86293913904008,4.25531914893617,,,
2648,48245,TX,Jefferson County,6,0,256755.0,60.9164378493116,37.875490130923104,15.134558081696817,4.779463294196289,5.603174176675534,14.345971840859963,6.825183540729489,,,
2649,48247,TX,Jim Hogg County,6,0,4864.0,93.33881578947368,52.73224043715848,27.16581732653861,9.838369641602249,4.298740772904907,12.931743421052634,14.761513157894738,,,
2650,48249,TX,Jim Wells County,6,0,39203.0,82.42226360227534,47.43897094836697,21.057261676263597,7.985975847292559,4.347022966566098,15.480958089942096,7.019870928245288,,,
2651,48251,TX,Johnson County,6,0,177022.0,30.34255629243823,29.220394717931324,13.684621051263164,3.2340146105228595,3.285905104826065,13.919173887991324,6.427449695518071,,,
2652,48253,TX,Jones County,6,0,19721.0,43.64890218548755,36.19184943462093,19.296682204551686,3.953729281767956,5.810092961487383,15.399827594949548,4.284772577455504,,,
2653,48255,TX,Karnes County,6,0,14823.0,65.53329285569723,36.89286645234164,24.91113744075829,7.5378018505980595,3.3413848631239937,14.099709910274576,5.504958510422991,,,
2654,48257,TX,Kaufman County,6,0,140145.0,41.29794141781726,28.21345808156282,13.59742920804828,2.1520275390244428,4.866951217794306,11.489528702415356,7.096221770309323,,,
2655,48259,TX,Kendall County,6,0,43842.0,29.195748369143743,18.38849651479481,6.74253953549924,1.654264805362524,4.222729177336003,18.78563934127093,4.607454039505497,,,
2658,48265,TX,Kerr County,6,0,52411.0,32.92629409856709,30.54496127078992,9.825012461631292,1.0942221408295945,3.667562538763697,27.230924805861367,5.100074411860106,,,
2659,48267,TX,Kimble County,6,0,4295.0,27.357392316647267,33.82768361581921,14.32129514321295,2.7824151363383414,2.0708697653014267,28.358556461001168,5.448195576251455,,,
2662,48273,TX,Kleberg County,6,0,31015.0,80.16766080928583,43.90494452814683,19.38746357351009,4.342936240159183,5.366803722138065,12.97759148798968,6.529098823150088,,,
2663,48275,TX,Knox County,6,0,3384.0,43.67612293144208,40.604026845637584,18.99782135076253,9.59232613908873,3.604193971166448,18.43971631205673,6.1465721040189125,,,
2664,48277,TX,Lamar County,6,0,49932.0,27.116878955379317,38.512842344259965,12.55117557609077,1.0235825388861013,3.3244399271587683,18.985820716174,6.346631418729472,,,
2665,48279,TX,Lamb County,6,0,13147.0,61.86202175401232,45.03244746600742,23.73085734957193,3.496959165942658,3.0924191553277964,16.85555640069978,7.066250855708526,,,
2666,48281,TX,Lampasas County,6,0,21443.0,28.993144615958588,29.008746355685133,8.60553587826315,0.718970736629667,6.655537006121313,20.20239705265121,5.223149745837802,,,
2667,48283,TX,La Salle County,6,0,6956.0,87.83783783783784,45.465077788811655,31.175320443189225,6.638115631691649,1.4902560183416125,15.008625646923518,3.780908568142611,,,
2668,48285,TX,Lavaca County,6,0,20287.0,27.579237935623794,29.90240466847772,13.683230703136188,1.9845232151772343,3.1625091326583865,23.359787055749987,6.122147187854291,,,
2669,48287,TX,Lee County,6,0,17393.0,37.86580808371184,33.67592646972455,12.89300511820619,4.342875731945348,2.783882783882784,19.484850227102857,6.335882251480481,,,
2670,48289,TX,Leon County,6,0,15877.0,24.63311708761101,37.004934834872834,16.61447615639259,2.8520208604954367,6.291339793877865,24.217421427221765,6.273225420419474,,,
2671,48291,TX,Liberty County,6,0,89948.0,40.92253301907769,39.872708205258014,21.943617336189032,4.619329673504768,8.092452723039354,12.589496153333036,7.225285720638591,,,
2672,48293,TX,Limestone County,6,0,22252.0,43.56911738270718,42.37280252999721,15.5011655011655,4.098666998878784,4.325728484300881,19.166816465935646,5.878123314758224,,,
2673,48295,TX,Lipscomb County,6,0,3138.0,40.12109623964308,29.924861156484813,14.127569847127042,5.594405594405594,5.870841487279844,15.901848311026132,7.743785850860421,,,
2674,48297,TX,Live Oak County,6,0,11378.0,43.90050975566884,40.186540968809545,23.315613796513784,4.66683951257454,3.612073231073726,19.34434874318861,5.6161012480225,,,
2675,48299,TX,Llano County,6,0,21246.0,15.13226019015344,27.72869763465375,10.859458815115032,0.3579175704989153,4.185727355901189,36.41626659135838,4.0337004612632965,,,
2677,48303,TX,Lubbock County,6,0,308580.0,47.902002722146605,37.567076235029056,12.128167713234852,2.686514355034371,4.423641472111277,12.38900771274872,6.461857540994231,,,
2678,48305,TX,Lynn County,6,0,5587.0,50.13424020046536,39.37579386681183,20.953956437827408,3.4695817490494294,3.2535527299925207,15.858242348308574,6.461428315732952,,,
2679,48307,TX,McCulloch County,6,0,7676.0,37.87128712871287,35.12358049432198,19.500091894872263,1.561504142766093,7.66531713900135,21.964564877540383,4.481500781657114,,,
2680,48309,TX,McLennan County,6,0,258031.0,45.13953749743248,39.45729591158083,13.600330305532616,6.236065991464425,4.696339937855615,14.360290042669291,6.702683010956048,,,
2682,48313,TX,Madison County,6,0,13579.0,46.056410634067305,33.680092469102874,21.71868319794784,3.061480552070264,7.287201469687692,15.111569335002578,6.097650784299286,,,
2683,48315,TX,Marion County,6,0,9748.0,29.636848584324987,45.574075991303445,12.990851513019,1.5609514370664024,11.667951683371884,26.25153877718506,4.985638079606073,,,
2684,48317,TX,Martin County,6,0,5213.0,49.51083828889315,33.172147001934235,19.253246753246756,6.209850107066381,5.734323432343234,11.643967005563017,6.38787646268943,,,
2685,48319,TX,Mason County,6,0,3948.0,21.75785207700101,22.715736040609137,17.62114537444934,4.966442953020135,3.489702517162472,29.48328267477204,7.092198581560284,,,
2686,48321,TX,Matagorda County,6,0,36323.0,57.6108801585772,42.59717855254737,18.619299571680525,6.912173023527693,6.303030303030304,16.768989345593702,7.414035184318476,,,
2687,48323,TX,Maverick County,6,0,57769.0,97.4138378715228,52.48254056495605,36.446586637565176,26.749576031656304,7.0044145469833925,11.577143450639618,8.992712354376915,,,
2688,48325,TX,Medina County,6,0,50458.0,58.16520670656784,28.23807843218668,14.177527298344488,3.2925738144944825,3.025752020848977,16.788219905664118,5.769154544373539,,,
2689,48327,TX,Menard County,6,0,1981.0,41.4437152953054,32.92244478685157,17.911434236615996,9.734513274336283,8.58050847457627,34.2251388187784,2.92781423523473,,,
2690,48329,TX,Midland County,6,0,166964.0,56.62118780096308,22.748301461772293,15.483386593770454,4.727112398828457,3.2696177062374243,10.071632208140676,8.628207278215664,,,
2691,48331,TX,Milam County,6,0,24895.0,38.7427194215706,36.57269119031057,13.9340372523431,4.5277207392197125,6.328665130296046,20.710986141795544,5.651737296645913,,,
2692,48333,TX,Mills County,6,0,4520.0,27.942477876106192,30.93706936150666,14.678086237448316,0.7669616519174041,2.4281466798810705,27.300884955752213,2.47787610619469,,,
2693,48335,TX,Mitchell County,6,0,8903.0,48.85993485342019,30.318257956448917,17.751923437793206,9.565987599645704,1.994134897360704,15.88228686959452,7.1099629338425245,,,
2694,48337,TX,Montague County,6,0,19850.0,14.92191435768262,32.406696360006144,13.520864648199844,1.2125079770261646,6.971375807940905,21.324937027707808,5.465994962216625,,,
2695,48339,TX,Montgomery County,6,0,607999.0,36.34496109368601,22.31215383266877,10.40189422407444,3.1853047665260723,4.568569715892997,13.140646612905613,6.522543622604643,,,
2696,48341,TX,Moore County,6,0,21494.0,68.86107751000279,37.99212598425197,32.8922193877551,17.23487596111998,2.030104971281442,11.19847399274216,9.416581371545549,,,
2697,48343,TX,Morris County,6,0,11988.0,36.9703036369703,39.13672739656053,10.06572541382668,0.0,5.709935287400076,21.354688021354686,4.92992992992993,,,
2698,48345,TX,Motley County,6,0,1269.0,20.803782505910164,43.49881796690308,13.413304252998907,1.5283842794759823,3.6163522012578615,27.42316784869977,5.594956658786446,,,
2699,48347,TX,Nacogdoches County,6,0,64822.0,41.323933232544505,44.26882117781436,14.671024659863946,2.526986227718268,7.440583216188826,14.82058560365308,6.184628675449693,,,
2700,48349,TX,Navarro County,6,0,51908.0,46.1566617862372,39.33514193599119,19.82161438977256,5.113055334621066,5.086091608157807,16.83748169838946,7.033597903983972,,,
2701,48351,TX,Newton County,6,0,12532.0,27.0427705075008,46.07295963762841,17.929780706737873,0.0,10.371932515337424,20.79476540057453,4.652090647941271,,,
2702,48353,TX,Nolan County,6,0,14727.0,46.49283628709174,45.453918322295806,17.671232876712327,4.956741167988464,7.950609847914471,18.32009234738915,7.014327425816528,,,
2703,48355,TX,Nueces County,6,0,353594.0,71.56258307550468,36.39858936119123,15.892978264720242,4.323616619815934,5.97938630906377,14.516931848391094,6.465041827632821,,,
2704,48357,TX,Ochiltree County,6,0,10063.0,58.40206697803836,42.985971943887776,23.34494773519164,8.210818307905686,1.924985116094463,10.49388850243466,8.019477293053761,,,
2705,48359,TX,Oldham County,6,0,2251.0,29.80897378942692,31.260410882842866,12.566641279512568,1.0802469135802468,1.5182186234817814,12.172367836517104,6.086183918258552,,,
2706,48361,TX,Orange County,6,0,85045.0,20.692574519372094,28.10303614113953,11.043408021352812,0.8682595639117379,5.372496396799364,15.555294255982128,6.638838262096537,,,
2707,48363,TX,Palo Pinto County,6,0,28303.0,26.42829382044306,35.732932804062514,13.138045050630296,2.667822402003275,6.882716049382716,19.559763982616683,6.013496802459104,,,
2708,48365,TX,Panola County,6,0,22583.0,27.303724040207232,36.08727075616586,17.325247782994264,1.1116540434888835,2.8008930383600568,19.6652349112164,5.840676615152991,,,
2709,48367,TX,Parker County,6,0,144803.0,18.22476053672921,21.09127081421496,10.335658328049254,1.7573551116796222,4.3234397292080455,15.391946299455125,6.036477144810536,,,
2710,48369,TX,Parmer County,6,0,9874.0,67.33846465464856,35.29291483488396,26.70737586373132,10.245901639344265,2.2235948116121063,14.533117277699006,7.798258051448248,,,
2711,48371,TX,Pecos County,6,0,15202.0,75.83870543349559,42.925733756679314,25.02958579881657,8.088088088088089,1.317089232795522,12.61018287067491,6.788580449940797,,,
2712,48373,TX,Polk County,6,0,49372.0,29.04480272219072,40.03876053393724,19.616031390134527,1.421188630490956,9.458987783595113,18.486186502471035,5.205379567366118,,,
2713,48375,TX,Potter County,6,0,119043.0,57.15329754794486,47.689154264325815,23.50863266521135,6.737350068440712,3.582791800844598,12.639970430852715,7.359525549591324,,,
2714,48377,TX,Presidio County,6,0,6328.0,84.3236409608091,67.21492962201486,47.911001236093945,28.610478359908885,7.839056538328131,21.428571428571427,7.032237673830593,,,
2715,48379,TX,Rains County,6,0,12013.0,16.015982685424124,29.96980372420735,13.642473118279568,3.4023991275899674,3.867818250093879,23.81586614500957,4.336968284358612,,,
2716,48381,TX,Randall County,6,0,139176.0,30.791946887394374,24.19931694589801,6.281218373543143,1.9016152716593244,3.1564309918861637,15.103178708972813,6.161981950911077,,,
2717,48383,TX,Reagan County,6,0,3363.0,74.45732976509069,40.62312762133013,14.83402489626556,7.483629560336763,6.359781950333132,9.872137972048764,9.51531370799881,,,
2718,48385,TX,Real County,6,0,2852.0,24.54417952314165,48.89222681186632,10.752145381120648,1.4557670772676372,1.4130434782608696,32.15287517531557,5.434782608695652,,,
2719,48387,TX,Red River County,6,0,11685.0,26.82071031236628,43.93294536610788,12.2339806954297,1.0673055979089523,4.3049139017219655,24.681215233204963,5.494223363286264,,,
2720,48389,TX,Reeves County,6,0,14584.0,77.43417443773998,37.92873546188606,29.52018121911038,16.756756756756758,6.521739130434782,12.22572682391662,5.341470104223807,,,
2721,48391,TX,Refugio County,6,0,6822.0,59.55731457050718,41.27602216564325,18.77248677248677,3.015075376884422,5.598866052445074,22.28085605394313,6.640281442392261,,,
2722,48393,TX,Roberts County,6,0,724.0,17.67955801104972,24.92957746478873,6.428571428571428,0.0,0.0,24.585635359116026,1.2430939226519335,,,
2723,48395,TX,Robertson County,6,0,16839.0,43.92184809074173,38.27397753888656,15.059767908559463,2.266244057052298,9.44257891202149,19.90617020013065,6.348357978502286,,,
2724,48397,TX,Rockwall County,6,0,105227.0,31.72284679787507,12.297223578052773,6.438262339517058,1.554331721226692,3.612926327096948,12.186035903332796,6.088741482699307,,,
2725,48399,TX,Runnels County,6,0,9887.0,39.70870840497624,38.682784493538975,16.803398769411075,1.3347570742124937,1.9715224534501643,20.703954687974107,5.734803277030444,,,
2726,48401,TX,Rusk County,6,0,52542.0,37.44052377145902,33.29028495250792,15.458910382725984,2.8262347077480743,6.0831434590086415,16.297438239884283,5.561265273495489,,,
2727,48403,TX,Sabine County,6,0,9974.0,15.71084820533387,41.888055161224905,13.624373516222631,0.069492703266157,10.223924572775486,30.15841187086425,4.892721074794466,,,
2728,48405,TX,San Augustine County,6,0,7964.0,30.926670015067803,46.43502970808576,18.924508790072387,0.3157562361856647,11.36438718202841,27.47363134103465,4.4324460070316425,,,
2729,48407,TX,San Jacinto County,6,0,27380.0,26.41709276844412,39.68393972804116,15.509103169251516,2.380700454978309,7.724848261909141,21.658144631117604,4.901387874360847,,,
2730,48409,TX,San Patricio County,6,0,68600.0,62.79737609329447,38.0002069567017,18.245471382752857,2.3227486559139785,4.308419808222777,14.81195335276968,6.921282798833819,,,
2731,48411,TX,San Saba County,6,0,5775.0,36.88311688311688,37.20703125,18.35651074589128,3.520408163265306,3.373819163292848,23.463203463203463,4.987012987012987,,,
2732,48413,TX,Schleicher County,6,0,2547.0,57.008244994110726,25.206124852767964,15.075669383003492,2.2650056625141564,16.389132340052587,22.654102866117,7.7345897133883,,,
2733,48415,TX,Scurry County,6,0,16985.0,48.819546658816606,33.84697485157761,18.98653566229985,1.8583626318432949,2.912904165452957,15.030909626140712,6.376214306741241,,,
2734,48417,TX,Shackelford County,6,0,3145.0,15.230524642289348,25.024092515258594,9.437470943747094,0.0,7.202039515615041,19.84101748807631,5.373608903020668,,,
2735,48419,TX,Shelby County,6,0,24254.0,39.02861383689288,44.92603058510639,19.33645688236039,2.9781973477185884,5.9672762271414825,17.287870042054916,7.083367691927105,,,
2736,48421,TX,Sherman County,6,0,2357.0,48.40899448451421,39.42266264541146,28.39974699557242,8.518518518518519,1.835664335664336,16.46160373355961,5.345778532032244,,,
2737,48423,TX,Smith County,6,0,231429.0,41.09078810347882,31.899781247509143,12.363076558706853,3.639849097410816,4.889788813697803,16.492315137688017,6.595975439551655,,,
2738,48425,TX,Somervell County,6,0,9170.0,22.32279171210469,22.01763196071867,10.693776191215273,0.371862410907964,5.394285714285714,18.80043620501636,5.2344601962922575,,,
2739,48427,TX,Starr County,6,0,65568.0,96.77739141044412,60.59841938558996,41.245509638851566,29.29189741383945,12.103042416167,11.42325524646169,9.724255734504636,,,
2740,48429,TX,Stephens County,6,0,9142.0,30.1903303434697,35.050956143364246,15.145693243675954,1.536189069423929,6.520090978013647,19.24086633121855,5.075475825858674,,,
2741,48431,TX,Sterling County,6,0,1391.0,39.89935298346513,35.488611315209404,7.577639751552795,1.5113350125944585,0.0,11.574406901509706,7.189072609633357,,,
2742,48433,TX,Stonewall County,6,0,1358.0,26.4359351988218,36.98940998487141,15.538847117794486,2.9661016949152543,2.1052631578947367,18.924889543446245,10.456553755522828,,,
2743,48435,TX,Sutton County,6,0,3417.0,71.49546385718466,35.432607416127134,23.07692307692308,9.697508896797151,4.081632653061225,16.856892010535557,10.09657594381036,,,
2744,48437,TX,Swisher County,6,0,7055.0,56.00283486888732,56.12642067569672,27.11791334339297,7.105369398465886,6.213872832369942,18.32742735648476,4.592487597448618,,,
2745,48439,TX,Tarrant County,6,0,2091953.0,55.18580006338575,28.48935367715378,13.348500790425494,5.699752907526858,5.050819266247246,11.354987420845497,6.75249396138441,,,
2746,48441,TX,Taylor County,6,0,141739.0,38.0184705691447,35.94349841209022,10.644971574201136,2.4544021616752985,2.754262027090145,14.374307706418136,7.153288791370054,,,
2747,48443,TX,Terrell County,6,0,979.0,58.22267620020429,35.648621041879466,13.580246913580249,1.643192488262911,0.0,29.111338100102145,2.96220633299285,,,
2748,48445,TX,Terry County,6,0,11937.0,59.06844265728407,47.24861086216168,27.02739354488744,9.701126898579128,7.950664136622391,14.769204992879285,7.698751780179275,,,
2749,48447,TX,Throckmorton County,6,0,1426.0,16.40953716690042,35.34361851332398,8.955223880597014,1.9417475728155336,5.937921727395412,25.105189340813467,8.76577840112202,,,
2750,48449,TX,Titus County,6,0,31327.0,56.44013151594472,45.9235627739108,20.822017965322747,6.926975783743194,4.997902977771564,13.959204520062563,7.600472435917899,,,
2751,48451,TX,Tom Green County,6,0,119048.0,48.44600497278408,30.07852267596781,12.564293847422356,3.197661445084125,3.7417987971569167,15.398830723741682,6.632618775619918,,,
2752,48453,TX,Travis County,6,0,1267795.0,51.91809401362208,24.37258384199112,9.365507854590824,5.221623913174532,4.299931819121867,9.976376306895045,5.991031673101724,,,
2753,48455,TX,Trinity County,6,0,13695.0,22.65790434465133,40.19245003700963,16.099226674701214,3.4019391052900154,8.404503105590063,25.90726542533772,4.936108068638189,,,
2754,48457,TX,Tyler County,6,0,20032.0,21.615415335463258,37.0403688294164,18.5963687150838,0.934865900383142,16.19891008174387,21.800119808306707,4.313099041533546,,,
2755,48459,TX,Upshur County,6,0,40781.0,20.293764252960937,36.78329318864692,14.444962185024554,0.7683863885839737,4.786076867295142,18.09666266153356,5.73060984281896,,,
2756,48461,TX,Upton County,6,0,3340.0,61.07784431137725,34.756097560975604,23.94429469901168,7.59493670886076,5.193075898801598,14.820359281437126,3.0239520958083834,,,
2757,48463,TX,Uvalde County,6,0,24918.0,74.9739144393611,46.64203612479474,25.222880197826512,9.454589139836616,5.04746257758306,16.229231880568264,7.215667389036039,,,
2758,48465,TX,Val Verde County,6,0,47767.0,85.61559235455441,43.95311783835695,29.0902153931532,12.987736900780378,4.380288700846193,13.936399606422844,8.212782883580715,,,
2759,48467,TX,Van Zandt County,6,0,58782.0,17.30801946173999,34.68435783145019,13.869130551685366,1.2654782963668527,3.690699126092385,20.0622639583546,5.654792283352047,,,
2760,48469,TX,Victoria County,6,0,91280.0,56.79776511831727,34.87637086506891,16.363392647699474,2.375873052982261,4.615454607493005,15.99364592462752,6.831726555652937,,,
2761,48471,TX,Walker County,6,0,76506.0,44.11549420960448,43.73367282827949,14.144194831812884,1.9301934398654328,4.600200736032118,13.161059263325752,4.06373356338065,,,
2762,48473,TX,Waller County,6,0,55505.0,57.66327357895685,29.64217289493546,12.48157405627123,6.270970727756565,4.556088207094919,11.739482929465812,6.442662823169084,,,
2763,48475,TX,Ward County,6,0,11375.0,61.75824175824176,34.44454295593581,21.283167204829425,5.559432426145616,5.743740795287187,13.626373626373626,7.630769230769231,,,
2764,48477,TX,Washington County,6,0,35561.0,37.25148336660949,27.59051929490233,10.874774055235612,2.279591543218755,4.812958862603426,21.56857231236467,5.452602570231433,,,
2765,48479,TX,Webb County,6,0,266963.0,96.6560909189663,47.96671323482087,31.179040469930214,25.65381132966788,5.780138187068165,9.408419893393466,8.898986001805493,,,
2766,48481,TX,Wharton County,6,0,41602.0,56.64150761982597,38.09558679945323,19.47242743078875,3.67553865652725,6.002728512960437,16.939089466852554,6.869862025864141,,,
2767,48483,TX,Wheeler County,6,0,5091.0,30.936947554507952,38.89882727092029,18.64904552129222,4.289405684754522,3.8415841584158414,19.701433902966016,6.285602042820663,,,
2768,48485,TX,Wichita County,6,0,129419.0,36.01248657461424,37.09720372836218,11.909098585093425,2.8563718265418387,4.681325362245415,14.628454863659895,6.280376142606572,,,
2769,48487,TX,Wilbarger County,6,0,12887.0,43.71847598354932,45.4589567327133,21.43921164203048,3.270824247710423,8.681875792141952,17.785365096608984,6.370761232249554,,,
2770,48489,TX,Willacy County,6,0,20423.0,89.72237183567546,55.62581656650117,31.46179913739988,13.179448994787789,7.935785039280428,13.817754492483964,6.306615090828966,,,
2771,48491,TX,Williamson County,6,0,591759.0,42.873027702155774,16.787347885467508,5.993944590728698,2.994765359537148,4.524185321049711,12.202095785615429,6.235984581561075,,,
2772,48493,TX,Wilson County,6,0,49374.0,44.58216875278487,26.64233576642336,10.66575277148647,2.483922355301197,3.889263441766391,15.80183902458784,5.764167375541783,,,
2773,48495,TX,Winkler County,6,0,7629.0,66.7715296893433,31.869444075892268,28.272138228941685,5.986044803525523,2.153040442246145,11.993708218639403,7.209332809018219,,,
2774,48497,TX,Wise County,6,0,67877.0,24.79632276028699,27.492202495201536,14.121945349931089,2.822717983651226,4.619091859249797,14.959411877366414,6.07864224995212,,,
2775,48499,TX,Wood County,6,0,44615.0,18.605850050431467,32.85308630481333,13.846772696330218,0.8246132848043677,4.575455867546705,26.49781463633307,4.693488736971871,,,
2776,48501,TX,Yoakum County,6,0,7707.0,71.1950175165434,27.14415466459063,27.09443615433809,13.087248322147651,3.57350377687391,9.04372648241858,9.121577786427922,,,
2777,48503,TX,Young County,6,0,17894.0,23.046831340114004,32.892270997785225,13.248551191242756,3.833175867188555,3.276033881415048,20.353191013747622,5.627584665250922,,,
2778,48505,TX,Zapata County,6,0,13945.0,96.58659017569022,59.98411781692175,31.75529889579896,26.74259681093394,8.317686819376643,13.266403728935105,8.741484403011832,,,
2779,48507,TX,Zavala County,6,0,9900.0,94.5858585858586,54.1025379675874,24.42631310555839,13.376546847377726,3.6658932714617167,14.7979797979798,7.292929292929292,,,
2780,49001,UT,Beaver County,8,0,6962.0,15.972421717897156,23.24793875147232,9.26517571884984,0.940733772342427,5.124835742444152,14.248779086469405,9.26457914392416,,,
2781,49003,UT,Box Elder County,8,0,56891.0,13.492468052943348,26.15264852623757,6.27930983630733,1.055292953721007,2.6585402333233623,12.594259197412596,7.712995025575223,,,
2782,49005,UT,Cache County,8,0,131703.0,16.82725526373735,34.73395237428647,5.837091277105564,1.7020960309201725,2.5540097953787444,9.45992118630555,8.078024038936091,,,
2783,49007,UT,Carbon County,8,0,20208.0,17.68111638954869,37.96431264136718,8.523290386521309,0.5668642102550888,6.778318433857644,17.750395882818687,6.462787015043547,,,
2785,49011,UT,Davis County,8,0,358831.0,17.46560358497454,17.230764909915603,4.316243565884865,1.0555146088681426,2.441486869408064,10.06183969612436,7.94580178412679,,,
2786,49013,UT,Duchesne County,8,0,19651.0,15.525927433718389,33.63716401677974,10.23384243679351,1.799775028121485,5.272088231729487,11.923057350770954,8.747646430207114,,,
2787,49015,UT,Emery County,8,0,9839.0,9.523325541213538,31.912927405277745,5.751570807153214,1.072463768115942,4.216269841269842,17.06474235186503,6.108344343937392,,,
2788,49017,UT,Garfield County,8,0,5061.0,11.914641375222288,40.16427104722793,4.821327283040272,1.7004936917169502,4.874835309617918,22.880853586247778,6.401896858328393,,,
2789,49019,UT,Grand County,8,0,9630.0,18.82658359293873,43.35459583812611,6.238480079398837,3.4418169047061573,1.207860104561024,20.384215991692628,4.859813084112149,,,
2790,49021,UT,Iron County,8,0,55839.0,15.091602643313813,38.5877924757062,6.667304686253868,0.8626522327469555,4.1669829222011385,12.8995863106431,7.279858163649062,,,
2791,49023,UT,Juab County,8,0,11648.0,9.306318681318682,28.3035249175204,7.480916030534352,0.7142857142857143,2.3542600896860986,12.3540521978022,8.456387362637363,,,
2792,49025,UT,Kane County,8,0,7635.0,9.88867059593975,31.48573746113289,7.304875870691195,0.3659347970725216,3.485477178423237,22.370661427635888,5.068762278978389,,,
2793,49027,UT,Millard County,8,0,12860.0,17.115085536547433,26.678208861257573,10.267229254571026,1.4272121788772598,3.110720562390158,16.951788491446347,7.674961119751167,,,
2794,49029,UT,Morgan County,8,0,12162.0,6.60253247821082,11.89731775547145,2.163355408388521,0.0,1.2902019446522064,11.667488899851998,7.416543331688867,,,
2795,49031,UT,Piute County,8,0,1809.0,6.025428413488116,53.14253647586981,10.802223987291502,0.0,5.623100303951368,28.80044223327805,3.648424543946932,,,
2796,49033,UT,Rich County,8,0,2507.0,11.727163940965298,29.696243005595523,3.1628532974428,1.059001512859304,3.0752916224814424,18.189070602313524,8.177104108496211,,,
2797,49035,UT,Salt Lake County,8,0,1173331.0,30.19889528189403,23.034236113569506,8.199408368809333,3.124499479458637,3.861356082601013,10.95615815145087,7.09083796473459,,,
2798,49037,UT,San Juan County,8,0,14610.0,56.57768651608487,44.05403513683768,13.449564134495642,8.337088778729157,11.090696509103056,14.35318275154004,7.221081451060918,,,
2799,49039,UT,Sanpete County,8,0,28458.0,14.32637571157495,36.02469998834906,9.008168028004668,0.5805852299117511,3.860594188703885,13.830908707569048,6.022910956497294,,,
2800,49041,UT,Sevier County,8,0,21471.0,8.509151879279027,33.64083640836408,7.640017733116595,0.7586206896551724,5.415760588174382,16.375576358809557,7.042056727679196,,,
2801,49043,UT,Summit County,8,0,42156.0,16.019072018218047,13.812562502976334,4.96399086597576,1.1651205936920224,1.8847053818336523,12.96612581838884,5.043172976563241,,,
2802,49045,UT,Tooele County,8,0,71340.0,18.88561816652649,22.003600640743944,7.62513159153986,1.2320232351150044,4.061858491857123,8.791701710120549,7.656293804317353,,,
2803,49047,UT,Uintah County,8,0,35488.0,19.454463480613164,36.50051328846812,12.41939336040124,1.8972120780261867,6.270385409039473,10.834648331830476,8.205590622182147,,,
2804,49049,UT,Utah County,8,0,648265.0,18.738478862810734,25.770386405010807,4.874927104754305,1.5056832434903311,3.56710815125212,7.619723415578505,9.053396373396682,,,
2805,49051,UT,Wasatch County,8,0,34028.0,17.10356177265781,16.293062765455403,3.942059981529189,1.5506061460389062,2.308487423911795,11.819677912307512,7.687786528741036,,,
2806,49053,UT,Washington County,8,0,176533.0,16.833679821902987,27.35929643919806,6.307141681037845,1.5461817944832754,3.1769261652830485,21.440183988262817,6.21866733132049,,,
2807,49055,UT,Wayne County,8,0,2500.0,7.960000000000001,33.211826650465774,8.314479638009049,0.2843601895734597,0.5208333333333333,22.68,6.12,,,
2808,49057,UT,Weber County,8,0,259390.0,24.575349859285247,25.47537710390441,8.180795708759224,1.3120430058540808,3.396508541736757,11.634218743976252,7.3229499980724,,,
2809,50001,VT,Addison County,1,0,37306.0,8.095212566343216,19.261947265224897,5.676133302547526,0.1313243019076582,4.052963789094015,20.28896156114298,4.055647885058704,,,
2810,50003,VT,Bennington County,1,0,37235.0,6.918222102860212,27.371998440024512,5.993453478309943,0.3514090815131261,4.389478242043732,22.47079360816436,4.681079629380959,,,
2811,50005,VT,Caledonia County,1,0,30402.0,6.239721070982172,32.40172302682902,7.140889052167523,0.2155688622754491,3.5586734693877555,21.100585487796856,4.572067627129794,,,
2812,50007,VT,Chittenden County,1,0,167523.0,12.460378574882256,22.481778633350007,4.986687774339785,1.3060194288733014,3.7741626012941154,15.205076317878738,4.524751825122521,,,
2813,50009,VT,Essex County,1,0,5972.0,5.7267247153382455,37.353237168735326,10.247970155804255,0.622938805423232,5.47945205479452,25.83724045545881,4.05224380442063,,,
2814,50011,VT,Franklin County,1,0,49752.0,6.803746583051938,25.22972068398953,8.290333677330581,0.4771142452681802,3.647727272727273,16.178244090689823,5.742482714262744,,,
2815,50013,VT,Grand Isle County,1,0,7249.0,8.304593737067181,16.955256960797893,5.184373859072655,0.2393162393162393,4.075235109717868,20.83045937370672,4.359221961649882,,,
2816,50015,VT,Lamoille County,1,0,25920.0,6.30787037037037,27.05817130637944,6.630106937208664,0.1385041551246537,3.91644908616188,17.16435185185185,4.675925925925926,,,
2817,50017,VT,Orange County,1,0,29286.0,5.354094106398962,26.666899149114244,6.41849710982659,0.2099652749737543,3.082212807760791,21.283206993102507,4.507273099774636,,,
2818,50019,VT,Orleans County,1,0,27317.0,5.68876523776403,31.08461101646792,8.780609695152423,0.6438525313106368,5.940235872946965,22.74407877878244,4.769923490866494,,,
2819,50021,VT,Rutland County,1,0,60662.0,5.797698724077676,27.62028076870656,6.272704709041268,0.252020161612929,4.33753438679547,22.14071412086644,4.27780158913323,,,
2820,50023,VT,Washington County,1,0,59609.0,6.6734889026824815,24.92049624322908,5.393937973229565,0.9587460715280264,3.122116271916333,19.695012498112703,4.4271838145246525,,,
2821,50025,VT,Windham County,1,0,45811.0,7.860557508022091,30.81247733043163,6.32114598346913,0.4348965155881583,4.661120626376316,23.158193446988715,4.324288926240422,,,
2822,50027,VT,Windsor County,1,0,57593.0,6.099699616272811,25.28008737316798,5.83808068176555,0.1067148251518634,3.59448554135844,23.49417463927908,4.300869897383362,,,
2823,51001,VA,Accomack County,3,0,33388.0,40.30190487600336,40.579841586553,17.72385005729252,2.112775579423403,3.879975834060549,24.143404816101597,5.424104468671379,,,
2824,51003,VA,Albemarle County,3,0,111438.0,23.614027531003785,17.262687606374747,6.680372698638622,1.5116333070171364,3.3238651399940013,18.71444211130853,5.312371004504747,,,
2825,51005,VA,Alleghany County,3,0,15266.0,8.771125376654004,31.10697179350718,10.696473102956894,0.0,3.245467012037178,24.06655312459059,4.04166120791301,,,
2826,51007,VA,Amelia County,3,0,13220.0,26.67927382753404,30.178911305671868,14.54488583046606,1.4258188824662814,4.33170152796321,19.30408472012103,5.332829046898638,,,
2827,51009,VA,Amherst County,3,0,31381.0,25.751250756827385,30.266684096999803,12.34066951881092,0.151539320465784,5.047955577990914,20.71317038972627,5.117746407061598,,,
2828,51011,VA,Appomattox County,3,0,16039.0,23.4927364548912,31.15996492546661,11.10719633577028,0.0969775335380636,3.714577482767424,20.31298709395848,6.085167404451649,,,
2829,51013,VA,Arlington County,3,0,235764.0,39.79954530801989,14.018329842549146,5.10730529119134,4.780512745599299,2.910370139721617,10.83625998880236,5.64505183149251,,,
2830,51015,VA,Augusta County,3,0,76948.0,10.387534438841817,24.91600959890298,10.556811758055398,0.4518072289156626,3.0481705712029483,21.1116598222176,4.5745178562145865,,,
2831,51017,VA,Bath County,3,0,4243.0,4.807918925288711,48.09672013406751,14.847030593881223,0.6582556226001097,1.7316017316017316,28.35258072118784,4.265849634692435,,,
2832,51019,VA,Bedford County,3,0,79183.0,13.244004394882742,24.186520575869537,7.668893063382731,0.6910657287179646,3.133390683246005,21.508404581791545,4.619678466337471,,,
2833,51021,VA,Bland County,3,0,6278.0,6.482956355527238,33.74905517762661,11.093084567024944,0.0,3.969270166453265,23.160242115323356,4.189232239566741,,,
2834,51023,VA,Botetourt County,3,0,33542.0,8.210601633772583,19.208171382084423,6.188358932902183,0.2064851636586112,3.0534351145038165,22.40176495140421,4.331882416075368,,,
2835,51025,VA,Brunswick County,3,0,16044.0,59.33682373472949,41.49368397724754,21.59177135148807,0.6435224386113463,6.885919835560124,20.961106955871355,4.207180254300673,,,
2836,51027,VA,Buchanan County,3,0,20615.0,5.573611447974776,48.85805438800831,26.278591621691085,0.1747311827956989,5.837219798405296,22.12951734174145,4.031045355323793,,,
2837,51029,VA,Buckingham County,3,0,16832.0,38.80703422053232,38.515472257803545,19.1710255190997,0.4367575122292104,7.018561484918793,19.43916349809886,4.657794676806084,,,
2838,51031,VA,Campbell County,3,0,55656.0,21.735302572948108,30.34687340758535,10.567119531347377,1.6409656970732365,4.403414294611129,19.911599827511857,5.289636337501797,,,
2839,51033,VA,Caroline County,3,0,30861.0,36.93334629467613,23.48937352410057,11.3346905923015,0.7090909090909091,4.140759359703664,16.068824730242053,6.1663588347752825,,,
2840,51035,VA,Carroll County,3,0,29123.0,6.228753905847611,37.28415527006493,18.44522645217312,0.9318050630823782,5.059162621359223,24.43086220512997,4.285272808433197,,,
2841,51036,VA,Charles City County,3,0,6817.0,56.85785536159601,32.6764705882353,17.10870377288009,0.068212824010914,3.3539276257722856,24.952325069678743,2.860495819275341,,,
2842,51037,VA,Charlotte County,3,0,11605.0,31.960361912968548,39.03211614606247,15.510053948013732,0.2388189318280503,4.113215231113826,21.91296854803964,4.265402843601896,,,
2843,51041,VA,Chesterfield County,3,0,359798.0,39.97854351608402,18.1169785606884,7.428481959283233,2.4255805100875527,4.719793167666322,14.997581976553512,5.951394949388268,,,
2844,51043,VA,Clarke County,3,0,14726.0,14.980306940105937,16.085071236836672,8.321710832171084,1.7392832044975406,3.7208074943924,20.86785277740052,4.013309792204264,,,
2845,51045,VA,Craig County,3,0,4914.0,3.8461538461538463,36.07277289836888,11.376564277588168,0.1545595054095827,1.3565891472868217,23.1990231990232,6.430606430606431,,,
2846,51047,VA,Culpeper County,3,0,52021.0,31.46037177293785,23.020411404971806,11.124439493902264,1.0004521817770744,4.162929745889387,15.380327175563716,6.257088483497049,,,
2847,51049,VA,Cumberland County,3,0,9669.0,36.51877133105802,26.062674526838347,11.967349197565024,0.4761904761904762,2.7302441838108056,22.29806598407281,4.736787671941255,,,
2848,51051,VA,Dickenson County,3,0,14256.0,2.595398428731762,47.72084933690847,20.024651559685218,0.0,4.561717352415027,22.50280583613917,4.566498316498317,,,
2849,51053,VA,Dinwiddie County,3,0,28040.0,37.799572039942944,30.07386175724837,11.299491875031444,0.1460849240358395,6.168091168091168,17.546362339514978,5.174750356633381,,,
2850,51057,VA,Essex County,3,0,10621.0,45.937294040109215,37.116826421182495,15.342537119041417,0.6280530355896721,8.623816240177312,22.992185293286884,5.300819131908483,,,
2851,51059,VA,Fairfax County,3,0,1146825.0,50.68157739846969,14.325179319719275,6.635226279967818,6.549001279751781,4.16694157233475,13.621433087001067,6.235389008785124,,,
2852,51061,VA,Fauquier County,3,0,72416.0,21.35025408749448,13.306132644989384,7.160434547746234,2.292713567839196,2.889149407320568,16.374834290764472,5.639637649138312,,,
2853,51063,VA,Floyd County,3,0,15536.0,7.144696189495366,33.72160745486313,9.800378592324902,0.0,3.3620908398883533,23.64830072090628,4.312564366632338,,,
2854,51065,VA,Fluvanna County,3,0,27078.0,23.147942979540588,14.562460864120224,6.513793621388874,1.1123359054013429,2.834575920868089,19.850062781593916,4.125120023635423,,,
2855,51067,VA,Franklin County,3,0,54829.0,13.082492841379562,31.85719125230549,10.868094701240135,0.2995506739890164,2.857026077004823,23.50033741268307,4.282405296467198,,,
2856,51069,VA,Frederick County,3,0,90287.0,18.16983618904161,19.43958363909367,11.648330592236574,1.9069156250954984,3.7259457326962697,17.407821724057726,5.768272287261731,,,
2857,51071,VA,Giles County,3,0,16764.0,5.631114292531615,29.39331805572307,10.09099106484138,0.2491207502930832,2.0476068594829795,21.194225721784772,5.046528274874731,,,
2858,51073,VA,Gloucester County,3,0,38586.0,16.433421448193645,22.015013828526275,10.56659934091634,0.0739147963983335,3.3490590491990253,19.26346343233297,4.83076763593013,,,
2859,51075,VA,Goochland County,3,0,24300.0,22.666666666666664,12.778782399035563,5.992795546337736,0.5182991326422679,3.1486681984511957,22.588477366255145,4.049382716049383,,,
2860,51077,VA,Grayson County,3,0,15418.0,10.896354909845634,38.73278236914601,17.336079642979747,1.161649214659686,4.610687022900764,24.6919185367752,4.397457517187703,,,
2861,51079,VA,Greene County,3,0,20374.0,19.69176401295769,21.348148148148148,11.618845200141694,0.7699455728129564,4.017938861431448,17.87572396191224,5.791695297928732,,,
2862,51081,VA,Greensville County,3,0,11465.0,64.03837767117314,36.33980698200882,22.804628999319267,0.1570845114671693,8.872598584428717,15.202791103358043,4.195377235063235,,,
2863,51083,VA,Halifax County,3,0,34228.0,40.41135912118733,39.59801696332577,17.271366743518183,0.1258699837109433,4.967320261437909,24.190721047095945,5.247166062872502,,,
2864,51085,VA,Hanover County,3,0,109232.0,17.263256188662663,14.472348707061114,6.188040497785277,0.5829818903497892,3.1478918407993786,17.869305697963966,4.896916654460232,,,
2865,51087,VA,Henrico County,3,0,331924.0,48.53430303322448,21.877818778187784,7.284484623037328,2.902653531121428,4.065779461436134,15.522529253684578,5.986912666755041,,,
2866,51089,VA,Henry County,3,0,51077.0,30.8612487029387,44.493760324821366,19.13080642145471,1.1844414115812048,5.89874593590339,23.775867807428,4.628306282671261,,,
2867,51091,VA,Highland County,3,0,2229.0,7.671601615074024,31.76470588235294,7.879146919431279,0.0,16.118769883351007,33.42305966801256,3.54419021982952,,,
2868,51093,VA,Isle of Wight County,3,0,38301.0,30.208088561656357,20.498149654864704,9.039280643634642,0.6904335125804952,5.647590361445784,18.91073340121668,4.9528732931255055,,,
2869,51095,VA,James City County,3,0,77733.0,25.718806684419743,16.131927013564656,4.419203123613453,1.428667473443593,4.423544850589168,25.1797820745372,4.915544234752293,,,
2870,51097,VA,King and Queen County,3,0,6690.0,33.99103139013453,27.305389221556887,11.736641221374049,0.0,3.236894872529361,23.28849028400598,4.872944693572497,,,
2871,51099,VA,King George County,3,0,26597.0,28.62728879196902,19.554540262707025,7.71061129681038,0.8893594494441502,2.9108461932275285,13.061623491371208,5.865323156747001,,,
2872,51101,VA,King William County,3,0,17511.0,22.819941750899435,21.4852738150023,7.418446762709058,0.4349782510874456,2.9783203536097664,16.064188224544573,5.904859802409914,,,
2873,51103,VA,Lancaster County,3,0,10916.0,32.94246976914621,28.10901311505906,10.09438305709024,1.039060996728882,11.725218169612887,35.69989006962257,3.6643459142543056,,,
2874,51105,VA,Lee County,3,0,22482.0,7.116804554754914,50.67583703491426,20.201543991985385,0.0,9.396825396825395,21.67066986922872,4.376834801174273,,,
2875,51107,VA,Loudoun County,3,0,413574.0,45.883445284278025,9.344435311683826,5.933944018830303,4.063674552288305,3.359460547329787,9.462151876085054,6.762997673935016,,,
2876,51109,VA,Louisa County,3,0,37136.0,23.179663937957777,26.530005941770646,10.836312705023774,0.810315670800451,6.151761517615176,19.746337785437312,5.426001723395088,,,
2877,51111,VA,Lunenburg County,3,0,11982.0,41.378734768819896,38.33770462150674,20.27120202252356,0.2555762081784387,4.760931753167143,21.94124520113504,4.732098147220832,,,
2878,51113,VA,Madison County,3,0,13731.0,15.330274561211857,29.242569511025884,12.358764123587642,0.2125603864734299,5.026533018867925,22.84611463112665,5.629597261670672,,,
2879,51115,VA,Mathews County,3,0,8548.0,15.383715489003274,17.141169521559362,7.363678732328724,0.028105677346824,6.960110041265474,29.866635470285445,4.1998128217126816,,,
2880,51117,VA,Mecklenburg County,3,0,30347.0,39.69090849177843,39.46760046236486,13.534034900759291,0.450414855788226,3.4090909090909087,25.439087883481072,5.127360200349293,,,
2881,51119,VA,Middlesex County,3,0,10686.0,22.197267452741904,26.572204968944103,12.052619104053091,0.0,6.154473201548808,31.957701665730863,3.5934868051656377,,,
2882,51121,VA,Montgomery County,3,0,99294.0,16.720043507160554,37.66853650648496,5.81352252872346,1.257985534573495,3.550949326763793,12.878925211996698,4.046568775555421,,,
2883,51125,VA,Nelson County,3,0,14795.0,18.99290300777289,26.29152542372881,15.505335844318896,0.5204098227354041,4.710500490677134,27.0023656640757,4.64346062859074,,,
2884,51127,VA,New Kent County,3,0,22519.0,22.41218526577557,15.473631249142386,6.7204953861097625,0.1685528533590175,3.1013615733736764,17.594031706558905,4.298592299835694,,,
2885,51131,VA,Northampton County,3,0,12226.0,45.084246687387534,31.99899715861608,14.134858651413488,0.2078609221466364,5.295354616708087,27.05709144446262,4.891215442499592,,,
2886,51133,VA,Northumberland County,3,0,11965.0,31.7258671124112,29.01006711409396,9.594928548404429,0.0,7.329724853405503,38.81320518178019,2.524028416213957,,,
2887,51135,VA,Nottoway County,3,0,15667.0,45.84157783876939,42.12451585138431,16.66075545309452,1.205500094179695,5.80226904376013,18.77832386544967,4.7871321886768365,,,
2888,51137,VA,Orange County,3,0,36001.0,22.93269631399128,21.26448177208736,10.378610460577674,0.4867573371510379,4.987684729064039,19.7938946140385,5.28040887753118,,,
2889,51139,VA,Page County,3,0,23734.0,7.082666217241089,33.47349643221203,16.97950253339475,0.0,4.318676534610361,20.915142833066486,5.0771045757141655,,,
2890,51141,VA,Patrick County,3,0,17661.0,10.401449521544649,30.339032164589973,16.795580110497237,0.1939989653388515,2.8575025176233635,26.408470641526527,4.858162051978936,,,
2891,51143,VA,Pittsylvania County,3,0,60833.0,26.20945868196538,37.395353528561344,15.945562549871442,0.9771722823662976,5.375297425913908,22.80834415531044,4.270708332648398,,,
2892,51145,VA,Powhatan County,3,0,29979.0,14.66693352013076,11.243072050673,8.639021796916534,0.0,1.865572902884361,18.8498615697655,4.313019113379365,,,
2893,51147,VA,Prince Edward County,3,0,21887.0,39.21505916754238,42.75490855709829,14.31300748288489,0.3655279066497962,4.486338145805989,16.210535934573034,4.354182848266095,,,
2894,51149,VA,Prince George County,3,0,42170.0,45.859615840645006,23.394250293897617,11.273063996158855,0.4883125200128081,7.170742909633712,14.100071140621296,5.556082523120702,,,
2895,51153,VA,Prince William County,3,0,477224.0,59.17682262417648,16.756762492969553,10.37427183197931,5.648955398437085,4.935227796119474,10.047063852614286,7.030451108913215,,,
2896,51155,VA,Pulaski County,3,0,33893.0,9.7748797686838,29.583550393773173,10.582093653098871,0.5366726296958855,3.730867346938776,22.41170743221314,4.667630484170773,,,
2897,51157,VA,Rappahannock County,3,0,7400.0,12.08108108108108,19.431601849333692,8.260637350899056,0.0,3.6885245901639343,25.445945945945947,4.121621621621622,,,
2898,51159,VA,Richmond County,3,0,8902.0,39.76634464165356,33.42068965517242,22.181818181818183,0.5336179295624333,2.693498452012384,20.77061334531566,4.4709054145135925,,,
2899,51161,VA,Roanoke County,3,0,96303.0,15.06391285837409,20.878442393468102,6.493450534298518,0.785427379947297,2.9234648163197265,21.546576949835416,4.659252567417422,,,
2900,51163,VA,Rockbridge County,3,0,22663.0,8.516083484093015,29.8001698779561,10.812400729454676,0.4864566058595909,5.2917620137299775,26.15717248378414,4.33746635485152,,,
2901,51165,VA,Rockingham County,3,0,83090.0,12.549043206161992,24.378189168536004,13.799201568847176,1.285709705344833,3.1291348452842453,18.927668792875195,5.674569743651462,,,
2902,51167,VA,Russell County,3,0,25932.0,3.7328397346907294,44.83189016303924,18.24419148604397,0.0,6.853484466834593,21.726052753354928,4.739318216874904,,,
2903,51169,VA,Scott County,3,0,21576.0,3.5780496848350016,40.188133140376266,18.00211350780133,0.1161170459823502,4.039561487130601,23.85520949202818,3.870040786058584,,,
2904,51171,VA,Shenandoah County,3,0,44037.0,13.57948997433976,30.33702709523482,11.011442517987891,1.4525075770572426,3.918943870014771,21.58412244249154,5.277380384676523,,,
2905,51173,VA,Smyth County,3,0,29960.0,6.238317757009345,43.58790608790608,15.841042701544913,0.4838581740303006,3.848575476152999,21.718958611481977,4.589452603471296,,,
2906,51175,VA,Southampton County,3,0,18028.0,39.18903927224318,24.326934685500422,14.496975128837104,0.1951658910073562,6.31755945231804,20.15198579986687,4.509651652984246,,,
2907,51177,VA,Spotsylvania County,3,0,138493.0,33.99594203317135,18.82078590057464,8.419792498004789,2.15459702986818,5.996068152031455,14.237542691688388,6.038572346616797,,,
2908,51179,VA,Stafford County,3,0,154204.0,41.7025498690047,13.31413218126421,6.793772038838876,2.77547555034466,4.102368220015279,10.447199813234418,6.279344245285466,,,
2909,51181,VA,Surry County,3,0,6563.0,46.77738838945604,32.31121281464531,14.626262626262626,0.0367647058823529,6.433607520564043,22.7792168215755,4.6320280359591655,,,
2910,51183,VA,Sussex County,3,0,10960.0,61.16788321167883,31.19957537154989,20.16476085085454,0.0820568927789934,5.7732388495206335,17.627737226277375,3.9781021897810223,,,
2911,51185,VA,Tazewell County,3,0,40615.0,6.418810784193033,42.36095113773068,15.173488750338846,0.1396027666730122,6.401328818756788,22.40551520374246,4.931675489351225,,,
2912,51187,VA,Warren County,3,0,40442.0,14.705009643439986,26.14728662613215,11.6773276474769,0.6298899350218804,5.955322963609052,16.05509124177835,6.033331684882053,,,
2913,51191,VA,Washington County,3,0,53997.0,5.076207937478008,31.516333868870017,12.10957948002094,0.0961318379491874,4.774110861903236,23.21240068892716,3.926144045039539,,,
2914,51193,VA,Westmoreland County,3,0,18324.0,36.684130102597685,33.29286463219469,16.643591051519348,2.1592785469325544,11.525591770975335,25.4256712508186,4.775158262388125,,,
2915,51195,VA,Wise County,3,0,36531.0,8.945826832005693,42.84902160253725,21.83719421440293,0.0213903743315508,10.62089218291148,18.127070159590485,4.70011770824779,,,
2916,51197,VA,Wythe County,3,0,28347.0,6.50862525134935,34.00933813308622,11.146848447026066,0.7505154639175258,5.134874043248867,21.180371820651214,4.765936430662856,,,
2917,51199,VA,York County,3,0,69635.0,30.939900911897755,14.199690059774186,4.758775648634899,1.3824884792626728,4.686404244290636,16.371077762619375,5.418252315645868,,,
2918,51510,VA,Alexandria City,3,0,158185.0,48.48563390966273,20.60928353006518,6.850617664967845,5.48070704893296,3.236717385881766,11.782406675727788,6.993077725448052,,,
2919,51520,VA,Bristol City,3,0,16996.0,12.208755001176748,41.83490622386812,13.21998047510576,1.279433782496257,3.686635944700461,22.11108496116733,5.330666039068016,,,
2920,51530,VA,Buena Vista City,3,0,6649.0,12.663558429839073,44.482589504659146,20.151441133365903,0.0,1.294390972452705,18.27342457512408,5.158670476763423,,,
2921,51540,VA,Charlottesville City,3,0,46597.0,34.57733330471919,38.42692543690203,7.617116068756857,1.8537696768848384,4.310512970548079,11.985750155589416,5.279309826812885,,,
2922,51550,VA,Chesapeake City,3,0,247172.0,44.24247083002929,19.91779668710745,6.49939558688213,1.2145884826591211,5.0789519204632505,13.30976000517858,6.248280549576813,,,
2923,51570,VA,Colonial Heights City,3,0,18127.0,29.6960335411265,26.152125279642057,8.420391171157018,1.1922304085733422,6.486721811057902,18.82275059303801,5.9083135653996806,,,
2924,51580,VA,Covington City,3,0,5716.0,19.48915325402379,43.13480741797432,11.015701668302256,0.1570475068708284,3.4266610948600085,19.156752974107768,5.948215535339398,,,
2925,51590,VA,Danville City,3,0,42556.0,59.10564902716421,49.92096111286753,15.820774481313778,1.231845077998924,6.030847758544163,20.30031017952815,5.585581351630792,,,
2926,51595,VA,Emporia City,3,0,5761.0,80.48949835098074,54.319441960293325,25.36534446764092,0.7142857142857143,15.90997283663174,16.646415552855405,6.12740843603541,,,
2927,51600,VA,Fairfax City,3,0,23980.0,45.38365304420351,18.878189904572736,7.19046163252828,6.985698569856985,3.618992472495657,14.795663052543787,7.368640533778148,,,
2928,51610,VA,Falls Church City,3,0,14494.0,29.35007589347316,5.789291882556132,2.6844262295081966,2.2735346358792183,5.127900059488399,13.177866703463504,5.195253208224092,,,
2929,51620,VA,Franklin City,3,0,8249.0,62.44393259789065,47.0965355689804,16.24198301265384,0.0,8.473670141673349,19.88119772093587,7.297854285367923,,,
2930,51630,VA,Fredericksburg City,3,0,28027.0,42.01662682413387,24.5426114151681,8.942945075757576,4.4740132166458295,4.980104451628948,11.007243015663468,7.071752238912478,,,
2931,51640,VA,Galax City,3,0,6681.0,24.87651549169286,46.09884986011812,21.339187705817785,2.3741007194244603,5.142857142857142,17.961383026493042,6.256548420895075,,,
2932,51650,VA,Hampton City,3,0,136748.0,63.12925966010472,30.93838202689307,7.437430447969626,0.7073324462497373,5.953106647437518,15.278468423669816,6.095884400503115,,,
2933,51660,VA,Harrisonburg City,3,0,52062.0,35.67861396027813,48.739495798319325,16.634021395208677,6.408607180446732,5.334652410486664,8.996965156928278,4.72321462871192,,,
2934,51670,VA,Hopewell City,3,0,23020.0,55.8036490008688,48.22539654719131,14.793524942186984,0.9386125795662964,8.634044965048176,14.609035621198958,7.10251954821894,,,
2935,51678,VA,Lexington City,3,0,7287.0,20.021956909564977,30.428736964078794,3.544542032622334,2.1945137157107237,3.4394438346139777,13.654453135721148,3.211198023878139,,,
2936,51680,VA,Lynchburg City,3,0,78973.0,38.1307535486812,38.28137478401023,10.17408998417364,1.1437852033587892,6.050283448153138,13.993390145999266,5.80198295620022,,,
2937,51683,VA,Manassas City,3,0,42596.0,61.07146210911822,18.582632657387126,14.159803496604535,8.811384751511577,4.954340729721912,10.37656117945347,7.756596863555264,,,
2938,51685,VA,Manassas Park City,3,0,17081.0,68.89526374334055,28.0007081317125,20.432606363961387,6.168768186226964,3.003875968992248,8.453837597330367,6.715063520871143,,,
2939,51690,VA,Martinsville City,3,0,13476.0,57.28702879192639,53.72128637059724,11.673588506005164,0.1237623762376237,5.453306066802999,17.4235678242802,7.331552389433066,,,
2940,51700,VA,Newport News City,3,0,185069.0,58.65001702067877,35.32420504696164,8.439180303307753,1.8646058567576944,5.686683253760115,12.944361292274772,7.192452544726562,,,
2941,51710,VA,Norfolk City,3,0,238556.0,57.11237612971378,36.94607003744614,11.139505711540515,1.7560860062232846,7.124193122536121,11.273244018176026,6.388856285316654,,,
2942,51720,VA,Norton City,3,0,3696.0,3.5173160173160176,44.75562877539813,11.252813203300825,0.0,8.241082410824108,21.158008658008654,1.9751082251082253,,,
2943,51730,VA,Petersburg City,3,0,33229.0,84.98901561888712,45.69102220053672,15.146643493373888,1.603982300884956,12.183564035415888,16.75945710072527,7.324927021577538,,,
2944,51735,VA,Poquoson City,3,0,12382.0,9.643030205136489,10.793058709049626,4.423054887131889,0.411522633744856,1.6161933155499766,19.37489904700372,4.514617993862058,,,
2945,51740,VA,Portsmouth City,3,0,97454.0,63.48738892195293,37.759562257537056,9.75676664228237,0.814463206494955,6.330769751234805,14.80082910911815,7.343977671516819,,,
2946,51750,VA,Radford City,3,0,16205.0,17.03178031471768,50.41979010494752,7.774655426200989,0.4869251577998197,7.308612440191388,8.978710274606604,3.350817648873804,,,
2947,51760,VA,Richmond City,3,0,225676.0,58.55695776245591,38.48738796621999,12.263690922730683,2.615840762590947,5.98754427437152,13.230028890976444,5.685584643471171,,,
2948,51770,VA,Roanoke City,3,0,99578.0,42.56361846994316,39.514065192344944,11.725685856838554,1.6017396997614928,6.3612683366301725,16.66131073128603,6.7213641567414495,,,
2949,51775,VA,Salem City,3,0,25335.0,15.776593645154923,25.716037487956555,6.791023025357039,0.3811052050947748,3.632089778586594,18.81586737714624,4.069469113874087,,,
2950,51790,VA,Staunton City,3,0,25358.0,19.859610379367457,33.18106312292359,8.34841753057978,0.9797752808988764,5.161189112871598,20.995346636170044,6.033598864263743,,,
2951,51800,VA,Suffolk City,3,0,93268.0,51.535360466612346,23.60194793275097,9.191106906338694,0.6723594995602713,6.514519288086519,14.400437449071491,6.433074580777973,,,
2952,51810,VA,Virginia Beach City,3,0,457658.0,39.46746260307916,20.082707035683327,5.548167472639348,1.96615568835218,4.286585727478374,14.324888890831144,6.129249352136312,,,
2953,51820,VA,Waynesboro City,3,0,22149.0,26.592622691769375,35.2833554406989,12.339960110660748,1.7942456736383905,4.5949535192563085,16.903697683868344,5.896428732674162,,,
2954,51830,VA,Williamsburg City,3,0,15299.0,32.23740113732924,32.21671189295406,6.64405928158754,1.506906655504395,6.161745827984596,16.64161056278188,2.9217595921302046,,,
2955,51840,VA,Winchester City,3,0,28194.0,35.47917996736894,33.28547235107872,12.72437599575146,2.9769468143038664,4.019354838709678,16.290700148967865,6.104135631694687,,,
2956,53001,WA,Adams County,10,0,20353.0,67.41512307767896,46.63091513977854,31.509076131129778,18.91848002598246,7.4346030289123455,11.187539920404854,9.173094875448337,,,
2957,53003,WA,Asotin County,10,0,22285.0,11.303567422032758,36.837808417997095,8.465739821251242,0.1399806180682674,5.556098992467964,23.064841821853264,5.546331613192731,,,
2958,53005,WA,Benton County,10,0,204551.0,31.50461254161554,25.974013146522985,9.694542114337771,3.0448243370574777,4.983726185293447,14.90924023837576,6.760172279773749,,,
2959,53007,WA,Chelan County,10,0,78508.0,33.13547663932338,32.017877152535384,15.269293802145413,4.3563818959082585,4.039450215087609,19.01334895806797,5.891119376369288,,,
2960,53009,WA,Clallam County,10,0,76727.0,18.77565915518657,29.740252883879315,7.11988353590412,0.5975740278273278,6.173504978121631,29.681859058740727,4.373949196501884,,,
2961,53011,WA,Clark County,10,0,496494.0,23.658694767711197,22.465845911067188,6.994771203214086,2.828319026133038,5.341147893344839,15.5145882931113,5.921924534838286,,,
2962,53013,WA,Columbia County,10,0,3969.0,17.208364827412446,24.376590330788805,8.959632425336396,1.946998377501352,2.5826446280991737,28.54623330813807,4.434366339128244,,,
2963,53015,WA,Cowlitz County,10,0,109457.0,18.155074595503255,30.54423910225547,10.06484982146608,1.320834112586497,6.139555958314454,18.953561672620296,5.926528225695935,,,
2964,53017,WA,Douglas County,10,0,42622.0,37.621416170053024,28.43976145015675,17.918028128995598,4.287210367849196,3.898467432950192,17.40884988972831,6.386373234479846,,,
2965,53019,WA,Ferry County,10,0,7198.0,27.86885245901639,40.72150477259967,9.804993621286677,0.3067484662576687,7.198228128460686,27.75771047513198,4.723534315087524,,,
2966,53021,WA,Franklin County,10,0,95313.0,60.91613945631761,34.24035300224952,24.07058823529412,10.980844846866995,5.6522707034728406,9.40795064681628,8.663036521775624,,,
2967,53023,WA,Garfield County,10,0,2278.0,8.735733099209833,30.84775854416334,6.009615384615385,0.0,10.95617529880478,27.83143107989464,3.9508340649692713,,,
2968,53025,WA,Grant County,10,0,97874.0,48.17316141161085,34.96876224252046,19.74826388888889,8.566289668627869,5.147155289281497,13.82798291681141,7.456525737172283,,,
2969,53027,WA,Grays Harbor County,10,0,74737.0,21.6412218847425,36.18200748515631,9.882897953931282,2.053276032606842,6.92280048351792,21.80847505251749,5.154073618154328,,,
2970,53029,WA,Island County,10,0,85938.0,22.01470827806093,21.07272311267928,4.539646029007731,1.0426756310181755,6.078841793127507,24.62938397449324,5.429495682934209,,,
2971,53031,WA,Jefferson County,10,0,32590.0,13.295489413930651,28.87885061798105,3.860059160793193,0.9614764147899592,7.638054019395687,36.89782141761276,2.7585148818656027,,,
2972,53033,WA,King County,10,0,2240876.0,42.923794087669286,17.9117103928617,6.331713642266043,5.745488236832656,4.610611106495418,13.144502417804466,5.5831737231332745,,,
2973,53035,WA,Kitsap County,10,0,273072.0,24.70081150758774,19.793856531405496,4.792879329696432,1.0078398125303638,4.623852321220742,18.01795863362044,5.565198921896056,,,
2974,53037,WA,Kittitas County,10,0,44147.0,18.669445262418737,30.710971123560387,7.619642725869294,0.9535478372043468,6.683168316831684,15.953518925408297,4.213196819715949,,,
2975,53039,WA,Klickitat County,10,0,22478.0,18.458047869027496,34.49230082570855,9.424520433694743,0.7286755250750108,6.894785370351399,23.845537859240142,4.626746151792864,,,
2976,53041,WA,Lewis County,10,0,81214.0,18.101558844534196,32.00255070144289,10.738208447575746,0.8038945649040772,7.067757009345795,20.689782549806683,5.8118058462826605,,,
2977,53043,WA,Lincoln County,10,0,10798.0,9.862937581033524,27.39623348636747,7.705301455301456,0.045045045045045,5.084745762711865,25.13428412669013,5.41766993887757,,,
2978,53045,WA,Mason County,10,0,64964.0,21.74127208915707,30.15469976959609,9.594608823839106,1.813832967909109,6.3415692942155335,22.74952281263469,5.239825133920325,,,
2979,53047,WA,Okanogan County,10,0,41966.0,36.56531477863032,43.11041238360141,15.053254437869825,2.5315694527961514,6.469594594594595,21.75808988228566,5.964352094552733,,,
2980,53049,WA,Pacific County,10,0,22974.0,20.45790894054148,35.01948972360028,9.670098527620944,1.640008098805426,5.102270173072601,31.74022808392095,3.756420301210064,,,
2981,53051,WA,Pend Oreille County,10,0,13302.0,14.388813712223724,31.346796234436685,7.217238890607279,0.106138333628162,6.487311581759206,25.77056081792212,4.510599909788001,,,
2982,53053,WA,Pierce County,10,0,910225.0,35.36125683210195,21.96271161745504,7.924204393231977,2.739538469323062,5.033926097960921,13.752973165975446,6.452580405943585,,,
2983,53055,WA,San Juan County,10,0,17631.0,12.205773920934718,26.16108846661691,4.288579926679118,0.847457627118644,3.003769913656817,33.662299359083434,2.869944983268107,,,
2984,53057,WA,Skagit County,10,0,128228.0,27.280313192126528,23.94477567093132,8.89119262412599,2.528690146418678,4.846769923219487,20.84022210437658,5.760832267523474,,,
2985,53059,WA,Skamania County,10,0,11973.0,14.557754948634429,23.789473684210527,7.161803713527852,0.2752487825534617,6.059556786703601,20.78008853253153,4.151006431136724,,,
2986,53061,WA,Snohomish County,10,0,820024.0,33.185979922538856,18.100394309093836,7.138865214536208,4.294484602435885,4.362219614723004,13.566676097284958,6.204940343209467,,,
2987,53063,WA,Spokane County,10,0,531477.0,16.912114729329776,29.43768367335086,5.83972404194168,1.142434649875978,5.670439787598651,16.180944800997974,5.861965804729085,,,
2988,53065,WA,Stevens County,10,0,46057.0,14.460342618928715,31.70431842631013,7.638427631181692,0.3457359236088245,5.429062399312641,23.4557179147578,5.223961612784159,,,
2989,53067,WA,Thurston County,10,0,290642.0,27.10860784057363,23.515045518048694,5.81614697323461,2.0068787317992944,5.740153596843514,17.318900915903416,5.664012771726041,,,
2990,53069,WA,Wahkiakum County,10,0,4373.0,17.699519780471075,33.97968605724838,7.227138643067847,0.0,4.298941798941799,32.471987194145896,3.704550651726504,,,
2991,53071,WA,Walla Walla County,10,0,62168.0,29.376849826277184,30.89980944389084,11.615111871866976,4.553016373347343,6.286850643686984,18.20872474584996,5.092652168318105,,,
2992,53073,WA,Whatcom County,10,0,224533.0,22.45638725710697,27.745989414703427,6.800694301276211,1.3442385800923609,5.056325150516673,17.500768261235542,5.054045507787274,,,
2993,53075,WA,Whitman County,10,0,48197.0,23.065750980351478,43.221512376418005,4.65029453248154,3.387007218212104,7.460759391518379,10.78075398883748,4.103989874888478,,,
2994,53077,WA,Yakima County,10,0,255151.0,58.46381162527288,43.005385368026666,26.240013422992035,7.985963419821353,7.135333931901375,13.699730747674908,7.789896962974866,,,
2995,54001,WV,Barbour County,3,0,15600.0,6.980769230769231,42.27837946249499,12.190315315315315,0.1892310338895579,9.973507869721052,20.032051282051285,5.057692307692308,,,
2996,54003,WV,Berkeley County,3,0,120460.0,17.305329569981737,28.343657284058533,9.606384908398333,0.4611640121269055,4.816378554927109,14.737672256350656,6.149759256184625,,,
2997,54005,WV,Boone County,3,0,22059.0,2.5522462486966773,38.66366020891814,15.925878757004586,0.0,13.876739562624255,20.25477129516297,4.905027426447255,,,
2998,54007,WV,Braxton County,3,0,12702.0,9.30562116202173,47.27979274611399,17.944899478778854,0.1323918799646955,15.786202610316968,23.15383404188317,4.660683356951662,,,
2999,54009,WV,Brooke County,3,0,22603.0,5.826660177852498,32.23839223839224,7.052573731452647,0.6930995821017225,4.888631761643043,23.373003583595096,4.525947883024378,,,
3000,54011,WV,Cabell County,3,0,94622.0,10.401386569719516,41.33370104798677,10.733963783331491,0.2995075892177268,5.52496722679061,18.65739468622519,5.459618270592462,,,
3001,54013,WV,Calhoun County,3,0,6420.0,1.3707165109034267,53.02815793613339,15.413300186451211,0.0,11.169977924944812,24.51713395638629,4.501557632398754,,,
3002,54015,WV,Clay County,3,0,8176.0,0.684931506849315,54.88441461595824,19.93231207695048,0.0,14.625719769673704,20.792563600782778,5.344911937377691,,,
3003,54017,WV,Doddridge County,3,0,7929.0,4.048429814604615,33.230032398929424,16.50959272972063,0.0,4.944717444717445,21.21326775129272,3.6196241644595792,,,
3004,54019,WV,Fayette County,3,0,41056.0,7.821024941543259,42.676365840721374,15.619705902283664,0.1894417782268249,7.297539723218863,21.156469212782543,5.144193296960249,,,
3005,54021,WV,Gilmer County,3,0,7516.0,19.78445981905269,33.006644518272424,15.784389489953632,1.9275975552421247,9.214285714285714,16.644491750931348,4.350718467269824,,,
3006,54023,WV,Grant County,3,0,11063.0,3.7964385790472743,34.057309728052566,15.957577999753362,0.5546177959971064,6.615776081424936,23.77293681641508,5.703697008044834,,,
3007,54025,WV,Greenbrier County,3,0,33307.0,8.70087369021527,40.01775709518415,12.860048820179006,0.1358511071865235,5.615626089989536,22.95913771879785,5.194103341639895,,,
3008,54027,WV,Hampshire County,3,0,23214.0,5.302834496424572,36.56845753899481,12.879144133552789,0.0,6.8527652429425965,22.65443266994055,4.669595933488412,,,
3009,54029,WV,Hancock County,3,0,29223.0,6.8165486089723855,31.76396953997009,10.052665619514,0.3426791277258567,9.478639184081022,23.502036067481093,4.544365739314923,,,
3010,54031,WV,Hardy County,3,0,14269.0,9.972668021585257,45.373640344681455,15.758847658113137,0.7594062823610631,2.4945770065075923,22.59443548952274,5.858854860186418,,,
3011,54033,WV,Harrison County,3,0,66222.0,6.6261967322038,32.289932803156404,11.589495361229648,0.0803704695931723,5.399484536082475,19.322883633837694,5.4483404306725856,,,
3012,54035,WV,Jackson County,3,0,28011.0,3.5129056442112025,34.7478386167147,10.63734290843806,0.0,3.5515779557230336,20.342008496662025,5.080147085073721,,,
3013,54037,WV,Jefferson County,3,0,57542.0,17.97643460428904,21.40652045896608,9.607926539395,0.4063888101313675,5.66425681501625,16.181224149317018,5.22401028813736,,,
3014,54039,WV,Kanawha County,3,0,181953.0,12.822542085043938,35.45057141421529,9.71947006794974,0.3978210845174794,5.927803935772063,20.660829994559037,5.166169285474821,,,
3015,54041,WV,Lewis County,3,0,16966.0,5.835199811387481,37.766277530388734,12.561455260570304,0.075052536775743,8.3554933519944,20.3524696451727,5.316515383708594,,,
3016,54043,WV,Lincoln County,3,0,20625.0,2.9527272727272726,44.556392448400665,19.013121924548933,0.0,6.492399488563716,19.321212121212124,5.425454545454545,,,
3017,54045,WV,Logan County,3,0,32786.0,4.108460928445068,51.17608675387627,19.672131147540984,0.0,15.80368783758614,20.816812053925457,5.532849386933448,,,
3018,54047,WV,McDowell County,3,0,19334.0,11.26512878866246,60.7578712733352,25.41390150192106,0.187119912677374,13.450159308147477,21.90958932450605,4.929140374469846,,,
3019,54049,WV,Marion County,3,0,56256.0,7.828498293515358,33.58343173766918,8.850678733031673,0.0773262307758398,5.544613326396373,19.11618316268487,5.542519908987486,,,
3020,54051,WV,Marshall County,3,0,30813.0,4.29688767727907,34.83749130305139,7.333537895059834,0.1016002032004063,4.140817699379625,22.2730665628144,4.832375945217928,,,
3021,54053,WV,Mason County,3,0,25667.0,4.090855962909572,38.86992490261435,13.465367848877886,0.0,2.672448567970956,21.07764834222932,5.146686406670043,,,
3022,54055,WV,Mercer County,3,0,59892.0,10.412075068456556,44.18433526703972,14.630396215257244,0.5033693269464967,4.690361245213917,21.84932879182529,5.434782608695652,,,
3023,54057,WV,Mineral County,3,0,27045.0,6.977260122018858,28.09263576260175,6.456749537702897,1.3996740485092511,6.232363137950496,21.819190238491405,4.60713625439083,,,
3024,54059,WV,Mingo County,3,0,23821.0,4.298728013097687,51.93726548336777,24.243494642646883,0.2634467618002195,11.322348964934516,20.158683514545988,5.7890096973258895,,,
3025,54061,WV,Monongalia County,3,0,105695.0,12.566346563224371,34.09531809363813,6.7088512241054605,0.8363886342804766,6.206692947571332,12.614598609205732,4.765599129570935,,,
3026,54063,WV,Monroe County,3,0,12492.0,4.202689721421709,40.81731155981016,11.572052401746726,0.2003115958157133,11.440107671601616,24.31956452129363,4.658981748318924,,,
3027,54065,WV,Morgan County,3,0,17144.0,5.943770415305647,30.25239748190857,10.56577523573968,0.0,7.244744744744745,23.185954269715356,3.960569295380308,,,
3028,54067,WV,Nicholas County,3,0,24770.0,3.2176019378280176,43.0004060089322,11.22812791399265,0.0,7.688396216820909,23.27008477997578,4.784012918853452,,,
3029,54069,WV,Ohio County,3,0,42443.0,8.639822821195487,33.9785534794616,7.024184363904334,0.8712099501346937,5.423241043961497,21.702047451876638,4.98786607921212,,,
3030,54071,WV,Pendleton County,3,0,6249.0,6.657065130420866,38.12611444318366,16.985951468710088,0.2571795970852979,5.598813496477568,27.44439110257641,4.9287886061769886,,,
3031,54073,WV,Pleasants County,3,0,7623.0,2.95159386068477,30.742049469964662,10.821499191083946,0.0,6.8925571966406025,18.496654860291223,5.037386855568673,,,
3032,54075,WV,Pocahontas County,3,0,8006.0,1.3240069947539346,45.635845635845634,17.48446189074256,0.0,9.341233879400487,25.74319260554584,4.746440169872596,,,
3033,54077,WV,Preston County,3,0,34266.0,8.743360765773653,31.457702724231325,12.977906612347226,0.4156674660271782,8.500574363132644,20.162843635090177,4.923247533998716,,,
3034,54079,WV,Putnam County,3,0,57385.0,5.55023089657576,25.21216593748353,7.5292433739696945,0.1223103057757644,3.648155654641265,18.67735470941884,4.968197264093404,,,
3035,54081,WV,Raleigh County,3,0,74929.0,12.998972360501272,41.86136855541373,13.46632017798052,0.0998901208670462,7.253781512605043,20.682245859413577,5.246299830506213,,,
3036,54083,WV,Randolph County,3,0,28150.0,8.16341030195382,38.12280498629925,11.506702933747814,0.0,8.555033907146584,22.11367673179396,4.898756660746003,,,
3037,54085,WV,Ritchie County,3,0,8676.0,3.503918856615952,38.67991483321504,18.55588838089232,0.6087792374239026,5.104712041884817,22.7293683725219,4.852466574458276,,,
3038,54087,WV,Roane County,3,0,14129.0,4.487224856677755,49.35499964364622,19.726027397260275,0.0,10.647095307008476,21.926534078844927,4.742019958949678,,,
3039,54089,WV,Summers County,3,0,12125.0,8.065979381443299,41.95847263769136,15.630606860158313,0.0,7.516339869281046,25.36082474226804,3.8103092783505152,,,
3040,54091,WV,Taylor County,3,0,16727.0,4.370179948586118,36.12434347135703,11.487254424419548,0.5185298154643891,10.859124866595518,20.06934895677647,4.9979075745800206,,,
3041,54093,WV,Tucker County,3,0,6822.0,2.829082380533568,31.52634766807995,12.263450834879407,0.07168458781362,6.987874920229737,26.341248900615653,4.16300205218411,,,
3042,54095,WV,Tyler County,3,0,8397.0,3.0844349172323446,30.049739172631323,9.821284817259702,0.1036627505183137,6.504824151882975,22.51994760033345,4.739788019530785,,,
3043,54097,WV,Upshur County,3,0,23965.0,5.862716461506364,42.03172371369568,13.10605598585107,0.0937597666423585,5.612391241992542,20.379720425620697,5.299394950970164,,,
3044,54099,WV,Wayne County,3,0,39337.0,3.658133563820322,38.88278715741616,18.277288639015595,0.1035983148007459,4.723930526458066,20.82771944988179,4.94953860233368,,,
3045,54101,WV,Webster County,3,0,8415.0,1.687462863933452,52.76845637583892,21.2538979156409,0.0,13.95904436860068,23.54129530600119,4.658348187759953,,,
3046,54103,WV,Wetzel County,3,0,14629.0,3.4452115660674005,42.34397931371864,11.061526775541209,0.0,6.4,22.968077107116,5.625811743796569,,,
3047,54105,WV,Wirt County,3,0,5264.0,3.2864741641337387,37.91658731670158,18.146618482188952,0.0,3.020292590844738,20.25075987841945,4.825227963525836,,,
3048,54107,WV,Wood County,3,0,84678.0,5.113488745600982,35.13205692294781,9.320815220086285,0.0936967632027257,5.256888747716985,20.298070337041494,5.506743191856208,,,
3049,54109,WV,Wyoming County,3,0,21581.0,2.7663222278856403,48.44152800562456,22.5685149776928,0.8082103912764593,7.961491442542787,21.77378249386034,5.2314535934386726,,,
3050,55001,WI,Adams County,5,0,20505.0,11.163130943672275,34.8722731747759,12.144247141814644,1.1613343959922575,5.653836959120249,29.59278224823214,3.091928797854182,,,
3051,55003,WI,Ashland County,5,0,16002.0,18.14148231471066,35.75418994413408,6.225009087604508,0.3321256038647343,5.468846012043751,19.553805774278217,5.374328208973878,,,
3052,55005,WI,Barron County,5,0,46529.0,7.7908401212147265,31.85016827658552,9.476995674400314,1.286309241393853,2.8861893684845352,21.89172344129468,5.259085731479293,,,
3053,55007,WI,Bayfield County,5,0,16031.0,16.187386937807997,27.648318428013603,4.572031833685236,0.2038597444957868,3.91355909869548,28.108040671199557,4.379015657164245,,,
3054,55009,WI,Brown County,5,0,267364.0,20.745874538082912,25.27047050899644,7.62226063681481,2.260327357755261,2.9503768930781207,14.954892954922878,6.160515252614413,,,
3055,55011,WI,Buffalo County,5,0,13314.0,5.039807721195734,23.954862162980916,8.44229383300731,0.3423423423423423,2.04510435635243,22.38996544990236,5.212558209403635,,,
3056,55013,WI,Burnett County,5,0,16356.0,9.861824406945464,31.42291266943121,7.325599872874624,0.1573676680972818,5.409212565150021,28.955734898508197,4.102470041574957,,,
3057,55015,WI,Calumet County,5,0,52128.0,10.102056476365869,17.08407181937274,5.211545406561658,0.5227927883910686,2.276725304465494,15.151166359729896,5.235190300798036,,,
3058,55017,WI,Chippewa County,5,0,65877.0,7.184601606023347,30.039970814960505,7.281252007107838,0.3569235492784771,2.771753661507382,17.895471864231826,5.440442035915418,,,
3059,55019,WI,Clark County,5,0,34655.0,8.004616938392727,33.60894512284832,17.18931475029036,2.9942022079262967,3.1052886948083454,16.326648391285527,8.22680709854278,,,
3060,55021,WI,Columbia County,5,0,58219.0,8.438825812878957,20.83729613582726,6.006200879659673,0.6204197201865422,3.3622118662621587,17.86530170562875,5.231968944846184,,,
3061,55023,WI,Crawford County,5,0,16167.0,6.3957444176408735,30.921009930551048,7.676560900716479,0.53779963122311,3.333788768957508,23.18921259355477,4.7689738355910185,,,
3062,55025,WI,Dane County,5,0,555474.0,21.81128189618236,21.812847151741064,3.924206475389119,1.7899811893101054,2.411929389177493,13.83809143182219,5.445259364074646,,,
3063,55027,WI,Dodge County,5,0,89274.0,11.059210968479064,23.66275928492565,8.01232427076237,1.209940211385339,4.587971474171195,17.65351614131774,4.505231086318525,,,
3064,55029,WI,Door County,5,0,29713.0,6.865681688149968,21.263487525102963,4.506065857885615,0.6171025565677344,3.409997341132678,29.761383906034396,4.052098408104197,,,
3065,55031,WI,Douglas County,5,0,44034.0,9.19516737066812,26.71750384776829,5.757786781463662,0.2544394381129075,3.925854682171898,18.69010310214834,4.703183903347413,,,
3066,55033,WI,Dunn County,5,0,45254.0,8.04569761789013,29.67374043597517,5.987485615650172,1.2849453030039937,3.814102564102564,15.463826402086005,5.029389667211738,,,
3067,55035,WI,Eau Claire County,5,0,105206.0,11.294983175864497,26.358526538313363,4.479418886198547,1.0339241471316942,3.5722090540790425,15.458243826397734,5.342851168184324,,,
3068,55037,WI,Florence County,5,0,4542.0,3.6988110964332894,28.6255290710626,8.298524087997771,0.0,7.012345679012346,26.948480845442536,4.051078819903126,,,
3069,55039,WI,Fond du Lac County,5,0,103890.0,11.728751564154392,21.29951320518053,7.776094739741119,0.6903750800692747,3.5030651820342795,18.28472422754837,5.192992588314564,,,
3070,55041,WI,Forest County,5,0,9184.0,22.28876306620209,34.66487635671926,10.043800030206915,0.1639344262295081,4.752223634053367,23.214285714285715,5.651132404181185,,,
3071,55043,WI,Grant County,5,0,52210.0,5.65791993870906,31.637572052760056,7.696101094159347,0.5967130214917826,2.8188607409576805,17.128902509097873,5.64451254548937,,,
3072,55045,WI,Green County,5,0,37098.0,6.310313224432584,23.88366546969656,7.169696739666755,0.4937629937629938,3.355672105672105,18.653296673675133,5.186263410426438,,,
3073,55047,WI,Green Lake County,5,0,18990.0,8.578199052132701,29.95507540913467,9.38574204154835,0.4507324402153499,3.3923778851315083,21.858873091100577,5.555555555555555,,,
3074,55049,WI,Iowa County,5,0,23715.0,6.304026987138942,19.75392737025842,4.159693999521874,0.2359216329879988,1.933764750666159,18.697027197975967,5.616698292220114,,,
3075,55051,WI,Iron County,5,0,6074.0,4.972011853803095,35.75991930060525,4.282478896438131,0.4641199571581578,5.116279069767442,30.60586104708594,3.0457688508396443,,,
3076,55053,WI,Jackson County,5,0,21004.0,14.454389640068555,34.165358716014374,9.485714285714286,0.7421383647798742,5.104594134721249,18.725004760997905,5.922681394020186,,,
3077,55055,WI,Jefferson County,5,0,84808.0,11.10390529195359,22.017496701041004,7.521601188065344,0.4931927586308732,3.666347793536581,17.105697575700404,5.018394491085747,,,
3078,55057,WI,Juneau County,5,0,26595.0,10.11844331641286,32.33025918269995,9.661242452154331,0.6175817813374506,4.348166106201611,20.28952810678699,4.843015604436924,,,
3079,55059,WI,Kenosha County,5,0,168743.0,26.162270434921748,25.60674594489434,8.651446286419882,2.856839261047103,5.759673508793101,14.255406150181043,5.602602774633614,,,
3080,55061,WI,Kewaunee County,5,0,20535.0,6.335524713903093,22.048636698599854,6.070549630844955,0.111056268509378,1.734000715051841,20.637935232529827,4.694424153883613,,,
3081,55063,WI,La Crosse County,5,0,120291.0,11.085617377858693,27.035449941566032,4.341055341055341,0.6511702921194282,2.777352247311499,16.276363152688063,4.981253792885585,,,
3082,55065,WI,Lafayette County,5,0,16662.0,6.7758972512303455,31.097930032683696,8.457404633952956,1.5899205039748014,2.0408163265306123,18.85728003841076,6.325771215940463,,,
3083,55067,WI,Langlade County,5,0,19469.0,7.031691406851919,28.97804141950255,9.937583280734971,0.2974773917182294,5.712760277629472,23.740305100416045,5.326416354204119,,,
3084,55069,WI,Lincoln County,5,0,28378.0,5.726266826414828,27.066152904317764,7.372945399584356,0.2405640812940688,4.75095785440613,21.54485869335401,4.626823595743181,,,
3085,55071,WI,Manitowoc County,5,0,81103.0,10.70983810709838,26.245867897461483,7.366491967252424,1.019119251306195,2.1141953113763843,20.45916920459169,5.125581051255811,,,
3086,55073,WI,Marathon County,5,0,137597.0,12.240092443875955,23.07386112339673,7.150778372949447,1.1366466256359171,3.197288934728157,17.626837794428656,5.803178848376055,,,
3087,55075,WI,Marinette County,5,0,41720.0,5.127037392138063,30.174588016356918,8.555548416115146,0.3325337985172263,4.268535082488571,23.616970278044104,4.638063279002877,,,
3088,55077,WI,Marquette County,5,0,15515.0,7.1479213664195935,30.092411818300143,8.471502590673575,0.4635167464114832,3.994490358126722,24.640670319046084,4.660006445375443,,,
3089,55078,WI,Menominee County,5,0,4318.0,89.87957387679482,45.1981351981352,5.226337448559671,0.0,12.524850894632204,12.667901806391848,7.850856878184345,,,
3090,55079,WI,Milwaukee County,5,0,939123.0,50.60050706882912,37.59335746963261,10.833660935632166,3.3371881711547995,4.942881142377153,13.564357384495962,6.752363641397347,,,
3091,55081,WI,Monroe County,5,0,46091.0,10.709249094183246,30.167733930114554,9.2714166183948,0.8571589691535555,2.6017135423675595,16.805884012063093,6.406890716191881,,,
3092,55083,WI,Oconto County,5,0,38691.0,5.823059626269675,23.968977624063303,7.826881191596994,0.0061154598825831,2.2107552992361006,20.91959370396216,4.76338166498669,,,
3093,55085,WI,Oneida County,5,0,37468.0,5.615458524607665,24.68810306868528,5.333472861727361,0.2035105571101501,2.4435117576036336,26.01953667129284,4.5745702999893245,,,
3094,55087,WI,Outagamie County,5,0,189620.0,13.44583904651408,19.77464849246501,5.694744922883663,0.85303307975266,3.138000151274488,14.897162746545725,6.096403332981753,,,
3095,55089,WI,Ozaukee County,5,0,91029.0,9.510156104098694,14.867115241803004,2.636955086903228,0.4147577868741359,2.8022288621497213,19.759637038745893,5.180766568895627,,,
3096,55091,WI,Pepin County,5,0,7328.0,4.25764192139738,26.186534216335534,7.638494989601059,0.7194244604316548,2.560646900269542,22.87117903930131,5.499454148471616,,,
3097,55093,WI,Pierce County,5,0,42204.0,7.05620320348782,20.920174018615945,4.885370154966043,0.2395964691046658,3.0951391773992523,14.752156193725712,4.7365178656051565,,,
3098,55095,WI,Polk County,5,0,44806.0,5.624246752667053,24.29521697814381,6.161793192509916,0.0876088265892788,4.00968900038929,20.695888943445077,4.771682363969111,,,
3099,55097,WI,Portage County,5,0,70378.0,9.758731421751117,24.24174777509897,5.217066853957245,0.7885403395199889,3.36426617583148,16.81491375145642,4.794111796299981,,,
3100,55099,WI,Price County,5,0,14003.0,6.227237020638435,32.75824574121059,7.55639097744361,0.24330900243309,2.462062558067513,26.11583232164536,4.177676212240234,,,
3101,55101,WI,Racine County,5,0,197379.0,29.831441034760537,27.75258915294916,8.285959613904186,1.2702429149797572,3.939538205189241,16.563058886710337,5.914509648949482,,,
3102,55103,WI,Richland County,5,0,17353.0,6.759638102921685,30.80044697994472,8.819218241042345,1.4251781472684086,2.7858176555716354,23.16026047369331,5.169135019881288,,,
3103,55105,WI,Rock County,5,0,163522.0,18.68739374518413,25.903975245177552,7.966154810404262,0.8889898530970771,4.488719325514578,16.544562811120215,5.951492765499443,,,
3104,55107,WI,Rusk County,5,0,14182.0,5.690311662670991,34.02727925340991,10.688055662930037,0.3793501566881082,5.195783132530121,24.13622902270484,5.457622338175152,,,
3105,55109,WI,St. Croix County,5,0,92495.0,7.121466025190551,14.717867482383786,3.696969696969697,0.3193263062706644,2.173198507376114,14.18455051624412,5.79707011189794,,,
3106,55111,WI,Sauk County,5,0,65428.0,10.217338142691204,24.99145246013738,8.22352580659283,1.2439478584729982,2.482249360976995,18.406492633123435,5.817081371889711,,,
3107,55113,WI,Sawyer County,5,0,17813.0,23.1179475663841,32.878205495955484,6.608761329305136,0.0882501260716086,6.06679481018741,26.1775108067142,4.479874249143884,,,
3108,55115,WI,Shawano County,5,0,40836.0,14.220295817416009,28.91256612436371,7.525776727297639,0.2808988764044944,3.249150072850898,21.04025859535704,5.331080419237928,,,
3109,55117,WI,Sheboygan County,5,0,117528.0,17.22823497379348,23.2093266963584,6.060532007184663,1.4009969026276383,3.080147847096661,17.967633244843782,5.434449663059016,,,
3110,55119,WI,Taylor County,5,0,19960.0,4.869739478957916,30.161150932845302,11.045506912442397,0.6241060980366663,3.4382284382284385,19.35871743486974,5.591182364729459,,,
3111,55121,WI,Trempealeau County,5,0,30504.0,11.378835562549174,26.47754925164172,8.271730202444799,1.6474059503319398,2.6579960856114653,18.082874377130867,6.999082087595069,,,
3112,55123,WI,Vernon County,5,0,30719.0,4.622546306845926,32.14650710447368,9.573073000145708,1.005662131327643,2.154834106314663,19.38214134574693,7.037989517887952,,,
3113,55125,WI,Vilas County,5,0,22813.0,15.33336255643712,30.680051525785103,4.8870913380519045,0.0473933649289099,4.904789382573572,30.55275500810941,3.822381975189585,,,
3114,55127,WI,Walworth County,5,0,105945.0,15.309830572466844,23.638405390230208,8.369695685942244,1.206625731829216,3.6956671488599575,17.8970220397376,4.793996885176271,,,
3115,55129,WI,Washburn County,5,0,16561.0,6.3522734134412175,31.613691931540345,7.173232768996229,0.5505364201016375,4.009591048354869,26.659018175230965,4.172453354266047,,,
3116,55131,WI,Washington County,5,0,136300.0,7.998532648569332,14.211455110645115,4.9828552485729976,0.4013833390076514,2.839980279716651,18.091709464416727,5.09024211298606,,,
3117,55133,WI,Waukesha County,5,0,405332.0,12.884993042740271,12.654024883825512,3.602824212318254,0.8687652688846784,2.73494638807252,18.627446142914945,5.119506972062409,,,
3118,55135,WI,Waupaca County,5,0,51769.0,6.312658154494002,25.009939567430024,6.985900505453578,0.2660893879944076,2.2479437269716027,20.39444455175877,4.945044331549769,,,
3119,55137,WI,Waushara County,5,0,24527.0,11.175439311778856,27.28679504814305,11.003653556845046,0.6777260772810034,4.037709000355745,24.242671341786604,4.590859053288213,,,
3120,55139,WI,Winnebago County,5,0,171304.0,12.942488208097885,26.65313756891893,6.376551414613937,0.8555505769015346,2.5761377400934418,16.19343389529725,5.410848549946294,,,
3121,55141,WI,Wood County,5,0,74107.0,8.555197214838005,30.22738135882554,6.655432271746128,0.3774771940861906,4.295269562414377,20.284183680354083,5.58246859271054,,,
3122,56001,WY,Albany County,8,0,37311.0,18.629894669132423,39.4250866092135,4.12947477215071,2.2664835164835164,4.311349335819156,12.320763313768058,4.550936721074214,,,
3123,56003,WY,Big Horn County,8,0,11671.0,13.280781424042498,31.676583829191458,11.272773279352228,0.7354685646500593,7.752830550758012,20.906520435266906,5.894953303058864,,,
3124,56005,WY,Campbell County,8,0,46758.0,13.293981778519184,22.415292940715933,7.56408136265917,0.1163467132053519,3.316162266580811,10.693357286453654,7.006287694084435,,,
3125,56007,WY,Carbon County,8,0,14714.0,23.35870599429115,33.539665599430805,9.993039673859004,1.9201616978271852,3.920741989881956,17.0313986679353,6.204974853880658,,,
3126,56009,WY,Converse County,8,0,13702.0,11.662531017369728,21.103488972486534,6.664547573638482,0.8871540099361249,4.901681390709603,17.158079112538317,6.67055904247555,,,
3127,56011,WY,Crook County,8,0,7185.0,6.903270702853166,21.030345800988005,7.1968190854870775,1.1339475549255846,0.3450258769407705,20.80723729993041,7.014613778705636,,,
3128,56013,WY,Fremont County,8,0,39434.0,31.089922401988133,35.792257629579694,7.69756838905775,0.10351966873706,9.061437074829932,18.52208753867221,6.542577471217731,,,
3129,56015,WY,Goshen County,8,0,12642.0,15.29030216737858,29.406772468811,6.861755802219979,0.3426037887948407,3.61088211046991,21.855719031798763,5.861414333175131,,,
3130,56017,WY,Hot Springs County,8,0,4673.0,8.345816392039374,34.28446005267779,4.172876304023846,0.0,1.9581664441477529,25.93622940295314,5.670875240744704,,,
3131,56019,WY,Johnson County,8,0,8457.0,9.802530448149462,31.12305854241338,4.618440655520609,0.0261437908496732,2.590034533793784,24.736904339600333,5.261913207993378,,,
3132,56021,WY,Laramie County,8,0,99905.0,22.679545568289875,23.41995279018199,6.013241517613578,0.560697321384849,3.960356472045718,16.130323807617238,6.154847104749512,,,
3133,56023,WY,Lincoln County,8,0,19457.0,8.15644755100992,19.924481456576835,6.494310705162938,0.433428145740214,3.301362948006058,17.633756488667316,6.439841702215141,,,
3134,56025,WY,Natrona County,8,0,79382.0,14.179536922728076,26.736611740473737,6.01530159668835,0.4627076055647484,3.959551945437753,15.37376231387468,6.379279937517321,,,
3135,56027,WY,Niobrara County,8,0,2486.0,12.55028157683025,42.02317290552585,7.82789009849663,0.0,4.934823091247672,21.76186645213194,4.022526146419952,,,
3136,56029,WY,Park County,8,0,29664.0,9.5873786407767,26.102915951972555,4.6353898685626085,0.9597842468469896,3.218328105822992,23.344795037756203,5.009439050701187,,,
3137,56031,WY,Platte County,8,0,8607.0,14.906471476705008,29.42360042608593,8.286623238903196,0.9754811494858951,0.3744383424862705,25.54897176716626,4.566050888811433,,,
3138,56033,WY,Sheridan County,8,0,30812.0,9.265870440088278,25.005828476269777,4.194321533923303,0.7075290317619011,2.527747481875922,20.995066857068675,4.78385044787745,,,
3139,56035,WY,Sublette County,8,0,8830.0,9.920724801812003,18.958262254065733,4.966398950991641,0.0,5.195362816659511,19.58097395243488,5.36806342015855,,,
3140,56037,WY,Sweetwater County,8,0,42459.0,21.70564544619516,22.39813070742233,7.2943629565717565,1.9769463584261704,6.713717782641712,12.694599495984365,6.257801643938858,,,
3141,56039,WY,Teton County,8,0,23319.0,20.073759595179897,21.523235800344235,3.9696472053910186,4.889308572028119,2.402088772845953,15.476649942107295,4.579956258844719,,,
3142,56041,WY,Uinta County,8,0,20514.0,12.97162913132495,25.687077515172447,6.430892465805184,1.6416938110749186,3.46751693901953,14.731402944330702,6.88797894121088,,,
3143,56043,WY,Washakie County,8,0,7768.0,18.35736354273944,25.391808244435666,5.900792919048497,0.2967359050445104,2.5199600798403194,22.270854788877443,5.136457260556128,,,
3144,56045,WY,Weston County,8,0,6891.0,11.87055579741692,23.660714285714285,7.113654946852003,0.0,3.974763406940063,20.54854157596865,4.469598026411261,,,
8515,56005,WY,Campbell,8,1,1691.0,15.0,29.0,7.0,0.0,2.0,18.0,3.0,19.0,COAL,"1,776,490"
6686,47161,TN,Stewart,4,1,1027.0,15.0,36.0,21.0,0.0,7.0,18.0,7.0,23.0,COAL,"8,619,518"
6677,47001,TN,Anderson,4,1,11837.0,11.0,32.0,9.0,1.0,6.0,22.0,4.0,20.0,COAL,"755,288"
8396,55073,WI,Marathon,5,1,12671.0,10.0,14.0,5.0,1.0,2.0,16.0,7.0,18.0,COAL,"3,431,151"
5705,40079,OK,Le Flore,6,1,2657.0,27.0,49.0,17.0,1.0,4.0,20.0,7.0,23.0,COAL,"554,308"
2306,08107,CO,Routt,8,1,146.0,9.0,19.0,3.0,1.0,3.0,15.0,5.0,15.0,COAL,"2,441,099"
5720,40103,OK,Noble,6,1,269.0,52.0,48.0,10.0,0.0,9.0,24.0,7.0,22.0,COAL,"988,025"
6625,46051,SD,Grant,8,1,1234.0,8.0,33.0,15.0,0.0,2.0,32.0,4.0,19.0,COAL,"1,566,639"
8363,55079,WI,Milwaukee,5,1,10427.0,18.0,12.0,8.0,1.0,3.0,14.0,4.0,19.0,COAL,"3,581,721"
2679,10005,DE,Sussex,3,1,9785.0,31.0,29.0,13.0,2.0,6.0,25.0,6.0,21.0,COAL," (9,283)"
2269,08081,CO,Moffat,8,1,284.0,8.0,17.0,9.0,0.0,4.0,17.0,6.0,19.0,COAL,"4,710,529"
8048,53041,WA,Lewis,10,1,802.0,17.0,32.0,19.0,5.0,9.0,20.0,5.0,19.0,COAL,"4,143,372"
3723,17115,IL,Macon,5,1,19611.0,30.0,44.0,13.0,1.0,9.0,18.0,5.0,23.0,COAL,"885,894"
7546,48449,TX,Titus,6,1,1011.0,43.0,26.0,23.0,10.0,3.0,15.0,3.0,18.0,COAL,"3,579,333"
261,05007,AR,Benton,6,1,5752.0,34.0,37.0,10.0,5.0,1.0,17.0,7.0,17.0,COAL,"2,065,083"
6612,45015,SC,Berkeley,4,1,67.0,13.0,4.0,5.0,0.0,0.0,7.0,7.0,18.0,COAL,"1,994,060"
6604,45079,SC,Richland,4,1,171.0,81.0,38.0,11.0,0.0,10.0,27.0,4.0,22.0,COAL,"1,744,006"
3727,17157,IL,Randolph,5,1,562.0,1.0,38.0,2.0,0.0,12.0,35.0,6.0,19.0,COAL,"5,898,854"
273,05063,AR,Independence,6,1,1338.0,5.0,60.0,31.0,0.0,3.0,17.0,2.0,19.0,COAL,"4,743,250"
274,05057,AR,Hempstead,6,1,422.0,33.0,48.0,13.0,3.0,2.0,31.0,5.0,17.0,COAL,"3,112,401"
7319,48149,TX,Fayette,6,1,279.0,10.0,13.0,2.0,0.0,1.0,33.0,3.0,19.0,COAL,"7,645,266"
6614,45043,SC,Georgetown,4,1,1219.0,31.0,49.0,12.0,2.0,4.0,25.0,2.0,23.0,COAL,"2,646,676"
6694,47165,TN,Sumner,4,1,5711.0,16.0,23.0,9.0,1.0,4.0,12.0,10.0,20.0,COAL,"3,750,321"
7206,48395,TX,Robertson,6,1,185.0,14.0,19.0,10.0,0.0,1.0,21.0,5.0,21.0,COAL,"12,011,783"
5663,40023,OK,Choctaw,6,1,539.0,25.0,38.0,14.0,0.0,9.0,28.0,5.0,25.0,COAL,"635,257"
5593,39081,OH,Jefferson,5,1,3756.0,5.0,31.0,12.0,0.0,7.0,20.0,5.0,22.0,COAL,"896,227"
3455,19139,IA,Muscatine,7,1,14680.0,30.0,38.0,11.0,1.0,5.0,13.0,7.0,19.0,COAL,"538,908"
7151,48401,TX,Rusk,6,1,504.0,39.0,28.0,8.0,0.0,4.0,12.0,11.0,20.0,COAL,"11,322,156"
3479,19179,IA,Wapello,7,1,323.0,3.0,20.0,6.0,0.0,2.0,13.0,1.0,16.0,COAL,"3,140,616"
173,01117,AL,Shelby,4,1,2371.0,17.0,23.0,12.0,0.0,8.0,17.0,8.0,22.0,COAL,"3,399,765"
8443,54073,WV,Pleasants,3,1,1636.0,3.0,36.0,10.0,0.0,6.0,25.0,2.0,22.0,COAL,"4,583,015"
8435,54053,WV,Mason,3,1,4336.0,3.0,32.0,10.0,0.0,2.0,19.0,5.0,16.0,COAL,"4,968,702"
8434,54023,WV,Grant,3,1,193.0,8.0,25.0,11.0,0.0,11.0,22.0,6.0,22.0,COAL,"3,519,306"
8432,54051,WV,Marshall,3,1,2049.0,2.0,44.0,13.0,0.0,4.0,20.0,6.0,21.0,COAL,"3,327,304"
3493,19113,IA,Linn,7,1,37601.0,24.0,35.0,9.0,2.0,5.0,13.0,7.0,20.0,COAL,"81,646"
8429,54061,WV,Monongalia,3,1,9904.0,17.0,33.0,5.0,0.0,2.0,13.0,6.0,19.0,COAL,"3,921,097"
189,01073,AL,Jefferson,4,1,1504.0,5.0,31.0,11.0,0.0,6.0,34.0,4.0,24.0,COAL,"15,846,086"
8426,54079,WV,Putnam,3,1,9204.0,5.0,34.0,8.0,0.0,6.0,19.0,5.0,22.0,COAL,"8,530,226"
8424,54033,WV,Harrison,3,1,5239.0,8.0,36.0,9.0,0.0,4.0,22.0,6.0,23.0,COAL,"11,192,671"
8423,54049,WV,Marion,3,1,3192.0,9.0,34.0,9.0,0.0,14.0,18.0,5.0,19.0,COAL,"598,706"
7626,49015,UT,Emery,8,1,42.0,13.0,17.0,1.0,0.0,2.0,29.0,3.0,20.0,COAL,"3,400,881"
6702,47145,TN,Roane,4,1,11189.0,10.0,35.0,10.0,0.0,7.0,23.0,4.0,23.0,COAL,"2,412,079"
3543,19155,IA,Pottawattamie,7,1,2223.0,19.0,28.0,7.0,3.0,1.0,17.0,11.0,15.0,COAL,"5,700,298"
2262,08101,CO,Pueblo,8,1,7847.0,58.0,41.0,8.0,2.0,5.0,19.0,4.0,24.0,COAL,"6,767,932"
7324,48013,TX,Atascosa,6,1,5.0,44.0,15.0,29.0,0.0,9.0,35.0,0.0,24.0,COAL,"1,384,087"
7118,48293,TX,Limestone,6,1,152.0,27.0,34.0,10.0,0.0,3.0,23.0,5.0,15.0,COAL,"6,059,246"
7328,48309,TX,McLennan,6,1,1896.0,19.0,31.0,10.0,1.0,1.0,10.0,11.0,22.0,COAL,"3,295,185"
4503,32011,NV,Eureka,9,1,3.0,29.0,18.0,4.0,0.0,0.0,28.0,3.0,17.0,COAL,"1,085,753"
3896,17199,IL,Williamson,5,1,2909.0,12.0,18.0,7.0,0.0,7.0,28.0,3.0,19.0,COAL,"708,926"
7451,48157,TX,Fort Bend,6,1,894.0,59.0,19.0,11.0,8.0,0.0,19.0,3.0,0.0,COAL,"10,743,262"
6208,42063,PA,Indiana,3,1,2601.0,6.0,36.0,6.0,0.0,7.0,25.0,3.0,20.0,COAL,"2,031,753"
6206,42121,PA,Venango,3,1,579.0,3.0,25.0,7.0,0.0,2.0,31.0,4.0,17.0,COAL,"287,646"
8221,55021,WI,Columbia,5,1,2031.0,7.0,14.0,6.0,0.0,2.0,18.0,4.0,14.0,COAL,"4,211,540"
3925,17079,IL,Jasper,5,1,298.0,9.0,14.0,0.0,0.0,5.0,22.0,4.0,16.0,COAL,"3,082,246"
6195,42107,PA,Schuylkill,3,1,1309.0,3.0,32.0,11.0,0.0,3.0,17.0,3.0,23.0,COAL,"156,307"
4094,18083,IN,Knox,5,1,806.0,2.0,21.0,7.0,0.0,5.0,12.0,9.0,19.0,COAL,"3,273,390"
354,04001,AZ,Apache,9,1,3.0,22.0,30.0,4.0,0.0,5.0,24.0,0.0,22.0,COAL,"3,082,129"
4083,18107,IN,Montgomery,5,1,19291.0,14.0,39.0,14.0,2.0,5.0,18.0,6.0,22.0,COAL,0
4073,18165,IN,Vermillion,5,1,1287.0,3.0,41.0,8.0,0.0,2.0,22.0,7.0,20.0,COAL,"4,327,440"
3948,17179,IL,Tazewell,5,1,15197.0,8.0,32.0,13.0,0.0,5.0,18.0,5.0,23.0,COAL,"1,337,628"
3950,17163,IL,St Clair,5,1,269.0,1.0,26.0,12.0,1.0,1.0,31.0,6.0,20.0,COAL,"12,483,004"
6176,42025,PA,Carbon,3,1,9804.0,17.0,40.0,11.0,0.0,10.0,17.0,7.0,25.0,COAL,"476,490"
4051,18173,IN,Warrick,5,1,1342.0,10.0,18.0,7.0,0.0,1.0,25.0,7.0,18.0,COAL,"4,138,923"
4050,18129,IN,Posey,5,1,1667.0,3.0,27.0,8.0,0.0,2.0,13.0,8.0,19.0,COAL,"1,783,169"
6162,42095,PA,Northampton,3,1,38515.0,21.0,23.0,7.0,2.0,5.0,19.0,5.0,19.0,COAL,"508,908"
3989,17077,IL,Jackson,5,1,23854.0,41.0,59.0,5.0,3.0,8.0,10.0,3.0,16.0,COAL,"5,423"
6113,42005,PA,Armstrong,3,1,2178.0,2.0,20.0,6.0,0.0,6.0,23.0,2.0,19.0,COAL,"2,763,505"
4075,18077,IN,Jefferson,5,1,14580.0,10.0,37.0,11.0,1.0,3.0,19.0,4.0,23.0,COAL,"4,967,140"
349,04017,AZ,Navajo,9,1,1745.0,37.0,37.0,1.0,0.0,5.0,10.0,11.0,13.0,COAL,"1,787,705"
296,05093,AR,Mississippi,6,1,2265.0,72.0,52.0,16.0,0.0,15.0,8.0,8.0,28.0,COAL,"3,381,761"
2380,08087,CO,Morgan,8,1,711.0,21.0,24.0,15.0,1.0,6.0,32.0,6.0,21.0,COAL,"2,711,798"
315,05069,AR,Jefferson,6,1,2074.0,12.0,33.0,7.0,0.0,3.0,20.0,4.0,23.0,COAL,"3,560,853"
8279,55011,WI,Buffalo,5,1,878.0,9.0,19.0,10.0,0.0,1.0,30.0,1.0,14.0,COAL,"1,249,276"
2406,08069,CO,Larimer,8,1,92.0,18.0,25.0,2.0,2.0,5.0,23.0,2.0,14.0,COAL,"1,501,546"
2408,08041,CO,El Paso,8,1,4382.0,38.0,29.0,6.0,0.0,10.0,10.0,5.0,21.0,COAL,"976,463"
4324,35045,NM,San Juan,6,1,144.0,99.0,63.0,15.0,23.0,8.0,15.0,6.0,23.0,COAL,"7,434,911"
6045,42021,PA,Cambria,3,1,1588.0,3.0,17.0,5.0,1.0,3.0,24.0,3.0,21.0,COAL,"702,327"
330,04003,AZ,Cochise,9,1,114.0,29.0,31.0,13.0,19.0,2.0,28.0,4.0,22.0,COAL,"1,982,377"
3869,17021,IL,Christian,5,1,638.0,14.0,15.0,9.0,1.0,1.0,12.0,1.0,20.0,COAL,"2,229,160"
7419,48279,TX,Lamb,6,1,13.0,68.0,60.0,24.0,5.0,4.0,16.0,5.0,16.0,COAL,"2,707,618"
6235,42003,PA,Allegheny,3,1,35606.0,26.0,38.0,8.0,1.0,9.0,21.0,5.0,22.0,COAL,"109,369"
8243,55117,WI,Sheboygan,5,1,29407.0,27.0,30.0,9.0,2.0,3.0,17.0,6.0,18.0,COAL,"1,938,022"
6072,42097,PA,Northumberland,3,1,12107.0,7.0,36.0,9.0,0.0,7.0,23.0,5.0,21.0,COAL,"103,718"
3782,17167,IL,Sangamon,5,1,29394.0,34.0,37.0,13.0,0.0,7.0,19.0,5.0,22.0,COAL,"643,132"
8460,56009,WY,Converse,8,1,106.0,6.0,33.0,8.0,0.0,1.0,34.0,4.0,17.0,COAL,"3,537,397"
2745,12095,FL,Orange,4,1,20869.0,50.0,13.0,9.0,2.0,3.0,6.0,7.0,7.0,COAL,"5,275,453"
3376,19193,IA,Woodbury,7,1,164.0,9.0,17.0,5.0,0.0,1.0,26.0,4.0,16.0,COAL,"1,252,853"
3307,19153,IA,Polk,7,1,68823.0,41.0,44.0,16.0,5.0,7.0,12.0,7.0,23.0,COAL,"6,108"
3434,19115,IA,Louisa,7,1,1090.0,11.0,29.0,10.0,0.0,3.0,21.0,2.0,19.0,COAL,"3,612,095"
5453,39155,OH,Trumbull,5,1,36536.0,29.0,55.0,15.0,1.0,7.0,16.0,7.0,27.0,COAL,"47,528"
3144,13207,GA,Monroe,4,1,853.0,28.0,25.0,8.0,0.0,1.0,15.0,8.0,22.0,COAL,"6,461,453"
5510,39053,OH,Gallia,5,1,3948.0,5.0,34.0,17.0,0.0,1.0,27.0,3.0,23.0,COAL,"4,561,822"
28,02090,AK,Fairbanks North Star,10,1,3225.0,34.0,26.0,5.0,2.0,14.0,1.0,13.0,0.0,COAL,"86,880"
3426,19005,IA,Allamakee,7,1,330.0,2.0,35.0,6.0,0.0,2.0,32.0,7.0,23.0,COAL," (7,651)"
7006,48203,TX,Harrison,6,1,390.0,31.0,30.0,11.0,2.0,5.0,18.0,6.0,1.0,COAL,"871,741"
5501,39145,OH,Scioto,5,1,5214.0,10.0,40.0,9.0,0.0,6.0,16.0,4.0,21.0,COAL,"353,432"
7046,48375,TX,Potter,6,1,579.0,28.0,21.0,5.0,2.0,5.0,32.0,3.0,19.0,COAL,"3,211,292"
5553,39085,OH,Lake,5,1,40868.0,27.0,31.0,11.0,3.0,5.0,16.0,6.0,21.0,COAL,749
2912,12107,FL,Putnam,4,1,1238.0,10.0,27.0,8.0,0.0,3.0,41.0,1.0,21.0,COAL,"9,880,840"
7079,48029,TX,Bexar,6,1,4467.0,62.0,37.0,21.0,3.0,3.0,14.0,7.0,21.0,COAL,"5,077,894"
5519,39061,OH,Hamilton,5,1,3688.0,5.0,26.0,13.0,0.0,5.0,16.0,4.0,22.0,COAL,"2,781,603"
3306,19045,IA,Clinton,7,1,19874.0,13.0,37.0,12.0,0.0,6.0,20.0,6.0,21.0,COAL,"713,073"
7898,51195,VA,Wise,3,1,1896.0,4.0,50.0,21.0,0.0,17.0,22.0,3.0,24.0,COAL,"753,348"
2981,13015,GA,Bartow,4,1,6959.0,19.0,28.0,12.0,0.0,5.0,11.0,5.0,18.0,COAL,"10,228,093"
8472,56037,WY,Sweetwater,8,1,5.0,32.0,34.0,5.0,3.0,12.0,31.0,0.0,19.0,COAL,"223,993"
8489,56023,WY,Lincoln,8,1,322.0,11.0,26.0,5.0,1.0,1.0,19.0,4.0,16.0,COAL,"2,766,703"
5520,39017,OH,Butler,5,1,36129.0,24.0,40.0,16.0,2.0,7.0,15.0,5.0,24.0,COAL,"333,038"
6884,48175,TX,Goliad,6,1,750.0,38.0,36.0,9.0,1.0,6.0,16.0,1.0,19.0,COAL,"2,660,191"
8484,56031,WY,Platte,8,1,76.0,11.0,26.0,2.0,1.0,1.0,34.0,3.0,19.0,COAL,"9,464,926"
7736,51083,VA,Halifax,3,1,656.0,48.0,41.0,20.0,0.0,1.0,17.0,7.0,22.0,COAL,"247,929"
588,06071,CA,San Bernardino,9,1,1727.0,27.0,54.0,14.0,0.0,8.0,17.0,6.0,23.0,COAL,"244,809"
7680,49007,UT,Carbon,8,1,1425.0,19.0,45.0,15.0,0.0,14.0,24.0,5.0,17.0,COAL,"316,504"
3798,17197,IL,Will,5,1,4177.0,8.0,14.0,5.0,0.0,7.0,16.0,4.0,18.0,OFSL,"179,974"
8504,56007,WY,Carbon,8,1,441.0,6.0,36.0,12.0,0.0,0.0,14.0,5.0,19.0,OFSL,6
5452,39035,OH,Cuyahoga,5,1,107988.0,62.0,60.0,20.0,5.0,14.0,11.0,6.0,19.0,OFSL,"143,863"
4163,34015,NJ,Gloucester,2,1,16746.0,32.0,27.0,10.0,4.0,8.0,20.0,6.0,24.0,OFSL,"336,202"
1036,06037,CA,Los Angeles,9,1,186333.0,91.0,41.0,29.0,13.0,8.0,11.0,6.0,17.0,OFSL,"334,633"
6764,48245,TX,Jefferson,6,1,8701.0,94.0,52.0,18.0,4.0,11.0,20.0,6.0,21.0,OFSL,"1,194,968"
4057,18127,IN,Porter,5,1,5566.0,19.0,26.0,6.0,0.0,5.0,16.0,8.0,20.0,OFSL,"820,267"
6820,48233,TX,Hutchinson,6,1,10968.0,39.0,30.0,17.0,3.0,3.0,16.0,5.0,23.0,OFSL,"45,620"
881,06067,CA,Sacramento,9,1,906.0,32.0,10.0,2.0,0.0,8.0,17.0,6.0,18.0,OFSL,"2,914,550"
2204,08051,CO,Gunnison,8,1,186.0,13.0,29.0,6.0,1.0,4.0,29.0,5.0,10.0,OFSL,0
6874,48201,TX,Harris,6,1,69012.0,92.0,52.0,40.0,17.0,10.0,9.0,9.0,19.0,OFSL,"3,917,523"
5921,41009,OR,Columbia,10,1,859.0,16.0,28.0,8.0,0.0,2.0,24.0,2.0,18.0,GAS,"1,172,401"
1717,06073,CA,San Diego,9,1,11657.0,73.0,16.0,19.0,3.0,3.0,5.0,5.0,17.0,GAS,0
1718,06013,CA,Contra Costa,9,1,74659.0,90.0,38.0,31.0,13.0,7.0,11.0,6.0,20.0,GAS,"912,307"
6056,42047,PA,Elk,3,1,2805.0,2.0,27.0,9.0,0.0,5.0,21.0,5.0,22.0,GAS,"65,100"
5902,41003,OR,Benton,10,1,59336.0,25.0,42.0,4.0,3.0,9.0,14.0,3.0,9.0,GAS,"35,445"
1935,06029,CA,Kern,9,1,60308.0,75.0,50.0,25.0,9.0,8.0,13.0,8.0,21.0,GAS,"90,850"
6043,42045,PA,Delaware,3,1,72459.0,57.0,37.0,10.0,2.0,10.0,15.0,6.0,22.0,GAS,"169,319"
6041,42055,PA,Franklin,3,1,4696.0,8.0,27.0,13.0,0.0,3.0,21.0,8.0,15.0,GAS,"243,007"
5471,39129,OH,Pickaway,5,1,937.0,3.0,33.0,14.0,0.0,1.0,18.0,5.0,22.0,GAS,"557,272"
6027,42011,PA,Berks,3,1,14358.0,12.0,21.0,9.0,1.0,5.0,19.0,6.0,15.0,GAS,"3,239,674"
6034,42119,PA,Union,3,1,16860.0,16.0,24.0,10.0,1.0,3.0,20.0,3.0,13.0,GAS,"42,688"
1706,06089,CA,Shasta,9,1,10431.0,21.0,29.0,7.0,1.0,10.0,22.0,6.0,20.0,GAS,"363,815"
1703,06103,CA,Tehama,9,1,16288.0,28.0,49.0,10.0,0.0,8.0,18.0,6.0,22.0,GAS,"11,900"
5979,41049,OR,Morrow,10,1,11.0,70.0,42.0,43.0,2.0,2.0,16.0,9.0,19.0,GAS,"37,601"
5986,41039,OR,Lane,10,1,122457.0,22.0,42.0,6.0,2.0,8.0,16.0,4.0,15.0,GAS,528
6017,42015,PA,Bradford,3,1,3228.0,3.0,41.0,13.0,0.0,5.0,21.0,7.0,20.0,GAS,"53,657"
1941,06025,CA,Imperial,9,1,268.0,53.0,35.0,16.0,6.0,23.0,8.0,9.0,20.0,GAS,"15,827"
6032,42133,PA,York,3,1,13531.0,11.0,20.0,10.0,0.0,4.0,16.0,6.0,17.0,GAS,"2,684,893"
6029,42117,PA,Tioga,3,1,2542.0,6.0,33.0,8.0,0.0,4.0,18.0,4.0,19.0,GAS,136
1868,06007,CA,Butte,9,1,72287.0,32.0,43.0,7.0,2.0,7.0,14.0,4.0,18.0,GAS,"9,293"
5421,39173,OH,Wood,5,1,29735.0,18.0,48.0,6.0,1.0,7.0,10.0,4.0,11.0,GAS,"2,067"
6099,42059,PA,Greene,3,1,6335.0,5.0,33.0,6.0,1.0,3.0,17.0,5.0,19.0,GAS,"3,945,562"
5414,36063,NY,Niagara,2,1,60541.0,13.0,24.0,7.0,1.0,5.0,19.0,5.0,18.0,GAS,"49,285"
5407,36103,NY,Suffolk,2,1,52302.0,35.0,27.0,13.0,4.0,6.0,13.0,7.0,19.0,GAS,"3,170"
5385,36039,NY,Greene,2,1,7026.0,28.0,24.0,31.0,0.0,4.0,17.0,4.0,12.0,GAS,521
1984,06085,CA,Santa Clara,9,1,61178.0,77.0,15.0,9.0,9.0,4.0,11.0,6.0,16.0,GAS,"9,664"
6102,42109,PA,Snyder,3,1,16242.0,10.0,36.0,9.0,1.0,4.0,22.0,5.0,20.0,GAS,"7,736,716"
6104,42079,PA,Luzerne,3,1,5140.0,19.0,36.0,11.0,2.0,4.0,17.0,5.0,23.0,GAS,"603,023"
6106,42001,PA,Adams,3,1,2967.0,12.0,20.0,12.0,1.0,3.0,21.0,5.0,20.0,GAS,"39,480"
5360,36081,NY,Queens,2,1,1269891.0,45.0,22.0,8.0,8.0,6.0,17.0,5.0,14.0,GAS,"120,384"
6110,42101,PA,Philadelphia,3,1,132410.0,34.0,24.0,10.0,8.0,6.0,18.0,7.0,21.0,GAS,"2,499"
5355,36071,NY,Orange,2,1,30368.0,63.0,31.0,13.0,6.0,6.0,14.0,8.0,18.0,GAS,"4,392,317"
6112,42013,PA,Blair,3,1,44286.0,11.0,43.0,8.0,0.0,5.0,17.0,6.0,22.0,GAS,0
6117,42069,PA,Lackawanna,3,1,20397.0,10.0,27.0,6.0,0.0,3.0,19.0,6.0,21.0,GAS,"10,468,498"
6097,42073,PA,Lawrence,3,1,6471.0,4.0,29.0,6.0,0.0,3.0,27.0,6.0,18.0,GAS,"6,567,027"
6059,42027,PA,Centre,3,1,66624.0,23.0,46.0,2.0,4.0,5.0,10.0,2.0,7.0,GAS,"46,837"
6096,42075,PA,Lebanon,3,1,29144.0,29.0,31.0,16.0,5.0,5.0,21.0,5.0,18.0,GAS,"4,241,847"
1947,06065,CA,Riverside,9,1,88429.0,75.0,31.0,15.0,6.0,7.0,10.0,6.0,19.0,GAS,"11,083"
6066,42017,PA,Bucks,3,1,17906.0,29.0,20.0,5.0,1.0,4.0,15.0,5.0,18.0,GAS,"7,975,147"
5446,39019,OH,Carroll,5,1,4648.0,2.0,32.0,14.0,0.0,2.0,26.0,4.0,22.0,GAS,"5,513,355"
6069,42051,PA,Fayette,3,1,6944.0,11.0,34.0,9.0,0.0,6.0,16.0,6.0,23.0,GAS,"5,459,456"
1954,06059,CA,Orange,9,1,282874.0,78.0,31.0,22.0,15.0,6.0,15.0,6.0,18.0,GAS,"2,252"
5440,39171,OH,Williams,5,1,11095.0,7.0,30.0,10.0,0.0,3.0,25.0,5.0,21.0,GAS,917
5438,39139,OH,Richland,5,1,28351.0,23.0,48.0,12.0,2.0,9.0,17.0,7.0,23.0,GAS,"2,845"
5431,39095,OH,Lucas,5,1,42111.0,42.0,54.0,16.0,1.0,10.0,15.0,8.0,25.0,GAS,424
5427,39007,OH,Ashtabula,5,1,20117.0,24.0,52.0,18.0,1.0,12.0,20.0,6.0,24.0,GAS,"170,112"
6090,42081,PA,Lycoming,3,1,6489.0,11.0,33.0,9.0,0.0,3.0,13.0,7.0,18.0,GAS,"6,399,412"
5423,39069,OH,Henry,5,1,9255.0,14.0,37.0,7.0,1.0,3.0,20.0,7.0,18.0,GAS,"1,968"
5422,39033,OH,Crawford,5,1,13111.0,4.0,42.0,11.0,1.0,6.0,21.0,5.0,23.0,GAS,"1,950"
5478,39119,OH,Muskingum,5,1,3390.0,4.0,24.0,8.0,0.0,3.0,16.0,4.0,13.0,GAS,"3,910,371"
5492,39037,OH,Darke,5,1,11934.0,6.0,44.0,11.0,0.0,4.0,24.0,5.0,22.0,GAS,"68,462"
5650,40109,OK,Oklahoma,6,1,27042.0,46.0,33.0,12.0,4.0,5.0,14.0,7.0,21.0,GAS,"644,135"
5551,39101,OH,Marion,5,1,19292.0,26.0,54.0,16.0,0.0,19.0,13.0,5.0,20.0,GAS,"29,731"
5653,40101,OK,Muskogee,6,1,10167.0,40.0,38.0,8.0,1.0,3.0,19.0,6.0,23.0,GAS,"382,879"
5550,39137,OH,Putnam,5,1,3019.0,37.0,30.0,13.0,3.0,3.0,20.0,8.0,17.0,GAS,"13,046"
5656,40097,OK,Mayes,6,1,2185.0,36.0,44.0,12.0,0.0,6.0,19.0,7.0,23.0,GAS,"3,617,025"
5549,39147,OH,Seneca,5,1,14219.0,24.0,34.0,8.0,2.0,6.0,17.0,8.0,22.0,GAS,"21,451"
5660,40143,OK,Tulsa,6,1,37693.0,26.0,15.0,4.0,1.0,3.0,16.0,7.0,17.0,GAS,"3,853,699"
5545,39169,OH,Wayne,5,1,10601.0,14.0,27.0,9.0,2.0,3.0,18.0,6.0,18.0,GAS,"10,623"
5539,39093,OH,Lorain,5,1,10061.0,27.0,34.0,5.0,2.0,5.0,20.0,2.0,19.0,GAS,292
5675,40055,OK,Greer,6,1,3149.0,25.0,51.0,17.0,0.0,11.0,15.0,8.0,24.0,GAS,0
5679,40087,OK,McClain,6,1,8145.0,31.0,16.0,8.0,2.0,3.0,11.0,6.0,15.0,GAS,"2,583,740"
5684,40153,OK,Woodward,6,1,1367.0,13.0,19.0,7.0,5.0,1.0,16.0,5.0,19.0,GAS,"86,819"
5559,39141,OH,Ross,5,1,23536.0,15.0,39.0,9.0,1.0,7.0,20.0,6.0,24.0,GAS,"291,641"
5686,40017,OK,Canadian,6,1,44409.0,44.0,36.0,11.0,3.0,5.0,12.0,7.0,19.0,GAS,"564,512"
5642,40119,OK,Payne,6,1,9382.0,26.0,43.0,11.0,0.0,4.0,15.0,6.0,24.0,GAS,575
5586,39113,OH,Montgomery,5,1,73555.0,39.0,43.0,11.0,1.0,11.0,12.0,5.0,18.0,GAS,"1,298,004"
5584,39133,OH,Portage,5,1,38444.0,17.0,41.0,5.0,2.0,9.0,12.0,4.0,15.0,GAS,"30,954"
5579,39029,OH,Columbiana,5,1,5507.0,10.0,38.0,13.0,0.0,5.0,20.0,4.0,24.0,GAS,"8,253,298"
5598,39167,OH,Washington,5,1,2508.0,4.0,38.0,6.0,0.0,3.0,20.0,7.0,21.0,GAS,"5,241,651"
5569,39163,OH,Vinton,5,1,519.0,5.0,42.0,20.0,0.0,7.0,23.0,1.0,23.0,GAS,"2,273,194"
5615,40015,OK,Caddo,6,1,5721.0,71.0,54.0,12.0,2.0,7.0,12.0,8.0,29.0,GAS,"1,066,440"
5568,39161,OH,Van Wert,5,1,1790.0,6.0,21.0,8.0,0.0,2.0,18.0,10.0,19.0,GAS,"184,978"
5567,39039,OH,Defiance,5,1,13395.0,21.0,33.0,8.0,1.0,6.0,18.0,6.0,21.0,GAS,"231,458"
1846,06001,CA,Alameda,9,1,109665.0,72.0,8.0,4.0,7.0,4.0,10.0,6.0,12.0,GAS,"13,069"
1888,06095,CA,Solano,9,1,102542.0,75.0,28.0,16.0,6.0,7.0,14.0,7.0,21.0,GAS,"7,566"
5633,40071,OK,Kay,6,1,250.0,26.0,35.0,12.0,0.0,5.0,16.0,4.0,22.0,GAS,"215,151"
5638,40031,OK,Comanche,6,1,3573.0,57.0,22.0,17.0,1.0,1.0,15.0,1.0,23.0,GAS,"511,873"
5689,40131,OK,Rogers,6,1,3347.0,30.0,29.0,9.0,0.0,6.0,15.0,7.0,19.0,GAS,"3,489,797"
5692,40145,OK,Wagoner,6,1,17201.0,23.0,14.0,5.0,1.0,4.0,18.0,6.0,14.0,GAS,"5,621,549"
5739,40107,OK,Okfuskee,6,1,1323.0,47.0,56.0,18.0,0.0,3.0,15.0,4.0,19.0,GAS,"7,137"
5493,39059,OH,Guernsey,5,1,6427.0,3.0,37.0,12.0,0.0,8.0,15.0,6.0,22.0,GAS,"8,154,972"
5837,41059,OR,Umatilla,10,1,978.0,27.0,17.0,5.0,2.0,7.0,24.0,1.0,19.0,GAS,"2,989,539"
1748,06061,CA,Placer,9,1,64134.0,38.0,12.0,3.0,2.0,4.0,15.0,6.0,13.0,GAS,"3,992"
5486,39143,OH,Sandusky,5,1,10789.0,28.0,36.0,8.0,1.0,4.0,19.0,5.0,21.0,GAS,"3,372,146"
5850,41035,OR,Klamath,10,1,3914.0,14.0,38.0,12.0,1.0,7.0,21.0,6.0,21.0,GAS,"2,881,066"
5736,40151,OK,Woods,6,1,31.0,24.0,27.0,6.0,2.0,1.0,25.0,7.0,21.0,GAS,"16,842"
5498,39087,OH,Lawrence,5,1,5502.0,7.0,43.0,10.0,0.0,5.0,20.0,5.0,23.0,GAS,"10,533,130"
1800,06053,CA,Monterey,9,1,71.0,47.0,33.0,14.0,2.0,12.0,21.0,6.0,11.0,GAS,"203,562"
1798,06019,CA,Fresno,9,1,140159.0,57.0,32.0,9.0,5.0,7.0,16.0,6.0,18.0,GAS,"29,489"
5716,40133,OK,Seminole,6,1,1687.0,39.0,58.0,14.0,0.0,3.0,19.0,8.0,23.0,GAS,"2,660,627"
1727,06077,CA,San Joaquin,9,1,31495.0,50.0,22.0,13.0,2.0,7.0,14.0,7.0,18.0,GAS,"9,709"
5722,40083,OK,Logan,6,1,1603.0,23.0,9.0,8.0,5.0,3.0,11.0,6.0,10.0,GAS,"184,586"
5726,40121,OK,Pittsburg,6,1,349.0,36.0,45.0,15.0,0.0,6.0,21.0,6.0,20.0,GAS,"5,024,481"
1789,06081,CA,San Mateo,9,1,158981.0,60.0,18.0,12.0,6.0,5.0,14.0,5.0,13.0,GAS,"27,275"
5734,40027,OK,Cleveland,6,1,81594.0,33.0,46.0,6.0,3.0,7.0,12.0,4.0,15.0,GAS,0
5513,39111,OH,Monroe,5,1,2939.0,2.0,40.0,7.0,0.0,6.0,27.0,3.0,21.0,GAS,"3,852,850"
6141,42091,PA,Montgomery,3,1,69676.0,27.0,13.0,6.0,3.0,4.0,22.0,5.0,16.0,GAS,"284,092"
1305,06097,CA,Sonoma,9,1,77451.0,41.0,23.0,11.0,5.0,5.0,19.0,4.0,19.0,GAS,"34,355"
6774,48189,TX,Hale,6,1,3301.0,47.0,26.0,15.0,4.0,1.0,16.0,6.0,19.0,GAS,"255,931"
6778,48039,TX,Brazoria,6,1,630.0,29.0,15.0,18.0,0.0,3.0,13.0,8.0,21.0,GAS,"192,856"
6793,48167,TX,Galveston,6,1,24860.0,49.0,34.0,14.0,2.0,7.0,9.0,6.0,21.0,GAS,"251,981"
6798,48355,TX,Nueces,6,1,7703.0,34.0,27.0,9.0,1.0,4.0,15.0,4.0,21.0,GAS,"1,540,696"
6800,48021,TX,Bastrop,6,1,5491.0,77.0,41.0,32.0,10.0,9.0,13.0,4.0,20.0,GAS,"3,022,115"
1283,06107,CA,Tulare,9,1,119945.0,65.0,35.0,15.0,7.0,6.0,13.0,8.0,20.0,GAS,"21,025"
6803,48071,TX,Chambers,6,1,20931.0,52.0,22.0,18.0,5.0,8.0,14.0,6.0,21.0,GAS,"5,051,327"
6821,48035,TX,Bosque,6,1,1838.0,6.0,26.0,9.0,0.0,4.0,29.0,2.0,21.0,GAS,"4,864,815"
1276,06055,CA,Napa,9,1,23132.0,54.0,28.0,20.0,8.0,7.0,14.0,6.0,17.0,GAS,"37,353"
6747,47093,TN,Knox,4,1,67236.0,29.0,57.0,14.0,1.0,5.0,10.0,5.0,18.0,GAS,"34,215"
6669,46135,SD,Yankton,8,1,14278.0,14.0,26.0,5.0,1.0,2.0,19.0,6.0,19.0,GAS, (280)
6670,47157,TN,Shelby,4,1,701.0,98.0,54.0,36.0,0.0,13.0,24.0,7.0,26.0,GAS,"5,333,302"
6674,47075,TN,Haywood,4,1,604.0,50.0,45.0,16.0,1.0,6.0,14.0,4.0,20.0,GAS,"21,104"
6688,47163,TN,Sullivan,4,1,34475.0,10.0,45.0,14.0,1.0,6.0,24.0,5.0,24.0,GAS,"127,615"
6695,47183,TN,Weakley,4,1,1752.0,11.0,37.0,18.0,0.0,1.0,18.0,4.0,22.0,GAS,"37,925"
6700,47073,TN,Hawkins,4,1,4804.0,7.0,45.0,17.0,1.0,6.0,25.0,7.0,25.0,GAS,"4,280,543"
6701,47085,TN,Humphreys,4,1,2542.0,13.0,33.0,11.0,0.0,3.0,20.0,5.0,23.0,GAS,"590,121"
6705,47149,TN,Rutherford,4,1,63299.0,38.0,45.0,10.0,2.0,5.0,12.0,6.0,19.0,GAS,"37,022"
6719,47037,TN,Davidson,4,1,46829.0,35.0,22.0,7.0,2.0,4.0,14.0,7.0,23.0,GAS,"30,758"
6723,47105,TN,Loudon,4,1,8948.0,20.0,36.0,24.0,3.0,7.0,26.0,5.0,22.0,GAS,"402,441"
6909,48221,TX,Hood,6,1,13130.0,16.0,13.0,5.0,1.0,5.0,29.0,4.0,19.0,GAS,"95,499"
1219,06023,CA,Humboldt,9,1,11463.0,29.0,40.0,14.0,1.0,8.0,22.0,7.0,22.0,GAS,"425,970"
6912,48121,TX,Denton,6,1,9193.0,33.0,42.0,6.0,5.0,7.0,10.0,3.0,11.0,GAS,"309,654"
6920,48415,TX,Scurry,6,1,3096.0,43.0,32.0,16.0,6.0,0.0,18.0,4.0,21.0,GAS,"686,947"
1211,06035,CA,Lassen,9,1,6630.0,77.0,32.0,47.0,0.0,0.0,1.0,0.0,0.0,GAS,"35,660"
6940,48139,TX,Ellis,6,1,13298.0,59.0,31.0,18.0,3.0,3.0,13.0,5.0,22.0,GAS,"1,440,180"
1205,06031,CA,Kings,9,1,6339.0,54.0,43.0,2.0,5.0,9.0,0.0,14.0,0.0,GAS,"3,536"
6966,48057,TX,Calhoun,6,1,463.0,53.0,17.0,9.0,3.0,0.0,23.0,7.0,18.0,GAS,"4,489,977"
6967,48257,TX,Kaufman,6,1,26551.0,46.0,21.0,8.0,1.0,5.0,7.0,9.0,18.0,GAS,"10,423,121"
6908,48453,TX,Travis,6,1,25858.0,85.0,41.0,26.0,15.0,6.0,5.0,11.0,17.0,GAS,0
6898,48351,TX,Newton,6,1,2008.0,7.0,34.0,6.0,0.0,8.0,24.0,2.0,22.0,GAS,"5,896,856"
6824,48303,TX,Lubbock,6,1,96351.0,56.0,52.0,16.0,4.0,5.0,10.0,5.0,17.0,GAS,"21,734"
6831,48497,TX,Wise,6,1,2877.0,33.0,24.0,22.0,7.0,3.0,14.0,6.0,20.0,GAS,"49,615"
6838,48041,TX,Brazos,6,1,74494.0,61.0,53.0,18.0,6.0,7.0,8.0,6.0,18.0,GAS,"3,892"
6848,48227,TX,Howard,6,1,9947.0,49.0,28.0,11.0,1.0,5.0,11.0,8.0,24.0,GAS,"99,556"
6855,48215,TX,Hidalgo,6,1,41421.0,92.0,56.0,21.0,13.0,7.0,8.0,8.0,19.0,GAS,"2,791,281"
6885,48481,TX,Wharton,6,1,7469.0,61.0,37.0,21.0,4.0,2.0,20.0,8.0,22.0,GAS,"2,416,287"
6892,48141,TX,El Paso,6,1,98189.0,92.0,52.0,25.0,23.0,8.0,18.0,6.0,19.0,GAS,"48,678"
6653,46083,SD,Lincoln,8,1,499.0,6.0,18.0,9.0,0.0,1.0,23.0,2.0,19.0,GAS,"17,514"
6211,42007,PA,Beaver,3,1,21627.0,6.0,17.0,4.0,0.0,6.0,24.0,5.0,18.0,GAS,"1,530,623"
1547,06075,CA,San Francisco,9,1,336498.0,55.0,24.0,10.0,11.0,6.0,15.0,4.0,16.0,GAS,993
6226,42129,PA,Westmoreland,3,1,3929.0,4.0,20.0,5.0,0.0,8.0,23.0,6.0,20.0,GAS,"6,660,501"
6240,42123,PA,Warren,3,1,10579.0,5.0,32.0,5.0,0.0,4.0,24.0,6.0,21.0,GAS,"19,819"
6329,44007,RI,Providence,1,1,80082.0,27.0,20.0,9.0,3.0,5.0,18.0,5.0,18.0,GAS,"18,813"
6388,44005,RI,Newport,1,1,35713.0,19.0,28.0,15.0,7.0,7.0,20.0,5.0,18.0,GAS,"1,653,199"
6389,44009,RI,Washington,1,1,14196.0,14.0,16.0,4.0,1.0,4.0,22.0,4.0,18.0,GAS,"157,284"
6210,42033,PA,Clearfield,3,1,831.0,2.0,40.0,13.0,0.0,8.0,21.0,3.0,20.0,GAS,"1,550,822"
6447,45021,SC,Cherokee,4,1,4501.0,21.0,51.0,15.0,3.0,5.0,18.0,6.0,26.0,GAS,"291,258"
1558,06111,CA,Ventura,9,1,60924.0,89.0,41.0,37.0,15.0,8.0,10.0,8.0,17.0,GAS,"256,738"
6148,42093,PA,Montour,3,1,1930.0,3.0,30.0,12.0,2.0,3.0,15.0,7.0,18.0,GAS,"562,285"
6152,42071,PA,Lancaster,3,1,18152.0,13.0,18.0,7.0,1.0,4.0,22.0,5.0,18.0,GAS,0
6167,42131,PA,Wyoming,3,1,1628.0,6.0,26.0,6.0,0.0,2.0,26.0,4.0,17.0,GAS,"62,378"
6178,42043,PA,Dauphin,3,1,102961.0,56.0,38.0,11.0,6.0,7.0,14.0,7.0,21.0,GAS,414
6199,42115,PA,Susquehanna,3,1,1309.0,9.0,27.0,12.0,1.0,4.0,18.0,7.0,19.0,GAS,"60,259"
6449,45075,SC,Orangeburg,4,1,23120.0,79.0,52.0,17.0,1.0,12.0,19.0,5.0,22.0,GAS, (37)
6450,45055,SC,Kershaw,4,1,7697.0,38.0,38.0,11.0,1.0,8.0,24.0,5.0,22.0,GAS,0
1430,06099,CA,Stanislaus,9,1,94690.0,65.0,37.0,20.0,9.0,9.0,14.0,6.0,19.0,GAS,"1,254"
6596,45003,SC,Aiken,4,1,7228.0,76.0,64.0,21.0,0.0,8.0,16.0,7.0,25.0,GAS,"1,799,264"
6600,45007,SC,Anderson,4,1,5722.0,14.0,32.0,14.0,0.0,5.0,24.0,4.0,23.0,GAS,"5,961,177"
6618,46013,SD,Brown,8,1,19849.0,19.0,33.0,8.0,5.0,4.0,15.0,6.0,19.0,GAS,"39,552"
6619,46099,SD,Minnehaha,8,1,7152.0,9.0,11.0,3.0,0.0,1.0,11.0,6.0,18.0,GAS,"232,283"
6620,46039,SD,Deuel,8,1,326.0,12.0,30.0,3.0,0.0,2.0,10.0,8.0,7.0,GAS,"407,230"
6623,46103,SD,Pennington,8,1,42193.0,26.0,36.0,6.0,1.0,4.0,22.0,6.0,20.0,GAS,"3,103"
6626,46005,SD,Beadle,8,1,10541.0,33.0,34.0,14.0,10.0,2.0,15.0,9.0,19.0,GAS,"96,386"
6639,46011,SD,Brookings,8,1,165.0,2.0,15.0,5.0,0.0,1.0,23.0,5.0,18.0,GAS,"1,060,819"
6651,46035,SD,Davison,8,1,301.0,3.0,12.0,12.0,0.0,0.0,28.0,6.0,14.0,GAS,"17,570"
6652,46125,SD,Turner,8,1,601.0,10.0,25.0,9.0,0.0,1.0,15.0,6.0,18.0,GAS,"23,362"
6457,45077,SC,Pickens,4,1,26151.0,19.0,49.0,7.0,1.0,8.0,9.0,1.0,8.0,GAS,4
6468,45017,SC,Calhoun,4,1,3713.0,66.0,48.0,14.0,1.0,5.0,15.0,6.0,24.0,GAS,"2,465,905"
6472,45031,SC,Darlington,4,1,2962.0,13.0,34.0,9.0,1.0,4.0,17.0,6.0,22.0,GAS,"22,124"
6499,45019,SC,Charleston,4,1,48958.0,50.0,40.0,11.0,1.0,6.0,16.0,5.0,21.0,GAS,"23,323"
6513,45053,SC,Jasper,4,1,580.0,84.0,73.0,27.0,1.0,16.0,7.0,15.0,20.0,GAS,"5,318,402"
6528,45013,SC,Beaufort,4,1,4113.0,53.0,46.0,1.0,4.0,2.0,0.0,7.0,0.0,GAS,"31,536"
6532,45063,SC,Lexington,4,1,23440.0,26.0,17.0,4.0,1.0,2.0,19.0,5.0,17.0,GAS,"729,071"
6549,45039,SC,Fairfield,4,1,455.0,32.0,24.0,9.0,0.0,4.0,25.0,5.0,17.0,GAS,199
3725,17043,IL,DuPage,5,1,46524.0,43.0,16.0,7.0,3.0,4.0,13.0,6.0,16.0,GAS,"415,315"
2656,11001,DC,District of Columbia,3,1,353568.0,44.0,16.0,4.0,4.0,4.0,11.0,4.0,16.0,GAS,"8,957"
3732,17143,IL,Peoria,5,1,52674.0,47.0,52.0,15.0,2.0,11.0,14.0,6.0,24.0,GAS,"23,362"
3755,17063,IL,Grundy,5,1,3931.0,11.0,5.0,4.0,1.0,6.0,14.0,6.0,19.0,GAS,"3,447,283"
3757,17091,IL,Kankakee,5,1,46032.0,32.0,34.0,10.0,1.0,6.0,15.0,6.0,21.0,GAS,"22,885"
3759,17031,IL,Cook,5,1,65272.0,82.0,42.0,19.0,7.0,11.0,15.0,6.0,22.0,GAS,"2,152"
2645,09011,CT,New London,1,1,48404.0,40.0,33.0,10.0,6.0,7.0,17.0,5.0,18.0,GAS,"14,560"
3767,17111,IL,McHenry,5,1,17486.0,21.0,24.0,9.0,2.0,5.0,16.0,6.0,19.0,GAS,"8,570"
2639,09007,CT,Middlesex,1,1,44602.0,31.0,26.0,6.0,3.0,5.0,17.0,4.0,17.0,GAS,"10,462"
3777,17161,IL,Rock Island,5,1,506.0,6.0,12.0,9.0,0.0,7.0,24.0,2.0,18.0,GAS,"770,247"
2636,09009,CT,New Haven,1,1,103731.0,66.0,42.0,19.0,9.0,11.0,14.0,6.0,20.0,GAS,"40,136"
2630,09001,CT,Fairfield,1,1,113792.0,56.0,39.0,17.0,14.0,10.0,12.0,6.0,19.0,GAS,"20,031"
2629,09003,CT,Hartford,1,1,25437.0,24.0,9.0,3.0,1.0,3.0,20.0,4.0,17.0,GAS,"21,143"
2628,09013,CT,Tolland,1,1,23246.0,27.0,42.0,4.0,4.0,12.0,9.0,1.0,5.0,GAS,"122,129"
2660,10003,DE,New Castle,3,1,67058.0,37.0,24.0,9.0,2.0,5.0,19.0,5.0,20.0,GAS,"9,317"
3716,17171,IL,Scott,5,1,562.0,2.0,23.0,4.0,0.0,3.0,24.0,5.0,18.0,GAS,"20,106"
2752,12001,FL,Alachua,4,1,7818.0,29.0,14.0,3.0,1.0,5.0,22.0,8.0,19.0,GAS,"812,467"
2750,12127,FL,Volusia,4,1,26738.0,32.0,24.0,6.0,1.0,5.0,23.0,4.0,18.0,GAS,"105,520"
2747,12105,FL,Polk,4,1,36034.0,40.0,46.0,18.0,7.0,5.0,15.0,7.0,23.0,GAS,"33,382"
2746,12069,FL,Lake,4,1,25172.0,47.0,46.0,13.0,7.0,9.0,25.0,4.0,13.0,GAS,"24,466"
2744,12017,FL,Citrus,4,1,205.0,14.0,28.0,4.0,0.0,16.0,39.0,4.0,23.0,GAS,"16,086,131"
3635,16075,ID,Payette,10,1,688.0,9.0,25.0,7.0,0.0,2.0,15.0,7.0,17.0,GAS,"1,628,533"
2729,12009,FL,Brevard,4,1,21754.0,19.0,29.0,11.0,1.0,7.0,18.0,4.0,22.0,GAS,"7,119,144"
2728,12097,FL,Osceola,4,1,13849.0,46.0,23.0,7.0,6.0,4.0,17.0,6.0,15.0,GAS,"4,188,869"
2722,12031,FL,Duval,4,1,1903.0,28.0,36.0,15.0,0.0,8.0,20.0,6.0,23.0,GAS,"4,632,493"
2712,12057,FL,Hillsborough,4,1,26711.0,41.0,16.0,6.0,2.0,4.0,18.0,5.0,20.0,GAS,"4,821,327"
2700,12073,FL,Leon,4,1,8970.0,52.0,45.0,16.0,1.0,11.0,10.0,6.0,20.0,GAS,"1,646,202"
2696,12101,FL,Pasco,4,1,27925.0,24.0,37.0,9.0,2.0,6.0,24.0,4.0,22.0,GAS,"1,737,284"
3675,16055,ID,Kootenai,10,1,12498.0,14.0,22.0,11.0,0.0,4.0,17.0,7.0,20.0,GAS,"779,307"
2689,10001,DE,Kent,3,1,27749.0,46.0,19.0,7.0,2.0,5.0,16.0,7.0,19.0,GAS,"17,542"
3710,17177,IL,Stephenson,5,1,3256.0,5.0,27.0,7.0,1.0,2.0,25.0,6.0,17.0,GAS,"38,443"
3610,16039,ID,Elmore,10,1,4637.0,30.0,45.0,10.0,2.0,9.0,13.0,7.0,18.0,GAS,"566,667"
2560,09005,CT,Litchfield,1,1,16536.0,20.0,15.0,4.0,1.0,6.0,14.0,6.0,17.0,GAS,"217,405"
3870,17121,IL,Marion,5,1,379.0,4.0,17.0,8.0,0.0,2.0,19.0,3.0,23.0,GAS,"3,209"
3878,17097,IL,Lake,5,1,29135.0,20.0,9.0,2.0,1.0,4.0,22.0,5.0,16.0,GAS,290
3881,17103,IL,Lee,5,1,724.0,12.0,22.0,4.0,0.0,1.0,23.0,2.0,21.0,GAS,"66,958"
2545,09015,CT,Windham,1,1,7972.0,20.0,25.0,9.0,1.0,14.0,17.0,5.0,17.0,GAS,"22,319"
3911,17089,IL,Kane,5,1,52220.0,27.0,17.0,6.0,2.0,5.0,14.0,7.0,16.0,GAS,0
3866,17093,IL,Kendall,5,1,16710.0,19.0,10.0,3.0,0.0,6.0,17.0,4.0,16.0,GAS,"5,864,878"
3809,17051,IL,Fayette,5,1,503.0,5.0,48.0,11.0,1.0,1.0,28.0,2.0,18.0,GAS,"1,075"
3818,17053,IL,Ford,5,1,3872.0,13.0,30.0,12.0,1.0,6.0,19.0,5.0,1.0,GAS,"75,820"
3820,17147,IL,Piatt,5,1,763.0,13.0,21.0,7.0,0.0,2.0,15.0,8.0,18.0,GAS,712
3825,17119,IL,Madison,5,1,32887.0,29.0,38.0,11.0,0.0,10.0,18.0,5.0,24.0,GAS,"538,943"
3836,17173,IL,Shelby,5,1,661.0,1.0,28.0,6.0,0.0,4.0,21.0,7.0,16.0,GAS,"2,457,662"
2760,12089,FL,Nassau,4,1,18780.0,18.0,22.0,3.0,1.0,4.0,31.0,4.0,18.0,GAS,"172,330"
3308,19029,IA,Cass,7,1,7124.0,7.0,39.0,10.0,0.0,1.0,23.0,5.0,21.0,GAS,115
3315,19051,IA,Davis,7,1,557.0,3.0,26.0,17.0,1.0,4.0,17.0,9.0,17.0,GAS,16
2962,13303,GA,Washington,4,1,163.0,50.0,47.0,12.0,0.0,0.0,24.0,4.0,19.0,GAS,"90,264"
3321,19057,IA,Des Moines,7,1,2693.0,15.0,19.0,7.0,1.0,1.0,23.0,5.0,20.0,GAS,"6,873"
3325,19135,IA,Monroe,7,1,1270.0,3.0,36.0,5.0,0.0,4.0,17.0,4.0,17.0,GAS,"76,294"
2952,12099,FL,Palm Beach,4,1,2195.0,46.0,6.0,3.0,2.0,3.0,9.0,8.0,14.0,GAS,"19,965,749"
3337,19103,IA,Johnson,7,1,71048.0,28.0,44.0,3.0,5.0,4.0,10.0,5.0,10.0,GAS,"1,028"
2949,12049,FL,Hardee,4,1,305.0,22.0,30.0,12.0,0.0,11.0,28.0,0.0,18.0,GAS,"714,178"
2943,12081,FL,Manatee,4,1,87062.0,48.0,46.0,18.0,5.0,7.0,22.0,5.0,22.0,GAS,"188,110"
2940,12111,FL,St Lucie,4,1,26910.0,50.0,24.0,8.0,3.0,5.0,18.0,7.0,17.0,GAS,"1,789,325"
3354,19041,IA,Clay,7,1,266.0,4.0,20.0,3.0,0.0,3.0,29.0,5.0,18.0,GAS,"5,725"
3358,19013,IA,Black Hawk,7,1,7850.0,16.0,22.0,2.0,1.0,5.0,18.0,5.0,19.0,GAS,"11,611"
3360,19033,IA,Cerro Gordo,7,1,300.0,12.0,15.0,6.0,0.0,2.0,25.0,5.0,14.0,GAS,"2,898,339"
3362,19063,IA,Emmet,7,1,6236.0,21.0,31.0,17.0,6.0,2.0,21.0,5.0,21.0,GAS,783
2930,12121,FL,Suwannee,4,1,930.0,13.0,45.0,22.0,0.0,9.0,25.0,6.0,22.0,GAS,"42,265"
3363,19009,IA,Audubon,7,1,259.0,0.0,22.0,5.0,0.0,0.0,18.0,10.0,21.0,GAS,"229,836"
2923,12033,FL,Escambia,4,1,62610.0,49.0,44.0,12.0,3.0,7.0,16.0,6.0,23.0,GAS,1
2973,13205,GA,Mitchell,4,1,1119.0,28.0,30.0,18.0,1.0,7.0,23.0,2.0,24.0,GAS,"36,237"
3299,19169,IA,Story,7,1,48744.0,20.0,40.0,3.0,4.0,7.0,11.0,3.0,8.0,GAS,"329,465"
2980,13103,GA,Effingham,4,1,6929.0,27.0,26.0,10.0,1.0,7.0,5.0,5.0,23.0,GAS,"2,439,623"
3081,13297,GA,Walton,4,1,18515.0,53.0,54.0,24.0,0.0,9.0,14.0,9.0,24.0,GAS,"38,162"
3079,13121,GA,Fulton,4,1,41434.0,86.0,49.0,19.0,5.0,9.0,14.0,8.0,25.0,GAS,"41,515"
3125,13153,GA,Houston,4,1,19391.0,52.0,24.0,6.0,2.0,7.0,11.0,6.0,20.0,GAS,331
3146,13233,GA,Polk,4,1,3226.0,23.0,41.0,22.0,1.0,6.0,13.0,10.0,26.0,GAS,"425,167"
3065,13067,GA,Cobb,4,1,61297.0,56.0,21.0,4.0,1.0,5.0,12.0,6.0,16.0,GAS,"17,824,581"
3059,13051,GA,Chatham,4,1,6978.0,52.0,61.0,16.0,2.0,7.0,15.0,4.0,22.0,GAS,"47,476"
3164,13263,GA,Talbot,4,1,848.0,37.0,21.0,4.0,0.0,3.0,19.0,1.0,19.0,GAS,"521,787"
3171,13149,GA,Heard,4,1,1972.0,22.0,37.0,17.0,0.0,1.0,19.0,9.0,23.0,GAS,"237,730"
3048,13147,GA,Hart,4,1,764.0,30.0,33.0,22.0,2.0,4.0,25.0,5.0,21.0,GAS,"207,100"
3174,13213,GA,Murray,4,1,7729.0,50.0,57.0,31.0,8.0,6.0,12.0,3.0,23.0,GAS,"8,738,658"
3208,13077,GA,Coweta,4,1,2438.0,16.0,25.0,18.0,0.0,5.0,21.0,3.0,22.0,GAS,"2,239,181"
3018,13293,GA,Upson,4,1,15564.0,42.0,47.0,14.0,0.0,4.0,16.0,5.0,26.0,GAS,"200,154"
3010,13157,GA,Jackson,4,1,4977.0,43.0,48.0,12.0,1.0,7.0,16.0,3.0,23.0,GAS,"242,812"
3008,13321,GA,Worth,4,1,1304.0,25.0,31.0,21.0,0.0,10.0,28.0,7.0,25.0,GAS,882
2909,12113,FL,Santa Rosa,4,1,15127.0,16.0,24.0,10.0,1.0,3.0,14.0,6.0,21.0,GAS,"1,128,125"
3484,19195,IA,Worth,7,1,665.0,1.0,16.0,5.0,0.0,3.0,23.0,3.0,18.0,GAS,"16,093"
2837,12011,FL,Broward,4,1,108500.0,62.0,35.0,11.0,14.0,5.0,14.0,6.0,19.0,GAS,"6,358,390"
2836,12005,FL,Bay,4,1,2928.0,10.0,19.0,7.0,0.0,2.0,19.0,7.0,20.0,GAS,"4,184,498"
3504,19111,IA,Lee,7,1,12276.0,11.0,43.0,7.0,0.0,7.0,21.0,6.0,23.0,GAS,"144,131"
3524,19175,IA,Union,7,1,555.0,4.0,20.0,11.0,0.0,5.0,21.0,6.0,19.0,GAS,"72,078"
3483,19003,IA,Adams,7,1,266.0,4.0,25.0,8.0,1.0,4.0,27.0,3.0,21.0,GAS,"15,007"
3541,19011,IA,Benton,7,1,5608.0,7.0,30.0,9.0,1.0,2.0,22.0,4.0,19.0,GAS, (380)
3568,16027,ID,Canyon,10,1,64466.0,33.0,37.0,13.0,4.0,4.0,14.0,7.0,20.0,GAS,"49,325"
3569,16083,ID,Twin Falls,10,1,30333.0,25.0,35.0,12.0,3.0,3.0,15.0,7.0,20.0,GAS,"36,527"
3576,16065,ID,Madison,10,1,41104.0,15.0,61.0,2.0,1.0,8.0,4.0,7.0,19.0,GAS,"39,547"
2780,12086,FL,Miami Dade,4,1,114931.0,90.0,48.0,27.0,22.0,5.0,10.0,9.0,21.0,GAS," (3,965)"
2779,12071,FL,Lee,4,1,19219.0,40.0,42.0,20.0,7.0,4.0,26.0,4.0,17.0,GAS,"9,810,023"
3481,19187,IA,Webster,7,1,1215.0,10.0,25.0,4.0,0.0,3.0,25.0,6.0,20.0,GAS,"17,929"
2904,12129,FL,Wakulla,4,1,457.0,18.0,20.0,8.0,0.0,1.0,23.0,0.0,19.0,GAS,"1,394,752"
3440,19097,IA,Jackson,7,1,6521.0,7.0,35.0,4.0,0.0,7.0,22.0,6.0,22.0,GAS,27
2880,12103,FL,Pinellas,4,1,35541.0,31.0,25.0,6.0,2.0,4.0,17.0,4.0,20.0,GAS,"6,567,731"
3442,19127,IA,Marshall,7,1,13411.0,52.0,42.0,24.0,10.0,9.0,12.0,8.0,20.0,GAS,"122,111"
3482,19079,IA,Hamilton,7,1,1383.0,7.0,28.0,4.0,0.0,1.0,13.0,4.0,12.0,GAS,"21,333"
3446,19067,IA,Floyd,7,1,8069.0,15.0,32.0,7.0,2.0,3.0,24.0,6.0,20.0,GAS,756
2869,12093,FL,Okeechobee,4,1,11.0,24.0,40.0,14.0,0.0,7.0,24.0,8.0,23.0,GAS,"11,370,324"
3460,19037,IA,Chickasaw,7,1,4240.0,6.0,29.0,5.0,1.0,3.0,21.0,9.0,20.0,GAS,"2,398"
3478,19143,IA,Osceola,7,1,578.0,6.0,20.0,10.0,0.0,2.0,25.0,4.0,13.0,GAS,"41,989"
5351,36055,NY,Monroe,2,1,105667.0,52.0,44.0,12.0,4.0,8.0,13.0,5.0,19.0,GAS,"32,546"
4871,36005,NY,Bronx,2,1,1206405.0,75.0,43.0,19.0,13.0,10.0,14.0,6.0,18.0,GAS,"92,527"
2228,08001,CO,Adams,8,1,8719.0,53.0,12.0,9.0,2.0,2.0,7.0,10.0,18.0,GAS,"402,406"
2220,08031,CO,Denver,8,1,147931.0,46.0,27.0,12.0,4.0,5.0,12.0,6.0,19.0,GAS,"219,074"
2217,08037,CO,Eagle,8,1,7979.0,61.0,24.0,17.0,2.0,1.0,17.0,6.0,15.0,GAS,"23,154"
4890,36087,NY,Rockland,2,1,27628.0,36.0,19.0,7.0,4.0,6.0,18.0,5.0,15.0,GAS,665
4910,36091,NY,Saratoga,2,1,5473.0,4.0,29.0,13.0,2.0,7.0,20.0,5.0,19.0,GAS,"514,142"
4911,36009,NY,Cattaraugus,2,1,20039.0,12.0,39.0,9.0,0.0,5.0,18.0,5.0,20.0,GAS,"36,222"
4912,36075,NY,Oswego,2,1,21508.0,10.0,41.0,8.0,0.0,9.0,17.0,5.0,16.0,GAS,"36,271"
4913,36121,NY,Wyoming,2,1,2567.0,9.0,35.0,8.0,0.0,8.0,19.0,5.0,19.0,GAS,"40,759"
4914,36029,NY,Erie,2,1,72697.0,36.0,40.0,11.0,5.0,7.0,14.0,6.0,20.0,GAS,"30,836"
2201,06101,CA,Sutter,9,1,76463.0,58.0,36.0,20.0,7.0,7.0,16.0,6.0,18.0,GAS,"15,369"
4945,36047,NY,Kings,2,1,580912.0,62.0,29.0,13.0,16.0,6.0,19.0,6.0,16.0,GAS,"17,780"
4867,36117,NY,Wayne,2,1,9460.0,8.0,16.0,4.0,2.0,2.0,18.0,6.0,13.0,GAS,977
4852,36123,NY,Yates,2,1,1101.0,4.0,38.0,12.0,2.0,5.0,25.0,5.0,18.0,GAS,"624,116"
4836,36059,NY,Nassau,2,1,78905.0,29.0,15.0,7.0,6.0,4.0,20.0,5.0,14.0,GAS,"154,411"
2315,08123,CO,Weld,8,1,10694.0,58.0,37.0,22.0,9.0,6.0,15.0,5.0,16.0,GAS,"1,050,273"
4673,36085,NY,Richmond,2,1,141795.0,22.0,17.0,7.0,4.0,5.0,17.0,5.0,16.0,GAS,"54,968"
4707,36109,NY,Tompkins,2,1,51670.0,35.0,36.0,3.0,3.0,4.0,11.0,2.0,10.0,GAS,"216,689"
4723,36027,NY,Dutchess,2,1,3933.0,28.0,19.0,9.0,2.0,7.0,16.0,1.0,22.0,GAS,"5,200,678"
2293,08077,CO,Mesa,8,1,14384.0,18.0,20.0,6.0,0.0,4.0,20.0,5.0,20.0,GAS,"33,948"
5000,36089,NY,St Lawrence,2,1,11821.0,6.0,40.0,11.0,1.0,6.0,22.0,4.0,21.0,GAS,"21,868"
4773,36061,NY,New York,2,1,1154853.0,46.0,27.0,10.0,8.0,6.0,14.0,5.0,14.0,GAS,"3,078,707"
4783,36083,NY,Rensselaer,2,1,69640.0,47.0,38.0,11.0,4.0,8.0,12.0,6.0,18.0,GAS,"3,032,072"
4786,36119,NY,Westchester,2,1,65990.0,53.0,17.0,11.0,6.0,7.0,18.0,6.0,15.0,GAS,"11,717"
2259,08059,CO,Jefferson,8,1,29260.0,17.0,23.0,4.0,1.0,4.0,13.0,4.0,16.0,GAS,"137,274"
5219,36013,NY,Chautauqua,2,1,37114.0,17.0,49.0,12.0,2.0,8.0,19.0,7.0,21.0,GAS,"52,436"
5236,36019,NY,Clinton,2,1,23836.0,14.0,38.0,8.0,1.0,7.0,17.0,4.0,13.0,GAS,"234,445"
2057,06087,CA,Santa Cruz,9,1,43686.0,40.0,29.0,4.0,1.0,7.0,12.0,3.0,8.0,GAS,"35,913"
5293,36065,NY,Oneida,2,1,12622.0,8.0,26.0,10.0,0.0,3.0,21.0,6.0,3.0,GAS,"2,131"
5318,36067,NY,Onondaga,2,1,49239.0,15.0,25.0,7.0,3.0,4.0,20.0,6.0,18.0,GAS,"10,843"
5343,36037,NY,Genesee,2,1,3590.0,10.0,33.0,16.0,1.0,4.0,16.0,4.0,15.0,GAS,"15,818"
6974,48161,TX,Freestone,6,1,69.0,22.0,38.0,11.0,0.0,5.0,31.0,3.0,19.0,GAS,"7,559,621"
4664,36045,NY,Jefferson,2,1,6996.0,16.0,33.0,13.0,1.0,6.0,16.0,7.0,20.0,GAS,"2,256"
2324,08073,CO,Lincoln,8,1,1126.0,66.0,16.0,20.0,0.0,6.0,8.0,2.0,15.0,GAS,"153,683"
2467,08013,CO,Boulder,8,1,31374.0,19.0,25.0,2.0,2.0,4.0,16.0,3.0,14.0,GAS,"31,696"
4052,18095,IN,Madison,5,1,9758.0,15.0,32.0,9.0,0.0,3.0,22.0,5.0,20.0,GAS,"47,628"
4066,18073,IN,Jasper,5,1,974.0,18.0,25.0,14.0,1.0,2.0,16.0,5.0,22.0,GAS,"6,830"
4068,18001,IN,Adams,5,1,11998.0,11.0,34.0,5.0,0.0,3.0,18.0,8.0,20.0,GAS,"8,620"
4070,18097,IN,Marion,5,1,94833.0,43.0,45.0,19.0,3.0,7.0,9.0,5.0,23.0,GAS,"10,559"
4072,18157,IN,Tippecanoe,5,1,62869.0,27.0,41.0,10.0,3.0,4.0,13.0,7.0,21.0,GAS,"27,341"
4095,34029,NJ,Ocean,2,1,101234.0,21.0,39.0,9.0,3.0,7.0,19.0,12.0,21.0,GAS,"245,483"
4098,34039,NJ,Union,2,1,190538.0,83.0,36.0,22.0,22.0,6.0,13.0,7.0,19.0,GAS,"5,644,192"
4129,34031,NJ,Passaic,2,1,159799.0,42.0,18.0,8.0,7.0,6.0,18.0,6.0,17.0,GAS,"47,030"
4144,34013,NJ,Essex,2,1,220915.0,78.0,39.0,17.0,18.0,8.0,12.0,7.0,19.0,GAS,"3,681,773"
4178,34023,NJ,Middlesex,2,1,50679.0,50.0,12.0,2.0,8.0,5.0,13.0,4.0,11.0,GAS,"23,926"
4180,34021,NJ,Mercer,2,1,42943.0,45.0,14.0,3.0,7.0,5.0,14.0,4.0,10.0,GAS,"54,034"
4189,34035,NJ,Somerset,2,1,48367.0,44.0,11.0,7.0,5.0,4.0,15.0,5.0,14.0,GAS,"2,454"
4038,17133,IL,Monroe,5,1,11920.0,3.0,14.0,5.0,0.0,2.0,20.0,5.0,19.0,GAS,462
4030,17019,IL,Champaign,5,1,108076.0,43.0,47.0,5.0,7.0,5.0,11.0,5.0,13.0,GAS,"234,979"
3927,17141,IL,Ogle,5,1,9677.0,29.0,31.0,13.0,5.0,11.0,17.0,4.0,18.0,GAS,"1,530"
3944,17145,IL,Perry,5,1,3733.0,34.0,28.0,29.0,2.0,6.0,15.0,3.0,18.0,GAS,"42,403"
3956,17011,IL,Bureau,5,1,8532.0,10.0,31.0,7.0,0.0,6.0,27.0,4.0,13.0,GAS,"1,023"
3974,17201,IL,Winnebago,5,1,53965.0,59.0,60.0,23.0,5.0,14.0,13.0,8.0,23.0,GAS,"107,086"
4023,17183,IL,Vermilion,5,1,16307.0,26.0,50.0,13.0,1.0,9.0,19.0,6.0,26.0,GAS,"62,687"
3960,17025,IL,Clay,5,1,1554.0,4.0,36.0,14.0,1.0,3.0,27.0,4.0,24.0,GAS,778
4217,34011,NJ,Cumberland,2,1,21945.0,73.0,44.0,24.0,12.0,10.0,14.0,5.0,20.0,GAS,"32,882"
4547,36001,NY,Albany,2,1,111701.0,46.0,38.0,11.0,4.0,7.0,14.0,5.0,18.0,GAS,"31,290"
4550,36003,NY,Allegany,2,1,783.0,4.0,34.0,10.0,1.0,5.0,21.0,6.0,17.0,GAS,"11,734"
4586,36049,NY,Lewis,2,1,2475.0,3.0,40.0,10.0,0.0,4.0,17.0,7.0,8.0,GAS,"4,420"
4517,32003,NV,Clark,9,1,318.0,58.0,69.0,24.0,21.0,0.0,21.0,0.0,23.0,GAS,"2,141,761"
4275,35013,NM,Dona Ana,6,1,15.0,89.0,30.0,23.0,16.0,0.0,17.0,1.0,19.0,GAS,"1,434,480"
4303,35017,NM,Grant,6,1,1592.0,76.0,48.0,10.0,1.0,5.0,26.0,3.0,17.0,GAS,"67,302"
4312,35025,NM,Lea,6,1,5.0,55.0,24.0,19.0,0.0,0.0,16.0,5.0,20.0,GAS,"1,294,624"
4323,35001,NM,Bernalillo,6,1,90915.0,62.0,45.0,11.0,5.0,7.0,16.0,4.0,20.0,GAS,"75,693"
4339,35061,NM,Valencia,6,1,2592.0,77.0,57.0,23.0,2.0,5.0,19.0,3.0,22.0,GAS,"67,728"
4342,35023,NM,Hidalgo,6,1,2482.0,71.0,48.0,19.0,9.0,5.0,22.0,7.0,22.0,GAS,"113,310"
4345,35029,NM,Luna,6,1,6436.0,73.0,51.0,33.0,12.0,10.0,21.0,9.0,23.0,GAS,"3,576,285"
4511,32029,NV,Storey,9,1,12.0,39.0,24.0,12.0,3.0,0.0,42.0,3.0,17.0,GAS,"3,889,370"
4447,32019,NV,Lyon,9,1,79.0,5.0,57.0,10.0,0.0,2.0,25.0,0.0,23.0,GAS,"418,217"
7533,48249,TX,Jim Wells,6,1,15362.0,88.0,48.0,19.0,9.0,3.0,16.0,5.0,23.0,GAS,409
7536,48113,TX,Dallas,6,1,109163.0,79.0,28.0,15.0,6.0,5.0,11.0,6.0,17.0,GAS,352
222,01129,AL,Washington,4,1,1323.0,93.0,47.0,2.0,0.0,1.0,12.0,8.0,22.0,GAS,"862,164"
8401,55055,WI,Jefferson,5,1,16634.0,20.0,51.0,8.0,2.0,4.0,10.0,3.0,10.0,GAS,"663,874"
7537,48371,TX,Pecos,6,1,9123.0,82.0,46.0,21.0,6.0,1.0,14.0,7.0,21.0,GAS,174
8398,55017,WI,Chippewa,5,1,6111.0,10.0,20.0,4.0,0.0,1.0,18.0,5.0,11.0,GAS,"30,882"
8395,55105,WI,Rock,5,1,7467.0,20.0,24.0,8.0,0.0,3.0,20.0,6.0,10.0,GAS,"4,259,326"
229,01055,AL,Etowah,4,1,21448.0,56.0,51.0,18.0,1.0,7.0,15.0,6.0,24.0,GAS,0
8394,55075,WI,Marinette,5,1,7223.0,6.0,31.0,6.0,1.0,5.0,18.0,6.0,18.0,GAS,"176,666"
8393,55025,WI,Dane,5,1,105512.0,24.0,43.0,3.0,3.0,3.0,10.0,3.0,5.0,GAS,"352,973"
8391,55101,WI,Racine,5,1,34620.0,31.0,25.0,8.0,2.0,5.0,21.0,5.0,20.0,GAS,"44,704"
7538,48439,TX,Tarrant,6,1,75726.0,52.0,40.0,16.0,6.0,4.0,15.0,8.0,22.0,GAS,338
219,01097,AL,Mobile,4,1,2713.0,12.0,44.0,23.0,1.0,6.0,16.0,5.0,22.0,GAS,"47,637"
7522,48491,TX,Williamson,6,1,65066.0,48.0,12.0,5.0,2.0,4.0,9.0,7.0,17.0,GAS,334
8415,54099,WV,Wayne,3,1,2916.0,0.0,23.0,12.0,0.0,4.0,18.0,3.0,22.0,GAS,"324,962"
208,01081,AL,Lee,4,1,3084.0,16.0,35.0,16.0,0.0,3.0,24.0,7.0,21.0,GAS,"13,682,165"
7524,48349,TX,Navarro,6,1,1341.0,84.0,59.0,19.0,5.0,19.0,24.0,5.0,20.0,GAS,249
7525,48479,TX,Webb,6,1,47300.0,95.0,23.0,14.0,9.0,3.0,8.0,8.0,12.0,GAS,409
212,01085,AL,Lowndes,4,1,156.0,41.0,37.0,9.0,0.0,0.0,24.0,8.0,24.0,GAS,"514,101"
818,06039,CA,Madera,9,1,14806.0,57.0,41.0,21.0,4.0,10.0,11.0,9.0,19.0,GAS,"13,571"
7528,48027,TX,Bell,6,1,33471.0,46.0,28.0,9.0,1.0,6.0,13.0,10.0,19.0,GAS,296
7527,48339,TX,Montgomery,6,1,62799.0,43.0,22.0,5.0,2.0,4.0,12.0,7.0,18.0,GAS,265
7539,48181,TX,Grayson,6,1,29632.0,36.0,37.0,9.0,4.0,4.0,18.0,7.0,23.0,GAS,287
244,05031,AR,Craighead,6,1,36108.0,39.0,52.0,10.0,2.0,7.0,14.0,6.0,23.0,GAS,"84,733"
8341,55009,WI,Brown,5,1,50532.0,36.0,44.0,14.0,4.0,6.0,12.0,8.0,17.0,GAS,"106,626"
7595,49005,UT,Cache,8,1,63339.0,21.0,45.0,7.0,2.0,2.0,8.0,7.0,18.0,GAS,"26,102"
7599,49023,UT,Juab,8,1,1869.0,12.0,20.0,11.0,0.0,0.0,10.0,9.0,19.0,GAS,"2,879,945"
267,05003,AR,Ashley,6,1,7927.0,39.0,47.0,12.0,1.0,4.0,23.0,6.0,19.0,GAS,"6,407"
8336,55089,WI,Ozaukee,5,1,14066.0,9.0,22.0,3.0,0.0,3.0,18.0,6.0,19.0,GAS,"8,470,420"
7590,49011,UT,Davis,8,1,73974.0,15.0,17.0,3.0,0.0,3.0,14.0,8.0,17.0,GAS,"21,434"
271,05059,AR,Hot Spring,6,1,905.0,23.0,27.0,14.0,0.0,1.0,19.0,2.0,22.0,GAS,"2,172,773"
7612,49035,UT,Salt Lake,8,1,99544.0,51.0,37.0,14.0,6.0,4.0,11.0,6.0,19.0,GAS,"237,249"
8328,55059,WI,Kenosha,5,1,6385.0,13.0,16.0,7.0,0.0,2.0,15.0,3.0,21.0,GAS,"160,199"
7622,49051,UT,Wasatch,8,1,23959.0,19.0,14.0,5.0,2.0,3.0,11.0,8.0,18.0,GAS,"22,293"
270,05143,AR,Washington,6,1,3901.0,28.0,15.0,10.0,2.0,2.0,17.0,6.0,16.0,GAS,"177,190"
8346,55085,WI,Oneida,5,1,11878.0,9.0,39.0,5.0,0.0,2.0,20.0,6.0,13.0,GAS,"6,853"
7544,48501,TX,Yoakum,6,1,341.0,59.0,48.0,43.0,3.0,0.0,5.0,6.0,22.0,GAS,"137,223"
7565,48315,TX,Marion,6,1,461.0,27.0,61.0,20.0,2.0,13.0,26.0,3.0,22.0,GAS,"1,114,927"
7581,49049,UT,Utah,8,1,115067.0,27.0,47.0,7.0,3.0,4.0,6.0,6.0,13.0,GAS,"110,520"
204,01103,AL,Morgan,4,1,1390.0,44.0,34.0,17.0,4.0,3.0,16.0,3.0,22.0,GAS,"5,422,456"
153,01121,AL,Talladega,4,1,11410.0,36.0,47.0,17.0,0.0,8.0,18.0,5.0,27.0,GAS,"46,300"
8458,56021,WY,Laramie,8,1,18078.0,28.0,25.0,5.0,0.0,2.0,13.0,7.0,15.0,GAS,"421,871"
8447,56033,WY,Sheridan,8,1,47.0,5.0,19.0,1.0,0.0,5.0,18.0,5.0,17.0,GAS,216
7467,48085,TX,Collin,6,1,113059.0,55.0,11.0,3.0,5.0,4.0,9.0,5.0,8.0,GAS,179
7493,48485,TX,Wichita,6,1,37612.0,37.0,38.0,11.0,3.0,3.0,17.0,7.0,21.0,GAS,227
7495,48465,TX,Val Verde,6,1,31565.0,89.0,39.0,26.0,14.0,3.0,15.0,8.0,19.0,GAS,309
183,01123,AL,Tallapoosa,4,1,1936.0,17.0,42.0,10.0,0.0,16.0,27.0,6.0,24.0,GAS,"4,078,887"
188,01047,AL,Dallas,4,1,529.0,25.0,22.0,9.0,0.0,0.0,44.0,1.0,25.0,GAS,"462,678"
7517,48253,TX,Jones,6,1,23448.0,41.0,46.0,12.0,3.0,2.0,14.0,6.0,22.0,GAS,362
7518,48135,TX,Ector,6,1,55127.0,60.0,25.0,13.0,5.0,5.0,10.0,8.0,19.0,GAS,0
200,01039,AL,Covington,4,1,1887.0,18.0,38.0,16.0,0.0,1.0,30.0,7.0,22.0,GAS,"3,342,941"
179,01063,AL,Greene,4,1,255.0,90.0,61.0,2.0,0.0,1.0,9.0,3.0,22.0,GAS,"1,396,260"
7914,51191,VA,Washington,3,1,5452.0,6.0,33.0,7.0,0.0,5.0,25.0,6.0,19.0,GAS,"77,112"
164,01015,AL,Calhoun,4,1,5275.0,35.0,48.0,19.0,4.0,9.0,14.0,6.0,25.0,GAS,"25,537"
167,01033,AL,Colbert,4,1,424.0,9.0,32.0,15.0,0.0,4.0,42.0,2.0,23.0,GAS,"78,686"
7501,48061,TX,Cameron,6,1,73904.0,96.0,41.0,22.0,14.0,7.0,10.0,8.0,17.0,GAS,374
854,06011,CA,Colusa,9,1,14.0,44.0,34.0,20.0,8.0,5.0,24.0,3.0,14.0,GAS,"2,946,217"
7502,48323,TX,Maverick,6,1,40066.0,97.0,52.0,32.0,25.0,7.0,12.0,9.0,19.0,GAS,299
7627,49053,UT,Washington,8,1,17155.0,11.0,28.0,7.0,1.0,3.0,21.0,6.0,16.0,GAS,"3,454"
475,04027,AZ,Yuma,9,1,14580.0,82.0,46.0,31.0,13.0,10.0,14.0,8.0,19.0,GAS,"236,544"
7816,51089,VA,Henry,3,1,10729.0,54.0,53.0,16.0,0.0,5.0,21.0,6.0,17.0,GAS,92
8081,53057,WA,Skagit,10,1,4131.0,14.0,19.0,3.0,1.0,5.0,28.0,4.0,17.0,GAS,"951,920"
8079,53075,WA,Whitman,10,1,32746.0,29.0,50.0,2.0,5.0,9.0,7.0,4.0,7.0,GAS,138
8078,53027,WA,Grays Harbor,10,1,1452.0,33.0,46.0,14.0,2.0,5.0,18.0,11.0,20.0,GAS,"3,618,169"
8074,53039,WA,Klickitat,10,1,4097.0,10.0,39.0,9.0,0.0,16.0,22.0,4.0,19.0,GAS,"2,172,002"
7813,51061,VA,Fauquier,3,1,5393.0,37.0,32.0,19.0,6.0,3.0,9.0,11.0,21.0,GAS,"215,386"
8071,53053,WA,Pierce,10,1,79965.0,45.0,19.0,10.0,3.0,5.0,9.0,7.0,19.0,GAS,"1,824,053"
8069,53073,WA,Whatcom,10,1,3257.0,21.0,17.0,5.0,0.0,5.0,21.0,5.0,22.0,GAS,"1,529,327"
467,04023,AZ,Santa Cruz,9,1,20258.0,97.0,56.0,32.0,41.0,13.0,19.0,6.0,17.0,GAS,"5,650"
459,04021,AZ,Pinal,9,1,1167.0,45.0,38.0,11.0,6.0,12.0,21.0,7.0,20.0,GAS,"522,679"
7798,51149,VA,Prince George,3,1,29153.0,55.0,42.0,12.0,0.0,8.0,15.0,6.0,23.0,GAS,"912,120"
397,04013,AZ,Maricopa,9,1,83.0,42.0,13.0,33.0,5.0,2.0,12.0,5.0,19.0,GAS,"7,613,036"
7806,51033,VA,Caroline,3,1,2780.0,35.0,28.0,14.0,2.0,5.0,15.0,4.0,20.0,GAS,"851,408"
408,04019,AZ,Pima,9,1,19144.0,41.0,12.0,3.0,1.0,3.0,19.0,5.0,15.0,GAS,"3,648"
7808,51109,VA,Louisa,3,1,3809.0,27.0,30.0,11.0,0.0,7.0,17.0,8.0,20.0,GAS,"236,859"
8130,53011,WA,Clark,10,1,23436.0,25.0,31.0,7.0,3.0,5.0,19.0,5.0,18.0,GAS,"1,828,599"
8119,53063,WA,Spokane,10,1,60011.0,21.0,38.0,8.0,3.0,7.0,17.0,5.0,23.0,GAS,112
452,04015,AZ,Mohave,9,1,1359.0,33.0,27.0,16.0,0.0,4.0,28.0,2.0,27.0,GAS,"2,671,767"
8111,53015,WA,Cowlitz,10,1,39883.0,22.0,34.0,12.0,1.0,5.0,19.0,7.0,21.0,GAS,"1,989,583"
8157,53033,WA,King,10,1,252322.0,34.0,18.0,2.0,3.0,5.0,10.0,3.0,13.0,GAS,"1,303"
7788,51069,VA,Frederick,3,1,27718.0,27.0,28.0,12.0,3.0,5.0,18.0,6.0,20.0,GAS,"92,473"
7857,51121,VA,Montgomery,3,1,8070.0,23.0,37.0,7.0,0.0,7.0,13.0,2.0,11.0,GAS,"32,245"
7892,51065,VA,Fluvanna,3,1,1875.0,15.0,9.0,6.0,0.0,7.0,18.0,6.0,1.0,GAS,"3,933,012"
7900,51187,VA,Warren,3,1,7323.0,21.0,28.0,10.0,1.0,8.0,16.0,6.0,22.0,GAS,"8,468,725"
7908,51005,VA,Alleghany,3,1,7648.0,17.0,36.0,12.0,0.0,2.0,21.0,5.0,22.0,GAS,"663,062"
7840,51041,VA,Chesterfield,3,1,8537.0,48.0,38.0,9.0,0.0,7.0,16.0,8.0,24.0,GAS,"13,811"
7851,51153,VA,Prince William,3,1,21816.0,68.0,19.0,9.0,3.0,8.0,7.0,7.0,10.0,GAS,"1,869,422"
7852,51107,VA,Loudoun,3,1,42878.0,42.0,6.0,3.0,2.0,3.0,6.0,5.0,7.0,GAS,"4,430,148"
7783,51081,VA,Greensville,3,1,812.0,72.0,44.0,24.0,0.0,6.0,20.0,6.0,23.0,GAS,"10,286,001"
307,05047,AR,Franklin,6,1,4125.0,10.0,46.0,14.0,0.0,10.0,19.0,6.0,26.0,GAS,"404,531"
8285,55087,WI,Outagamie,5,1,32679.0,8.0,19.0,6.0,0.0,3.0,15.0,5.0,19.0,GAS,741
8302,55141,WI,Wood,5,1,11850.0,8.0,34.0,5.0,0.0,3.0,22.0,5.0,18.0,GAS,"8,875"
311,05139,AR,Union,6,1,552.0,19.0,33.0,10.0,0.0,3.0,22.0,3.0,19.0,GAS,"13,416,477"
280,05103,AR,Ouachita,6,1,2539.0,66.0,65.0,16.0,0.0,7.0,19.0,10.0,26.0,GAS,"41,108"
8313,55139,WI,Winnebago,5,1,34722.0,11.0,28.0,5.0,0.0,3.0,14.0,5.0,18.0,GAS,"610,066"
291,05055,AR,Greene,6,1,16518.0,11.0,38.0,9.0,0.0,11.0,17.0,5.0,23.0,GAS,649
288,05119,AR,Pulaski,6,1,3054.0,64.0,49.0,20.0,1.0,5.0,13.0,4.0,21.0,GAS,"941,018"
7782,51181,VA,Surry,3,1,131.0,55.0,38.0,11.0,0.0,4.0,27.0,4.0,22.0,GAS,"89,293"
8265,55131,WI,Washington,5,1,30734.0,14.0,14.0,4.0,1.0,3.0,21.0,5.0,15.0,GAS,"13,219"
7753,51087,VA,Henrico,3,1,32022.0,79.0,36.0,11.0,1.0,6.0,16.0,5.0,20.0,GAS,"118,074"
8228,55005,WI,Barron,5,1,3391.0,15.0,46.0,10.0,3.0,5.0,24.0,9.0,19.0,GAS,143
7757,51085,VA,Hanover,3,1,1232.0,21.0,17.0,6.0,1.0,5.0,29.0,2.0,19.0,GAS,"5,297,757"
680,06017,CA,El Dorado,9,1,13650.0,37.0,14.0,4.0,2.0,3.0,23.0,5.0,12.0,GAS,"19,346"
7763,51165,VA,Rockingham,3,1,4990.0,9.0,20.0,12.0,0.0,1.0,19.0,3.0,21.0,GAS,"13,047"
8230,55071,WI,Manitowoc,5,1,20257.0,16.0,35.0,8.0,1.0,2.0,23.0,7.0,18.0,GAS,"2,372"
7774,51019,VA,Bedford,3,1,943.0,9.0,27.0,8.0,0.0,1.0,27.0,3.0,20.0,GAS,"50,551"
7735,51167,VA,Russell,3,1,1240.0,11.0,48.0,23.0,0.0,9.0,18.0,7.0,22.0,GAS,"85,760"
7706,51029,VA,Buckingham,3,1,1243.0,51.0,28.0,15.0,0.0,10.0,23.0,4.0,22.0,GAS,"3,023,135"
7715,51025,VA,Brunswick,3,1,1136.0,78.0,44.0,28.0,0.0,5.0,15.0,6.0,22.0,GAS,"6,337,633"
7717,51027,VA,Buchanan,3,1,919.0,15.0,36.0,16.0,1.0,5.0,22.0,7.0,25.0,GAS,"185,336"
7727,51071,VA,Giles,3,1,5720.0,5.0,28.0,7.0,1.0,3.0,22.0,4.0,23.0,GAS,"161,423"
7312,48361,TX,Orange,6,1,7117.0,34.0,42.0,16.0,1.0,5.0,19.0,10.0,14.0,GAS,"2,325,461"
7075,48409,TX,San Patricio,6,1,7020.0,53.0,32.0,13.0,4.0,1.0,9.0,6.0,23.0,GAS,"2,736,677"
7291,48187,TX,Guadalupe,6,1,25182.0,68.0,43.0,24.0,7.0,4.0,17.0,6.0,22.0,GAS,"4,376,965"
7087,48251,TX,Johnson,6,1,12387.0,44.0,49.0,19.0,4.0,4.0,13.0,9.0,24.0,GAS,"1,105,626"
7099,48183,TX,Gregg,6,1,3767.0,27.0,23.0,3.0,1.0,2.0,30.0,3.0,20.0,GAS,"476,641"
7104,48277,TX,Lamar,6,1,8244.0,38.0,54.0,19.0,1.0,4.0,16.0,5.0,28.0,GAS,"5,659,322"
7265,48363,TX,Palo Pinto,6,1,728.0,9.0,10.0,6.0,1.0,2.0,35.0,0.0,11.0,GAS,"457,933"
7048,48209,TX,Hays,6,1,4008.0,64.0,38.0,21.0,3.0,9.0,13.0,5.0,19.0,GAS,"4,691,736"
82,02185,AK,North Slope,10,1,400.0,89.0,38.0,22.0,6.0,20.0,8.0,14.0,21.0,GAS,"7,410"
7322,48407,TX,San Jacinto,6,1,637.0,55.0,43.0,28.0,16.0,5.0,9.0,5.0,25.0,GAS,"115,143"
7318,48469,TX,Victoria,6,1,1762.0,16.0,23.0,6.0,0.0,1.0,20.0,6.0,20.0,GAS,"314,249"
7045,48199,TX,Hardin,6,1,7447.0,18.0,32.0,17.0,5.0,8.0,16.0,6.0,21.0,GAS,"128,073"
1030,06083,CA,Santa Barbara,9,1,40648.0,51.0,47.0,9.0,4.0,11.0,6.0,3.0,8.0,GAS,"3,785"
7170,48335,TX,Mitchell,6,1,765.0,39.0,27.0,11.0,0.0,1.0,12.0,4.0,17.0,GAS,"73,585"
42,02020,AK,Anchorage,10,1,50930.0,60.0,36.0,9.0,4.0,8.0,10.0,9.0,17.0,GAS,"911,296"
7253,48231,TX,Hunt,6,1,10539.0,57.0,45.0,22.0,6.0,7.0,14.0,6.0,24.0,GAS,"62,389"
7237,48475,TX,Ward,6,1,1521.0,60.0,27.0,23.0,3.0,2.0,15.0,6.0,19.0,GAS,"344,673"
7234,48163,TX,Frio,6,1,9162.0,90.0,41.0,29.0,20.0,3.0,12.0,7.0,22.0,GAS,"395,099"
7407,48185,TX,Grimes,6,1,597.0,19.0,21.0,5.0,1.0,0.0,17.0,2.0,19.0,GAS,"4,173,963"
133,02122,AK,Kenai Peninsula,10,1,1804.0,23.0,38.0,6.0,0.0,6.0,21.0,7.0,18.0,GAS,"69,211"
6989,48503,TX,Young,6,1,4953.0,35.0,39.0,19.0,8.0,2.0,18.0,5.0,23.0,GAS,"1,150,102"
7426,48213,TX,Henderson,6,1,856.0,36.0,52.0,10.0,0.0,2.0,16.0,8.0,22.0,GAS,"330,587"
7023,48321,TX,Matagorda,6,1,18958.0,71.0,44.0,19.0,5.0,10.0,16.0,9.0,22.0,GAS,290
7349,48089,TX,Colorado,6,1,375.0,57.0,63.0,14.0,0.0,12.0,15.0,8.0,10.0,GAS,"83,709"
7384,48299,TX,Llano,6,1,10174.0,30.0,38.0,11.0,1.0,5.0,32.0,3.0,19.0,GAS,"3,774,336"
7016,48441,TX,Taylor,6,1,71410.0,47.0,40.0,13.0,4.0,3.0,15.0,7.0,21.0,GAS,385
7368,48073,TX,Cherokee,6,1,552.0,43.0,44.0,20.0,3.0,9.0,18.0,4.0,17.0,GAS,"1,080,059"
3192,13087,GA,Decatur,4,1,15281.0,59.0,52.0,16.0,0.0,8.0,16.0,8.0,23.0,OIL,138
4,02050,AK,Bethel,10,1,473.0,85.0,48.0,16.0,0.0,16.0,9.0,9.0,24.0,OIL,"2,017"
7916,51199,VA,York,3,1,11559.0,14.0,11.0,5.0,0.0,5.0,23.0,3.0,19.0,OIL,0
41,02180,AK,Nome,10,1,636.0,94.0,63.0,15.0,1.0,24.0,8.0,9.0,13.0,OIL,"2,463"
3235,15003,HI,Honolulu,9,1,18828.0,83.0,19.0,7.0,2.0,4.0,12.0,7.0,17.0,OIL,"1,305,228"
7938,50007,VT,Chittenden,1,1,63579.0,18.0,37.0,6.0,2.0,5.0,11.0,4.0,15.0,OIL,4
39,02240,AK,Southeast Fairbanks,10,1,152.0,55.0,23.0,0.0,0.0,0.0,9.0,3.0,19.0,OIL,98
3222,15001,HI,Hawaii,9,1,3344.0,78.0,29.0,14.0,4.0,8.0,19.0,6.0,10.0,OIL,"267,384"
7924,50023,VT,Washington,1,1,9267.0,10.0,19.0,2.0,1.0,3.0,23.0,3.0,19.0,OIL,815
3223,15009,HI,Maui,9,1,686.0,78.0,29.0,3.0,0.0,9.0,25.0,5.0,21.0,OIL,115
43,02261,AK,Valdez Cordova,10,1,419.0,45.0,31.0,8.0,0.0,7.0,19.0,7.0,19.0,OIL,"5,685"
8246,55057,WI,Juneau,5,1,2036.0,6.0,34.0,9.0,1.0,2.0,19.0,7.0,21.0,OIL,1
8249,55043,WI,Grant,5,1,3434.0,3.0,33.0,5.0,2.0,2.0,15.0,7.0,20.0,OIL,28
3902,17065,IL,Hamilton,5,1,3475.0,8.0,42.0,12.0,0.0,2.0,21.0,4.0,27.0,OIL,0
3207,13021,GA,Bibb,4,1,4284.0,65.0,46.0,18.0,0.0,5.0,20.0,2.0,29.0,OIL,0
7918,50027,VT,Windsor,1,1,2513.0,9.0,34.0,9.0,1.0,4.0,24.0,4.0,18.0,OIL,110
2,02188,AK,Northwest Arctic,10,1,238.0,93.0,60.0,19.0,2.0,19.0,12.0,11.0,23.0,OIL,"1,239"
6,02110,AK,Juneau,10,1,12811.0,32.0,11.0,6.0,3.0,6.0,13.0,5.0,17.0,OIL, (236)
3899,17023,IL,Clark,5,1,4835.0,3.0,23.0,5.0,0.0,3.0,22.0,6.0,24.0,OIL,202
3187,13185,GA,Lowndes,4,1,22866.0,45.0,35.0,8.0,1.0,4.0,12.0,8.0,21.0,OIL,42
2308,08099,CO,Prowers,8,1,159.0,40.0,35.0,21.0,3.0,1.0,35.0,3.0,18.0,OIL,20
4016,17139,IL,Moultrie,5,1,5441.0,4.0,24.0,8.0,0.0,5.0,19.0,5.0,21.0,OIL,235
26,02016,AK,Aleutians West,10,1,2592.0,79.0,24.0,13.0,5.0,4.0,7.0,4.0,18.0,OIL,"43,381"
2319,08115,CO,Sedgwick,8,1,1133.0,20.0,42.0,8.0,2.0,4.0,24.0,10.0,22.0,OIL,0
2456,08071,CO,Las Animas,8,1,9035.0,50.0,41.0,9.0,1.0,8.0,23.0,5.0,20.0,OIL,26
2323,08011,CO,Bent,8,1,4035.0,55.0,56.0,21.0,2.0,7.0,17.0,5.0,20.0,OIL,0
2440,08009,CO,Baca,8,1,1562.0,20.0,54.0,16.0,1.0,2.0,21.0,5.0,22.0,OIL,0
8492,56039,WY,Teton,8,1,37.0,14.0,41.0,2.0,0.0,8.0,31.0,0.0,16.0,OIL,249
2413,08089,CO,Otero,8,1,4917.0,61.0,69.0,12.0,6.0,9.0,16.0,6.0,23.0,OIL, (293)
4581,36077,NY,Otsego,2,1,3275.0,14.0,18.0,3.0,5.0,5.0,34.0,2.0,19.0,OIL,0
25,02070,AK,Dillingham,10,1,1271.0,76.0,24.0,9.0,1.0,7.0,8.0,8.0,18.0,OIL,"18,686"
4363,35037,NM,Quay,6,1,5884.0,64.0,49.0,16.0,3.0,5.0,18.0,4.0,25.0,OIL,858
3061,13115,GA,Floyd,4,1,3559.0,11.0,36.0,14.0,0.0,1.0,16.0,10.0,17.0,OIL,"358,025"
4013,17113,IL,McLean,5,1,44660.0,25.0,30.0,6.0,2.0,3.0,17.0,5.0,19.0,OIL,19
3096,13039,GA,Camden,4,1,6683.0,35.0,46.0,6.0,0.0,11.0,7.0,8.0,10.0,OIL,403
8185,55065,WI,Lafayette,5,1,1258.0,3.0,32.0,6.0,0.0,3.0,21.0,3.0,16.0,OIL,10
8210,55081,WI,Monroe,5,1,2121.0,22.0,32.0,16.0,2.0,2.0,18.0,9.0,16.0,OIL,15
2210,08003,CO,Alamosa,8,1,11421.0,60.0,40.0,9.0,1.0,4.0,12.0,5.0,23.0,OIL,"7,775"
3938,17149,IL,Pike,5,1,176.0,3.0,41.0,22.0,0.0,3.0,26.0,12.0,16.0,OIL,64
4872,36031,NY,Essex,2,1,107.0,8.0,21.0,13.0,0.0,7.0,40.0,2.0,12.0,OIL,1
2237,08063,CO,Kit Carson,8,1,251.0,31.0,35.0,11.0,4.0,2.0,18.0,6.0,18.0,OIL,"3,933"
8000,50021,VT,Rutland,1,1,20179.0,6.0,29.0,8.0,1.0,5.0,25.0,3.0,21.0,OIL,112
8021,50011,VT,Franklin,1,1,5616.0,7.0,26.0,14.0,0.0,4.0,17.0,5.0,19.0,OIL,908
8183,55121,WI,Trempealeau,5,1,4257.0,43.0,37.0,18.0,7.0,3.0,12.0,13.0,18.0,OIL,164
3527,19031,IA,Cedar,7,1,3673.0,6.0,22.0,8.0,0.0,2.0,24.0,4.0,19.0,OIL,42
3355,19055,IA,Delaware,7,1,1482.0,3.0,24.0,6.0,0.0,1.0,15.0,9.0,21.0,OIL,12
3523,19077,IA,Guthrie,7,1,1772.0,7.0,24.0,9.0,0.0,3.0,21.0,6.0,18.0,OIL,0
3513,19043,IA,Clayton,7,1,1586.0,2.0,22.0,11.0,0.0,5.0,23.0,7.0,19.0,OIL,12
3512,19017,IA,Bremer,7,1,10661.0,10.0,22.0,4.0,1.0,3.0,19.0,5.0,14.0,OIL,79
3508,19145,IA,Page,7,1,5100.0,10.0,39.0,8.0,0.0,6.0,26.0,7.0,22.0,OIL,78
96,02150,AK,Kodiak Island,10,1,2113.0,30.0,19.0,1.0,0.0,0.0,2.0,9.0,0.0,OIL,0
3500,19119,IA,Lyon,7,1,2996.0,7.0,19.0,6.0,1.0,4.0,19.0,4.0,19.0,OIL,13
3529,19171,IA,Tama,7,1,1738.0,7.0,23.0,5.0,0.0,3.0,22.0,7.0,16.0,OIL, (176)
2926,12087,FL,Monroe,4,1,20743.0,48.0,26.0,9.0,7.0,3.0,17.0,6.0,19.0,OIL,"2,978"
3563,19121,IA,Madison,7,1,5928.0,6.0,25.0,3.0,0.0,2.0,20.0,5.0,21.0,OIL,115
3556,19047,IA,Crawford,7,1,8726.0,58.0,44.0,26.0,11.0,7.0,14.0,5.0,21.0,OIL,12
3553,19151,IA,Pocahontas,7,1,1839.0,7.0,24.0,6.0,0.0,6.0,24.0,5.0,21.0,OIL,10
3552,19147,IA,Palo Alto,7,1,1141.0,17.0,21.0,8.0,5.0,4.0,25.0,7.0,19.0,OIL,471
3545,19019,IA,Buchanan,7,1,7211.0,8.0,22.0,4.0,1.0,1.0,22.0,5.0,22.0,OIL,0
3351,19075,IA,Grundy,7,1,1662.0,7.0,21.0,7.0,0.0,1.0,13.0,8.0,17.0,OIL,60
3352,19001,IA,Adair,7,1,2154.0,6.0,29.0,5.0,0.0,3.0,26.0,4.0,21.0,OIL,6
3540,19137,IA,Montgomery,7,1,1170.0,8.0,36.0,11.0,0.0,2.0,29.0,6.0,21.0,OIL,13
86,02060,AK,Bristol Bay,10,1,175.0,56.0,19.0,5.0,1.0,3.0,13.0,8.0,18.0,OIL,"23,478"
3370,19189,IA,Winnebago,7,1,4976.0,14.0,26.0,7.0,0.0,2.0,17.0,5.0,17.0,OIL,120
3417,19125,IA,Marion,7,1,8391.0,8.0,30.0,7.0,0.0,3.0,22.0,5.0,22.0,OIL,57
3423,19059,IA,Dickinson,7,1,1350.0,6.0,15.0,1.0,0.0,1.0,24.0,5.0,21.0,OIL,46
3425,19053,IA,Decatur,7,1,2471.0,18.0,42.0,10.0,0.0,7.0,17.0,5.0,18.0,OIL,135
3430,19173,IA,Taylor,7,1,1647.0,32.0,22.0,16.0,8.0,3.0,20.0,3.0,19.0,OIL,12
3438,19027,IA,Carroll,7,1,1657.0,8.0,19.0,4.0,0.0,1.0,25.0,6.0,14.0,OIL, (62)
3411,19061,IA,Dubuque,7,1,4615.0,6.0,20.0,9.0,1.0,4.0,22.0,6.0,18.0,OIL,127
3403,19181,IA,Warren,7,1,16055.0,8.0,22.0,4.0,2.0,4.0,17.0,6.0,18.0,OIL, (303)
106,02130,AK,Ketchikan Gateway,10,1,7883.0,47.0,30.0,7.0,4.0,5.0,15.0,5.0,19.0,OIL, (140)
108,02013,AK,Aleutians East,10,1,1046.0,88.0,29.0,19.0,1.0,3.0,17.0,2.0,11.0,OIL,"3,301"
3467,19015,IA,Boone,7,1,2208.0,2.0,18.0,3.0,0.0,3.0,20.0,5.0,18.0,OIL,5
3383,19073,IA,Greene,7,1,4351.0,9.0,28.0,7.0,1.0,3.0,28.0,4.0,20.0,OIL,1
3454,19087,IA,Henry,7,1,10098.0,20.0,30.0,12.0,3.0,3.0,17.0,4.0,20.0,OIL,59
157,01095,AL,Marshall,4,1,2385.0,17.0,46.0,28.0,2.0,7.0,22.0,3.0,23.0,OIL,0
3452,19157,IA,Poweshiek,7,1,1759.0,7.0,29.0,5.0,0.0,10.0,24.0,6.0,18.0,OIL,138
3391,19165,IA,Shelby,7,1,5550.0,8.0,33.0,8.0,0.0,3.0,23.0,6.0,19.0,OIL,6
8405,55113,WI,Sawyer,5,1,609.0,17.0,37.0,10.0,0.0,4.0,35.0,3.0,18.0,OIL, (77)
3801,17039,IL,DeWitt,5,1,2146.0,1.0,28.0,7.0,1.0,5.0,20.0,4.0,19.0,OIL,36
3282,19109,IA,Kossuth,7,1,6114.0,11.0,30.0,7.0,3.0,5.0,27.0,6.0,19.0,OIL,"1,403"
3284,19095,IA,Iowa,7,1,3012.0,7.0,24.0,10.0,1.0,3.0,20.0,5.0,20.0,OIL,0
281,05021,AR,Clay,6,1,3788.0,4.0,47.0,10.0,0.0,3.0,22.0,8.0,25.0,OIL,0
8291,55123,WI,Vernon,5,1,1022.0,3.0,46.0,12.0,0.0,5.0,27.0,5.0,18.0,OIL,14
8260,55095,WI,Polk,5,1,1731.0,8.0,28.0,6.0,1.0,3.0,25.0,4.0,21.0,OIL,0
3241,15007,HI,Kauai,9,1,17153.0,87.0,25.0,8.0,6.0,3.0,19.0,6.0,18.0,OIL,"178,995"
8267,55031,WI,Douglas,5,1,284.0,8.0,21.0,5.0,0.0,4.0,37.0,3.0,14.0,OIL,0
8269,55013,WI,Burnett,5,1,2381.0,12.0,36.0,12.0,0.0,7.0,21.0,5.0,20.0,OIL,0
48,02290,AK,Yukon Koyukuk,10,1,456.0,78.0,40.0,19.0,7.0,21.0,23.0,4.0,23.0,OIL,"2,463"
3851,17195,IL,Whiteside,5,1,25696.0,27.0,38.0,11.0,1.0,5.0,20.0,5.0,21.0,OIL,561
49,02100,AK,Haines,10,1,1762.0,31.0,19.0,3.0,0.0,5.0,19.0,4.0,15.0,OIL,242
3682,16059,ID,Lemhi,10,1,4062.0,8.0,31.0,8.0,0.0,5.0,28.0,5.0,19.0,OIL,49
2968,13059,GA,Clarke,4,1,69421.0,43.0,54.0,10.0,2.0,7.0,9.0,4.0,15.0,OIL,0
8383,55103,WI,Richland,5,1,959.0,6.0,30.0,5.0,2.0,3.0,20.0,6.0,16.0,OIL,4
8387,55029,WI,Door,5,1,741.0,6.0,21.0,3.0,0.0,2.0,46.0,2.0,17.0,OIL,9
8388,55027,WI,Dodge,5,1,12223.0,17.0,27.0,10.0,3.0,2.0,15.0,5.0,20.0,OIL,0
2965,13033,GA,Burke,4,1,31.0,55.0,18.0,10.0,0.0,19.0,19.0,0.0,24.0,OIL,"1,074"
3763,17193,IL,White,5,1,5816.0,4.0,39.0,13.0,0.0,2.0,24.0,6.0,24.0,OIL,47
3762,17027,IL,Clinton,5,1,4008.0,10.0,26.0,3.0,0.0,3.0,17.0,5.0,22.0,OIL,189
3294,19197,IA,Wright,7,1,2810.0,16.0,42.0,3.0,1.0,3.0,27.0,5.0,18.0,OIL,0
3747,17109,IL,McDonough,5,1,3041.0,4.0,39.0,9.0,0.0,5.0,19.0,8.0,23.0,OIL,36
3297,19021,IA,Buena Vista,7,1,2803.0,34.0,34.0,11.0,2.0,12.0,12.0,7.0,15.0,OIL,372
3291,19089,IA,Howard,7,1,4413.0,4.0,25.0,5.0,0.0,0.0,20.0,7.0,20.0,OIL,4
3718,17049,IL,Effingham,5,1,3181.0,1.0,25.0,7.0,0.0,2.0,26.0,3.0,22.0,OIL,80
61,02220,AK,Sitka,10,1,7186.0,41.0,18.0,5.0,1.0,5.0,14.0,5.0,19.0,OIL, (835)
5558,39109,OH,Miami,5,1,21672.0,7.0,36.0,10.0,0.0,4.0,17.0,7.0,22.0,OIL, (242)
5552,39049,OH,Franklin,5,1,118449.0,29.0,39.0,12.0,2.0,5.0,11.0,5.0,20.0,OIL,3
5524,39077,OH,Huron,5,1,2094.0,6.0,26.0,6.0,0.0,4.0,19.0,6.0,16.0,OIL,83
5508,39149,OH,Shelby,5,1,1980.0,4.0,25.0,8.0,0.0,7.0,23.0,5.0,16.0,OIL,34
5490,39123,OH,Ottawa,5,1,4269.0,17.0,15.0,11.0,0.0,2.0,17.0,6.0,21.0,OIL,130
7705,51131,VA,Northampton,3,1,3518.0,36.0,28.0,11.0,0.0,6.0,32.0,4.0,18.0,OIL,"1,548"
7709,51001,VA,Accomack,3,1,3676.0,57.0,50.0,18.0,0.0,4.0,17.0,10.0,16.0,OIL,121
5695,40113,OK,Osage,6,1,3400.0,44.0,45.0,11.0,2.0,3.0,18.0,2.0,25.0,OIL,375
5672,40059,OK,Harper,6,1,1226.0,25.0,36.0,2.0,8.0,3.0,16.0,5.0,17.0,OIL,283
5670,40073,OK,Kingfisher,6,1,5682.0,27.0,30.0,8.0,3.0,1.0,17.0,6.0,23.0,OIL,210
5477,39157,OH,Tuscarawas,5,1,16118.0,9.0,25.0,8.0,0.0,4.0,21.0,3.0,19.0,OIL,134
5595,39103,OH,Medina,5,1,12596.0,6.0,12.0,3.0,1.0,3.0,20.0,5.0,17.0,OIL,373
5581,39011,OH,Auglaize,5,1,10464.0,5.0,19.0,7.0,0.0,1.0,17.0,7.0,20.0,OIL,73
7711,51053,VA,Dinwiddie,3,1,16758.0,63.0,41.0,12.0,1.0,8.0,16.0,6.0,15.0,OIL,0
5461,39153,OH,Summit,5,1,81823.0,21.0,28.0,8.0,3.0,5.0,19.0,6.0,21.0,OIL,707
7823,51091,VA,Highland,3,1,788.0,7.0,34.0,14.0,0.0,22.0,37.0,2.0,20.0,OIL,"1,532"
7833,51159,VA,Richmond,3,1,3027.0,43.0,27.0,27.0,0.0,2.0,17.0,5.0,20.0,OIL,"1,516"
7834,51175,VA,Southampton,3,1,2447.0,47.0,32.0,15.0,0.0,9.0,21.0,11.0,17.0,OIL,525
7850,51007,VA,Amelia,3,1,1351.0,28.0,33.0,17.0,0.0,4.0,20.0,5.0,21.0,OIL,426
7751,51143,VA,Pittsylvania,3,1,2417.0,29.0,38.0,12.0,0.0,5.0,22.0,5.0,21.0,OIL,16
7761,51047,VA,Culpeper,3,1,36002.0,38.0,18.0,8.0,3.0,6.0,13.0,7.0,17.0,OIL,480
6632,46025,SD,Clark,8,1,1246.0,13.0,27.0,8.0,3.0,5.0,32.0,5.0,17.0,OIL, (116)
6607,45087,SC,Union,4,1,487.0,84.0,42.0,19.0,0.0,8.0,14.0,3.0,25.0,OIL,83
6598,45073,SC,Oconee,4,1,4336.0,11.0,27.0,13.0,1.0,4.0,30.0,5.0,22.0,OIL,30
6592,45091,SC,York,4,1,14340.0,65.0,32.0,10.0,0.0,6.0,14.0,6.0,23.0,OIL,55
6547,45083,SC,Spartanburg,4,1,3948.0,25.0,29.0,15.0,0.0,6.0,20.0,6.0,24.0,OIL, (90)
6538,45051,SC,Horry,4,1,42542.0,34.0,43.0,9.0,3.0,5.0,17.0,5.0,18.0,OIL, (706)
6507,45001,SC,Abbeville,4,1,4690.0,14.0,43.0,15.0,0.0,7.0,20.0,6.0,22.0,OIL,66
6642,46049,SD,Faulk,8,1,738.0,5.0,15.0,15.0,0.0,8.0,28.0,7.0,16.0,OIL, (139)
6644,46117,SD,Stanley,8,1,12761.0,15.0,20.0,3.0,0.0,0.0,18.0,5.0,18.0,OIL,53
6646,46077,SD,Kingsbury,8,1,699.0,10.0,19.0,7.0,1.0,0.0,24.0,3.0,19.0,OIL,76
6660,46027,SD,Clay,8,1,132.0,1.0,21.0,5.0,0.0,2.0,13.0,7.0,18.0,OIL,"8,839"
6970,48003,TX,Andrews,6,1,2.0,52.0,42.0,18.0,18.0,3.0,9.0,11.0,19.0,OIL,645
6722,47067,TN,Hancock,4,1,480.0,3.0,47.0,18.0,0.0,11.0,24.0,6.0,19.0,OIL,66
6709,47179,TN,Washington,4,1,47809.0,19.0,48.0,10.0,1.0,6.0,15.0,5.0,22.0,OIL,2
6706,47177,TN,Warren,4,1,12074.0,21.0,47.0,18.0,2.0,4.0,18.0,6.0,26.0,OIL,143
6666,46029,SD,Codington,8,1,20785.0,10.0,29.0,10.0,1.0,2.0,19.0,6.0,17.0,OIL,"5,231"
6077,42085,PA,Mercer,3,1,12704.0,9.0,23.0,6.0,1.0,4.0,17.0,3.0,19.0,OIL,"2,809"
6042,42029,PA,Chester,3,1,62210.0,61.0,41.0,11.0,1.0,11.0,15.0,6.0,23.0,OIL,50
6080,42049,PA,Erie,3,1,10359.0,9.0,27.0,5.0,0.0,4.0,18.0,4.0,12.0,OIL,80
6153,42041,PA,Cumberland,3,1,8319.0,12.0,17.0,5.0,1.0,4.0,18.0,4.0,16.0,OIL,"2,982"
3086,13127,GA,Glynn,4,1,12878.0,28.0,32.0,11.0,3.0,4.0,19.0,6.0,23.0,OIL, (118)
6209,42089,PA,Monroe,3,1,8375.0,51.0,24.0,7.0,1.0,8.0,12.0,6.0,15.0,OIL, (150)
7866,51075,VA,Goochland,3,1,10557.0,30.0,8.0,2.0,2.0,3.0,13.0,7.0,19.0,OIL,0
8428,54039,WV,Kanawha,3,1,3759.0,18.0,48.0,17.0,0.0,6.0,24.0,8.0,18.0,HYDRO,"65,141"
5983,41019,OR,Douglas,10,1,186.0,21.0,49.0,6.0,0.0,1.0,22.0,4.0,21.0,HYDRO,"166,485"
5985,41045,OR,Malheur,10,1,3.0,4.0,31.0,12.0,0.0,1.0,16.0,9.0,17.0,HYDRO,"15,280"
5994,41063,OR,Wallowa,10,1,62.0,19.0,27.0,10.0,3.0,5.0,34.0,8.0,18.0,HYDRO,"1,432"
7991,50019,VT,Orleans,1,1,6397.0,5.0,32.0,12.0,2.0,9.0,24.0,4.0,22.0,HYDRO,"19,818"
5976,41065,OR,Wasco,10,1,10111.0,26.0,36.0,14.0,2.0,7.0,19.0,6.0,20.0,HYDRO,"5,406,985"
5997,41031,OR,Jefferson,10,1,1316.0,94.0,51.0,16.0,1.0,14.0,11.0,6.0,20.0,HYDRO,"57,080"
5967,41005,OR,Clackamas,10,1,75273.0,16.0,19.0,5.0,1.0,5.0,18.0,5.0,17.0,HYDRO,"93,421"
5955,41017,OR,Deschutes,10,1,59875.0,17.0,23.0,4.0,1.0,4.0,17.0,6.0,14.0,HYDRO,"15,572"
8425,54019,WV,Fayette,3,1,1198.0,10.0,43.0,15.0,0.0,10.0,14.0,5.0,17.0,HYDRO,"435,164"
5908,41001,OR,Baker,10,1,59.0,0.0,36.0,10.0,0.0,0.0,32.0,0.0,20.0,HYDRO,"900,050"
5918,41027,OR,Hood River,10,1,15519.0,38.0,24.0,16.0,4.0,4.0,17.0,6.0,17.0,HYDRO,"6,276"
5923,41029,OR,Jackson,10,1,663.0,19.0,34.0,7.0,0.0,6.0,24.0,2.0,18.0,HYDRO,0
8418,54037,WV,Jefferson,3,1,3235.0,7.0,12.0,7.0,0.0,4.0,21.0,5.0,19.0,HYDRO,"4,183"
8419,54003,WV,Berkeley,3,1,5720.0,7.0,27.0,6.0,1.0,2.0,18.0,5.0,21.0,HYDRO,"2,421"
8421,54067,WV,Nicholas,3,1,1201.0,3.0,33.0,11.0,0.0,7.0,10.0,11.0,22.0,HYDRO,"170,220"
8439,54103,WV,Wetzel,3,1,6307.0,3.0,43.0,8.0,0.0,6.0,22.0,4.0,23.0,HYDRO,"173,434"
8452,56029,WY,Park,8,1,106.0,7.0,22.0,2.0,0.0,0.0,47.0,6.0,16.0,HYDRO,"73,193"
7978,50001,VT,Addison,1,1,7592.0,20.0,21.0,6.0,1.0,6.0,20.0,3.0,18.0,HYDRO,"3,454"
6187,42031,PA,Clarion,3,1,5184.0,12.0,38.0,5.0,0.0,7.0,9.0,4.0,19.0,HYDRO,"55,217"
7970,50025,VT,Windham,1,1,885.0,5.0,25.0,8.0,0.0,3.0,24.0,3.0,16.0,HYDRO,"125,860"
7969,50005,VT,Caledonia,1,1,4307.0,7.0,30.0,8.0,0.0,3.0,21.0,3.0,19.0,HYDRO,"3,352"
7989,50015,VT,Lamoille,1,1,5184.0,10.0,22.0,6.0,0.0,3.0,20.0,3.0,20.0,HYDRO,"5,551"
8446,56025,WY,Natrona,8,1,65.0,4.0,18.0,4.0,0.0,0.0,21.0,4.0,14.0,HYDRO,"68,082"
8451,56013,WY,Fremont,8,1,33.0,20.0,36.0,8.0,0.0,2.0,20.0,6.0,20.0,HYDRO,"81,348"
3636,16029,ID,Caribou,10,1,1331.0,23.0,29.0,8.0,7.0,5.0,17.0,5.0,21.0,HYDRO,"3,417"
3634,16047,ID,Gooding,10,1,579.0,23.0,36.0,14.0,0.0,0.0,21.0,3.0,22.0,HYDRO,"3,634"
3631,16043,ID,Fremont,10,1,185.0,2.0,13.0,3.0,0.0,1.0,47.0,0.0,18.0,HYDRO,"16,285"
3629,16015,ID,Boise,10,1,1183.0,20.0,29.0,7.0,0.0,1.0,28.0,5.0,16.0,HYDRO,"35,484"
3625,16053,ID,Jerome,10,1,137.0,25.0,30.0,27.0,4.0,1.0,21.0,5.0,20.0,HYDRO,"4,340"
3618,16063,ID,Lincoln,10,1,833.0,61.0,36.0,18.0,10.0,9.0,12.0,7.0,19.0,HYDRO,55
3617,16019,ID,Bonneville,10,1,4585.0,19.0,25.0,12.0,2.0,6.0,14.0,8.0,18.0,HYDRO,"104,112"
5814,41043,OR,Linn,10,1,6.0,10.0,18.0,8.0,0.0,12.0,21.0,7.0,19.0,HYDRO,"13,758"
3615,16035,ID,Clearwater,10,1,708.0,7.0,55.0,12.0,0.0,3.0,34.0,8.0,21.0,HYDRO,"3,082"
3613,16081,ID,Teton,10,1,34.0,25.0,64.0,9.0,2.0,4.0,6.0,0.0,15.0,HYDRO,"26,743"
3639,16013,ID,Blaine,10,1,35.0,43.0,54.0,6.0,0.0,4.0,9.0,9.0,13.0,HYDRO,"5,672"
3657,16041,ID,Franklin,10,1,68.0,14.0,27.0,3.0,0.0,0.0,13.0,8.0,17.0,HYDRO,"10,540"
3656,16067,ID,Minidoka,10,1,70.0,27.0,24.0,9.0,7.0,7.0,15.0,4.0,16.0,HYDRO,"59,436"
3655,16031,ID,Cassia,10,1,325.0,45.0,30.0,19.0,5.0,1.0,11.0,7.0,18.0,HYDRO,"28,958"
3650,16005,ID,Bannock,10,1,965.0,9.0,20.0,5.0,0.0,5.0,19.0,8.0,15.0,HYDRO,"6,937"
3646,16001,ID,Ada,10,1,7581.0,13.0,15.0,8.0,3.0,3.0,10.0,6.0,18.0,HYDRO,"7,802"
5846,41055,OR,Sherman,10,1,210.0,16.0,31.0,15.0,0.0,3.0,31.0,3.0,16.0,HYDRO,"6,793,297"
3570,16077,ID,Power,10,1,5130.0,49.0,47.0,21.0,15.0,8.0,12.0,9.0,20.0,HYDRO,"262,202"
3567,16017,ID,Bonner,10,1,4281.0,9.0,43.0,11.0,0.0,4.0,28.0,4.0,20.0,HYDRO,"164,413"
8414,54107,WV,Wood,3,1,955.0,2.0,30.0,9.0,0.0,3.0,20.0,5.0,19.0,HYDRO,"272,223"
8402,55097,WI,Portage,5,1,31056.0,11.0,27.0,4.0,0.0,4.0,15.0,5.0,15.0,HYDRO,"21,152"
3582,16033,ID,Clark,10,1,5.0,24.0,38.0,8.0,0.0,1.0,12.0,5.0,17.0,HYDRO,"9,178"
3609,16049,ID,Idaho,10,1,149.0,2.0,34.0,2.0,0.0,15.0,30.0,1.0,18.0,HYDRO,"2,482"
3607,16023,ID,Butte,10,1,5.0,24.0,38.0,8.0,0.0,1.0,12.0,5.0,17.0,HYDRO,"12,450"
3595,16085,ID,Valley,10,1,1320.0,4.0,48.0,8.0,1.0,4.0,41.0,4.0,14.0,HYDRO,"35,535"
3591,16073,ID,Owyhee,10,1,103.0,42.0,47.0,31.0,11.0,6.0,16.0,8.0,15.0,HYDRO,"377,063"
3588,16087,ID,Washington,10,1,57.0,2.0,35.0,8.0,0.0,0.0,31.0,2.0,20.0,HYDRO,"2,087,723"
3583,16045,ID,Gem,10,1,1223.0,16.0,18.0,6.0,0.0,6.0,25.0,6.0,20.0,HYDRO,"56,934"
8400,55003,WI,Ashland,5,1,513.0,8.0,26.0,5.0,0.0,1.0,18.0,6.0,18.0,HYDRO,"4,985"
4916,36035,NY,Fulton,2,1,2645.0,5.0,29.0,9.0,0.0,3.0,22.0,5.0,20.0,HYDRO,"30,454"
6712,47115,TN,Marion,4,1,1334.0,5.0,47.0,21.0,0.0,11.0,24.0,6.0,25.0,HYDRO,"509,619"
6715,47139,TN,Polk,4,1,1012.0,14.0,24.0,17.0,0.0,7.0,30.0,2.0,22.0,HYDRO,"69,797"
5024,36105,NY,Sullivan,2,1,741.0,14.0,20.0,7.0,1.0,3.0,16.0,6.0,18.0,HYDRO,"8,731"
6721,47071,TN,Hardin,4,1,1479.0,3.0,28.0,18.0,0.0,4.0,25.0,1.0,24.0,HYDRO,"1,121,157"
6725,47065,TN,Hamilton,4,1,5465.0,16.0,25.0,8.0,0.0,1.0,22.0,6.0,20.0,HYDRO," (553,751)"
6746,47051,TN,Franklin,4,1,889.0,4.0,33.0,9.0,0.0,1.0,35.0,1.0,22.0,HYDRO,"41,704"
6750,47019,TN,Carter,4,1,5455.0,9.0,39.0,11.0,3.0,4.0,22.0,3.0,23.0,HYDRO,"113,018"
3209,13257,GA,Stephens,4,1,629.0,17.0,25.0,8.0,1.0,5.0,19.0,7.0,23.0,HYDRO,"35,023"
6751,47143,TN,Rhea,4,1,1699.0,9.0,34.0,12.0,0.0,8.0,26.0,2.0,25.0,HYDRO,"812,422"
5008,36115,NY,Washington,2,1,4965.0,6.0,23.0,7.0,0.0,3.0,18.0,5.0,15.0,HYDRO,"13,592"
6679,47041,TN,DeKalb,4,1,650.0,6.0,43.0,12.0,0.0,1.0,11.0,11.0,23.0,HYDRO,"308,080"
6681,47043,TN,Dickson,4,1,1505.0,11.0,31.0,11.0,0.0,3.0,15.0,5.0,22.0,HYDRO,"177,341"
6682,47089,TN,Jefferson,4,1,3982.0,9.0,37.0,11.0,0.0,9.0,20.0,5.0,21.0,HYDRO,"301,344"
6684,47009,TN,Blount,4,1,225.0,3.0,34.0,9.0,0.0,2.0,28.0,4.0,3.0,HYDRO,"146,935"
6685,47159,TN,Smith,4,1,4335.0,13.0,35.0,14.0,1.0,1.0,19.0,5.0,26.0,HYDRO,"280,706"
6689,47155,TN,Sevier,4,1,6039.0,8.0,44.0,14.0,0.0,7.0,16.0,5.0,22.0,HYDRO,"364,854"
6687,47027,TN,Clay,4,1,1522.0,8.0,51.0,20.0,2.0,12.0,30.0,3.0,26.0,HYDRO,"92,789"
3200,13285,GA,Troup,4,1,3640.0,63.0,49.0,16.0,2.0,6.0,18.0,11.0,22.0,HYDRO,"198,670"
3151,13009,GA,Baldwin,4,1,5330.0,40.0,23.0,6.0,1.0,3.0,19.0,4.0,22.0,HYDRO,"120,162"
3149,13245,GA,Richmond,4,1,53611.0,47.0,38.0,13.0,1.0,7.0,21.0,5.0,21.0,HYDRO,"8,864"
6953,48427,TX,Starr,6,1,202.0,100.0,69.0,43.0,46.0,12.0,22.0,3.0,21.0,HYDRO,"30,557"
3102,13215,GA,Muscogee,4,1,48007.0,44.0,42.0,12.0,1.0,7.0,17.0,7.0,22.0,HYDRO,"134,373"
3098,13291,GA,Union,4,1,4019.0,4.0,35.0,11.0,0.0,3.0,30.0,4.0,11.0,HYDRO,"18,647"
7004,48177,TX,Gonzales,6,1,415.0,29.0,46.0,12.0,0.0,0.0,24.0,3.0,20.0,HYDRO,0
6991,48053,TX,Burnet,6,1,8417.0,25.0,27.0,8.0,1.0,4.0,31.0,5.0,18.0,HYDRO,"16,289"
3095,13241,GA,Rabun,4,1,337.0,11.0,38.0,8.0,0.0,1.0,47.0,0.0,20.0,HYDRO,"12,009"
3117,13105,GA,Elbert,4,1,348.0,47.0,7.0,3.0,25.0,1.0,29.0,0.0,23.0,HYDRO,"330,631"
6858,48091,TX,Comal,6,1,6498.0,22.0,21.0,6.0,2.0,4.0,23.0,10.0,12.0,HYDRO,0
5037,36043,NY,Herkimer,2,1,30.0,0.0,44.0,6.0,0.0,5.0,29.0,7.0,11.0,HYDRO,"43,530"
3161,13073,GA,Columbia,4,1,18695.0,32.0,15.0,3.0,2.0,4.0,20.0,6.0,9.0,HYDRO,"78,866"
3191,13061,GA,Clay,4,1,1350.0,73.0,57.0,15.0,0.0,6.0,22.0,9.0,26.0,HYDRO,"426,441"
3190,13141,GA,Hancock,4,1,490.0,13.0,43.0,22.0,2.0,2.0,41.0,2.0,9.0,HYDRO,"68,713"
3180,13137,GA,Habersham,4,1,333.0,15.0,35.0,5.0,2.0,9.0,17.0,4.0,18.0,HYDRO,"43,577"
6659,46081,SD,Lawrence,8,1,13277.0,12.0,28.0,4.0,0.0,2.0,22.0,3.0,19.0,HYDRO,"21,425"
4988,36033,NY,Franklin,2,1,10225.0,23.0,42.0,23.0,0.0,6.0,14.0,6.0,21.0,HYDRO,"7,258"
6445,45045,SC,Greenville,4,1,1445.0,5.0,47.0,18.0,0.0,5.0,18.0,8.0,24.0,HYDRO,"3,752"
6455,45057,SC,Lancaster,4,1,2057.0,39.0,51.0,17.0,2.0,4.0,20.0,7.0,26.0,HYDRO,"138,717"
6474,45023,SC,Chester,4,1,3018.0,44.0,53.0,18.0,1.0,5.0,24.0,6.0,27.0,HYDRO,"86,857"
7964,50009,VT,Essex,1,1,1022.0,5.0,39.0,13.0,0.0,11.0,18.0,3.0,18.0,HYDRO,"28,128"
6256,42111,PA,Somerset,3,1,1311.0,7.0,35.0,8.0,0.0,11.0,27.0,2.0,23.0,HYDRO,"38,594"
6239,42127,PA,Wayne,3,1,3281.0,15.0,28.0,7.0,1.0,6.0,28.0,4.0,11.0,HYDRO,"90,206"
6241,42061,PA,Huntingdon,3,1,5554.0,22.0,26.0,9.0,0.0,5.0,16.0,3.0,17.0,HYDRO,78
7293,48241,TX,Jasper,6,1,817.0,10.0,59.0,20.0,0.0,22.0,29.0,3.0,23.0,HYDRO,"4,384"
7927,50017,VT,Orange,1,1,1322.0,6.0,33.0,7.0,1.0,2.0,26.0,6.0,14.0,HYDRO,"3,404"
6601,45059,SC,Laurens,4,1,3752.0,31.0,54.0,18.0,0.0,4.0,20.0,13.0,21.0,HYDRO,0
7266,48373,TX,Polk,6,1,1748.0,19.0,33.0,18.0,0.0,3.0,19.0,4.0,23.0,HYDRO,"113,778"
6624,46017,SD,Buffalo,8,1,1218.0,82.0,66.0,18.0,1.0,16.0,7.0,14.0,23.0,HYDRO,"770,542"
6643,46023,SD,Charles Mix,8,1,248.0,46.0,45.0,12.0,0.0,15.0,16.0,10.0,16.0,HYDRO,"1,453,602"
6511,45065,SC,McCormick,4,1,494.0,27.0,36.0,16.0,0.0,2.0,28.0,2.0,7.0,HYDRO,"632,438"
6649,46065,SD,Hughes,8,1,936.0,27.0,13.0,4.0,0.0,0.0,15.0,5.0,15.0,HYDRO,"2,050,154"
3660,16021,ID,Boundary,10,1,2082.0,5.0,33.0,20.0,0.0,4.0,25.0,11.0,19.0,HYDRO,"16,036"
8049,53005,WA,Benton,10,1,1051.0,34.0,21.0,14.0,1.0,4.0,17.0,2.0,17.0,HYDRO,"46,451"
8133,53007,WA,Chelan,10,1,470.0,24.0,22.0,8.0,1.0,5.0,31.0,4.0,15.0,HYDRO,"5,001,487"
8135,53077,WA,Yakima,10,1,45815.0,67.0,55.0,32.0,12.0,10.0,11.0,8.0,18.0,HYDRO,"54,456"
8136,53001,WA,Adams,10,1,660.0,71.0,53.0,35.0,24.0,5.0,10.0,6.0,16.0,HYDRO,"15,357"
8138,53065,WA,Stevens,10,1,403.0,10.0,32.0,8.0,0.0,4.0,30.0,2.0,17.0,HYDRO,"5,558"
8141,53067,WA,Thurston,10,1,140.0,7.0,28.0,8.0,1.0,4.0,19.0,5.0,19.0,HYDRO,"3,244"
8132,53031,WA,Jefferson,10,1,496.0,24.0,54.0,4.0,0.0,12.0,34.0,3.0,17.0,HYDRO,219
8148,53025,WA,Grant,10,1,11.0,4.0,27.0,5.0,0.0,4.0,24.0,3.0,17.0,HYDRO,"390,209"
8150,53059,WA,Skamania,10,1,2.0,0.0,26.0,0.0,0.0,0.0,26.0,0.0,0.0,HYDRO,"580,317"
8156,53071,WA,Walla Walla,10,1,7962.0,27.0,30.0,5.0,1.0,3.0,15.0,4.0,16.0,HYDRO,"8,139"
5301,36021,NY,Columbia,2,1,4416.0,18.0,19.0,7.0,3.0,5.0,23.0,4.0,16.0,HYDRO,"22,148"
5300,36111,NY,Ulster,2,1,7607.0,20.0,27.0,4.0,1.0,5.0,28.0,3.0,18.0,HYDRO,"47,956"
8126,53021,WA,Franklin,10,1,1003.0,50.0,44.0,18.0,10.0,2.0,11.0,13.0,17.0,HYDRO,"6,394"
7861,51031,VA,Campbell,3,1,15510.0,21.0,25.0,5.0,1.0,4.0,22.0,6.0,18.0,HYDRO,"22,675"
5361,36011,NY,Cayuga,2,1,31866.0,17.0,35.0,13.0,1.0,6.0,20.0,6.0,19.0,HYDRO,0
8196,55107,WI,Rusk,5,1,2167.0,5.0,37.0,7.0,0.0,4.0,23.0,4.0,5.0,HYDRO,"32,753"
5374,36113,NY,Warren,2,1,3918.0,9.0,32.0,15.0,0.0,1.0,20.0,4.0,19.0,HYDRO,"16,104"
5381,36099,NY,Seneca,2,1,8172.0,13.0,33.0,11.0,1.0,7.0,24.0,5.0,19.0,HYDRO,"3,787"
8205,55037,WI,Florence,5,1,688.0,6.0,41.0,10.0,0.0,9.0,32.0,4.0,17.0,HYDRO,"16,047"
5382,36073,NY,Orleans,2,1,1635.0,10.0,29.0,14.0,1.0,4.0,28.0,3.0,20.0,HYDRO,"15,554"
3939,17099,IL,LaSalle,5,1,21105.0,19.0,30.0,9.0,2.0,4.0,22.0,5.0,21.0,HYDRO,"33,034"
8165,53017,WA,Douglas,10,1,79.0,48.0,30.0,21.0,21.0,7.0,15.0,0.0,17.0,HYDRO,"3,498,318"
8175,53061,WA,Snohomish,10,1,125.0,12.0,13.0,4.0,0.0,3.0,17.0,3.0,20.0,HYDRO,"14,862"
7804,51117,VA,Mecklenburg,3,1,380.0,37.0,33.0,11.0,0.0,4.0,22.0,3.0,7.0,HYDRO,"340,027"
8179,55069,WI,Lincoln,5,1,6465.0,6.0,32.0,10.0,2.0,5.0,19.0,6.0,15.0,HYDRO,"18,996"
8181,55109,WI,St Croix,5,1,3695.0,7.0,18.0,2.0,0.0,4.0,16.0,5.0,17.0,HYDRO,"11,202"
4272,34041,NJ,Warren,2,1,1888.0,9.0,8.0,7.0,0.0,3.0,17.0,5.0,16.0,HYDRO," (165,216)"
7856,51155,VA,Pulaski,3,1,5882.0,5.0,29.0,8.0,0.0,3.0,17.0,5.0,21.0,HYDRO,"6,056"
7845,51141,VA,Patrick,3,1,477.0,6.0,44.0,31.0,0.0,3.0,31.0,2.0,22.0,HYDRO,"31,126"
8043,53051,WA,Pend Oreille,10,1,406.0,10.0,39.0,7.0,0.0,10.0,33.0,2.0,13.0,HYDRO,"383,506"
7830,51161,VA,Roanoke,3,1,25574.0,17.0,34.0,12.0,1.0,3.0,19.0,5.0,19.0,HYDRO,"8,001"
8060,53045,WA,Mason,10,1,1543.0,38.0,35.0,10.0,0.0,12.0,35.0,2.0,12.0,HYDRO,"168,453"
4607,36095,NY,Schoharie,2,1,437.0,10.0,25.0,10.0,2.0,8.0,32.0,2.0,17.0,HYDRO," (145,950)"
4518,32031,NV,Washoe,9,1,10855.0,29.0,15.0,12.0,0.0,8.0,20.0,9.0,19.0,HYDRO,"11,133"
8094,53043,WA,Lincoln,10,1,303.0,23.0,25.0,8.0,0.0,2.0,16.0,8.0,19.0,HYDRO,"175,811"
8095,53013,WA,Columbia,10,1,2.0,25.0,35.0,12.0,1.0,0.0,23.0,5.0,16.0,HYDRO,"1,559,249"
4317,35051,NM,Sierra,6,1,1621.0,32.0,69.0,11.0,5.0,1.0,35.0,4.0,25.0,HYDRO," (31,601)"
4316,35039,NM,Rio Arriba,6,1,49.0,70.0,52.0,15.0,6.0,20.0,24.0,5.0,14.0,HYDRO,"1,525"
7810,51139,VA,Page,3,1,4935.0,8.0,29.0,16.0,0.0,3.0,30.0,3.0,22.0,HYDRO,"3,519"
4474,32001,NV,Churchill,9,1,169.0,16.0,14.0,4.0,2.0,4.0,23.0,2.0,20.0,HYDRO,"16,545"
8214,55001,WI,Adams,5,1,642.0,7.0,46.0,11.0,1.0,11.0,31.0,4.0,19.0,HYDRO,"75,636"
5649,40021,OK,Cherokee,6,1,1035.0,46.0,40.0,9.0,0.0,5.0,14.0,7.0,22.0,HYDRO,"140,447"
7613,49029,UT,Morgan,8,1,1777.0,7.0,3.0,0.0,0.0,2.0,17.0,5.0,18.0,HYDRO,"15,860"
5648,40061,OK,Haskell,6,1,495.0,29.0,38.0,10.0,1.0,8.0,25.0,3.0,17.0,HYDRO,"216,065"
7602,49043,UT,Summit,8,1,112.0,24.0,34.0,16.0,4.0,3.0,10.0,9.0,15.0,HYDRO,"12,930"
7600,49003,UT,Box Elder,8,1,363.0,9.0,30.0,4.0,0.0,2.0,12.0,10.0,15.0,HYDRO,"96,245"
7593,49057,UT,Weber,8,1,175.0,4.0,9.0,0.0,0.0,2.0,28.0,3.0,15.0,HYDRO,"5,457"
7642,49039,UT,Sanpete,8,1,3424.0,14.0,41.0,7.0,0.0,2.0,18.0,5.0,19.0,HYDRO,"1,836"
8305,55033,WI,Dunn,5,1,18968.0,12.0,39.0,7.0,2.0,3.0,14.0,4.0,13.0,HYDRO,"24,244"
5626,40089,OK,McCurtain,6,1,120.0,20.0,24.0,10.0,0.0,1.0,18.0,6.0,17.0,HYDRO,"171,458"
8321,55083,WI,Oconto,5,1,4536.0,5.0,34.0,9.0,0.0,1.0,19.0,3.0,22.0,HYDRO,"4,420"
8340,55111,WI,Sauk,5,1,9288.0,7.0,18.0,5.0,1.0,1.0,19.0,6.0,17.0,HYDRO,"131,025"
5756,41047,OR,Marion,10,1,19.0,8.0,19.0,8.0,0.0,6.0,35.0,4.0,20.0,HYDRO,"75,821"
5763,41051,OR,Multnomah,10,1,1431.0,23.0,20.0,7.0,0.0,6.0,24.0,3.0,16.0,HYDRO,"3,631,018"
8377,55129,WI,Washburn,5,1,468.0,4.0,23.0,4.0,0.0,3.0,36.0,1.0,21.0,HYDRO,"7,322"
7589,49017,UT,Garfield,8,1,69.0,18.0,38.0,2.0,0.0,2.0,23.0,5.0,8.0,HYDRO,"20,173"
5707,40135,OK,Sequoyah,6,1,1024.0,32.0,37.0,13.0,0.0,3.0,19.0,4.0,22.0,HYDRO,"309,233"
8356,55051,WI,Iron,5,1,163.0,7.0,22.0,4.0,0.0,4.0,28.0,4.0,16.0,HYDRO,"9,081"
7720,51035,VA,Carroll,3,1,949.0,2.0,56.0,18.0,0.0,11.0,29.0,3.0,22.0,HYDRO,"22,854"
8253,55099,WI,Price,5,1,94.0,2.0,13.0,4.0,0.0,3.0,32.0,2.0,13.0,HYDRO,"3,465"
8236,55035,WI,Eau Claire,5,1,51802.0,14.0,32.0,4.0,1.0,3.0,14.0,5.0,13.0,HYDRO,"43,132"
7773,51077,VA,Grayson,3,1,2752.0,3.0,48.0,21.0,1.0,7.0,28.0,4.0,23.0,HYDRO,"19,489"
7704,51017,VA,Bath,3,1,2.0,5.0,39.0,12.0,0.0,4.0,39.0,1.0,21.0,HYDRO," (1,034,280)"
8005,50003,VT,Bennington,1,1,715.0,10.0,17.0,3.0,0.0,3.0,28.0,6.0,15.0,HYDRO,"21,607"
5564,39105,OH,Meigs,5,1,1174.0,4.0,46.0,12.0,7.0,0.0,12.0,9.0,16.0,HYDRO,"215,267"
7689,49001,UT,Beaver,8,1,4.0,47.0,23.0,17.0,0.0,0.0,13.0,6.0,20.0,HYDRO,"10,156"
815,06057,CA,Nevada,9,1,1005.0,8.0,32.0,9.0,0.0,5.0,28.0,1.0,16.0,HYDRO,"134,674"
1487,06009,CA,Calaveras,9,1,3393.0,11.0,25.0,5.0,1.0,4.0,38.0,4.0,13.0,HYDRO,"17,758"
2455,08091,CO,Ouray,8,1,397.0,6.0,14.0,2.0,1.0,1.0,49.0,0.0,15.0,HYDRO,"26,215"
2454,08083,CO,Montezuma,8,1,2714.0,27.0,24.0,8.0,0.0,4.0,16.0,4.0,18.0,HYDRO,"15,788"
2449,08103,CO,Rio Blanco,8,1,50.0,12.0,15.0,11.0,0.0,4.0,16.0,4.0,19.0,HYDRO,34
965,06109,CA,Tuolumne,9,1,1.0,19.0,83.0,1.0,0.0,25.0,40.0,0.0,12.0,HYDRO,"347,749"
2136,06005,CA,Amador,9,1,5077.0,24.0,32.0,6.0,1.0,4.0,33.0,3.0,20.0,HYDRO,"81,873"
2464,08067,CO,La Plata,8,1,173.0,13.0,7.0,3.0,0.0,2.0,25.0,1.0,12.0,HYDRO,"23,737"
1180,06027,CA,Inyo,9,1,9.0,40.0,19.0,14.0,3.0,2.0,35.0,0.0,19.0,HYDRO,0
1493,06115,CA,Yuba,9,1,1269.0,17.0,18.0,7.0,1.0,3.0,39.0,1.0,19.0,HYDRO,"276,742"
1492,06079,CA,San Luis Obispo,9,1,182.0,21.0,16.0,6.0,1.0,4.0,18.0,6.0,13.0,HYDRO,"18,601"
1192,06091,CA,Sierra,9,1,173.0,8.0,19.0,7.0,0.0,25.0,33.0,0.0,13.0,HYDRO,"18,534"
378,04012,AZ,La Paz,9,1,5310.0,69.0,39.0,16.0,6.0,5.0,19.0,7.0,25.0,HYDRO,"32,271"
375,04005,AZ,Coconino,9,1,6853.0,61.0,30.0,6.0,0.0,10.0,12.0,8.0,18.0,HYDRO,"3,363,155"
2979,13111,GA,Fannin,4,1,5501.0,6.0,54.0,20.0,0.0,13.0,36.0,4.0,22.0,HYDRO,"21,183"
2985,13117,GA,Forsyth,4,1,27124.0,34.0,10.0,4.0,2.0,2.0,13.0,6.0,19.0,HYDRO,"166,166"
1247,06093,CA,Siskiyou,9,1,252.0,26.0,36.0,7.0,1.0,9.0,22.0,6.0,19.0,HYDRO,"81,505"
1238,06033,CA,Lake,9,1,305.0,24.0,48.0,11.0,0.0,0.0,30.0,8.0,22.0,HYDRO,"5,909"
2278,08085,CO,Montrose,8,1,1735.0,17.0,28.0,4.0,0.0,4.0,30.0,4.0,19.0,HYDRO,"8,398"
2120,06047,CA,Merced,9,1,28.0,63.0,31.0,28.0,15.0,11.0,12.0,5.0,20.0,HYDRO," (280,710)"
2277,08117,CO,Summit,8,1,10502.0,29.0,28.0,9.0,7.0,5.0,15.0,4.0,6.0,HYDRO,"12,901"
2444,08065,CO,Lake,8,1,716.0,37.0,20.0,4.0,1.0,1.0,15.0,2.0,9.0,HYDRO,"3,942"
2443,08035,CO,Douglas,8,1,1214.0,8.0,6.0,2.0,2.0,0.0,36.0,0.0,12.0,HYDRO,"7,241"
1750,06051,CA,Mono,9,1,297.0,7.0,20.0,0.0,9.0,0.0,46.0,6.0,18.0,HYDRO,"40,402"
1047,06043,CA,Mariposa,9,1,21.0,21.0,38.0,11.0,1.0,1.0,19.0,0.0,20.0,HYDRO,"250,621"
645,06105,CA,Trinity,9,1,264.0,24.0,63.0,3.0,11.0,35.0,15.0,0.0,0.0,HYDRO,"10,056"
630,06063,CA,Plumas,9,1,29.0,45.0,44.0,0.0,0.0,10.0,21.0,0.0,24.0,HYDRO,"227,786"
2356,08093,CO,Park,8,1,91.0,11.0,7.0,2.0,0.0,1.0,15.0,2.0,17.0,HYDRO,"12,653"
2820,12039,FL,Gadsden,4,1,5557.0,58.0,52.0,27.0,0.0,8.0,20.0,1.0,24.0,HYDRO,"224,192"
2247,08019,CO,Clear Creek,8,1,123.0,9.0,30.0,0.0,0.0,1.0,24.0,0.0,18.0,HYDRO,"80,670"
2480,08049,CO,Grand,8,1,124.0,16.0,13.0,9.0,0.0,17.0,12.0,3.0,18.0,HYDRO,"8,703"
251,05041,AR,Desha,6,1,36.0,20.0,45.0,22.0,0.0,2.0,30.0,4.0,17.0,HYDRO,"342,284"
3056,13211,GA,Morgan,4,1,4083.0,17.0,9.0,10.0,2.0,3.0,17.0,4.0,16.0,HYDRO,0
1335,06045,CA,Mendocino,9,1,11432.0,51.0,29.0,21.0,3.0,10.0,17.0,6.0,21.0,HYDRO,"11,060"
242,05051,AR,Garland,6,1,14412.0,21.0,21.0,10.0,3.0,5.0,25.0,4.0,22.0,HYDRO,"150,636"
239,05089,AR,Marion,6,1,3808.0,9.0,35.0,11.0,1.0,5.0,41.0,3.0,24.0,HYDRO,"750,451"
252,05115,AR,Pope,6,1,18780.0,27.0,46.0,15.0,3.0,6.0,18.0,7.0,20.0,HYDRO,"426,200"
283,05109,AR,Pike,6,1,143.0,7.0,34.0,8.0,0.0,1.0,23.0,2.0,24.0,HYDRO,"46,682"
278,05033,AR,Crawford,6,1,12943.0,19.0,32.0,11.0,0.0,8.0,18.0,6.0,21.0,HYDRO,0
253,05019,AR,Clark,6,1,546.0,23.0,39.0,14.0,0.0,4.0,15.0,3.0,21.0,HYDRO,"201,064"
2426,08015,CO,Chaffee,8,1,301.0,20.0,19.0,2.0,0.0,0.0,32.0,5.0,14.0,HYDRO,"1,126"
1960,06021,CA,Glenn,9,1,99.0,18.0,14.0,13.0,5.0,0.0,36.0,2.0,15.0,HYDRO,"13,472"
268,05023,AR,Cleburne,6,1,5778.0,7.0,35.0,10.0,0.0,6.0,29.0,5.0,23.0,HYDRO,"209,665"
234,05015,AR,Carroll,6,1,1272.0,4.0,26.0,11.0,0.0,8.0,40.0,2.0,20.0,HYDRO,"117,665"
158,01125,AL,Tuscaloosa,4,1,114.0,2.0,25.0,12.0,0.0,2.0,19.0,3.0,26.0,HYDRO,"138,682"
3075,13159,GA,Jasper,4,1,2186.0,22.0,29.0,10.0,0.0,2.0,22.0,8.0,23.0,HYDRO,"70,291"
30,02170,AK,Matanuska Susitna,10,1,219.0,17.0,15.0,13.0,0.0,2.0,16.0,6.0,17.0,HYDRO,"197,787"
182,01111,AL,Randolph,4,1,410.0,22.0,39.0,13.0,0.0,3.0,20.0,4.0,21.0,HYDRO,"128,932"
191,01051,AL,Elmore,4,1,4066.0,32.0,40.0,9.0,0.0,3.0,12.0,5.0,24.0,HYDRO,"263,302"
227,01077,AL,Lauderdale,4,1,14487.0,32.0,49.0,15.0,4.0,5.0,17.0,7.0,24.0,HYDRO,"2,115,836"
226,01079,AL,Lawrence,4,1,1645.0,19.0,24.0,18.0,0.0,2.0,23.0,7.0,23.0,HYDRO,"1,072,652"
223,01019,AL,Cherokee,4,1,2313.0,15.0,36.0,19.0,1.0,4.0,26.0,3.0,24.0,HYDRO,"183,203"
203,01037,AL,Coosa,4,1,544.0,13.0,41.0,12.0,1.0,15.0,22.0,3.0,22.0,HYDRO,"409,418"
202,01131,AL,Wilcox,4,1,144.0,85.0,53.0,27.0,0.0,9.0,24.0,3.0,14.0,HYDRO,"315,281"
196,01127,AL,Walker,4,1,1265.0,10.0,39.0,9.0,0.0,3.0,23.0,5.0,26.0,HYDRO,"233,391"
195,01021,AL,Chilton,4,1,398.0,10.0,35.0,17.0,0.0,4.0,16.0,7.0,22.0,HYDRO,"454,677"
3022,13095,GA,Dougherty,4,1,27867.0,74.0,56.0,19.0,0.0,11.0,14.0,7.0,24.0,HYDRO,"37,352"
2433,08045,CO,Garfield,8,1,16.0,20.0,13.0,7.0,7.0,2.0,18.0,9.0,4.0,HYDRO,"24,338"
314,05029,AR,Conway,6,1,2882.0,22.0,55.0,12.0,0.0,9.0,19.0,4.0,24.0,HYDRO,"135,278"
318,05137,AR,Stone,6,1,184.0,7.0,36.0,16.0,0.0,8.0,24.0,2.0,22.0,HYDRO,"28,154"
286,05005,AR,Baxter,6,1,1198.0,6.0,40.0,9.0,0.0,4.0,31.0,4.0,21.0,HYDRO,"99,274"
6339,44003,RI,Kent,1,1,2934.0,6.0,8.0,9.0,1.0,6.0,17.0,4.0,20.0,SOLAR,"27,587"
1590,06069,CA,San Benito,9,1,28.0,27.0,22.0,9.0,3.0,2.0,20.0,5.0,11.0,SOLAR,"315,939"
6231,42077,PA,Lehigh,3,1,48308.0,29.0,13.0,4.0,4.0,3.0,18.0,6.0,14.0,SOLAR,46
6323,44001,RI,Bristol,1,1,32948.0,6.0,14.0,10.0,4.0,4.0,24.0,4.0,16.0,SOLAR,"6,148"
6557,45041,SC,Florence,4,1,3870.0,35.0,37.0,11.0,1.0,3.0,15.0,6.0,30.0,SOLAR,"19,109"
6559,45011,SC,Barnwell,4,1,4829.0,48.0,36.0,16.0,1.0,11.0,16.0,3.0,20.0,SOLAR,"4,871"
6562,45061,SC,Lee,4,1,886.0,70.0,63.0,17.0,0.0,13.0,14.0,7.0,25.0,SOLAR,"3,853"
6566,45049,SC,Hampton,4,1,4850.0,51.0,44.0,12.0,1.0,10.0,24.0,5.0,22.0,SOLAR,"3,475"
6571,45081,SC,Saluda,4,1,4191.0,68.0,53.0,25.0,7.0,4.0,19.0,10.0,23.0,SOLAR,"6,329"
6579,45069,SC,Marlboro,4,1,5305.0,49.0,48.0,21.0,1.0,9.0,19.0,7.0,24.0,SOLAR,"7,911"
6516,45067,SC,Marion,4,1,2874.0,52.0,47.0,9.0,0.0,6.0,17.0,6.0,27.0,SOLAR,"3,693"
6523,45005,SC,Allendale,4,1,293.0,74.0,62.0,17.0,0.0,19.0,18.0,18.0,24.0,SOLAR,"158,450"
6543,45025,SC,Chesterfield,4,1,2236.0,43.0,46.0,20.0,0.0,10.0,18.0,5.0,22.0,SOLAR,"4,656"
6641,46047,SD,Fall River,8,1,7.0,22.0,21.0,6.0,0.0,3.0,26.0,7.0,18.0,SOLAR,"46,622"
6610,45033,SC,Dillon,4,1,8375.0,64.0,57.0,22.0,1.0,5.0,20.0,11.0,25.0,SOLAR,"23,330"
6615,45047,SC,Greenwood,4,1,27390.0,60.0,57.0,20.0,2.0,8.0,15.0,6.0,21.0,SOLAR,"4,295"
6503,45071,SC,Newberry,4,1,7648.0,59.0,49.0,21.0,4.0,5.0,14.0,7.0,24.0,SOLAR,"6,435"
6419,45027,SC,Clarendon,4,1,6877.0,57.0,46.0,20.0,0.0,7.0,25.0,4.0,22.0,SOLAR,"3,928"
6466,45029,SC,Colleton,4,1,10367.0,50.0,49.0,16.0,1.0,10.0,20.0,5.0,25.0,SOLAR,"2,735"
6475,45009,SC,Bamberg,4,1,4162.0,85.0,47.0,25.0,0.0,15.0,17.0,7.0,24.0,SOLAR,"13,058"
6462,45089,SC,Williamsburg,4,1,3984.0,67.0,50.0,21.0,1.0,4.0,13.0,11.0,22.0,SOLAR,"20,884"
5506,39097,OH,Madison,5,1,6217.0,5.0,20.0,9.0,1.0,3.0,20.0,4.0,22.0,SOLAR,"2,586"
5532,39025,OH,Clermont,5,1,3731.0,1.0,16.0,9.0,0.0,3.0,14.0,6.0,14.0,SOLAR,"1,354"
5533,39071,OH,Highland,5,1,1055.0,1.0,36.0,9.0,0.0,6.0,14.0,6.0,22.0,SOLAR,"42,418"
5503,39015,OH,Brown,5,1,2491.0,4.0,30.0,8.0,1.0,3.0,15.0,6.0,23.0,SOLAR,"386,518"
5465,39151,OH,Stark,5,1,5408.0,2.0,28.0,9.0,2.0,2.0,19.0,7.0,20.0,SOLAR,"2,233"
5473,39089,OH,Licking,5,1,13797.0,10.0,12.0,1.0,0.0,3.0,15.0,5.0,16.0,SOLAR,"1,980"
5499,39065,OH,Hardin,5,1,698.0,4.0,41.0,14.0,0.0,4.0,16.0,12.0,21.0,SOLAR,"285,584"
5609,39175,OH,Wyandot,5,1,1261.0,3.0,25.0,5.0,0.0,2.0,21.0,10.0,19.0,SOLAR,"10,243"
5628,40013,OK,Bryan,6,1,8307.0,38.0,44.0,11.0,2.0,4.0,14.0,8.0,21.0,SOLAR,"10,683"
5634,40099,OK,Murray,6,1,3389.0,29.0,37.0,12.0,1.0,5.0,19.0,6.0,25.0,SOLAR,"10,683"
5640,40047,OK,Garfield,6,1,506.0,8.0,25.0,10.0,0.0,4.0,21.0,3.0,19.0,SOLAR,"18,338"
5676,40085,OK,Love,6,1,3368.0,50.0,50.0,27.0,3.0,3.0,14.0,8.0,27.0,SOLAR,"1,376"
1878,06041,CA,Marin,9,1,8126.0,30.0,18.0,5.0,5.0,6.0,29.0,3.0,15.0,SOLAR,869
5580,39023,OH,Clark,5,1,43466.0,33.0,51.0,17.0,2.0,9.0,14.0,7.0,25.0,SOLAR,"1,132"
5588,39125,OH,Paulding,5,1,2257.0,6.0,22.0,7.0,0.0,3.0,18.0,7.0,19.0,SOLAR,"25,041"
5331,36101,NY,Steuben,2,1,4005.0,6.0,50.0,14.0,0.0,10.0,20.0,5.0,19.0,SOLAR,"3,026"
5333,36107,NY,Tioga,2,1,5622.0,7.0,34.0,11.0,0.0,3.0,25.0,6.0,17.0,SOLAR,"6,704"
5339,36097,NY,Schuyler,2,1,1133.0,8.0,42.0,11.0,1.0,5.0,20.0,4.0,19.0,SOLAR,"5,786"
5342,36015,NY,Chemung,2,1,861.0,6.0,24.0,16.0,0.0,5.0,24.0,2.0,22.0,SOLAR,"2,712"
2000,06113,CA,Yolo,9,1,35649.0,65.0,24.0,16.0,8.0,5.0,12.0,6.0,16.0,SOLAR,"3,222"
5357,36057,NY,Montgomery,2,1,3296.0,7.0,28.0,11.0,1.0,2.0,16.0,6.0,18.0,SOLAR,"9,022"
5330,36017,NY,Chenango,2,1,1656.0,7.0,31.0,13.0,0.0,7.0,23.0,3.0,16.0,SOLAR,"8,086"
5310,36093,NY,Schenectady,2,1,77899.0,39.0,34.0,12.0,2.0,8.0,16.0,6.0,20.0,SOLAR,"5,612"
5417,36069,NY,Ontario,2,1,3551.0,9.0,24.0,9.0,0.0,1.0,24.0,5.0,17.0,SOLAR,"3,034"
5444,39057,OH,Greene,5,1,5671.0,19.0,20.0,4.0,0.0,9.0,9.0,4.0,19.0,SOLAR,"2,085"
5447,39107,OH,Mercer,5,1,12506.0,9.0,32.0,8.0,0.0,2.0,19.0,8.0,21.0,SOLAR,"6,549"
5989,41053,OR,Polk,10,1,1807.0,16.0,21.0,8.0,2.0,5.0,27.0,3.0,14.0,SOLAR,"3,345"
6008,41071,OR,Yamhill,10,1,432.0,27.0,31.0,11.0,0.0,7.0,17.0,4.0,18.0,SOLAR,955
5999,41025,OR,Harney,10,1,89.0,13.0,36.0,14.0,1.0,3.0,27.0,3.0,20.0,SOLAR,"23,155"
5959,41013,OR,Crook,10,1,32.0,2.0,57.0,7.0,0.0,3.0,14.0,9.0,19.0,SOLAR,"115,976"
6083,42057,PA,Fulton,3,1,2769.0,7.0,34.0,13.0,0.0,7.0,24.0,6.0,21.0,SOLAR,885
5935,41037,OR,Lake,10,1,33.0,9.0,26.0,21.0,0.0,10.0,24.0,5.0,18.0,SOLAR,"23,234"
5733,40051,OK,Grady,6,1,2646.0,17.0,22.0,11.0,0.0,7.0,15.0,8.0,19.0,SOLAR,"3,805"
3087,13199,GA,Meriwether,4,1,5487.0,53.0,46.0,11.0,0.0,5.0,22.0,7.0,23.0,SOLAR,"5,878"
5885,41067,OR,Washington,10,1,3513.0,25.0,18.0,5.0,1.0,2.0,20.0,4.0,18.0,SOLAR,"3,885"
5874,41021,OR,Gilliam,10,1,25.0,17.0,31.0,14.0,2.0,6.0,18.0,3.0,17.0,SOLAR,"290,554"
7894,51037,VA,Charlotte,3,1,1005.0,37.0,44.0,19.0,0.0,1.0,22.0,7.0,20.0,SOLAR,"25,549"
7915,51093,VA,Isle of Wight,3,1,1678.0,30.0,20.0,7.0,0.0,2.0,24.0,2.0,20.0,SOLAR,"29,998"
7910,51193,VA,Westmoreland,3,1,1097.0,49.0,31.0,27.0,3.0,2.0,28.0,9.0,13.0,SOLAR,"47,181"
8019,50013,VT,Grand Isle,1,1,1276.0,7.0,29.0,5.0,1.0,4.0,21.0,4.0,18.0,SOLAR,"1,249"
8045,53037,WA,Kittitas,10,1,6352.0,16.0,30.0,4.0,0.0,5.0,22.0,8.0,18.0,SOLAR,"10,303"
7885,51183,VA,Sussex,3,1,629.0,40.0,19.0,11.0,0.0,4.0,26.0,1.0,26.0,SOLAR,"38,212"
7741,51127,VA,New Kent,3,1,3351.0,26.0,10.0,8.0,0.0,0.0,17.0,5.0,17.0,SOLAR,"30,137"
7767,51101,VA,King William,3,1,1127.0,15.0,11.0,4.0,0.0,8.0,17.0,5.0,21.0,SOLAR,"25,526"
7770,51057,VA,Essex,3,1,1449.0,28.0,32.0,14.0,0.0,13.0,15.0,3.0,18.0,SOLAR,"34,497"
7726,51197,VA,Wythe,3,1,6398.0,12.0,44.0,12.0,2.0,3.0,25.0,4.0,22.0,SOLAR,"37,763"
7724,51011,VA,Appomattox,3,1,1880.0,37.0,45.0,9.0,0.0,3.0,16.0,4.0,21.0,SOLAR,"30,553"
7683,49021,UT,Iron,8,1,143.0,4.0,32.0,8.0,0.0,3.0,13.0,4.0,12.0,SOLAR,"130,025"
7702,51009,VA,Amherst,3,1,2769.0,25.0,38.0,12.0,0.0,3.0,22.0,7.0,22.0,SOLAR,"2,036"
7777,51073,VA,Gloucester,3,1,2458.0,13.0,22.0,11.0,0.0,7.0,24.0,2.0,19.0,SOLAR,"37,459"
7848,51177,VA,Spotsylvania,3,1,2711.0,24.0,15.0,12.0,3.0,2.0,14.0,5.0,18.0,SOLAR,"140,677"
7855,51119,VA,Middlesex,3,1,3093.0,16.0,22.0,13.0,0.0,6.0,30.0,5.0,19.0,SOLAR,"27,709"
7858,51103,VA,Lancaster,3,1,4082.0,22.0,22.0,13.0,0.0,5.0,46.0,2.0,19.0,SOLAR,"3,193"
7872,51145,VA,Powhatan,3,1,4825.0,10.0,12.0,5.0,0.0,1.0,13.0,4.0,19.0,SOLAR,"27,476"
7826,51171,VA,Shenandoah,3,1,3297.0,24.0,43.0,14.0,3.0,7.0,20.0,6.0,20.0,SOLAR,"32,905"
7792,51043,VA,Clarke,3,1,8634.0,16.0,11.0,9.0,0.0,5.0,23.0,4.0,20.0,SOLAR,"11,890"
304,05145,AR,White,6,1,11128.0,22.0,51.0,13.0,0.0,8.0,12.0,5.0,22.0,SOLAR,0
8294,55133,WI,Waukesha,5,1,26827.0,10.0,13.0,3.0,1.0,3.0,19.0,5.0,16.0,SOLAR,"3,375"
301,05071,AR,Johnson,6,1,9504.0,33.0,57.0,22.0,4.0,4.0,15.0,7.0,21.0,SOLAR,"3,952"
306,05001,AR,Arkansas,6,1,224.0,13.0,28.0,14.0,0.0,4.0,15.0,9.0,20.0,SOLAR,"163,168"
299,05013,AR,Calhoun,6,1,1453.0,44.0,45.0,10.0,0.0,8.0,14.0,3.0,23.0,SOLAR,"22,053"
8304,55119,WI,Taylor,5,1,5832.0,6.0,29.0,9.0,0.0,3.0,20.0,4.0,7.0,SOLAR,"2,734"
284,05067,AR,Jackson,6,1,2216.0,27.0,32.0,17.0,0.0,6.0,11.0,0.0,19.0,SOLAR,"80,876"
310,05061,AR,Howard,6,1,5085.0,53.0,49.0,13.0,4.0,7.0,18.0,9.0,25.0,SOLAR,0
276,05083,AR,Logan,6,1,2586.0,6.0,34.0,11.0,0.0,10.0,14.0,6.0,25.0,SOLAR,0
240,05079,AR,Lincoln,6,1,262.0,34.0,36.0,15.0,0.0,2.0,28.0,6.0,26.0,SOLAR,"2,200"
236,05035,AR,Crittenden,6,1,164.0,43.0,40.0,15.0,0.0,13.0,22.0,6.0,1.0,SOLAR,"9,687"
8390,55137,WI,Waushara,5,1,3691.0,21.0,35.0,13.0,1.0,3.0,25.0,5.0,21.0,SOLAR,"4,001"
243,05017,AR,Chicot,6,1,176.0,42.0,61.0,25.0,0.0,0.0,10.0,1.0,20.0,SOLAR,"205,053"
210,01089,AL,Madison,4,1,9784.0,18.0,16.0,5.0,1.0,3.0,17.0,5.0,18.0,SOLAR,"15,523"
194,01017,AL,Chambers,4,1,2858.0,60.0,49.0,18.0,0.0,8.0,27.0,3.0,22.0,SOLAR,"164,839"
174,01045,AL,Dale,4,1,10866.0,38.0,34.0,10.0,2.0,10.0,8.0,10.0,11.0,SOLAR,"13,869"
169,01083,AL,Limestone,4,1,4843.0,8.0,38.0,19.0,0.0,2.0,16.0,6.0,22.0,SOLAR,"28,614"
162,01101,AL,Montgomery,4,1,1267.0,55.0,20.0,8.0,1.0,1.0,22.0,4.0,22.0,SOLAR,"201,925"
263,05123,AR,St Francis,6,1,9524.0,76.0,69.0,17.0,6.0,7.0,10.0,7.0,22.0,SOLAR,"2,066"
257,05125,AR,Saline,6,1,13911.0,12.0,18.0,5.0,2.0,4.0,13.0,5.0,20.0,SOLAR,"1,296"
8357,55053,WI,Jackson,5,1,521.0,9.0,31.0,10.0,0.0,4.0,23.0,4.0,19.0,SOLAR,"6,004"
8365,55127,WI,Walworth,5,1,6227.0,11.0,20.0,8.0,2.0,5.0,19.0,6.0,18.0,SOLAR,0
429,04025,AZ,Yavapai,9,1,4528.0,19.0,21.0,4.0,0.0,9.0,33.0,1.0,18.0,SOLAR,"22,875"
8204,55115,WI,Shawano,5,1,759.0,4.0,24.0,8.0,0.0,2.0,17.0,7.0,17.0,SOLAR,0
8187,55049,WI,Iowa,5,1,670.0,10.0,26.0,6.0,0.0,2.0,18.0,7.0,18.0,SOLAR,"174,544"
6691,47103,TN,Lincoln,4,1,1025.0,4.0,21.0,15.0,0.0,1.0,20.0,3.0,23.0,SOLAR,"347,413"
6975,48147,TX,Fannin,6,1,476.0,17.0,31.0,17.0,0.0,4.0,24.0,6.0,21.0,SOLAR,"170,371"
6978,48095,TX,Concho,6,1,45.0,31.0,24.0,20.0,7.0,2.0,36.0,8.0,11.0,SOLAR,"566,065"
6981,48033,TX,Borden,6,1,113.0,46.0,31.0,18.0,10.0,1.0,12.0,8.0,17.0,SOLAR,"65,626"
7001,48193,TX,Hamilton,6,1,30.0,19.0,36.0,7.0,2.0,8.0,39.0,3.0,14.0,SOLAR,"210,301"
6951,48493,TX,Wilson,6,1,7292.0,60.0,33.0,12.0,3.0,3.0,19.0,5.0,19.0,SOLAR,"2,219"
6916,48217,TX,Hill,6,1,327.0,22.0,20.0,12.0,5.0,3.0,21.0,8.0,6.0,SOLAR,"31,908"
6918,48015,TX,Austin,6,1,6958.0,52.0,31.0,18.0,3.0,4.0,15.0,8.0,19.0,SOLAR,"1,233"
7094,48467,TX,Van Zandt,6,1,1669.0,17.0,35.0,13.0,2.0,4.0,23.0,4.0,16.0,SOLAR,"115,670"
7105,48115,TX,Dawson,6,1,1752.0,77.0,49.0,39.0,2.0,0.0,6.0,2.0,19.0,SOLAR,"120,226"
7107,48327,TX,Menard,6,1,58.0,4.0,28.0,32.0,0.0,41.0,33.0,11.0,11.0,SOLAR,"12,347"
7165,48075,TX,Childress,6,1,70.0,24.0,23.0,12.0,0.0,3.0,20.0,11.0,17.0,SOLAR,"527,097"
7050,48459,TX,Upshur,6,1,1688.0,17.0,49.0,12.0,2.0,2.0,25.0,5.0,22.0,SOLAR,"4,760"
7059,48353,TX,Nolan,6,1,13.0,22.0,48.0,7.0,0.0,1.0,31.0,1.0,18.0,SOLAR,"413,402"
7070,48049,TX,Brown,6,1,73.0,25.0,26.0,16.0,1.0,3.0,31.0,2.0,18.0,SOLAR,"538,484"
6730,47125,TN,Montgomery,4,1,37387.0,33.0,37.0,5.0,1.0,5.0,14.0,7.0,21.0,SOLAR,93
6731,47059,TN,Greene,4,1,2164.0,9.0,24.0,16.0,0.0,2.0,32.0,6.0,21.0,SOLAR,"10,297"
6734,47113,TN,Madison,4,1,1650.0,29.0,29.0,11.0,0.0,20.0,16.0,2.0,26.0,SOLAR,"2,225"
6737,47079,TN,Henry,4,1,1544.0,18.0,40.0,16.0,0.0,10.0,25.0,5.0,24.0,SOLAR,"12,696"
6740,47109,TN,McNairy,4,1,4079.0,14.0,34.0,11.0,0.0,7.0,22.0,4.0,25.0,SOLAR,"26,003"
6744,47047,TN,Fayette,4,1,3801.0,46.0,50.0,14.0,0.0,7.0,17.0,9.0,22.0,SOLAR,"3,202"
6728,47069,TN,Hardeman,4,1,5521.0,69.0,54.0,19.0,0.0,20.0,20.0,4.0,27.0,SOLAR,"6,478"
6727,47003,TN,Bedford,4,1,2400.0,15.0,23.0,8.0,0.0,7.0,16.0,5.0,20.0,SOLAR,"6,523"
6714,47131,TN,Obion,4,1,1899.0,31.0,45.0,13.0,0.0,10.0,23.0,2.0,19.0,SOLAR,"181,645"
6862,48461,TX,Upton,6,1,6.0,61.0,42.0,20.0,8.0,9.0,20.0,2.0,16.0,SOLAR,"396,246"
6864,48255,TX,Karnes,6,1,1301.0,81.0,49.0,23.0,4.0,1.0,14.0,10.0,16.0,SOLAR,"22,575"
6890,48451,TX,Tom Green,6,1,11.0,25.0,21.0,9.0,8.0,0.0,7.0,12.0,17.0,SOLAR,"336,108"
6849,48103,TX,Crane,6,1,6.0,61.0,42.0,20.0,8.0,9.0,20.0,2.0,16.0,SOLAR,"406,595"
6767,48047,TX,Brooks,6,1,140.0,84.0,48.0,34.0,42.0,12.0,44.0,0.0,19.0,SOLAR,"17,377"
6784,48207,TX,Haskell,6,1,54.0,7.0,14.0,18.0,0.0,2.0,48.0,2.0,20.0,SOLAR,"556,744"
6791,48097,TX,Cooke,6,1,286.0,25.0,20.0,6.0,0.0,0.0,17.0,3.0,17.0,SOLAR,"127,767"
6796,48385,TX,Real,6,1,647.0,27.0,22.0,14.0,3.0,1.0,35.0,3.0,20.0,SOLAR,"3,395"
6817,48431,TX,Sterling,6,1,7.0,34.0,33.0,10.0,2.0,0.0,13.0,9.0,14.0,SOLAR,"76,418"
6832,48025,TX,Bee,6,1,117.0,50.0,63.0,9.0,0.0,1.0,13.0,5.0,20.0,SOLAR,"103,215"
7653,49027,UT,Millard,8,1,26.0,3.0,27.0,3.0,0.0,3.0,22.0,9.0,11.0,SOLAR,"102,444"
7664,49037,UT,San Juan,8,1,78.0,100.0,65.0,20.0,28.0,23.0,9.0,8.0,23.0,SOLAR,"152,753"
7666,49033,UT,Rich,8,1,62.0,14.0,33.0,4.0,1.0,3.0,17.0,9.0,19.0,SOLAR,"122,983"
7669,49041,UT,Sevier,8,1,567.0,19.0,38.0,10.0,0.0,3.0,17.0,10.0,15.0,SOLAR,"199,194"
7320,48159,TX,Franklin,6,1,327.0,11.0,19.0,10.0,7.0,8.0,15.0,1.0,19.0,SOLAR,"394,034"
7340,48127,TX,Dimmit,6,1,780.0,95.0,58.0,43.0,26.0,14.0,36.0,2.0,21.0,SOLAR,"426,616"
7197,48271,TX,Kinney,6,1,49198.0,75.0,29.0,10.0,3.0,5.0,8.0,7.0,17.0,SOLAR,"78,863"
7198,48463,TX,Uvalde,6,1,2410.0,68.0,54.0,20.0,10.0,2.0,11.0,16.0,15.0,SOLAR,"197,077"
4115,34001,NJ,Atlantic,2,1,29258.0,45.0,24.0,7.0,2.0,7.0,16.0,4.0,19.0,SOLAR,"2,295"
4116,34005,NJ,Burlington,2,1,14111.0,16.0,11.0,3.0,0.0,5.0,23.0,4.0,16.0,SOLAR,"1,978"
4124,34019,NJ,Hunterdon,2,1,6465.0,9.0,10.0,3.0,0.0,6.0,19.0,6.0,16.0,SOLAR,"11,116"
4125,34025,NJ,Monmouth,2,1,15574.0,28.0,8.0,3.0,3.0,4.0,16.0,3.0,16.0,SOLAR,"2,025"
2442,08075,CO,Logan,8,1,15909.0,25.0,36.0,9.0,0.0,3.0,19.0,6.0,20.0,SOLAR,"3,289"
4131,34027,NJ,Morris,2,1,36212.0,30.0,14.0,5.0,3.0,6.0,13.0,5.0,16.0,SOLAR,"28,106"
4142,34017,NJ,Hudson,2,1,198578.0,75.0,35.0,15.0,19.0,7.0,12.0,7.0,18.0,SOLAR,"3,827"
4085,18031,IN,Decatur,5,1,12592.0,10.0,28.0,9.0,0.0,4.0,20.0,7.0,21.0,SOLAR,"1,651"
4086,18053,IN,Grant,5,1,23352.0,22.0,41.0,11.0,0.0,11.0,17.0,5.0,24.0,SOLAR,"3,268"
4093,18089,IN,Lake,5,1,60243.0,81.0,50.0,22.0,6.0,7.0,14.0,6.0,23.0,SOLAR,"2,915"
4105,34009,NJ,Cape May,2,1,18360.0,14.0,23.0,5.0,1.0,6.0,28.0,4.0,18.0,SOLAR,"1,943"
4112,34003,NJ,Bergen,2,1,260577.0,61.0,27.0,13.0,12.0,7.0,15.0,6.0,18.0,SOLAR,197
4154,34007,NJ,Camden,2,1,97879.0,33.0,20.0,7.0,2.0,6.0,17.0,5.0,20.0,SOLAR,"4,426"
2429,08109,CO,Saguache,8,1,186.0,15.0,44.0,13.0,0.0,11.0,10.0,5.0,19.0,SOLAR,"5,969"
2428,08021,CO,Conejos,8,1,1019.0,80.0,56.0,13.0,12.0,12.0,22.0,3.0,13.0,SOLAR,"3,251"
4214,34037,NJ,Sussex,2,1,5379.0,15.0,12.0,4.0,1.0,4.0,22.0,5.0,18.0,SOLAR,"3,665"
4170,34033,NJ,Salem,2,1,4706.0,16.0,15.0,7.0,1.0,4.0,17.0,2.0,18.0,SOLAR,"26,109"
4079,18101,IN,Martin,5,1,503.0,2.0,27.0,21.0,1.0,1.0,22.0,9.0,20.0,SOLAR,"28,968"
4076,18183,IN,Whitley,5,1,11827.0,8.0,29.0,9.0,0.0,4.0,18.0,7.0,20.0,SOLAR,"7,174"
4074,18177,IN,Wayne,5,1,6180.0,7.0,28.0,9.0,1.0,4.0,18.0,7.0,23.0,SOLAR,"2,039"
3982,17007,IL,Boone,5,1,506.0,5.0,9.0,3.0,0.0,11.0,22.0,5.0,17.0,SOLAR,"3,812"
3952,17029,IL,Coles,5,1,1530.0,2.0,35.0,9.0,0.0,9.0,17.0,6.0,18.0,SOLAR,"378,728"
3949,17137,IL,Morgan,5,1,510.0,0.0,15.0,12.0,0.0,4.0,25.0,3.0,19.0,SOLAR,"5,391"
3921,17107,IL,Logan,5,1,2697.0,45.0,13.0,25.0,0.0,7.0,8.0,1.0,15.0,SOLAR,"156,358"
3936,17159,IL,Richland,5,1,6110.0,8.0,37.0,9.0,2.0,6.0,21.0,6.0,22.0,SOLAR,"4,482"
3945,17037,IL,DeKalb,5,1,5745.0,9.0,18.0,5.0,0.0,2.0,20.0,7.0,20.0,SOLAR,"2,749"
3947,17105,IL,Livingston,5,1,7761.0,12.0,35.0,7.0,0.0,4.0,19.0,6.0,23.0,SOLAR,"3,963"
4035,17117,IL,Macoupin,5,1,851.0,2.0,42.0,18.0,1.0,8.0,26.0,4.0,20.0,SOLAR,"5,869"
4060,18065,IN,Henry,5,1,894.0,1.0,32.0,7.0,1.0,3.0,15.0,4.0,18.0,SOLAR,"251,718"
4067,18099,IN,Marshall,5,1,5692.0,21.0,35.0,18.0,5.0,0.0,18.0,5.0,20.0,SOLAR,"12,634"
4069,18063,IN,Hendricks,5,1,9982.0,11.0,5.0,5.0,3.0,1.0,16.0,4.0,17.0,SOLAR,"4,328"
4071,18081,IN,Johnson,5,1,1140.0,7.0,29.0,10.0,0.0,2.0,15.0,3.0,21.0,SOLAR,629
2452,08005,CO,Arapahoe,8,1,47.0,11.0,25.0,5.0,1.0,1.0,11.0,14.0,15.0,SOLAR,"102,088"
3999,17123,IL,Marshall,5,1,2806.0,4.0,26.0,5.0,0.0,5.0,26.0,5.0,19.0,SOLAR,"3,716"
2479,08057,CO,Jackson,8,1,18.0,1.0,33.0,7.0,0.0,16.0,33.0,3.0,19.0,SOLAR,"2,370"
2386,08097,CO,Pitkin,8,1,2640.0,14.0,17.0,3.0,3.0,3.0,15.0,6.0,15.0,SOLAR,"11,792"
4462,32021,NV,Mineral,9,1,22.0,66.0,48.0,13.0,0.0,12.0,30.0,4.0,15.0,SOLAR,"125,247"
4463,32023,NV,Nye,9,1,2974.0,29.0,30.0,17.0,0.0,4.0,36.0,3.0,25.0,SOLAR,"18,669"
4387,35047,NM,San Miguel,6,1,3750.0,91.0,46.0,23.0,6.0,2.0,21.0,8.0,23.0,SOLAR,"26,657"
4389,35043,NM,Sandoval,6,1,546.0,75.0,29.0,18.0,5.0,3.0,8.0,5.0,18.0,SOLAR,"15,579"
4390,35049,NM,Santa Fe,6,1,14995.0,74.0,32.0,14.0,4.0,5.0,14.0,5.0,15.0,SOLAR,"23,934"
4393,35009,NM,Curry,6,1,18272.0,69.0,55.0,26.0,6.0,9.0,13.0,8.0,23.0,SOLAR,"5,181"
4396,35007,NM,Colfax,6,1,1537.0,65.0,40.0,13.0,4.0,3.0,29.0,4.0,9.0,SOLAR,"2,204"
4404,35055,NM,Taos,6,1,417.0,68.0,33.0,5.0,0.0,7.0,21.0,2.0,17.0,SOLAR,"4,013"
4384,35015,NM,Eddy,6,1,8950.0,58.0,21.0,11.0,5.0,3.0,15.0,10.0,25.0,SOLAR,"19,934"
2349,08025,CO,Crowley,8,1,2403.0,45.0,53.0,11.0,2.0,10.0,13.0,3.0,22.0,SOLAR,"3,735"
4589,36023,NY,Cortland,2,1,709.0,2.0,29.0,16.0,1.0,3.0,28.0,6.0,12.0,SOLAR,"6,771"
4276,35035,NM,Otero,6,1,8549.0,48.0,32.0,8.0,5.0,5.0,15.0,5.0,18.0,SOLAR,"11,300"
4287,35006,NM,Cibola,6,1,552.0,45.0,59.0,19.0,2.0,2.0,54.0,0.0,18.0,SOLAR,"6,750"
4290,35057,NM,Torrance,6,1,2837.0,58.0,43.0,13.0,2.0,7.0,18.0,3.0,15.0,SOLAR,"140,729"
4377,35005,NM,Chaves,6,1,2793.0,51.0,37.0,9.0,2.0,4.0,18.0,8.0,21.0,SOLAR,"159,310"
4343,35028,NM,Los Alamos,6,1,13186.0,31.0,12.0,3.0,4.0,2.0,17.0,4.0,11.0,SOLAR,479
4299,35027,NM,Lincoln,6,1,45.0,65.0,44.0,10.0,0.0,7.0,29.0,1.0,18.0,SOLAR,"1,507"
4306,35031,NM,McKinley,6,1,12957.0,85.0,46.0,13.0,5.0,6.0,14.0,5.0,22.0,SOLAR,"13,741"
2987,13031,GA,Bulloch,4,1,18639.0,46.0,62.0,9.0,2.0,13.0,3.0,4.0,8.0,SOLAR,"6,411"
2986,13301,GA,Warren,4,1,1481.0,60.0,46.0,26.0,0.0,14.0,26.0,5.0,27.0,SOLAR,"108,223"
2984,13029,GA,Bryan,4,1,394.0,41.0,48.0,9.0,0.0,11.0,21.0,3.0,24.0,SOLAR,967
2982,13261,GA,Sumter,4,1,15672.0,63.0,52.0,15.0,1.0,7.0,15.0,8.0,22.0,SOLAR,"2,147"
2976,13001,GA,Appling,4,1,1904.0,19.0,47.0,19.0,1.0,3.0,13.0,7.0,22.0,SOLAR,"56,510"
2967,13023,GA,Bleckley,4,1,8100.0,42.0,48.0,12.0,0.0,8.0,16.0,5.0,22.0,SOLAR,"3,698"
2947,12125,FL,Union,4,1,759.0,17.0,29.0,13.0,0.0,3.0,18.0,6.0,28.0,SOLAR,"152,572"
2946,12047,FL,Hamilton,4,1,2821.0,63.0,68.0,43.0,0.0,1.0,8.0,4.0,20.0,SOLAR,"147,209"
2942,12041,FL,Gilchrist,4,1,3105.0,28.0,44.0,15.0,5.0,3.0,18.0,5.0,20.0,SOLAR,"140,930"
2939,12109,FL,St Johns,4,1,2204.0,18.0,20.0,7.0,0.0,3.0,36.0,3.0,17.0,SOLAR,"144,663"
2992,13269,GA,Taylor,4,1,2340.0,63.0,65.0,30.0,0.0,9.0,20.0,7.0,23.0,SOLAR,"206,730"
3009,13267,GA,Tattnall,4,1,3960.0,57.0,52.0,30.0,8.0,10.0,9.0,5.0,24.0,SOLAR,"1,875"
3005,13195,GA,Madison,4,1,3283.0,32.0,49.0,22.0,5.0,6.0,22.0,7.0,21.0,SOLAR,"3,810"
3001,13013,GA,Barrow,4,1,16537.0,28.0,32.0,11.0,2.0,2.0,15.0,6.0,22.0,SOLAR,"3,358"
2996,13131,GA,Grady,4,1,7066.0,64.0,58.0,27.0,6.0,5.0,15.0,7.0,21.0,SOLAR,"3,526"
2932,12085,FL,Martin,4,1,6479.0,79.0,57.0,33.0,7.0,3.0,21.0,8.0,15.0,SOLAR,"126,406"
2874,12061,FL,Indian River,4,1,253.0,31.0,45.0,6.0,0.0,13.0,22.0,10.0,22.0,SOLAR,"158,727"
2867,12003,FL,Baker,4,1,2334.0,17.0,37.0,13.0,0.0,7.0,19.0,9.0,22.0,SOLAR,"125,962"
2847,12019,FL,Clay,4,1,1192.0,5.0,25.0,20.0,3.0,7.0,16.0,2.0,24.0,SOLAR,"151,317"
2832,12055,FL,Highlands,4,1,7840.0,29.0,37.0,14.0,3.0,6.0,35.0,3.0,17.0,SOLAR,"63,017"
2929,12023,FL,Columbia,4,1,2386.0,25.0,52.0,21.0,0.0,11.0,25.0,3.0,25.0,SOLAR,"137,845"
3372,19069,IA,Franklin,7,1,4402.0,24.0,38.0,10.0,3.0,1.0,22.0,5.0,19.0,SOLAR,"13,639"
2911,12051,FL,Hendry,4,1,4.0,64.0,38.0,35.0,2.0,10.0,7.0,4.0,22.0,SOLAR,"146,658"
2903,12027,FL,DeSoto,4,1,1059.0,22.0,35.0,11.0,4.0,11.0,36.0,3.0,19.0,SOLAR,"158,306"
2892,12123,FL,Taylor,4,1,8877.0,30.0,41.0,12.0,0.0,7.0,20.0,5.0,23.0,SOLAR,"7,206"
3439,19131,IA,Mitchell,7,1,4079.0,6.0,28.0,7.0,1.0,1.0,24.0,5.0,18.0,SOLAR,"2,870"
3129,13099,GA,Early,4,1,82.0,70.0,64.0,26.0,0.0,10.0,18.0,8.0,24.0,SOLAR,"45,910"
3133,13177,GA,Lee,4,1,82.0,30.0,38.0,3.0,0.0,2.0,33.0,2.0,20.0,SOLAR,"290,638"
3136,13161,GA,Jeff Davis,4,1,2081.0,30.0,59.0,10.0,4.0,4.0,14.0,3.0,25.0,SOLAR,"34,779"
3137,13259,GA,Stewart,4,1,1726.0,81.0,64.0,40.0,0.0,0.0,8.0,2.0,20.0,SOLAR,"229,487"
3138,13071,GA,Colquitt,4,1,1058.0,37.0,55.0,19.0,0.0,5.0,25.0,6.0,17.0,SOLAR,"47,356"
3142,13273,GA,Terrell,4,1,382.0,48.0,39.0,19.0,8.0,3.0,30.0,3.0,24.0,SOLAR,"171,475"
3072,13243,GA,Randolph,4,1,3815.0,74.0,65.0,19.0,0.0,5.0,19.0,5.0,20.0,SOLAR,"185,182"
3071,13173,GA,Lanier,4,1,3786.0,46.0,70.0,16.0,1.0,1.0,18.0,5.0,22.0,SOLAR,"3,472"
3145,13253,GA,Seminole,4,1,963.0,62.0,39.0,13.0,1.0,7.0,24.0,6.0,24.0,SOLAR,"1,426"
3073,13089,GA,DeKalb,4,1,120772.0,60.0,33.0,10.0,6.0,6.0,12.0,7.0,18.0,SOLAR,0
3074,13043,GA,Candler,4,1,3167.0,45.0,42.0,27.0,7.0,4.0,21.0,2.0,25.0,SOLAR,"93,470"
3100,13275,GA,Thomas,4,1,1247.0,26.0,40.0,17.0,1.0,12.0,17.0,6.0,25.0,SOLAR,"2,888"
3101,13165,GA,Jenkins,4,1,2375.0,45.0,61.0,15.0,0.0,7.0,25.0,1.0,25.0,SOLAR,"39,715"
3112,13237,GA,Putnam,4,1,7123.0,56.0,30.0,8.0,0.0,6.0,17.0,4.0,24.0,SOLAR,"5,398"
3114,13027,GA,Brooks,4,1,334.0,53.0,58.0,9.0,0.0,2.0,14.0,8.0,25.0,SOLAR,"346,315"
3119,13289,GA,Twiggs,4,1,556.0,57.0,40.0,17.0,0.0,7.0,24.0,3.0,23.0,SOLAR,"33,628"
3205,13319,GA,Wilkinson,4,1,3238.0,42.0,49.0,8.0,1.0,7.0,18.0,8.0,23.0,SOLAR,"3,240"
3029,13119,GA,Franklin,4,1,4887.0,31.0,49.0,17.0,0.0,9.0,16.0,7.0,23.0,SOLAR,"6,554"
3028,13049,GA,Charlton,4,1,79.0,44.0,46.0,16.0,0.0,7.0,24.0,2.0,18.0,SOLAR,"4,400"
3027,13225,GA,Peach,4,1,4604.0,85.0,48.0,10.0,0.0,6.0,12.0,3.0,1.0,SOLAR,"20,595"
3026,13179,GA,Liberty,4,1,10497.0,55.0,54.0,7.0,4.0,12.0,1.0,16.0,2.0,SOLAR,"51,148"
3024,13053,GA,Chattahoochee,4,1,7832.0,50.0,41.0,2.0,4.0,6.0,0.0,11.0,0.0,SOLAR,"51,472"
3017,13175,GA,Laurens,4,1,10985.0,49.0,40.0,12.0,1.0,7.0,18.0,6.0,24.0,SOLAR,"5,049"
3202,13305,GA,Wayne,4,1,7631.0,30.0,40.0,12.0,1.0,6.0,24.0,4.0,23.0,SOLAR,"5,849"
3170,13271,GA,Telfair,4,1,5984.0,55.0,53.0,29.0,0.0,0.0,14.0,5.0,18.0,SOLAR,"4,405"
3175,13277,GA,Tift,4,1,12905.0,50.0,41.0,11.0,1.0,3.0,13.0,4.0,23.0,SOLAR,926
3178,13145,GA,Harris,4,1,2387.0,49.0,47.0,11.0,0.0,5.0,18.0,8.0,18.0,SOLAR,"4,557"
3044,13133,GA,Greene,4,1,2394.0,62.0,46.0,20.0,0.0,2.0,16.0,9.0,22.0,SOLAR,"5,140"
3038,13107,GA,Emanuel,4,1,9185.0,53.0,49.0,19.0,1.0,11.0,15.0,8.0,24.0,SOLAR,"5,843"
3196,13299,GA,Ware,4,1,14685.0,43.0,44.0,16.0,2.0,4.0,17.0,8.0,24.0,SOLAR,"6,470"
3181,13097,GA,Douglas,4,1,30658.0,78.0,23.0,8.0,1.0,7.0,9.0,7.0,21.0,SOLAR,"5,247"
3793,17095,IL,Knox,5,1,660.0,7.0,29.0,4.0,0.0,3.0,21.0,8.0,17.0,SOLAR,"1,559"
3815,17071,IL,Henderson,5,1,1398.0,9.0,31.0,9.0,0.0,15.0,32.0,3.0,16.0,SOLAR,"2,839"
3722,17085,IL,Jo Daviess,5,1,928.0,4.0,25.0,7.0,1.0,2.0,29.0,1.0,15.0,SOLAR,"3,501"
3897,17081,IL,Jefferson,5,1,1642.0,13.0,32.0,15.0,2.0,6.0,20.0,8.0,19.0,SOLAR,"3,927"
3868,17055,IL,Franklin,5,1,9029.0,3.0,48.0,13.0,0.0,11.0,20.0,5.0,18.0,SOLAR,"3,842"
3850,17057,IL,Fulton,5,1,2745.0,5.0,27.0,5.0,0.0,7.0,17.0,7.0,21.0,SOLAR,"3,612"
3855,17075,IL,Iroquois,5,1,4992.0,11.0,47.0,14.0,1.0,4.0,25.0,3.0,23.0,SOLAR,"4,064"
3856,17001,IL,Adams,5,1,2505.0,4.0,26.0,3.0,0.0,4.0,25.0,5.0,18.0,SOLAR,"2,415"
2771,12013,FL,Calhoun,4,1,43.0,2.0,22.0,6.0,0.0,6.0,24.0,0.0,21.0,SOLAR,"136,022"
2767,12133,FL,Washington,4,1,438.0,24.0,53.0,13.0,0.0,4.0,8.0,5.0,24.0,SOLAR,"102,560"
2811,12021,FL,Collier,4,1,6067.0,91.0,53.0,43.0,24.0,6.0,7.0,9.0,4.0,SOLAR,"160,042"
2796,12075,FL,Levy,4,1,3098.0,34.0,42.0,12.0,4.0,5.0,21.0,6.0,22.0,SOLAR,"123,477"
2792,12063,FL,Jackson,4,1,575.0,24.0,46.0,14.0,0.0,2.0,27.0,3.0,24.0,SOLAR,"140,206"
2789,12091,FL,Okaloosa,4,1,12905.0,25.0,29.0,4.0,1.0,2.0,17.0,5.0,16.0,SOLAR,"54,069"
2695,12117,FL,Seminole,4,1,94856.0,47.0,31.0,7.0,5.0,6.0,17.0,5.0,18.0,SOLAR,961
2735,12131,FL,Walton,4,1,369.0,2.0,24.0,4.0,2.0,2.0,20.0,7.0,23.0,SOLAR,"138,776"
4953,36025,NY,Delaware,2,1,521.0,4.0,21.0,12.0,0.0,3.0,28.0,5.0,20.0,SOLAR,"2,632"
4826,36051,NY,Livingston,2,1,5446.0,8.0,21.0,3.0,0.0,11.0,21.0,6.0,18.0,SOLAR,"4,033"
5076,36007,NY,Broome,2,1,2916.0,6.0,37.0,11.0,0.0,7.0,22.0,5.0,16.0,SOLAR,"31,313"
2340,08105,CO,Rio Grande,8,1,3912.0,64.0,34.0,12.0,6.0,8.0,19.0,4.0,23.0,SOLAR,"3,817"
2290,08043,CO,Fremont,8,1,23272.0,17.0,38.0,7.0,0.0,5.0,25.0,6.0,22.0,SOLAR,"3,853"
6814,48487,TX,Wilbarger,6,1,99.0,10.0,14.0,11.0,2.0,0.0,18.0,10.0,21.0,OTHF," (2,520)"
5429,39041,OH,Delaware,5,1,8708.0,11.0,13.0,5.0,1.0,2.0,14.0,7.0,19.0,OTHF,0
6962,48389,TX,Reeves,6,1,2.0,62.0,36.0,19.0,9.0,2.0,40.0,3.0,21.0,OTHF," (7,801)"
5454,39027,OH,Clinton,5,1,6305.0,3.0,40.0,12.0,0.0,9.0,16.0,7.0,24.0,OTHF, (381)
7130,48505,TX,Zapata,6,1,23.0,100.0,74.0,15.0,43.0,0.0,0.0,26.0,19.0,OTHF, (586)
7299,48145,TX,Falls,6,1,243.0,17.0,18.0,9.0,0.0,0.0,17.0,9.0,19.0,OTHF,"398,069"
6801,48319,TX,Mason,6,1,2643.0,29.0,29.0,21.0,7.0,3.0,23.0,12.0,12.0,OTHF," (15,429)"
8412,54025,WV,Greenbrier,3,1,7.0,0.0,49.0,17.0,6.0,12.0,41.0,2.0,25.0,OTHF," (8,372)"
6922,48377,TX,Presidio,6,1,3337.0,100.0,84.0,56.0,35.0,29.0,16.0,12.0,21.0,OTHF,0
6785,48447,TX,Throckmorton,6,1,35.0,12.0,38.0,5.0,0.0,0.0,26.0,12.0,20.0,OTHF,"787,094"
3506,19161,IA,Sac,7,1,1979.0,4.0,30.0,8.0,0.0,2.0,25.0,5.0,21.0,WIND,"328,558"
5678,40093,OK,Major,6,1,125.0,25.0,26.0,14.0,3.0,2.0,17.0,7.0,18.0,WIND,"912,097"
5573,39091,OH,Logan,5,1,521.0,1.0,24.0,9.0,0.0,7.0,26.0,8.0,18.0,WIND,"521,333"
5674,40043,OK,Dewey,6,1,44.0,25.0,30.0,7.0,7.0,0.0,26.0,2.0,18.0,WIND,"739,758"
5048,36053,NY,Madison,2,1,1542.0,7.0,30.0,3.0,1.0,2.0,15.0,4.0,13.0,WIND,"75,721"
5673,40149,OK,Washita,6,1,31.0,14.0,32.0,6.0,0.0,4.0,22.0,3.0,18.0,WIND,"310,445"
7542,48107,TX,Crosby,6,1,10.0,29.0,31.0,17.0,5.0,0.0,29.0,0.0,22.0,WIND,"954,034"
5644,40129,OK,Roger Mills,6,1,74.0,19.0,51.0,9.0,2.0,6.0,16.0,6.0,15.0,WIND,"187,808"
4376,35041,NM,Roosevelt,6,1,11.0,40.0,47.0,19.0,7.0,6.0,26.0,8.0,17.0,WIND,"1,038,931"
7556,48105,TX,Crockett,6,1,4.0,18.0,19.0,14.0,0.0,0.0,5.0,16.0,19.0,WIND,"1,739,675"
3745,17009,IL,Brown,5,1,435.0,30.0,21.0,18.0,0.0,4.0,21.0,2.0,22.0,WIND,"2,597"
5659,40045,OK,Ellis,6,1,42.0,16.0,25.0,8.0,2.0,5.0,28.0,6.0,17.0,WIND,"882,820"
3734,17073,IL,Henry,5,1,164.0,4.0,16.0,4.0,0.0,0.0,38.0,0.0,18.0,WIND,"228,951"
5657,40053,OK,Grant,6,1,5.0,16.0,33.0,9.0,1.0,1.0,28.0,6.0,22.0,WIND,"506,669"
7568,48009,TX,Archer,6,1,76.0,24.0,40.0,17.0,3.0,0.0,16.0,7.0,20.0,WIND,"200,964"
5645,40069,OK,Johnston,6,1,54.0,29.0,27.0,15.0,0.0,5.0,30.0,6.0,20.0,WIND,"926,767"
5655,40139,OK,Texas,6,1,18.0,59.0,18.0,25.0,14.0,0.0,16.0,5.0,18.0,WIND,"745,738"
7564,48359,TX,Oldham,6,1,10.0,35.0,41.0,12.0,0.0,0.0,9.0,3.0,19.0,WIND,"643,228"
5591,39063,OH,Hancock,5,1,25300.0,15.0,36.0,8.0,2.0,4.0,16.0,6.0,20.0,WIND,"6,940"
7548,48489,TX,Willacy,6,1,4055.0,98.0,64.0,34.0,18.0,13.0,12.0,9.0,15.0,WIND,"780,386"
5623,40007,OK,Beaver,6,1,22.0,8.0,31.0,1.0,1.0,0.0,29.0,5.0,19.0,WIND,"750,277"
7684,49045,UT,Tooele,8,1,3529.0,16.0,21.0,10.0,1.0,6.0,7.0,7.0,23.0,WIND,"2,111"
3322,19007,IA,Appanoose,7,1,6254.0,8.0,47.0,8.0,0.0,8.0,26.0,4.0,24.0,WIND,"25,816"
8436,54093,WV,Tucker,3,1,328.0,2.0,30.0,13.0,0.0,11.0,34.0,5.0,17.0,WIND,"53,768"
8441,54057,WV,Mineral,3,1,7882.0,10.0,33.0,7.0,0.0,5.0,23.0,3.0,22.0,WIND,"186,284"
8485,56001,WY,Albany,8,1,237.0,19.0,24.0,6.0,0.0,0.0,33.0,1.0,17.0,WIND,"104,346"
8487,56041,WY,Uinta,8,1,9.0,2.0,9.0,0.0,0.0,0.0,9.0,12.0,19.0,WIND,"140,786"
8427,54001,WV,Barbour,3,1,1849.0,8.0,43.0,16.0,1.0,7.0,17.0,5.0,22.0,WIND,"235,638"
8403,55061,WI,Kewaunee,5,1,680.0,7.0,16.0,6.0,1.0,2.0,19.0,6.0,11.0,WIND,"15,009"
3436,19191,IA,Winneshiek,7,1,8304.0,7.0,25.0,4.0,1.0,3.0,25.0,5.0,16.0,WIND,10
3431,19083,IA,Hardin,7,1,970.0,11.0,27.0,8.0,4.0,6.0,23.0,6.0,15.0,WIND,"11,210"
3494,19123,IA,Mahaska,7,1,279.0,2.0,20.0,2.0,0.0,2.0,18.0,4.0,17.0,WIND,"567,458"
3490,19149,IA,Plymouth,7,1,2019.0,7.0,23.0,9.0,2.0,2.0,22.0,4.0,18.0,WIND,"772,158"
3465,19141,IA,O'Brien,7,1,1656.0,3.0,41.0,6.0,1.0,1.0,28.0,7.0,20.0,WIND,"834,611"
3379,19035,IA,Cherokee,7,1,268.0,16.0,25.0,10.0,0.0,2.0,28.0,5.0,18.0,WIND,"812,885"
8101,53023,WA,Garfield,10,1,1.0,9.0,13.0,4.0,0.0,6.0,25.0,4.0,15.0,WIND,"701,938"
3365,19081,IA,Hancock,7,1,401.0,4.0,12.0,7.0,1.0,1.0,19.0,5.0,20.0,WIND,"568,050"
3401,19093,IA,Ida,7,1,1724.0,5.0,28.0,6.0,0.0,3.0,20.0,6.0,18.0,WIND,"939,797"
7093,48237,TX,Jack,6,1,53.0,19.0,24.0,13.0,2.0,6.0,21.0,5.0,19.0,WIND,"411,852"
7125,48093,TX,Comanche,6,1,34.0,7.0,23.0,11.0,0.0,0.0,38.0,5.0,15.0,WIND,"625,818"
7123,48065,TX,Carson,6,1,18.0,8.0,31.0,14.0,0.0,2.0,27.0,3.0,10.0,WIND,"101,552"
7122,48413,TX,Schleicher,6,1,4.0,21.0,36.0,15.0,8.0,18.0,27.0,0.0,13.0,WIND,"759,859"
6622,46009,SD,Bon Homme,8,1,35.0,13.0,41.0,9.0,1.0,4.0,18.0,7.0,13.0,WIND,"274,538"
6621,46003,SD,Aurora,8,1,452.0,4.0,21.0,7.0,2.0,1.0,24.0,5.0,14.0,WIND,"70,845"
7049,48307,TX,McCulloch,6,1,38.0,19.0,33.0,21.0,3.0,5.0,36.0,1.0,19.0,WIND,"619,232"
6627,46015,SD,Brule,8,1,587.0,8.0,32.0,5.0,0.0,9.0,20.0,3.0,16.0,WIND,"64,637"
7128,48045,TX,Briscoe,6,1,3.0,17.0,29.0,3.0,1.0,1.0,36.0,10.0,18.0,WIND,"768,728"
5810,41061,OR,Union,10,1,32.0,8.0,45.0,9.0,0.0,2.0,26.0,6.0,19.0,WIND,"312,303"
7213,48153,TX,Floyd,6,1,8.0,32.0,28.0,0.0,0.0,0.0,24.0,6.0,21.0,WIND,"558,762"
7220,48357,TX,Ochiltree,6,1,21.0,18.0,35.0,19.0,0.0,0.0,14.0,11.0,16.0,WIND,"1,028,959"
2415,08039,CO,Elbert,8,1,22.0,7.0,15.0,2.0,0.0,1.0,26.0,1.0,15.0,WIND,"2,110,347"
7146,48369,TX,Parmer,6,1,76.0,47.0,23.0,26.0,17.0,0.0,26.0,3.0,20.0,WIND,"867,827"
7159,48417,TX,Shackelford,6,1,3.0,11.0,22.0,7.0,0.0,3.0,17.0,3.0,18.0,WIND,"425,996"
7154,48125,TX,Dickens,6,1,30.0,33.0,40.0,17.0,0.0,0.0,28.0,2.0,18.0,WIND,"395,083"
7000,48275,TX,Knox,6,1,21.0,31.0,50.0,20.0,0.0,1.0,15.0,2.0,23.0,WIND,"773,068"
6834,48341,TX,Moore,6,1,2552.0,57.0,41.0,32.0,15.0,4.0,8.0,9.0,19.0,WIND,"3,695"
6842,48143,TX,Erath,6,1,155.0,15.0,28.0,11.0,0.0,4.0,16.0,4.0,15.0,WIND,"368,382"
6664,46069,SD,Hyde,8,1,13.0,23.0,18.0,9.0,0.0,0.0,20.0,3.0,17.0,WIND,"918,415"
6667,46073,SD,Jerauld,8,1,30.0,16.0,14.0,8.0,1.0,1.0,24.0,5.0,17.0,WIND,"207,085"
6863,48333,TX,Mills,6,1,55.0,9.0,26.0,13.0,0.0,1.0,40.0,2.0,15.0,WIND,"495,814"
6813,48197,TX,Hardeman,6,1,80.0,41.0,13.0,6.0,0.0,2.0,22.0,4.0,21.0,WIND,"724,631"
6857,48117,TX,Deaf Smith,6,1,17.0,43.0,53.0,24.0,6.0,0.0,14.0,5.0,19.0,WIND,"824,746"
6026,42105,PA,Potter,3,1,273.0,5.0,35.0,8.0,0.0,8.0,27.0,5.0,16.0,WIND,"254,596"
6804,48173,TX,Glasscock,6,1,109.0,42.0,17.0,12.0,8.0,0.0,9.0,8.0,17.0,WIND,"596,030"
6802,48263,TX,Kent,6,1,6.0,31.0,25.0,7.0,0.0,6.0,20.0,8.0,23.0,WIND,"59,055"
6810,48017,TX,Bailey,6,1,31.0,61.0,22.0,20.0,28.0,0.0,9.0,1.0,17.0,WIND,"537,529"
6788,48059,TX,Callahan,6,1,30.0,14.0,26.0,11.0,1.0,3.0,30.0,2.0,21.0,WIND,"780,755"
6779,48381,TX,Randall,6,1,23.0,8.0,24.0,3.0,0.0,1.0,13.0,2.0,16.0,WIND,"567,014"
6762,48195,TX,Hansford,6,1,4.0,18.0,29.0,13.0,0.0,0.0,18.0,2.0,18.0,WIND,0
6662,46059,SD,Hand,8,1,24.0,5.0,23.0,6.0,0.0,4.0,17.0,7.0,16.0,WIND,"174,601"
6957,48421,TX,Sherman,6,1,15.0,44.0,41.0,33.0,3.0,0.0,13.0,5.0,10.0,WIND,"1,648"
6964,48155,TX,Foard,6,1,1.0,32.0,39.0,20.0,4.0,6.0,30.0,4.0,16.0,WIND,"1,163,892"
4065,18075,IN,Jay,5,1,505.0,4.0,17.0,7.0,2.0,0.0,25.0,4.0,16.0,WIND,"375,199"
4062,18007,IN,Benton,5,1,158.0,5.0,24.0,5.0,0.0,1.0,18.0,7.0,22.0,WIND,"327,530"
6630,46021,SD,Campbell,8,1,19.0,6.0,22.0,5.0,0.0,2.0,26.0,2.0,16.0,WIND,"318,839"
6995,48023,TX,Baylor,6,1,88.0,6.0,19.0,4.0,0.0,5.0,29.0,12.0,24.0,WIND,"89,399"
2239,08055,CO,Huerfano,8,1,4.0,42.0,58.0,0.0,0.0,29.0,14.0,0.0,17.0,WIND,"85,237"
6902,48391,TX,Refugio,6,1,2.0,34.0,42.0,24.0,2.0,4.0,28.0,0.0,17.0,WIND,"579,192"
6638,46037,SD,Day,8,1,25.0,18.0,29.0,13.0,7.0,0.0,27.0,8.0,22.0,WIND,"408,511"
7402,48305,TX,Lynn,6,1,32.0,50.0,41.0,21.0,6.0,2.0,19.0,7.0,20.0,WIND,"1,117,878"
5741,40127,OK,Pushmataha,6,1,84.0,38.0,48.0,18.0,3.0,7.0,24.0,3.0,10.0,WIND,"414,274"
5737,40039,OK,Custer,6,1,7917.0,28.0,52.0,9.0,1.0,6.0,9.0,6.0,21.0,WIND,"571,697"
7362,48317,TX,Martin,6,1,145.0,27.0,35.0,7.0,4.0,23.0,13.0,2.0,9.0,WIND,"263,672"
7329,48235,TX,Irion,6,1,6.0,14.0,23.0,7.0,0.0,3.0,28.0,1.0,19.0,WIND,"1,059,341"
7330,48383,TX,Reagan,6,1,5.0,71.0,26.0,15.0,16.0,10.0,10.0,0.0,21.0,WIND,"1,246,352"
7338,48247,TX,Jim Hogg,6,1,12.0,82.0,69.0,24.0,3.0,11.0,3.0,24.0,23.0,WIND,"272,460"
7342,48077,TX,Clay,6,1,50.0,11.0,18.0,4.0,0.0,0.0,11.0,8.0,19.0,WIND,"526,366"
3819,17125,IL,Mason,5,1,147.0,7.0,21.0,6.0,0.0,3.0,19.0,3.0,21.0,WIND,"611,757"
3829,17041,IL,Douglas,5,1,179.0,1.0,34.0,4.0,1.0,2.0,26.0,3.0,21.0,WIND,"691,663"
5712,40137,OK,Stephens,6,1,211.0,16.0,31.0,7.0,0.0,3.0,17.0,5.0,21.0,WIND,"921,001"
5710,40075,OK,Kiowa,6,1,82.0,17.0,33.0,8.0,1.0,5.0,21.0,6.0,21.0,WIND,"364,400"
5709,40049,OK,Garvin,6,1,12.0,34.0,40.0,10.0,3.0,8.0,17.0,10.0,16.0,WIND,"518,375"
7263,48151,TX,Fisher,6,1,70.0,27.0,33.0,18.0,3.0,3.0,22.0,10.0,21.0,WIND,"304,698"
7316,48129,TX,Donley,6,1,9.0,12.0,18.0,5.0,0.0,1.0,20.0,6.0,14.0,WIND,"691,346"
3908,17203,IL,Woodford,5,1,2004.0,2.0,31.0,10.0,0.0,8.0,16.0,5.0,20.0,WIND,"580,423"
4515,32007,NV,Elko,9,1,24.0,13.0,37.0,13.0,0.0,0.0,47.0,0.0,20.0,GEOTHERMAL,"125,758"
4495,32027,NV,Pershing,9,1,5.0,23.0,13.0,8.0,0.0,11.0,19.0,6.0,18.0,GEOTHERMAL,"51,828"
3034,13255,GA,Spalding,4,1,3486.0,26.0,39.0,15.0,0.0,4.0,16.0,7.0,21.0,BIOMASS,"40,032"
8324,55063,WI,La Crosse,5,1,16541.0,14.0,16.0,4.0,0.0,5.0,20.0,6.0,15.0,BIOMASS,"4,405"
3035,13135,GA,Gwinnett,4,1,41647.0,43.0,26.0,11.0,10.0,3.0,11.0,8.0,20.0,BIOMASS,"62,793"
6477,45035,SC,Dorchester,4,1,1443.0,45.0,38.0,21.0,4.0,3.0,13.0,8.0,22.0,BIOMASS,"152,300"
7902,51099,VA,King George,3,1,3203.0,30.0,26.0,13.0,0.0,4.0,12.0,5.0,23.0,BIOMASS,"80,077"
6726,47107,TN,McMinn,4,1,2513.0,12.0,36.0,20.0,0.0,5.0,16.0,4.0,21.0,BIOMASS,0
3023,13193,GA,Macon,4,1,3257.0,69.0,72.0,36.0,0.0,14.0,9.0,4.0,15.0,BIOMASS,"40,319"
5911,41057,OR,Tillamook,10,1,4683.0,22.0,25.0,12.0,4.0,4.0,20.0,8.0,20.0,BIOMASS,629
4092,18039,IN,Elkhart,5,1,20765.0,49.0,43.0,21.0,7.0,2.0,15.0,7.0,21.0,BIOMASS,"25,506"
5565,39043,OH,Erie,5,1,3039.0,2.0,11.0,4.0,0.0,3.0,27.0,7.0,19.0,BIOMASS,"11,148"
224,01091,AL,Marengo,4,1,340.0,51.0,33.0,8.0,0.0,9.0,24.0,3.0,19.0,BIOMASS,"290,730"
225,01065,AL,Hale,4,1,2110.0,57.0,35.0,18.0,0.0,3.0,15.0,7.0,22.0,BIOMASS,"29,510"
7554,48367,TX,Parker,6,1,17857.0,37.0,25.0,6.0,1.0,5.0,13.0,8.0,14.0,BIOMASS,"22,001"
176,01053,AL,Escambia,4,1,2462.0,48.0,66.0,22.0,1.0,5.0,13.0,6.0,27.0,BIOMASS,"490,545"
201,01113,AL,Russell,4,1,173.0,43.0,36.0,20.0,0.0,7.0,46.0,0.0,23.0,BIOMASS,"705,660"
8440,54081,WV,Raleigh,3,1,16308.0,21.0,42.0,13.0,0.0,7.0,23.0,6.0,24.0,BIOMASS,"9,088"
207,01025,AL,Clarke,4,1,3337.0,47.0,39.0,14.0,1.0,20.0,28.0,5.0,18.0,BIOMASS,"158,421"
156,01099,AL,Monroe,4,1,96.0,45.0,58.0,24.0,0.0,10.0,21.0,4.0,23.0,BIOMASS,"302,916"
177,01023,AL,Choctaw,4,1,394.0,63.0,53.0,27.0,0.0,4.0,20.0,8.0,25.0,BIOMASS,"283,727"
232,05081,AR,Little River,6,1,3590.0,43.0,40.0,7.0,1.0,10.0,22.0,5.0,24.0,BIOMASS,"496,212"
6753,47005,TN,Benton,4,1,4856.0,6.0,41.0,16.0,0.0,5.0,20.0,5.0,26.0,BIOMASS,"38,974"
3106,13171,GA,Lamar,4,1,7859.0,49.0,35.0,11.0,0.0,7.0,19.0,3.0,23.0,BIOMASS,"390,207"
6242,42125,PA,Washington,3,1,30580.0,15.0,29.0,8.0,1.0,6.0,21.0,5.0,23.0,BIOMASS,"38,700"
5781,41023,OR,Grant,10,1,918.0,10.0,46.0,10.0,0.0,5.0,34.0,9.0,19.0,BIOMASS,0
2799,12053,FL,Hernando,4,1,1869.0,19.0,24.0,15.0,1.0,4.0,17.0,2.0,21.0,BIOMASS,"9,659"
3633,16051,ID,Jefferson,10,1,12.0,33.0,27.0,16.0,10.0,5.0,11.0,9.0,17.0,BIOMASS,"9,233"
7078,48067,TX,Cass,6,1,289.0,30.0,37.0,13.0,0.0,16.0,21.0,8.0,22.0,BIOMASS,"378,190"
5572,39051,OH,Fulton,5,1,5301.0,19.0,22.0,6.0,2.0,5.0,22.0,6.0,21.0,BIOMASS,"7,126"
7701,51179,VA,Stafford,3,1,10787.0,46.0,15.0,8.0,2.0,2.0,11.0,4.0,16.0,BIOMASS,"1,219"
8107,53009,WA,Clallam,10,1,18089.0,18.0,34.0,8.0,0.0,6.0,22.0,4.0,17.0,BIOMASS,"36,185"
2910,12115,FL,Sarasota,4,1,1025.0,21.0,11.0,3.0,1.0,0.0,28.0,1.0,16.0,BIOMASS,"27,789"
3601,16069,ID,Nez Perce,10,1,18825.0,11.0,37.0,9.0,2.0,2.0,19.0,5.0,21.0,BIOMASS,"383,064"
5583,39127,OH,Perry,5,1,1660.0,3.0,20.0,9.0,0.0,3.0,14.0,9.0,18.0,BIOMASS,"30,506"
7743,51059,VA,Fairfax,3,1,68815.0,63.0,16.0,9.0,5.0,5.0,12.0,6.0,12.0,BIOMASS,"690,027"
2897,12015,FL,Charlotte,4,1,977.0,12.0,16.0,12.0,1.0,3.0,51.0,1.0,15.0,BIOMASS,"1,345"
5828,41007,OR,Clatsop,10,1,1518.0,19.0,37.0,8.0,0.0,6.0,42.0,2.0,20.0,BIOMASS,"186,725"
5827,41041,OR,Lincoln,10,1,5120.0,19.0,41.0,12.0,0.0,14.0,17.0,6.0,21.0,BIOMASS,"59,638"
3692,16003,ID,Adams,10,1,99.0,7.0,23.0,1.0,0.0,9.0,19.0,4.0,19.0,BIOMASS,"13,036"
2781,12083,FL,Marion,4,1,35167.0,39.0,37.0,9.0,3.0,4.0,16.0,6.0,20.0,BIOMASS,"8,740"
5517,39099,OH,Mahoning,5,1,3435.0,1.0,33.0,3.0,0.0,3.0,22.0,4.0,19.0,BIOMASS,"28,860"
4063,18181,IN,White,5,1,890.0,7.0,31.0,6.0,0.0,2.0,17.0,8.0,19.0,BIOMASS,"30,170"
4087,18091,IN,LaPorte,5,1,8481.0,32.0,35.0,8.0,0.0,4.0,23.0,6.0,22.0,BIOMASS,"17,446"
3281,19163,IA,Scott,7,1,402.0,6.0,17.0,2.0,0.0,6.0,26.0,5.0,10.0,BIOMASS,0
8195,55047,WI,Green Lake,5,1,6870.0,14.0,29.0,8.0,0.0,3.0,17.0,5.0,20.0,BIOMASS,"11,065"
7805,51097,VA,King and Queen,3,1,287.0,28.0,26.0,8.0,0.0,1.0,26.0,4.0,18.0,BIOMASS,"53,765"
7181,48347,TX,Nacogdoches,6,1,424.0,15.0,40.0,10.0,0.0,3.0,20.0,4.0,4.0,BIOMASS,"249,859"
3670,16009,ID,Benewah,10,1,1477.0,37.0,39.0,13.0,1.0,4.0,18.0,5.0,23.0,BIOMASS,"8,800"
192,01069,AL,Houston,4,1,107.0,29.0,47.0,21.0,0.0,12.0,25.0,4.0,25.0,,"14,758,529"
6887,48425,TX,Somervell,6,1,1351.0,36.0,20.0,14.0,7.0,2.0,18.0,5.0,16.0,,"18,892,726"
